tid,T,daily_regs,cum_regs,cum_pct
2018,11,10,10,0.06289308176100629
2018,10,9,19,0.11949685534591195
2018,9,18,37,0.23270440251572327
2018,8,30,67,0.42138364779874216
2018,7,5,72,0.4528301886792453
2018,6,5,77,0.48427672955974843
2018,5,5,82,0.5157232704402516
2018,4,17,99,0.6226415094339622
2018,3,13,112,0.7044025157232704
2018,2,15,127,0.7987421383647799
2018,1,23,150,0.9433962264150944
2018,0,9,159,1.0
2049,25,1,1,0.007575757575757576
2049,24,3,4,0.030303030303030304
2049,23,1,5,0.03787878787878788
2049,21,3,8,0.06060606060606061
2049,20,1,9,0.06818181818181818
2049,19,3,12,0.09090909090909091
2049,18,3,15,0.11363636363636363
2049,17,2,17,0.12878787878787878
2049,16,2,19,0.14393939393939395
2049,15,2,21,0.1590909090909091
2049,14,5,26,0.19696969696969696
2049,13,4,30,0.22727272727272727
2049,12,4,34,0.25757575757575757
2049,11,1,35,0.26515151515151514
2049,9,8,43,0.32575757575757575
2049,8,7,50,0.3787878787878788
2049,7,5,55,0.4166666666666667
2049,6,1,56,0.42424242424242425
2049,5,10,66,0.5
2049,4,8,74,0.5606060606060606
2049,3,8,82,0.6212121212121212
2049,2,32,114,0.8636363636363636
2049,1,8,122,0.9242424242424242
2049,0,10,132,1.0
2050,18,2,2,0.015748031496062992
2050,17,4,6,0.047244094488188976
2050,16,2,8,0.06299212598425197
2050,15,3,11,0.08661417322834646
2050,14,9,20,0.15748031496062992
2050,13,1,21,0.16535433070866143
2050,12,4,25,0.1968503937007874
2050,11,2,27,0.2125984251968504
2050,10,4,31,0.2440944881889764
2050,9,3,34,0.2677165354330709
2050,8,4,38,0.2992125984251969
2050,7,8,46,0.36220472440944884
2050,6,9,55,0.4330708661417323
2050,5,9,64,0.5039370078740157
2050,4,13,77,0.6062992125984252
2050,3,22,99,0.7795275590551181
2050,2,10,109,0.8582677165354331
2050,1,13,122,0.9606299212598425
2050,0,5,127,1.0
2051,25,7,7,0.01912568306010929
2051,24,8,15,0.040983606557377046
2051,23,4,19,0.05191256830601093
2051,22,9,28,0.07650273224043716
2051,21,6,34,0.09289617486338798
2051,20,2,36,0.09836065573770492
2051,19,10,46,0.12568306010928962
2051,18,9,55,0.15027322404371585
2051,17,7,62,0.16939890710382513
2051,16,9,71,0.19398907103825136
2051,15,6,77,0.2103825136612022
2051,14,4,81,0.22131147540983606
2051,13,9,90,0.2459016393442623
2051,12,11,101,0.27595628415300544
2051,11,13,114,0.3114754098360656
2051,10,4,118,0.3224043715846995
2051,9,10,128,0.34972677595628415
2051,8,16,144,0.39344262295081966
2051,7,20,164,0.44808743169398907
2051,6,22,186,0.5081967213114754
2051,5,21,207,0.5655737704918032
2051,4,22,229,0.6256830601092896
2051,3,40,269,0.7349726775956285
2051,2,68,337,0.9207650273224044
2051,1,10,347,0.9480874316939891
2051,0,19,366,1.0
2059,32,1,1,0.005714285714285714
2059,31,3,4,0.022857142857142857
2059,30,3,7,0.04
2059,29,4,11,0.06285714285714286
2059,28,1,12,0.06857142857142857
2059,27,2,14,0.08
2059,26,2,16,0.09142857142857143
2059,25,3,19,0.10857142857142857
2059,24,3,22,0.12571428571428572
2059,23,7,29,0.1657142857142857
2059,22,1,30,0.17142857142857143
2059,21,2,32,0.18285714285714286
2059,19,1,33,0.18857142857142858
2059,18,9,42,0.24
2059,17,1,43,0.24571428571428572
2059,16,1,44,0.25142857142857145
2059,15,5,49,0.28
2059,14,1,50,0.2857142857142857
2059,13,2,52,0.29714285714285715
2059,12,5,57,0.32571428571428573
2059,11,3,60,0.34285714285714286
2059,10,5,65,0.37142857142857144
2059,9,13,78,0.44571428571428573
2059,8,11,89,0.5085714285714286
2059,7,26,115,0.6571428571428571
2059,6,5,120,0.6857142857142857
2059,5,7,127,0.7257142857142858
2059,4,9,136,0.7771428571428571
2059,3,17,153,0.8742857142857143
2059,2,5,158,0.9028571428571428
2059,1,11,169,0.9657142857142857
2059,0,6,175,1.0
2060,60,2,2,0.0044444444444444444
2060,51,2,4,0.008888888888888889
2060,50,2,6,0.013333333333333334
2060,45,2,8,0.017777777777777778
2060,44,1,9,0.02
2060,43,2,11,0.024444444444444446
2060,41,1,12,0.02666666666666667
2060,40,1,13,0.028888888888888888
2060,38,1,14,0.03111111111111111
2060,36,1,15,0.03333333333333333
2060,34,1,16,0.035555555555555556
2060,33,2,18,0.04
2060,32,1,19,0.042222222222222223
2060,31,1,20,0.044444444444444446
2060,30,1,21,0.04666666666666667
2060,29,3,24,0.05333333333333334
2060,28,1,25,0.05555555555555555
2060,27,5,30,0.06666666666666667
2060,26,9,39,0.08666666666666667
2060,25,9,48,0.10666666666666667
2060,24,6,54,0.12
2060,23,4,58,0.1288888888888889
2060,22,1,59,0.13111111111111112
2060,21,3,62,0.13777777777777778
2060,20,6,68,0.1511111111111111
2060,19,8,76,0.1688888888888889
2060,18,4,80,0.17777777777777778
2060,17,6,86,0.19111111111111112
2060,16,15,101,0.22444444444444445
2060,15,11,112,0.24888888888888888
2060,14,4,116,0.2577777777777778
2060,13,6,122,0.27111111111111114
2060,12,15,137,0.30444444444444446
2060,11,10,147,0.32666666666666666
2060,10,14,161,0.35777777777777775
2060,9,8,169,0.37555555555555553
2060,8,15,184,0.4088888888888889
2060,7,20,204,0.4533333333333333
2060,6,11,215,0.4777777777777778
2060,5,28,243,0.54
2060,4,30,273,0.6066666666666667
2060,3,50,323,0.7177777777777777
2060,2,80,403,0.8955555555555555
2060,1,19,422,0.9377777777777778
2060,0,28,450,1.0
2079,67,1,1,0.003194888178913738
2079,66,1,2,0.006389776357827476
2079,62,1,3,0.009584664536741214
2079,60,1,4,0.012779552715654952
2079,57,1,5,0.01597444089456869
2079,49,2,7,0.022364217252396165
2079,45,1,8,0.025559105431309903
2079,44,1,9,0.02875399361022364
2079,40,4,13,0.04153354632587859
2079,39,4,17,0.054313099041533544
2079,37,3,20,0.06389776357827476
2079,35,3,23,0.07348242811501597
2079,34,2,25,0.07987220447284345
2079,32,1,26,0.08306709265175719
2079,30,4,30,0.09584664536741214
2079,29,4,34,0.10862619808306709
2079,28,2,36,0.11501597444089456
2079,27,4,40,0.12779552715654952
2079,26,3,43,0.13738019169329074
2079,25,8,51,0.16293929712460065
2079,24,2,53,0.16932907348242812
2079,23,8,61,0.19488817891373802
2079,22,1,62,0.19808306709265175
2079,21,5,67,0.21405750798722045
2079,20,3,70,0.22364217252396165
2079,19,5,75,0.23961661341853036
2079,18,5,80,0.25559105431309903
2079,17,4,84,0.268370607028754
2079,16,6,90,0.28753993610223644
2079,15,2,92,0.2939297124600639
2079,14,6,98,0.31309904153354634
2079,13,6,104,0.33226837060702874
2079,12,8,112,0.35782747603833864
2079,11,10,122,0.38977635782747605
2079,10,9,131,0.4185303514376997
2079,9,6,137,0.43769968051118213
2079,8,12,149,0.476038338658147
2079,7,10,159,0.5079872204472844
2079,6,12,171,0.5463258785942492
2079,5,24,195,0.6230031948881789
2079,4,33,228,0.7284345047923323
2079,3,51,279,0.8913738019169329
2079,2,13,292,0.9329073482428115
2079,1,8,300,0.9584664536741214
2079,0,13,313,1.0
2080,66,3,3,0.008875739644970414
2080,63,1,4,0.011834319526627219
2080,51,1,5,0.014792899408284023
2080,50,2,7,0.020710059171597635
2080,49,1,8,0.023668639053254437
2080,48,1,9,0.026627218934911243
2080,46,2,11,0.03254437869822485
2080,45,1,12,0.03550295857988166
2080,42,1,13,0.038461538461538464
2080,41,3,16,0.047337278106508875
2080,40,2,18,0.05325443786982249
2080,38,1,19,0.05621301775147929
2080,37,2,21,0.0621301775147929
2080,36,1,22,0.0650887573964497
2080,35,1,23,0.06804733727810651
2080,33,2,25,0.07396449704142012
2080,32,7,32,0.09467455621301775
2080,31,2,34,0.10059171597633136
2080,30,4,38,0.11242603550295859
2080,29,1,39,0.11538461538461539
2080,28,2,41,0.12130177514792899
2080,27,4,45,0.13313609467455623
2080,26,2,47,0.1390532544378698
2080,24,4,51,0.15088757396449703
2080,23,6,57,0.16863905325443787
2080,22,3,60,0.17751479289940827
2080,21,5,65,0.19230769230769232
2080,20,8,73,0.21597633136094674
2080,19,9,82,0.24260355029585798
2080,18,4,86,0.25443786982248523
2080,17,9,95,0.28106508875739644
2080,16,5,100,0.2958579881656805
2080,15,9,109,0.3224852071005917
2080,14,2,111,0.32840236686390534
2080,13,6,117,0.34615384615384615
2080,12,12,129,0.3816568047337278
2080,11,13,142,0.42011834319526625
2080,10,6,148,0.4378698224852071
2080,9,10,158,0.46745562130177515
2080,8,4,162,0.47928994082840237
2080,7,14,176,0.5207100591715976
2080,6,13,189,0.5591715976331361
2080,5,15,204,0.6035502958579881
2080,4,18,222,0.6568047337278107
2080,3,27,249,0.7366863905325444
2080,2,55,304,0.8994082840236687
2080,1,15,319,0.9437869822485208
2080,0,19,338,1.0
2087,146,4,4,0.004434589800443459
2087,145,2,6,0.0066518847006651885
2087,144,2,8,0.008869179600886918
2087,143,4,12,0.013303769401330377
2087,142,1,13,0.014412416851441241
2087,141,1,14,0.015521064301552107
2087,137,2,16,0.017738359201773836
2087,135,1,17,0.018847006651884702
2087,133,1,18,0.019955654101995565
2087,132,1,19,0.02106430155210643
2087,129,1,20,0.022172949002217297
2087,124,1,21,0.02328159645232816
2087,123,1,22,0.024390243902439025
2087,122,1,23,0.025498891352549888
2087,120,2,25,0.02771618625277162
2087,119,3,28,0.031042128603104215
2087,116,2,30,0.03325942350332594
2087,115,1,31,0.03436807095343681
2087,113,3,34,0.037694013303769404
2087,112,5,39,0.043237250554323724
2087,111,3,42,0.04656319290465632
2087,110,2,44,0.04878048780487805
2087,109,5,49,0.05432372505543237
2087,108,3,52,0.057649667405764965
2087,107,12,64,0.07095343680709534
2087,106,15,79,0.08758314855875832
2087,105,24,103,0.11419068736141907
2087,104,24,127,0.14079822616407983
2087,103,50,177,0.19623059866962306
2087,102,90,267,0.2960088691796009
2087,101,4,271,0.3004434589800443
2087,100,3,274,0.30376940133037694
2087,99,1,275,0.3048780487804878
2087,98,2,277,0.3070953436807095
2087,95,2,279,0.3093126385809313
2087,94,2,281,0.311529933481153
2087,93,1,282,0.31263858093126384
2087,91,2,284,0.3148558758314856
2087,90,1,285,0.31596452328159647
2087,89,1,286,0.3170731707317073
2087,86,2,288,0.31929046563192903
2087,85,1,289,0.3203991130820399
2087,84,1,290,0.3215077605321508
2087,83,2,292,0.3237250554323725
2087,82,2,294,0.3259423503325942
2087,81,1,295,0.3270509977827051
2087,80,1,296,0.328159645232816
2087,79,1,297,0.32926829268292684
2087,78,1,298,0.3303769401330377
2087,77,3,301,0.33370288248337027
2087,76,1,302,0.3348115299334812
2087,75,2,304,0.3370288248337029
2087,74,3,307,0.34035476718403546
2087,73,3,310,0.3436807095343681
2087,72,3,313,0.34700665188470065
2087,71,1,314,0.34811529933481156
2087,70,5,319,0.35365853658536583
2087,69,1,320,0.35476718403547675
2087,68,2,322,0.35698447893569846
2087,67,2,324,0.35920177383592017
2087,66,3,327,0.3625277161862528
2087,65,3,330,0.36585365853658536
2087,64,3,333,0.369179600886918
2087,63,2,335,0.3713968957871397
2087,62,1,336,0.37250554323725055
2087,61,3,339,0.37583148558758317
2087,60,2,341,0.3780487804878049
2087,59,5,346,0.3835920177383592
2087,58,3,349,0.3869179600886918
2087,57,3,352,0.3902439024390244
2087,56,2,354,0.3924611973392461
2087,55,5,359,0.39800443458980045
2087,54,2,361,0.40022172949002216
2087,53,7,368,0.4079822616407982
2087,52,4,372,0.4124168514412417
2087,51,2,374,0.4146341463414634
2087,50,2,376,0.41685144124168516
2087,49,6,382,0.42350332594235035
2087,48,3,385,0.4268292682926829
2087,47,8,393,0.4356984478935698
2087,45,5,398,0.44124168514412415
2087,44,5,403,0.4467849223946785
2087,43,5,408,0.4523281596452328
2087,42,3,411,0.4556541019955654
2087,41,8,419,0.46452328159645234
2087,40,4,423,0.46895787139689576
2087,39,7,430,0.47671840354767187
2087,38,2,432,0.4789356984478936
2087,37,4,436,0.48337028824833705
2087,36,2,438,0.48558758314855877
2087,35,2,440,0.4878048780487805
2087,34,6,446,0.49445676274944567
2087,33,5,451,0.5
2087,31,1,452,0.5011086474501109
2087,30,3,455,0.5044345898004434
2087,29,3,458,0.5077605321507761
2087,28,8,466,0.516629711751663
2087,27,14,480,0.532150776053215
2087,26,8,488,0.541019955654102
2087,25,6,494,0.5476718403547672
2087,24,8,502,0.5565410199556541
2087,23,9,511,0.5665188470066519
2087,22,7,518,0.5742793791574279
2087,21,13,531,0.5886917960088692
2087,20,10,541,0.5997782705099778
2087,19,12,553,0.6130820399113082
2087,18,9,562,0.623059866962306
2087,17,8,570,0.6319290465631929
2087,16,8,578,0.6407982261640798
2087,15,11,589,0.6529933481152993
2087,14,14,603,0.6685144124168514
2087,13,10,613,0.6796008869179601
2087,12,9,622,0.6895787139689579
2087,11,18,640,0.7095343680709535
2087,10,18,658,0.729490022172949
2087,9,14,672,0.7450110864745011
2087,8,10,682,0.7560975609756098
2087,7,13,695,0.770509977827051
2087,6,34,729,0.8082039911308204
2087,5,23,752,0.8337028824833703
2087,4,52,804,0.8913525498891353
2087,3,56,860,0.9534368070953437
2087,2,14,874,0.9689578713968958
2087,1,20,894,0.991130820399113
2087,0,8,902,1.0
2092,99,1,1,0.003424657534246575
2092,70,7,8,0.0273972602739726
2092,67,2,10,0.03424657534246575
2092,66,1,11,0.03767123287671233
2092,64,1,12,0.0410958904109589
2092,61,1,13,0.04452054794520548
2092,57,2,15,0.05136986301369863
2092,55,1,16,0.0547945205479452
2092,53,1,17,0.05821917808219178
2092,52,1,18,0.06164383561643835
2092,51,1,19,0.06506849315068493
2092,50,1,20,0.0684931506849315
2092,47,1,21,0.07191780821917808
2092,46,1,22,0.07534246575342465
2092,43,1,23,0.07876712328767123
2092,42,1,24,0.0821917808219178
2092,40,1,25,0.08561643835616438
2092,39,1,26,0.08904109589041095
2092,38,1,27,0.09246575342465753
2092,36,3,30,0.10273972602739725
2092,35,2,32,0.1095890410958904
2092,34,1,33,0.11301369863013698
2092,32,1,34,0.11643835616438356
2092,31,5,39,0.13356164383561644
2092,30,2,41,0.1404109589041096
2092,29,1,42,0.14383561643835616
2092,28,2,44,0.1506849315068493
2092,27,5,49,0.1678082191780822
2092,26,5,54,0.18493150684931506
2092,25,4,58,0.19863013698630136
2092,24,8,66,0.22602739726027396
2092,22,2,68,0.2328767123287671
2092,21,1,69,0.2363013698630137
2092,20,4,73,0.25
2092,19,5,78,0.2671232876712329
2092,18,4,82,0.2808219178082192
2092,17,2,84,0.2876712328767123
2092,16,3,87,0.2979452054794521
2092,15,2,89,0.3047945205479452
2092,14,1,90,0.3082191780821918
2092,13,8,98,0.3356164383561644
2092,12,3,101,0.3458904109589041
2092,11,8,109,0.3732876712328767
2092,10,5,114,0.3904109589041096
2092,9,11,125,0.4280821917808219
2092,8,6,131,0.4486301369863014
2092,7,6,137,0.4691780821917808
2092,6,14,151,0.5171232876712328
2092,5,18,169,0.5787671232876712
2092,4,25,194,0.6643835616438356
2092,3,17,211,0.7226027397260274
2092,2,43,254,0.8698630136986302
2092,1,19,273,0.934931506849315
2092,0,19,292,1.0
2093,53,1,1,0.009900990099009901
2093,51,1,2,0.019801980198019802
2093,43,1,3,0.0297029702970297
2093,40,2,5,0.04950495049504951
2093,38,1,6,0.0594059405940594
2093,36,1,7,0.06930693069306931
2093,27,1,8,0.07920792079207921
2093,25,1,9,0.0891089108910891
2093,23,2,11,0.10891089108910891
2093,22,1,12,0.1188118811881188
2093,21,4,16,0.15841584158415842
2093,20,3,19,0.18811881188118812
2093,19,3,22,0.21782178217821782
2093,18,3,25,0.24752475247524752
2093,17,1,26,0.25742574257425743
2093,14,10,36,0.3564356435643564
2093,13,3,39,0.38613861386138615
2093,12,3,42,0.4158415841584158
2093,11,1,43,0.42574257425742573
2093,10,2,45,0.44554455445544555
2093,9,5,50,0.49504950495049505
2093,8,4,54,0.5346534653465347
2093,7,3,57,0.5643564356435643
2093,6,4,61,0.6039603960396039
2093,5,5,66,0.6534653465346535
2093,4,5,71,0.7029702970297029
2093,3,6,77,0.7623762376237624
2093,2,16,93,0.9207920792079208
2093,1,3,96,0.9504950495049505
2093,0,5,101,1.0
2095,96,1,1,0.0017331022530329288
2095,95,1,2,0.0034662045060658577
2095,93,1,3,0.005199306759098787
2095,88,2,5,0.008665511265164644
2095,87,1,6,0.010398613518197574
2095,86,2,8,0.01386481802426343
2095,79,1,9,0.01559792027729636
2095,78,2,11,0.019064124783362217
2095,72,1,12,0.02079722703639515
2095,71,1,13,0.022530329289428077
2095,68,3,16,0.02772963604852686
2095,63,1,17,0.029462738301559793
2095,61,1,18,0.03119584055459272
2095,60,2,20,0.03466204506065858
2095,56,2,22,0.038128249566724434
2095,54,2,24,0.0415944540727903
2095,53,3,27,0.04679376083188908
2095,52,1,28,0.04852686308492201
2095,50,2,30,0.05199306759098787
2095,49,1,31,0.053726169844020795
2095,47,7,38,0.0658578856152513
2095,46,2,40,0.06932409012131716
2095,45,4,44,0.07625649913344887
2095,44,3,47,0.08145580589254767
2095,43,5,52,0.09012131715771231
2095,41,3,55,0.09532062391681109
2095,40,2,57,0.09878682842287695
2095,39,6,63,0.10918544194107452
2095,37,3,66,0.11438474870017332
2095,36,3,69,0.1195840554592721
2095,34,1,70,0.12131715771230503
2095,32,3,73,0.1265164644714038
2095,31,4,77,0.13344887348353554
2095,30,3,80,0.1386481802426343
2095,28,1,81,0.14038128249566725
2095,27,2,83,0.1438474870017331
2095,26,3,86,0.14904679376083188
2095,25,6,92,0.15944540727902945
2095,24,7,99,0.17157712305025996
2095,23,1,100,0.1733102253032929
2095,22,1,101,0.17504332755632582
2095,21,8,109,0.18890814558058924
2095,20,4,113,0.19584055459272098
2095,19,12,125,0.21663778162911612
2095,18,1,126,0.21837088388214904
2095,17,9,135,0.2339688041594454
2095,16,10,145,0.2512998266897747
2095,15,13,158,0.2738301559792028
2095,14,9,167,0.28942807625649913
2095,13,17,184,0.3188908145580589
2095,12,19,203,0.35181975736568455
2095,11,12,215,0.37261698440207974
2095,10,11,226,0.39168110918544197
2095,9,9,235,0.4072790294627383
2095,8,11,246,0.42634315424610053
2095,7,34,280,0.4852686308492201
2095,6,27,307,0.5320623916811091
2095,5,28,335,0.5805892547660312
2095,4,50,385,0.6672443674176777
2095,3,66,451,0.7816291161178509
2095,2,89,540,0.9358752166377816
2095,1,19,559,0.9688041594454073
2095,0,18,577,1.0
2110,62,1,1,0.0037593984962406013
2110,52,1,2,0.007518796992481203
2110,47,2,4,0.015037593984962405
2110,46,1,5,0.018796992481203006
2110,44,1,6,0.022556390977443608
2110,43,1,7,0.02631578947368421
2110,41,1,8,0.03007518796992481
2110,39,2,10,0.03759398496240601
2110,38,2,12,0.045112781954887216
2110,37,1,13,0.04887218045112782
2110,36,2,15,0.05639097744360902
2110,35,1,16,0.06015037593984962
2110,33,4,20,0.07518796992481203
2110,32,2,22,0.08270676691729323
2110,29,1,23,0.08646616541353383
2110,28,1,24,0.09022556390977443
2110,27,2,26,0.09774436090225563
2110,26,3,29,0.10902255639097744
2110,25,5,34,0.12781954887218044
2110,24,3,37,0.13909774436090225
2110,23,4,41,0.15413533834586465
2110,22,2,43,0.16165413533834586
2110,21,2,45,0.16917293233082706
2110,20,4,49,0.18421052631578946
2110,19,4,53,0.19924812030075187
2110,18,1,54,0.20300751879699247
2110,17,6,60,0.22556390977443608
2110,16,5,65,0.24436090225563908
2110,15,4,69,0.2593984962406015
2110,14,5,74,0.2781954887218045
2110,13,6,80,0.3007518796992481
2110,12,4,84,0.3157894736842105
2110,11,7,91,0.34210526315789475
2110,10,6,97,0.36466165413533835
2110,9,4,101,0.37969924812030076
2110,8,3,104,0.39097744360902253
2110,7,8,112,0.42105263157894735
2110,6,8,120,0.45112781954887216
2110,5,13,133,0.5
2110,4,15,148,0.556390977443609
2110,3,30,178,0.6691729323308271
2110,2,48,226,0.849624060150376
2110,1,18,244,0.9172932330827067
2110,0,22,266,1.0
2111,70,3,3,0.023076923076923078
2111,69,1,4,0.03076923076923077
2111,67,1,5,0.038461538461538464
2111,66,2,7,0.05384615384615385
2111,64,1,8,0.06153846153846154
2111,63,1,9,0.06923076923076923
2111,61,1,10,0.07692307692307693
2111,59,1,11,0.08461538461538462
2111,53,1,12,0.09230769230769231
2111,52,1,13,0.1
2111,47,1,14,0.1076923076923077
2111,46,1,15,0.11538461538461539
2111,44,1,16,0.12307692307692308
2111,37,1,17,0.13076923076923078
2111,35,1,18,0.13846153846153847
2111,28,1,19,0.14615384615384616
2111,25,2,21,0.16153846153846155
2111,24,1,22,0.16923076923076924
2111,23,2,24,0.18461538461538463
2111,22,1,25,0.19230769230769232
2111,21,2,27,0.2076923076923077
2111,19,1,28,0.2153846153846154
2111,18,1,29,0.2230769230769231
2111,17,1,30,0.23076923076923078
2111,16,3,33,0.25384615384615383
2111,14,1,34,0.26153846153846155
2111,13,1,35,0.2692307692307692
2111,12,4,39,0.3
2111,11,5,44,0.3384615384615385
2111,10,2,46,0.35384615384615387
2111,9,1,47,0.36153846153846153
2111,8,2,49,0.3769230769230769
2111,7,10,59,0.45384615384615384
2111,6,1,60,0.46153846153846156
2111,5,2,62,0.47692307692307695
2111,4,12,74,0.5692307692307692
2111,3,6,80,0.6153846153846154
2111,2,23,103,0.7923076923076923
2111,1,16,119,0.9153846153846154
2111,0,11,130,1.0
2112,94,2,2,0.0056179775280898875
2112,93,1,3,0.008426966292134831
2112,92,1,4,0.011235955056179775
2112,90,1,5,0.014044943820224719
2112,82,1,6,0.016853932584269662
2112,71,2,8,0.02247191011235955
2112,70,1,9,0.025280898876404494
2112,69,1,10,0.028089887640449437
2112,64,2,12,0.033707865168539325
2112,62,3,15,0.042134831460674156
2112,61,1,16,0.0449438202247191
2112,60,3,19,0.05337078651685393
2112,59,3,22,0.06179775280898876
2112,58,4,26,0.07303370786516854
2112,55,2,28,0.07865168539325842
2112,53,1,29,0.08146067415730338
2112,52,1,30,0.08426966292134831
2112,50,1,31,0.08707865168539326
2112,48,4,35,0.09831460674157304
2112,46,6,41,0.1151685393258427
2112,44,5,46,0.12921348314606743
2112,43,1,47,0.13202247191011235
2112,42,1,48,0.1348314606741573
2112,41,4,52,0.14606741573033707
2112,40,4,56,0.15730337078651685
2112,39,2,58,0.16292134831460675
2112,38,2,60,0.16853932584269662
2112,37,6,66,0.1853932584269663
2112,36,2,68,0.19101123595505617
2112,35,4,72,0.20224719101123595
2112,33,4,76,0.21348314606741572
2112,32,4,80,0.2247191011235955
2112,31,5,85,0.23876404494382023
2112,29,3,88,0.24719101123595505
2112,28,3,91,0.2556179775280899
2112,27,4,95,0.26685393258426965
2112,26,4,99,0.27808988764044945
2112,25,6,105,0.2949438202247191
2112,24,2,107,0.300561797752809
2112,23,5,112,0.3146067415730337
2112,22,3,115,0.32303370786516855
2112,21,2,117,0.32865168539325845
2112,20,6,123,0.3455056179775281
2112,19,3,126,0.3539325842696629
2112,18,6,132,0.3707865168539326
2112,17,4,136,0.38202247191011235
2112,16,4,140,0.39325842696629215
2112,15,3,143,0.40168539325842695
2112,14,5,148,0.4157303370786517
2112,13,7,155,0.4353932584269663
2112,12,7,162,0.4550561797752809
2112,11,7,169,0.4747191011235955
2112,10,8,177,0.49719101123595505
2112,9,9,186,0.5224719101123596
2112,8,6,192,0.5393258426966292
2112,7,10,202,0.5674157303370787
2112,6,14,216,0.6067415730337079
2112,5,12,228,0.6404494382022472
2112,4,32,260,0.7303370786516854
2112,3,21,281,0.7893258426966292
2112,2,50,331,0.9297752808988764
2112,1,10,341,0.9578651685393258
2112,0,15,356,1.0
2113,18,3,3,0.022388059701492536
2113,17,2,5,0.03731343283582089
2113,15,1,6,0.04477611940298507
2113,14,1,7,0.05223880597014925
2113,13,1,8,0.05970149253731343
2113,12,2,10,0.07462686567164178
2113,11,1,11,0.08208955223880597
2113,10,3,14,0.1044776119402985
2113,9,7,21,0.15671641791044777
2113,8,4,25,0.1865671641791045
2113,7,1,26,0.19402985074626866
2113,6,3,29,0.21641791044776118
2113,5,7,36,0.26865671641791045
2113,4,4,40,0.29850746268656714
2113,3,20,60,0.44776119402985076
2113,2,21,81,0.6044776119402985
2113,1,36,117,0.8731343283582089
2113,0,17,134,1.0
2129,22,1,1,0.006666666666666667
2129,21,1,2,0.013333333333333334
2129,19,1,3,0.02
2129,18,1,4,0.02666666666666667
2129,16,2,6,0.04
2129,15,1,7,0.04666666666666667
2129,14,1,8,0.05333333333333334
2129,12,2,10,0.06666666666666667
2129,11,1,11,0.07333333333333333
2129,9,3,14,0.09333333333333334
2129,8,4,18,0.12
2129,7,4,22,0.14666666666666667
2129,6,8,30,0.2
2129,5,6,36,0.24
2129,4,11,47,0.31333333333333335
2129,3,10,57,0.38
2129,2,36,93,0.62
2129,1,35,128,0.8533333333333334
2129,0,22,150,1.0
2130,36,1,1,0.011904761904761904
2130,35,1,2,0.023809523809523808
2130,33,1,3,0.03571428571428571
2130,27,1,4,0.047619047619047616
2130,26,2,6,0.07142857142857142
2130,23,3,9,0.10714285714285714
2130,16,1,10,0.11904761904761904
2130,15,1,11,0.13095238095238096
2130,10,2,13,0.15476190476190477
2130,9,3,16,0.19047619047619047
2130,8,1,17,0.20238095238095238
2130,6,5,22,0.2619047619047619
2130,5,2,24,0.2857142857142857
2130,4,7,31,0.36904761904761907
2130,3,11,42,0.5
2130,2,13,55,0.6547619047619048
2130,1,16,71,0.8452380952380952
2130,0,13,84,1.0
2153,102,1,1,0.006802721088435374
2153,100,2,3,0.02040816326530612
2153,77,1,4,0.027210884353741496
2153,57,1,5,0.034013605442176874
2153,51,1,6,0.04081632653061224
2153,49,1,7,0.047619047619047616
2153,42,1,8,0.05442176870748299
2153,37,2,10,0.06802721088435375
2153,36,1,11,0.07482993197278912
2153,35,2,13,0.08843537414965986
2153,34,1,14,0.09523809523809523
2153,33,1,15,0.10204081632653061
2153,32,1,16,0.10884353741496598
2153,31,1,17,0.11564625850340136
2153,28,1,18,0.12244897959183673
2153,27,2,20,0.1360544217687075
2153,26,2,22,0.14965986394557823
2153,25,1,23,0.1564625850340136
2153,24,2,25,0.17006802721088435
2153,23,4,29,0.19727891156462585
2153,22,3,32,0.21768707482993196
2153,20,3,35,0.23809523809523808
2153,19,1,36,0.24489795918367346
2153,18,1,37,0.25170068027210885
2153,17,2,39,0.2653061224489796
2153,16,3,42,0.2857142857142857
2153,15,2,44,0.29931972789115646
2153,14,6,50,0.3401360544217687
2153,13,5,55,0.3741496598639456
2153,11,1,56,0.38095238095238093
2153,10,2,58,0.3945578231292517
2153,9,2,60,0.40816326530612246
2153,8,6,66,0.4489795918367347
2153,7,11,77,0.5238095238095238
2153,6,3,80,0.54421768707483
2153,5,6,86,0.5850340136054422
2153,4,12,98,0.6666666666666666
2153,3,28,126,0.8571428571428571
2153,2,8,134,0.9115646258503401
2153,1,7,141,0.9591836734693877
2153,0,6,147,1.0
2154,58,2,2,0.020618556701030927
2154,55,1,3,0.030927835051546393
2154,39,2,5,0.05154639175257732
2154,32,1,6,0.061855670103092786
2154,31,1,7,0.07216494845360824
2154,30,2,9,0.09278350515463918
2154,29,2,11,0.1134020618556701
2154,28,2,13,0.13402061855670103
2154,27,1,14,0.14432989690721648
2154,26,2,16,0.16494845360824742
2154,24,6,22,0.2268041237113402
2154,23,2,24,0.24742268041237114
2154,22,1,25,0.25773195876288657
2154,21,3,28,0.28865979381443296
2154,20,3,31,0.31958762886597936
2154,19,1,32,0.32989690721649484
2154,17,4,36,0.3711340206185567
2154,16,4,40,0.41237113402061853
2154,15,2,42,0.4329896907216495
2154,14,2,44,0.4536082474226804
2154,13,3,47,0.4845360824742268
2154,11,4,51,0.5257731958762887
2154,10,2,53,0.5463917525773195
2154,9,3,56,0.5773195876288659
2154,8,3,59,0.6082474226804123
2154,7,1,60,0.6185567010309279
2154,6,5,65,0.6701030927835051
2154,5,12,77,0.7938144329896907
2154,4,5,82,0.845360824742268
2154,3,3,85,0.8762886597938144
2154,1,4,89,0.9175257731958762
2154,0,8,97,1.0
2164,9,2,2,0.023255813953488372
2164,8,3,5,0.05813953488372093
2164,7,1,6,0.06976744186046512
2164,6,2,8,0.09302325581395349
2164,5,7,15,0.1744186046511628
2164,4,8,23,0.26744186046511625
2164,3,13,36,0.4186046511627907
2164,2,22,58,0.6744186046511628
2164,1,18,76,0.8837209302325582
2164,0,10,86,1.0
2167,38,2,2,0.06666666666666667
2167,33,1,3,0.1
2167,32,1,4,0.13333333333333333
2167,29,2,6,0.2
2167,24,1,7,0.23333333333333334
2167,23,2,9,0.3
2167,21,1,10,0.3333333333333333
2167,20,1,11,0.36666666666666664
2167,19,1,12,0.4
2167,17,1,13,0.43333333333333335
2167,16,1,14,0.4666666666666667
2167,15,1,15,0.5
2167,14,1,16,0.5333333333333333
2167,12,1,17,0.5666666666666667
2167,11,1,18,0.6
2167,9,3,21,0.7
2167,7,1,22,0.7333333333333333
2167,6,1,23,0.7666666666666667
2167,5,2,25,0.8333333333333334
2167,4,2,27,0.9
2167,0,3,30,1.0
2170,28,1,1,0.006711409395973154
2170,27,3,4,0.026845637583892617
2170,26,1,5,0.03355704697986577
2170,25,6,11,0.0738255033557047
2170,22,2,13,0.087248322147651
2170,21,2,15,0.10067114093959731
2170,19,1,16,0.10738255033557047
2170,18,1,17,0.11409395973154363
2170,17,2,19,0.12751677852348994
2170,16,1,20,0.1342281879194631
2170,14,2,22,0.1476510067114094
2170,12,1,23,0.15436241610738255
2170,11,2,25,0.16778523489932887
2170,10,1,26,0.174496644295302
2170,9,1,27,0.18120805369127516
2170,8,1,28,0.18791946308724833
2170,7,2,30,0.20134228187919462
2170,6,6,36,0.24161073825503357
2170,5,6,42,0.28187919463087246
2170,4,5,47,0.31543624161073824
2170,3,6,53,0.35570469798657717
2170,2,19,72,0.48322147651006714
2170,1,52,124,0.8322147651006712
2170,0,25,149,1.0
2171,32,2,2,0.03076923076923077
2171,25,1,3,0.046153846153846156
2171,18,1,4,0.06153846153846154
2171,15,1,5,0.07692307692307693
2171,12,1,6,0.09230769230769231
2171,11,2,8,0.12307692307692308
2171,10,1,9,0.13846153846153847
2171,9,1,10,0.15384615384615385
2171,7,1,11,0.16923076923076924
2171,5,2,13,0.2
2171,4,5,18,0.27692307692307694
2171,3,5,23,0.35384615384615387
2171,2,7,30,0.46153846153846156
2171,1,23,53,0.8153846153846154
2171,0,12,65,1.0
2172,39,1,1,0.1111111111111111
2172,33,1,2,0.2222222222222222
2172,31,1,3,0.3333333333333333
2172,16,1,4,0.4444444444444444
2172,11,1,5,0.5555555555555556
2172,9,2,7,0.7777777777777778
2172,2,1,8,0.8888888888888888
2172,0,1,9,1.0
2183,10,1,1,0.02631578947368421
2183,8,2,3,0.07894736842105263
2183,5,2,5,0.13157894736842105
2183,4,3,8,0.21052631578947367
2183,3,4,12,0.3157894736842105
2183,2,6,18,0.47368421052631576
2183,1,11,29,0.7631578947368421
2183,0,9,38,1.0
2184,9,1,1,0.02127659574468085
2184,7,1,2,0.0425531914893617
2184,6,1,3,0.06382978723404255
2184,5,3,6,0.1276595744680851
2184,4,7,13,0.2765957446808511
2184,3,5,18,0.3829787234042553
2184,2,6,24,0.5106382978723404
2184,1,8,32,0.6808510638297872
2184,0,15,47,1.0
2190,9,1,1,0.008547008547008548
2190,8,3,4,0.03418803418803419
2190,7,1,5,0.042735042735042736
2190,6,2,7,0.05982905982905983
2190,5,3,10,0.08547008547008547
2190,4,6,16,0.13675213675213677
2190,3,13,29,0.24786324786324787
2190,2,21,50,0.42735042735042733
2190,1,43,93,0.7948717948717948
2190,0,24,117,1.0
2194,39,1,1,0.00847457627118644
2194,32,1,2,0.01694915254237288
2194,27,1,3,0.025423728813559324
2194,25,1,4,0.03389830508474576
2194,24,1,5,0.0423728813559322
2194,18,2,7,0.059322033898305086
2194,17,1,8,0.06779661016949153
2194,14,1,9,0.07627118644067797
2194,11,1,10,0.0847457627118644
2194,10,1,11,0.09322033898305085
2194,9,4,15,0.1271186440677966
2194,8,3,18,0.15254237288135594
2194,7,1,19,0.16101694915254236
2194,6,2,21,0.17796610169491525
2194,5,5,26,0.22033898305084745
2194,4,3,29,0.2457627118644068
2194,3,7,36,0.3050847457627119
2194,2,25,61,0.5169491525423728
2194,1,43,104,0.8813559322033898
2194,0,14,118,1.0
2203,74,1,1,0.0035335689045936395
2203,71,1,2,0.007067137809187279
2203,70,1,3,0.01060070671378092
2203,69,1,4,0.014134275618374558
2203,68,1,5,0.0176678445229682
2203,65,1,6,0.02120141342756184
2203,64,2,8,0.028268551236749116
2203,61,1,9,0.03180212014134275
2203,60,1,10,0.0353356890459364
2203,59,2,12,0.04240282685512368
2203,58,2,14,0.04946996466431095
2203,57,2,16,0.05653710247349823
2203,55,1,17,0.06007067137809187
2203,54,3,20,0.0706713780918728
2203,53,1,21,0.07420494699646643
2203,51,2,23,0.0812720848056537
2203,50,2,25,0.08833922261484099
2203,42,4,29,0.10247349823321555
2203,40,2,31,0.10954063604240283
2203,39,3,34,0.12014134275618374
2203,38,1,35,0.12367491166077739
2203,37,2,37,0.13074204946996468
2203,36,2,39,0.13780918727915195
2203,35,3,42,0.14840989399293286
2203,34,2,44,0.15547703180212014
2203,33,1,45,0.15901060070671377
2203,32,2,47,0.16607773851590105
2203,29,4,51,0.18021201413427562
2203,27,2,53,0.1872791519434629
2203,26,4,57,0.20141342756183744
2203,25,2,59,0.20848056537102475
2203,24,4,63,0.2226148409893993
2203,23,2,65,0.22968197879858657
2203,22,3,68,0.24028268551236748
2203,21,4,72,0.254416961130742
2203,20,2,74,0.26148409893992935
2203,19,2,76,0.26855123674911663
2203,18,4,80,0.2826855123674912
2203,17,3,83,0.29328621908127206
2203,16,4,87,0.30742049469964666
2203,15,2,89,0.31448763250883394
2203,14,1,90,0.31802120141342755
2203,13,2,92,0.3250883392226148
2203,12,2,94,0.3321554770318021
2203,11,6,100,0.35335689045936397
2203,10,6,106,0.3745583038869258
2203,9,2,108,0.38162544169611307
2203,8,7,115,0.40636042402826855
2203,7,10,125,0.4416961130742049
2203,6,11,136,0.48056537102473496
2203,5,20,156,0.5512367491166078
2203,4,21,177,0.6254416961130742
2203,3,31,208,0.734982332155477
2203,2,45,253,0.8939929328621908
2203,1,6,259,0.9151943462897526
2203,0,24,283,1.0
2221,41,2,2,0.017391304347826087
2221,40,1,3,0.02608695652173913
2221,39,2,5,0.043478260869565216
2221,38,1,6,0.05217391304347826
2221,35,2,8,0.06956521739130435
2221,29,1,9,0.0782608695652174
2221,27,1,10,0.08695652173913043
2221,26,1,11,0.09565217391304348
2221,20,1,12,0.10434782608695652
2221,18,1,13,0.11304347826086956
2221,16,2,15,0.13043478260869565
2221,14,2,17,0.14782608695652175
2221,13,1,18,0.1565217391304348
2221,12,1,19,0.16521739130434782
2221,11,2,21,0.1826086956521739
2221,10,1,22,0.19130434782608696
2221,7,2,24,0.20869565217391303
2221,6,8,32,0.2782608695652174
2221,5,15,47,0.40869565217391307
2221,4,11,58,0.5043478260869565
2221,3,14,72,0.6260869565217392
2221,2,15,87,0.7565217391304347
2221,1,6,93,0.808695652173913
2221,0,22,115,1.0
2224,68,4,4,0.01486988847583643
2224,65,1,5,0.01858736059479554
2224,64,2,7,0.026022304832713755
2224,63,1,8,0.02973977695167286
2224,62,1,9,0.03345724907063197
2224,60,1,10,0.03717472118959108
2224,56,2,12,0.04460966542750929
2224,52,1,13,0.048327137546468404
2224,47,1,14,0.05204460966542751
2224,43,1,15,0.055762081784386616
2224,41,1,16,0.05947955390334572
2224,39,1,17,0.06319702602230483
2224,38,2,19,0.07063197026022305
2224,37,1,20,0.07434944237918216
2224,34,1,21,0.07806691449814127
2224,33,1,22,0.08178438661710037
2224,32,2,24,0.08921933085501858
2224,31,1,25,0.09293680297397769
2224,30,1,26,0.09665427509293681
2224,27,1,27,0.10037174721189591
2224,26,1,28,0.10408921933085502
2224,24,2,30,0.11152416356877323
2224,22,1,31,0.11524163568773234
2224,19,2,33,0.12267657992565056
2224,18,1,34,0.12639405204460966
2224,17,6,40,0.14869888475836432
2224,16,1,41,0.1524163568773234
2224,15,5,46,0.17100371747211895
2224,14,5,51,0.1895910780669145
2224,13,18,69,0.25650557620817843
2224,12,16,85,0.3159851301115242
2224,11,5,90,0.3345724907063197
2224,10,5,95,0.35315985130111527
2224,9,11,106,0.3940520446096654
2224,8,5,111,0.41263940520446096
2224,7,7,118,0.43866171003717475
2224,6,17,135,0.5018587360594795
2224,5,17,152,0.5650557620817844
2224,4,27,179,0.6654275092936803
2224,3,53,232,0.862453531598513
2224,2,16,248,0.9219330855018587
2224,1,15,263,0.9776951672862454
2224,0,6,269,1.0
2225,76,2,2,0.0056657223796034
2225,69,1,3,0.0084985835694051
2225,66,3,6,0.0169971671388102
2225,64,1,7,0.019830028328611898
2225,61,1,8,0.0226628895184136
2225,53,1,9,0.025495750708215296
2225,52,1,10,0.028328611898016998
2225,48,1,11,0.031161473087818695
2225,47,4,15,0.042492917847025496
2225,44,2,17,0.04815864022662889
2225,43,1,18,0.05099150141643059
2225,42,3,21,0.059490084985835696
2225,41,1,22,0.06232294617563739
2225,40,2,24,0.0679886685552408
2225,39,3,27,0.0764872521246459
2225,38,4,31,0.08781869688385269
2225,37,1,32,0.0906515580736544
2225,36,1,33,0.09348441926345609
2225,35,1,34,0.09631728045325778
2225,34,3,37,0.1048158640226629
2225,33,3,40,0.11331444759206799
2225,32,3,43,0.12181303116147309
2225,30,2,45,0.1274787535410765
2225,28,2,47,0.13314447592067988
2225,27,2,49,0.1388101983002833
2225,26,5,54,0.1529745042492918
2225,25,1,55,0.1558073654390935
2225,23,3,58,0.1643059490084986
2225,22,3,61,0.17280453257790368
2225,21,1,62,0.17563739376770537
2225,20,2,64,0.1813031161473088
2225,19,5,69,0.1954674220963173
2225,18,2,71,0.20113314447592068
2225,17,3,74,0.2096317280453258
2225,16,5,79,0.2237960339943343
2225,15,6,85,0.24079320113314448
2225,14,9,94,0.26628895184135976
2225,13,8,102,0.28895184135977336
2225,12,3,105,0.29745042492917845
2225,11,7,112,0.31728045325779036
2225,10,6,118,0.3342776203966006
2225,9,7,125,0.35410764872521244
2225,8,7,132,0.37393767705382436
2225,7,8,140,0.39660056657223797
2225,6,11,151,0.42776203966005666
2225,5,21,172,0.48725212464589235
2225,4,35,207,0.5864022662889519
2225,3,78,285,0.8073654390934845
2225,2,21,306,0.8668555240793201
2225,1,35,341,0.9660056657223796
2225,0,12,353,1.0
2233,13,2,2,0.017391304347826087
2233,12,3,5,0.043478260869565216
2233,11,1,6,0.05217391304347826
2233,10,1,7,0.06086956521739131
2233,8,3,10,0.08695652173913043
2233,7,1,11,0.09565217391304348
2233,6,5,16,0.1391304347826087
2233,5,2,18,0.1565217391304348
2233,4,9,27,0.23478260869565218
2233,3,16,43,0.3739130434782609
2233,2,17,60,0.5217391304347826
2233,1,39,99,0.8608695652173913
2233,0,16,115,1.0
2235,93,2,2,0.0051813471502590676
2235,88,1,3,0.007772020725388601
2235,87,2,5,0.012953367875647668
2235,82,1,6,0.015544041450777202
2235,81,1,7,0.018134715025906734
2235,71,1,8,0.02072538860103627
2235,70,1,9,0.023316062176165803
2235,68,1,10,0.025906735751295335
2235,66,3,13,0.03367875647668394
2235,65,2,15,0.038860103626943004
2235,62,1,16,0.04145077720207254
2235,61,1,17,0.04404145077720207
2235,57,2,19,0.04922279792746114
2235,54,1,20,0.05181347150259067
2235,53,1,21,0.054404145077720206
2235,52,1,22,0.05699481865284974
2235,51,1,23,0.05958549222797927
2235,50,1,24,0.06217616580310881
2235,49,1,25,0.06476683937823834
2235,48,2,27,0.06994818652849741
2235,46,4,31,0.08031088082901554
2235,43,1,32,0.08290155440414508
2235,41,2,34,0.08808290155440414
2235,39,1,35,0.09067357512953368
2235,37,3,38,0.09844559585492228
2235,36,1,39,0.10103626943005181
2235,34,3,42,0.10880829015544041
2235,32,2,44,0.11398963730569948
2235,31,7,51,0.13212435233160622
2235,30,7,58,0.15025906735751296
2235,29,4,62,0.16062176165803108
2235,28,4,66,0.17098445595854922
2235,27,2,68,0.17616580310880828
2235,26,7,75,0.19430051813471502
2235,25,2,77,0.19948186528497408
2235,23,2,79,0.20466321243523317
2235,22,5,84,0.21761658031088082
2235,21,2,86,0.22279792746113988
2235,20,2,88,0.22797927461139897
2235,19,3,91,0.23575129533678757
2235,18,8,99,0.25647668393782386
2235,17,12,111,0.28756476683937826
2235,16,9,120,0.31088082901554404
2235,15,11,131,0.3393782383419689
2235,14,3,134,0.3471502590673575
2235,13,12,146,0.37823834196891193
2235,12,11,157,0.4067357512953368
2235,11,13,170,0.44041450777202074
2235,10,15,185,0.4792746113989637
2235,9,15,200,0.5181347150259067
2235,8,10,210,0.5440414507772021
2235,7,17,227,0.5880829015544041
2235,6,18,245,0.6347150259067358
2235,5,23,268,0.694300518134715
2235,4,39,307,0.7953367875647669
2235,3,47,354,0.917098445595855
2235,2,18,372,0.9637305699481865
2235,1,8,380,0.9844559585492227
2235,0,6,386,1.0
2238,26,2,2,0.017857142857142856
2238,25,1,3,0.026785714285714284
2238,23,2,5,0.044642857142857144
2238,21,1,6,0.05357142857142857
2238,16,1,7,0.0625
2238,15,1,8,0.07142857142857142
2238,12,3,11,0.09821428571428571
2238,11,1,12,0.10714285714285714
2238,9,1,13,0.11607142857142858
2238,8,4,17,0.15178571428571427
2238,7,4,21,0.1875
2238,6,4,25,0.22321428571428573
2238,5,5,30,0.26785714285714285
2238,4,5,35,0.3125
2238,3,7,42,0.375
2238,2,22,64,0.5714285714285714
2238,1,31,95,0.8482142857142857
2238,0,17,112,1.0
2249,26,1,1,0.007246376811594203
2249,22,1,2,0.014492753623188406
2249,19,1,3,0.021739130434782608
2249,14,1,4,0.028985507246376812
2249,13,3,7,0.050724637681159424
2249,12,1,8,0.057971014492753624
2249,11,2,10,0.07246376811594203
2249,8,2,12,0.08695652173913043
2249,7,2,14,0.10144927536231885
2249,6,5,19,0.13768115942028986
2249,5,4,23,0.16666666666666666
2249,4,6,29,0.21014492753623187
2249,3,8,37,0.26811594202898553
2249,2,26,63,0.45652173913043476
2249,1,35,98,0.7101449275362319
2249,0,40,138,1.0
2250,29,1,1,0.008
2250,28,1,2,0.016
2250,25,2,4,0.032
2250,22,1,5,0.04
2250,20,1,6,0.048
2250,19,2,8,0.064
2250,14,1,9,0.072
2250,13,1,10,0.08
2250,12,1,11,0.088
2250,11,1,12,0.096
2250,10,1,13,0.104
2250,8,2,15,0.12
2250,7,1,16,0.128
2250,6,1,17,0.136
2250,5,4,21,0.168
2250,4,3,24,0.192
2250,3,17,41,0.328
2250,2,30,71,0.568
2250,1,40,111,0.888
2250,0,14,125,1.0
2263,75,1,1,0.002840909090909091
2263,68,1,2,0.005681818181818182
2263,64,1,3,0.008522727272727272
2263,62,1,4,0.011363636363636364
2263,60,3,7,0.019886363636363636
2263,59,1,8,0.022727272727272728
2263,58,2,10,0.028409090909090908
2263,56,1,11,0.03125
2263,53,2,13,0.036931818181818184
2263,52,1,14,0.03977272727272727
2263,46,3,17,0.048295454545454544
2263,45,1,18,0.05113636363636364
2263,44,5,23,0.06534090909090909
2263,43,1,24,0.06818181818181818
2263,42,1,25,0.07102272727272728
2263,41,1,26,0.07386363636363637
2263,39,3,29,0.08238636363636363
2263,38,4,33,0.09375
2263,37,1,34,0.09659090909090909
2263,36,2,36,0.10227272727272728
2263,35,3,39,0.11079545454545454
2263,34,1,40,0.11363636363636363
2263,33,2,42,0.11931818181818182
2263,31,2,44,0.125
2263,30,4,48,0.13636363636363635
2263,28,3,51,0.14488636363636365
2263,27,2,53,0.15056818181818182
2263,26,4,57,0.16193181818181818
2263,25,6,63,0.17897727272727273
2263,24,2,65,0.1846590909090909
2263,23,1,66,0.1875
2263,22,5,71,0.20170454545454544
2263,21,3,74,0.21022727272727273
2263,20,8,82,0.23295454545454544
2263,19,4,86,0.24431818181818182
2263,18,7,93,0.26420454545454547
2263,17,6,99,0.28125
2263,16,4,103,0.29261363636363635
2263,15,6,109,0.3096590909090909
2263,14,4,113,0.3210227272727273
2263,13,8,121,0.34375
2263,12,6,127,0.36079545454545453
2263,11,9,136,0.38636363636363635
2263,10,13,149,0.42329545454545453
2263,9,9,158,0.44886363636363635
2263,8,16,174,0.4943181818181818
2263,7,23,197,0.5596590909090909
2263,6,22,219,0.6221590909090909
2263,5,12,231,0.65625
2263,4,19,250,0.7102272727272727
2263,3,28,278,0.7897727272727273
2263,2,34,312,0.8863636363636364
2263,1,23,335,0.9517045454545454
2263,0,17,352,1.0
2285,105,2,2,0.004338394793926247
2285,102,1,3,0.006507592190889371
2285,98,1,4,0.008676789587852495
2285,94,2,6,0.013015184381778741
2285,90,1,7,0.015184381778741865
2285,89,1,8,0.01735357917570499
2285,88,4,12,0.026030368763557483
2285,87,1,13,0.028199566160520606
2285,85,2,15,0.03253796095444685
2285,84,2,17,0.0368763557483731
2285,83,1,18,0.039045553145336226
2285,82,1,19,0.04121475054229935
2285,78,1,20,0.04338394793926247
2285,77,1,21,0.0455531453362256
2285,75,2,23,0.049891540130151846
2285,72,1,24,0.052060737527114966
2285,71,3,27,0.05856832971800434
2285,70,2,29,0.06290672451193059
2285,69,1,30,0.0650759219088937
2285,68,8,38,0.0824295010845987
2285,67,1,39,0.08459869848156182
2285,66,5,44,0.09544468546637744
2285,65,1,45,0.09761388286334056
2285,62,1,46,0.09978308026030369
2285,60,1,47,0.1019522776572668
2285,57,1,48,0.10412147505422993
2285,55,1,49,0.10629067245119306
2285,54,6,55,0.1193058568329718
2285,53,6,61,0.13232104121475055
2285,52,2,63,0.13665943600867678
2285,51,5,68,0.1475054229934924
2285,50,4,72,0.1561822125813449
2285,49,14,86,0.18655097613882862
2285,48,20,106,0.2299349240780911
2285,47,71,177,0.3839479392624729
2285,46,2,179,0.3882863340563991
2285,45,5,184,0.39913232104121477
2285,44,1,185,0.40130151843817785
2285,43,1,186,0.403470715835141
2285,42,2,188,0.4078091106290672
2285,41,2,190,0.4121475054229935
2285,40,3,193,0.41865509761388287
2285,39,1,194,0.420824295010846
2285,38,1,195,0.4229934924078091
2285,37,4,199,0.4316702819956616
2285,36,4,203,0.4403470715835141
2285,35,2,205,0.44468546637744033
2285,34,1,206,0.44685466377440347
2285,33,2,208,0.4511930585683297
2285,32,2,210,0.455531453362256
2285,31,2,212,0.4598698481561822
2285,29,2,214,0.4642082429501085
2285,28,4,218,0.47288503253796094
2285,27,2,220,0.4772234273318872
2285,25,3,223,0.4837310195227766
2285,24,5,228,0.4945770065075922
2285,23,6,234,0.5075921908893709
2285,22,11,245,0.5314533622559653
2285,21,1,246,0.5336225596529284
2285,20,3,249,0.5401301518438177
2285,19,15,264,0.5726681127982647
2285,18,8,272,0.5900216919739696
2285,17,5,277,0.6008676789587852
2285,16,4,281,0.6095444685466378
2285,15,4,285,0.6182212581344902
2285,14,4,289,0.6268980477223427
2285,13,4,293,0.6355748373101953
2285,12,5,298,0.6464208242950108
2285,11,5,303,0.6572668112798264
2285,10,4,307,0.665943600867679
2285,9,8,315,0.6832971800433839
2285,8,8,323,0.7006507592190889
2285,7,8,331,0.7180043383947939
2285,6,7,338,0.7331887201735358
2285,5,11,349,0.7570498915401301
2285,4,18,367,0.7960954446854663
2285,3,28,395,0.8568329718004338
2285,2,43,438,0.9501084598698482
2285,1,9,447,0.9696312364425163
2285,0,14,461,1.0
2286,84,1,1,0.005050505050505051
2286,77,1,2,0.010101010101010102
2286,76,1,3,0.015151515151515152
2286,67,1,4,0.020202020202020204
2286,66,2,6,0.030303030303030304
2286,61,2,8,0.04040404040404041
2286,58,2,10,0.050505050505050504
2286,57,3,13,0.06565656565656566
2286,55,1,14,0.0707070707070707
2286,54,1,15,0.07575757575757576
2286,52,2,17,0.08585858585858586
2286,51,1,18,0.09090909090909091
2286,50,1,19,0.09595959595959595
2286,48,1,20,0.10101010101010101
2286,46,1,21,0.10606060606060606
2286,43,1,22,0.1111111111111111
2286,42,3,25,0.12626262626262627
2286,40,1,26,0.13131313131313133
2286,39,3,29,0.14646464646464646
2286,35,1,30,0.15151515151515152
2286,34,3,33,0.16666666666666666
2286,33,1,34,0.1717171717171717
2286,30,1,35,0.17676767676767677
2286,28,2,37,0.18686868686868688
2286,27,2,39,0.19696969696969696
2286,26,2,41,0.20707070707070707
2286,25,1,42,0.21212121212121213
2286,24,4,46,0.23232323232323232
2286,21,1,47,0.23737373737373738
2286,20,3,50,0.25252525252525254
2286,19,1,51,0.25757575757575757
2286,18,5,56,0.2828282828282828
2286,17,2,58,0.29292929292929293
2286,16,9,67,0.3383838383838384
2286,15,3,70,0.35353535353535354
2286,14,4,74,0.37373737373737376
2286,13,6,80,0.40404040404040403
2286,12,6,86,0.43434343434343436
2286,11,4,90,0.45454545454545453
2286,10,3,93,0.4696969696969697
2286,9,10,103,0.5202020202020202
2286,8,4,107,0.5404040404040404
2286,7,3,110,0.5555555555555556
2286,6,9,119,0.601010101010101
2286,5,6,125,0.6313131313131313
2286,4,15,140,0.7070707070707071
2286,3,26,166,0.8383838383838383
2286,2,19,185,0.9343434343434344
2286,1,4,189,0.9545454545454546
2286,0,9,198,1.0
2287,85,2,2,0.006993006993006993
2287,84,1,3,0.01048951048951049
2287,82,1,4,0.013986013986013986
2287,64,1,5,0.017482517482517484
2287,58,1,6,0.02097902097902098
2287,53,1,7,0.024475524475524476
2287,52,1,8,0.027972027972027972
2287,51,1,9,0.03146853146853147
2287,49,1,10,0.03496503496503497
2287,46,2,12,0.04195804195804196
2287,43,2,14,0.04895104895104895
2287,36,1,15,0.05244755244755245
2287,35,2,17,0.05944055944055944
2287,33,2,19,0.06643356643356643
2287,32,2,21,0.07342657342657342
2287,27,1,22,0.07692307692307693
2287,26,4,26,0.09090909090909091
2287,25,5,31,0.10839160839160839
2287,24,4,35,0.12237762237762238
2287,23,5,40,0.13986013986013987
2287,22,1,41,0.14335664335664336
2287,21,1,42,0.14685314685314685
2287,20,2,44,0.15384615384615385
2287,19,2,46,0.16083916083916083
2287,18,5,51,0.17832167832167833
2287,17,3,54,0.1888111888111888
2287,16,2,56,0.1958041958041958
2287,15,3,59,0.2062937062937063
2287,14,5,64,0.22377622377622378
2287,13,8,72,0.2517482517482518
2287,12,10,82,0.2867132867132867
2287,11,2,84,0.2937062937062937
2287,10,3,87,0.3041958041958042
2287,9,7,94,0.32867132867132864
2287,8,6,100,0.34965034965034963
2287,7,10,110,0.38461538461538464
2287,6,15,125,0.4370629370629371
2287,5,20,145,0.506993006993007
2287,4,33,178,0.6223776223776224
2287,3,39,217,0.7587412587412588
2287,2,37,254,0.8881118881118881
2287,1,20,274,0.958041958041958
2287,0,12,286,1.0
2291,74,3,3,0.003218884120171674
2291,72,3,6,0.006437768240343348
2291,71,1,7,0.0075107296137339056
2291,70,1,8,0.008583690987124463
2291,66,3,11,0.011802575107296138
2291,63,1,12,0.012875536480686695
2291,60,6,18,0.019313304721030045
2291,59,2,20,0.02145922746781116
2291,54,1,21,0.022532188841201718
2291,53,2,23,0.02467811158798283
2291,52,3,26,0.027896995708154508
2291,51,5,31,0.033261802575107295
2291,50,4,35,0.03755364806866953
2291,49,13,48,0.05150214592274678
2291,48,10,58,0.06223175965665236
2291,47,6,64,0.06866952789699571
2291,46,11,75,0.08047210300429185
2291,45,13,88,0.0944206008583691
2291,44,10,98,0.10515021459227468
2291,43,15,113,0.12124463519313304
2291,42,2,115,0.12339055793991416
2291,41,11,126,0.1351931330472103
2291,40,5,131,0.1405579399141631
2291,39,3,134,0.14377682403433475
2291,38,6,140,0.15021459227467812
2291,37,12,152,0.1630901287553648
2291,36,18,170,0.18240343347639484
2291,35,11,181,0.194206008583691
2291,34,7,188,0.2017167381974249
2291,33,12,200,0.2145922746781116
2291,32,17,217,0.23283261802575106
2291,31,15,232,0.24892703862660945
2291,30,8,240,0.2575107296137339
2291,29,21,261,0.2800429184549356
2291,28,19,280,0.30042918454935624
2291,27,14,294,0.315450643776824
2291,26,16,310,0.33261802575107297
2291,25,26,336,0.3605150214592275
2291,24,38,374,0.4012875536480687
2291,23,41,415,0.44527896995708155
2291,22,69,484,0.51931330472103
2291,21,103,587,0.6298283261802575
2291,20,27,614,0.6587982832618026
2291,19,14,628,0.6738197424892703
2291,18,9,637,0.6834763948497854
2291,17,26,663,0.7113733905579399
2291,16,19,682,0.7317596566523605
2291,15,9,691,0.7414163090128756
2291,14,6,697,0.7478540772532188
2291,13,8,705,0.7564377682403434
2291,12,13,718,0.7703862660944206
2291,11,12,730,0.7832618025751072
2291,10,16,746,0.8004291845493562
2291,9,26,772,0.8283261802575107
2291,8,27,799,0.8572961373390557
2291,7,19,818,0.8776824034334764
2291,6,36,854,0.9163090128755365
2291,5,18,872,0.9356223175965666
2291,4,17,889,0.953862660944206
2291,3,10,899,0.9645922746781116
2291,2,6,905,0.971030042918455
2291,1,12,917,0.9839055793991416
2291,0,15,932,1.0
2292,141,1,1,0.001076426264800861
2292,137,1,2,0.002152852529601722
2292,130,1,3,0.0032292787944025836
2292,127,2,5,0.005382131324004306
2292,118,2,7,0.007534983853606028
2292,115,1,8,0.008611410118406888
2292,113,1,9,0.00968783638320775
2292,112,1,10,0.010764262648008612
2292,111,1,11,0.011840688912809472
2292,109,1,12,0.012917115177610334
2292,106,1,13,0.013993541442411194
2292,101,1,14,0.015069967707212056
2292,97,1,15,0.016146393972012917
2292,96,1,16,0.017222820236813777
2292,94,1,17,0.01829924650161464
2292,93,4,21,0.022604951560818085
2292,91,1,22,0.023681377825618945
2292,90,1,23,0.024757804090419805
2292,89,3,26,0.02798708288482239
2292,86,4,30,0.03229278794402583
2292,85,5,35,0.03767491926803014
2292,84,1,36,0.038751345532831
2292,82,1,37,0.03982777179763186
2292,81,3,40,0.04305705059203445
2292,80,3,43,0.04628632938643703
2292,78,5,48,0.05166846071044134
2292,76,2,50,0.05382131324004306
2292,75,4,54,0.0581270182992465
2292,74,1,55,0.059203444564047365
2292,73,8,63,0.06781485468245425
2292,72,4,67,0.0721205597416577
2292,71,2,69,0.07427341227125941
2292,70,19,88,0.09472551130247578
2292,69,18,106,0.11410118406889128
2292,68,34,140,0.15069967707212056
2292,67,77,217,0.23358449946178686
2292,66,5,222,0.23896663078579117
2292,65,3,225,0.24219590958019377
2292,64,1,226,0.2432723358449946
2292,63,1,227,0.24434876210979548
2292,62,2,229,0.2465016146393972
2292,61,4,233,0.25080731969860065
2292,59,2,235,0.2529601722282024
2292,58,1,236,0.25403659849300325
2292,57,1,237,0.25511302475780406
2292,56,1,238,0.25618945102260493
2292,55,7,245,0.263724434876211
2292,53,5,250,0.2691065662002153
2292,52,2,252,0.271259418729817
2292,51,3,255,0.2744886975242196
2292,50,2,257,0.2766415500538213
2292,48,4,261,0.28094725511302476
2292,47,3,264,0.28417653390742736
2292,46,5,269,0.28955866523143164
2292,45,2,271,0.2917115177610334
2292,44,3,274,0.294940796555436
2292,43,6,280,0.3013993541442411
2292,42,1,281,0.302475780409042
2292,41,6,287,0.30893433799784714
2292,40,1,288,0.310010764262648
2292,39,3,291,0.3132400430570506
2292,38,7,298,0.3207750269106566
2292,37,5,303,0.3261571582346609
2292,36,10,313,0.3369214208826695
2292,35,6,319,0.3433799784714747
2292,34,10,329,0.35414424111948334
2292,33,10,339,0.36490850376749195
2292,32,7,346,0.37244348762109797
2292,31,2,348,0.3745963401506997
2292,30,8,356,0.3832077502691066
2292,29,9,365,0.39289558665231433
2292,28,7,372,0.40043057050592035
2292,27,11,383,0.41227125941872983
2292,26,15,398,0.4284176533907427
2292,25,6,404,0.43487621097954793
2292,24,20,424,0.4564047362755651
2292,23,8,432,0.465016146393972
2292,22,11,443,0.47685683530678147
2292,21,7,450,0.48439181916038754
2292,20,13,463,0.4983853606027987
2292,19,12,475,0.511302475780409
2292,18,5,480,0.5166846071044133
2292,17,21,501,0.5392895586652314
2292,16,12,513,0.5522066738428417
2292,15,13,526,0.566200215285253
2292,14,11,537,0.5780409041980624
2292,13,14,551,0.5931108719052745
2292,12,9,560,0.6027987082884823
2292,11,21,581,0.6254036598493004
2292,10,14,595,0.6404736275565124
2292,9,13,608,0.6544671689989235
2292,8,28,636,0.6846071044133477
2292,7,16,652,0.7018299246501615
2292,6,41,693,0.7459634015069968
2292,5,48,741,0.7976318622174381
2292,4,55,796,0.8568353067814855
2292,3,72,868,0.9343379978471474
2292,2,30,898,0.9666307857911733
2292,1,20,918,0.9881593110871906
2292,0,11,929,1.0
2294,113,1,1,0.004524886877828055
2294,107,1,2,0.00904977375565611
2294,103,1,3,0.013574660633484163
2294,98,1,4,0.01809954751131222
2294,88,1,5,0.02262443438914027
2294,80,1,6,0.027149321266968326
2294,62,2,8,0.03619909502262444
2294,58,1,9,0.04072398190045249
2294,54,1,10,0.04524886877828054
2294,49,1,11,0.049773755656108594
2294,48,1,12,0.05429864253393665
2294,47,1,13,0.058823529411764705
2294,45,1,14,0.06334841628959276
2294,44,1,15,0.06787330316742081
2294,43,1,16,0.07239819004524888
2294,41,1,17,0.07692307692307693
2294,39,1,18,0.08144796380090498
2294,38,1,19,0.08597285067873303
2294,37,2,21,0.09502262443438914
2294,31,2,23,0.10407239819004525
2294,30,1,24,0.1085972850678733
2294,28,2,26,0.11764705882352941
2294,27,2,28,0.12669683257918551
2294,26,2,30,0.13574660633484162
2294,25,1,31,0.14027149321266968
2294,24,1,32,0.14479638009049775
2294,22,1,33,0.1493212669683258
2294,21,3,36,0.16289592760180996
2294,20,3,39,0.17647058823529413
2294,18,3,42,0.19004524886877827
2294,17,1,43,0.19457013574660634
2294,16,2,45,0.20361990950226244
2294,15,1,46,0.2081447963800905
2294,14,2,48,0.2171945701357466
2294,13,1,49,0.22171945701357465
2294,12,5,54,0.24434389140271492
2294,11,4,58,0.26244343891402716
2294,10,8,66,0.2986425339366516
2294,9,5,71,0.3212669683257919
2294,8,11,82,0.37104072398190047
2294,7,5,87,0.3936651583710407
2294,6,7,94,0.4253393665158371
2294,5,20,114,0.5158371040723982
2294,4,16,130,0.5882352941176471
2294,3,21,151,0.6832579185520362
2294,2,51,202,0.9140271493212669
2294,1,6,208,0.9411764705882353
2294,0,13,221,1.0
2299,26,1,1,0.0064516129032258064
2299,25,1,2,0.012903225806451613
2299,24,1,3,0.01935483870967742
2299,22,1,4,0.025806451612903226
2299,20,4,8,0.05161290322580645
2299,19,2,10,0.06451612903225806
2299,17,1,11,0.07096774193548387
2299,16,1,12,0.07741935483870968
2299,15,1,13,0.08387096774193549
2299,12,1,14,0.09032258064516129
2299,11,2,16,0.1032258064516129
2299,10,1,17,0.10967741935483871
2299,9,1,18,0.11612903225806452
2299,7,2,20,0.12903225806451613
2299,6,2,22,0.14193548387096774
2299,5,7,29,0.1870967741935484
2299,4,6,35,0.22580645161290322
2299,3,9,44,0.2838709677419355
2299,2,34,78,0.5032258064516129
2299,1,54,132,0.8516129032258064
2299,0,23,155,1.0
2302,13,1,1,0.008264462809917356
2302,12,2,3,0.024793388429752067
2302,10,3,6,0.049586776859504134
2302,8,3,9,0.0743801652892562
2302,7,2,11,0.09090909090909091
2302,6,3,14,0.11570247933884298
2302,5,7,21,0.17355371900826447
2302,4,5,26,0.21487603305785125
2302,3,11,37,0.30578512396694213
2302,2,18,55,0.45454545454545453
2302,1,38,93,0.768595041322314
2302,0,28,121,1.0
2304,16,3,3,0.02608695652173913
2304,14,1,4,0.034782608695652174
2304,13,1,5,0.043478260869565216
2304,7,3,8,0.06956521739130435
2304,5,2,10,0.08695652173913043
2304,4,5,15,0.13043478260869565
2304,3,15,30,0.2608695652173913
2304,2,27,57,0.4956521739130435
2304,1,41,98,0.8521739130434782
2304,0,17,115,1.0
2305,163,2,2,0.0014054813773717498
2305,162,1,3,0.0021082220660576245
2305,160,1,4,0.0028109627547434997
2305,159,1,5,0.0035137034434293743
2305,156,2,7,0.004919184820801124
2305,147,1,8,0.005621925509486999
2305,146,1,9,0.006324666198172874
2305,142,1,10,0.007027406886858749
2305,141,1,11,0.007730147575544624
2305,138,1,12,0.008432888264230498
2305,136,3,15,0.010541110330288124
2305,135,1,16,0.011243851018973999
2305,133,1,17,0.011946591707659873
2305,127,2,19,0.013352073085031623
2305,125,1,20,0.014054813773717497
2305,124,2,22,0.015460295151089248
2305,121,1,23,0.016163035839775124
2305,120,1,24,0.016865776528460996
2305,119,1,25,0.017568517217146872
2305,118,2,27,0.018973998594518624
2305,117,2,29,0.020379479971890373
2305,116,2,31,0.02178496134926212
2305,115,2,33,0.023190442726633873
2305,112,2,35,0.024595924104005622
2305,111,2,37,0.02600140548137737
2305,110,1,38,0.026704146170063246
2305,108,2,40,0.028109627547434995
2305,106,2,42,0.029515108924806747
2305,105,1,43,0.030217849613492623
2305,104,1,44,0.030920590302178495
2305,102,6,50,0.035137034434293744
2305,101,2,52,0.036542515811665496
2305,100,4,56,0.03935347856640899
2305,99,1,57,0.04005621925509487
2305,98,3,60,0.0421644413211525
2305,97,1,61,0.04286718200983837
2305,96,3,64,0.044975404075895994
2305,93,2,66,0.046380885453267746
2305,91,4,70,0.049191848208011243
2305,90,2,72,0.050597329585382995
2305,89,4,76,0.05340829234012649
2305,88,1,77,0.054111033028812365
2305,87,2,79,0.05551651440618412
2305,86,1,80,0.05621925509486999
2305,85,5,85,0.059732958538299366
2305,84,12,97,0.06816584680252986
2305,83,12,109,0.07659873506676036
2305,82,15,124,0.08713984539704848
2305,81,21,145,0.10189739985945186
2305,80,19,164,0.11524947294448348
2305,79,26,190,0.13352073085031624
2305,78,51,241,0.16936050597329586
2305,77,92,333,0.23401264933239635
2305,76,6,339,0.2382290934645116
2305,75,4,343,0.2410400562192551
2305,74,2,345,0.24244553759662685
2305,73,2,347,0.2438510189739986
2305,72,4,351,0.2466619817287421
2305,71,3,354,0.24877020379479972
2305,70,6,360,0.25298664792691494
2305,69,7,367,0.2579058327477161
2305,68,2,369,0.25931131412508784
2305,67,4,373,0.26212227687983136
2305,66,4,377,0.2649332396345748
2305,65,8,385,0.27055516514406186
2305,64,3,388,0.27266338721011946
2305,63,1,389,0.2733661278988053
2305,62,2,391,0.2747716092761771
2305,61,3,394,0.2768798313422347
2305,60,3,397,0.27898805340829236
2305,59,4,401,0.2817990161630358
2305,58,2,403,0.2832044975404076
2305,57,3,406,0.2853127196064652
2305,56,2,408,0.286718200983837
2305,55,7,415,0.2916373858046381
2305,54,9,424,0.29796205200281095
2305,53,5,429,0.30147575544624033
2305,52,4,433,0.30428671820098385
2305,51,6,439,0.3085031623330991
2305,50,9,448,0.31482782853127195
2305,49,20,468,0.3288826423049895
2305,48,29,497,0.3492621222768798
2305,47,75,572,0.40196767392832045
2305,46,9,581,0.40829234012649335
2305,45,6,587,0.4125087842586086
2305,44,3,590,0.4146170063246662
2305,43,4,594,0.4174279690794097
2305,42,3,597,0.4195361911454673
2305,41,4,601,0.4223471539002108
2305,40,8,609,0.4279690794096978
2305,39,4,613,0.4307800421644413
2305,38,2,615,0.43218552354181305
2305,37,6,621,0.4364019676739283
2305,36,2,623,0.4378074490513001
2305,35,3,626,0.4399156711173577
2305,34,3,629,0.44202389318341534
2305,33,6,635,0.4462403373155306
2305,32,8,643,0.45186226282501757
2305,31,13,656,0.46099789177793393
2305,30,9,665,0.46732255797610683
2305,29,12,677,0.47575544624033733
2305,28,9,686,0.4820801124385102
2305,27,8,694,0.4877020379479972
2305,26,11,705,0.4954321855235418
2305,25,9,714,0.5017568517217147
2305,24,8,722,0.5073787772312017
2305,23,11,733,0.5151089248067463
2305,22,9,742,0.5214335910049192
2305,21,8,750,0.5270555165144062
2305,20,13,763,0.5361911454673226
2305,19,10,773,0.5432185523541813
2305,18,13,786,0.5523541813070977
2305,17,27,813,0.5713281799016163
2305,16,18,831,0.583977512297962
2305,15,12,843,0.5924104005621925
2305,14,9,852,0.5987350667603655
2305,13,17,869,0.6106816584680252
2305,12,19,888,0.624033731553057
2305,11,22,910,0.6394940267041461
2305,10,26,936,0.657765284609979
2305,9,29,965,0.6781447645818693
2305,8,29,994,0.6985242445537596
2305,7,43,1037,0.7287420941672523
2305,6,61,1098,0.7716092761770906
2305,5,119,1217,0.8552354181307098
2305,4,35,1252,0.8798313422347154
2305,3,32,1284,0.9023190442726634
2305,2,50,1334,0.9374560787069571
2305,1,59,1393,0.9789177793394237
2305,0,30,1423,1.0
2306,114,1,1,0.013157894736842105
2306,111,1,2,0.02631578947368421
2306,89,1,3,0.039473684210526314
2306,83,1,4,0.05263157894736842
2306,72,1,5,0.06578947368421052
2306,69,1,6,0.07894736842105263
2306,68,1,7,0.09210526315789473
2306,66,2,9,0.11842105263157894
2306,54,1,10,0.13157894736842105
2306,51,1,11,0.14473684210526316
2306,47,1,12,0.15789473684210525
2306,46,1,13,0.17105263157894737
2306,44,1,14,0.18421052631578946
2306,43,1,15,0.19736842105263158
2306,40,4,19,0.25
2306,39,1,20,0.2631578947368421
2306,38,6,26,0.34210526315789475
2306,37,3,29,0.3815789473684211
2306,36,1,30,0.39473684210526316
2306,33,1,31,0.40789473684210525
2306,32,1,32,0.42105263157894735
2306,31,1,33,0.4342105263157895
2306,29,1,34,0.4473684210526316
2306,25,1,35,0.4605263157894737
2306,24,3,38,0.5
2306,22,2,40,0.5263157894736842
2306,21,3,43,0.5657894736842105
2306,20,2,45,0.5921052631578947
2306,19,3,48,0.631578947368421
2306,17,1,49,0.6447368421052632
2306,15,1,50,0.6578947368421053
2306,12,1,51,0.6710526315789473
2306,10,2,53,0.6973684210526315
2306,8,2,55,0.7236842105263158
2306,5,1,56,0.7368421052631579
2306,3,2,58,0.7631578947368421
2306,2,5,63,0.8289473684210527
2306,1,5,68,0.8947368421052632
2306,0,8,76,1.0
2307,156,1,1,0.003703703703703704
2307,132,1,2,0.007407407407407408
2307,117,1,3,0.011111111111111112
2307,113,1,4,0.014814814814814815
2307,108,1,5,0.018518518518518517
2307,98,1,6,0.022222222222222223
2307,85,1,7,0.025925925925925925
2307,79,2,9,0.03333333333333333
2307,77,1,10,0.037037037037037035
2307,74,1,11,0.040740740740740744
2307,73,3,14,0.05185185185185185
2307,72,1,15,0.05555555555555555
2307,71,4,19,0.07037037037037037
2307,69,1,20,0.07407407407407407
2307,68,1,21,0.07777777777777778
2307,67,3,24,0.08888888888888889
2307,66,1,25,0.09259259259259259
2307,63,1,26,0.0962962962962963
2307,62,1,27,0.1
2307,60,1,28,0.1037037037037037
2307,56,2,30,0.1111111111111111
2307,54,1,31,0.11481481481481481
2307,49,1,32,0.11851851851851852
2307,48,5,37,0.13703703703703704
2307,46,2,39,0.14444444444444443
2307,45,3,42,0.15555555555555556
2307,44,1,43,0.15925925925925927
2307,43,1,44,0.16296296296296298
2307,42,3,47,0.17407407407407408
2307,41,4,51,0.18888888888888888
2307,40,6,57,0.2111111111111111
2307,38,1,58,0.21481481481481482
2307,37,1,59,0.21851851851851853
2307,34,1,60,0.2222222222222222
2307,32,1,61,0.22592592592592592
2307,31,2,63,0.23333333333333334
2307,30,2,65,0.24074074074074073
2307,29,4,69,0.25555555555555554
2307,28,2,71,0.26296296296296295
2307,26,5,76,0.2814814814814815
2307,25,1,77,0.2851851851851852
2307,24,1,78,0.28888888888888886
2307,22,4,82,0.3037037037037037
2307,21,2,84,0.3111111111111111
2307,20,3,87,0.32222222222222224
2307,19,2,89,0.3296296296296296
2307,17,1,90,0.3333333333333333
2307,16,2,92,0.34074074074074073
2307,15,3,95,0.35185185185185186
2307,14,2,97,0.3592592592592593
2307,13,2,99,0.36666666666666664
2307,12,4,103,0.3814814814814815
2307,11,6,109,0.40370370370370373
2307,10,5,114,0.4222222222222222
2307,9,10,124,0.45925925925925926
2307,8,8,132,0.4888888888888889
2307,7,5,137,0.5074074074074074
2307,6,1,138,0.5111111111111111
2307,5,7,145,0.5370370370370371
2307,4,14,159,0.5888888888888889
2307,3,32,191,0.7074074074074074
2307,2,39,230,0.8518518518518519
2307,1,22,252,0.9333333333333333
2307,0,18,270,1.0
2308,140,1,1,0.008130081300813009
2308,126,1,2,0.016260162601626018
2308,101,1,3,0.024390243902439025
2308,95,1,4,0.032520325203252036
2308,91,1,5,0.04065040650406504
2308,89,1,6,0.04878048780487805
2308,87,1,7,0.056910569105691054
2308,83,2,9,0.07317073170731707
2308,80,2,11,0.08943089430894309
2308,74,1,12,0.0975609756097561
2308,71,1,13,0.10569105691056911
2308,70,1,14,0.11382113821138211
2308,69,4,18,0.14634146341463414
2308,67,1,19,0.15447154471544716
2308,52,2,21,0.17073170731707318
2308,48,1,22,0.17886178861788618
2308,47,1,23,0.18699186991869918
2308,46,1,24,0.1951219512195122
2308,45,1,25,0.2032520325203252
2308,43,1,26,0.21138211382113822
2308,39,1,27,0.21951219512195122
2308,38,2,29,0.23577235772357724
2308,37,1,30,0.24390243902439024
2308,36,1,31,0.25203252032520324
2308,34,1,32,0.2601626016260163
2308,30,1,33,0.2682926829268293
2308,29,1,34,0.2764227642276423
2308,28,3,37,0.3008130081300813
2308,27,1,38,0.3089430894308943
2308,24,1,39,0.3170731707317073
2308,23,1,40,0.3252032520325203
2308,22,2,42,0.34146341463414637
2308,19,1,43,0.34959349593495936
2308,18,4,47,0.3821138211382114
2308,16,3,50,0.4065040650406504
2308,15,2,52,0.42276422764227645
2308,14,2,54,0.43902439024390244
2308,12,2,56,0.45528455284552843
2308,11,2,58,0.4715447154471545
2308,10,3,61,0.4959349593495935
2308,9,3,64,0.5203252032520326
2308,8,4,68,0.5528455284552846
2308,7,3,71,0.5772357723577236
2308,6,3,74,0.6016260162601627
2308,5,7,81,0.6585365853658537
2308,4,3,84,0.6829268292682927
2308,3,6,90,0.7317073170731707
2308,2,8,98,0.7967479674796748
2308,1,14,112,0.9105691056910569
2308,0,11,123,1.0
2309,150,1,1,0.024390243902439025
2309,127,1,2,0.04878048780487805
2309,121,1,3,0.07317073170731707
2309,111,1,4,0.0975609756097561
2309,109,1,5,0.12195121951219512
2309,100,1,6,0.14634146341463414
2309,83,1,7,0.17073170731707318
2309,69,1,8,0.1951219512195122
2309,68,2,10,0.24390243902439024
2309,64,1,11,0.2682926829268293
2309,49,1,12,0.2926829268292683
2309,41,2,14,0.34146341463414637
2309,36,1,15,0.36585365853658536
2309,35,1,16,0.3902439024390244
2309,30,1,17,0.4146341463414634
2309,27,1,18,0.43902439024390244
2309,24,1,19,0.4634146341463415
2309,21,1,20,0.4878048780487805
2309,19,1,21,0.5121951219512195
2309,15,1,22,0.5365853658536586
2309,12,1,23,0.5609756097560976
2309,10,2,25,0.6097560975609756
2309,9,1,26,0.6341463414634146
2309,6,1,27,0.6585365853658537
2309,4,1,28,0.6829268292682927
2309,3,3,31,0.7560975609756098
2309,2,1,32,0.7804878048780488
2309,1,5,37,0.9024390243902439
2309,0,4,41,1.0
2310,76,1,1,0.1
2310,61,1,2,0.2
2310,19,1,3,0.3
2310,14,1,4,0.4
2310,6,1,5,0.5
2310,3,2,7,0.7
2310,2,1,8,0.8
2310,1,1,9,0.9
2310,0,1,10,1.0
2312,89,1,1,0.043478260869565216
2312,87,1,2,0.08695652173913043
2312,67,1,3,0.13043478260869565
2312,63,1,4,0.17391304347826086
2312,60,1,5,0.21739130434782608
2312,38,2,7,0.30434782608695654
2312,24,1,8,0.34782608695652173
2312,8,1,9,0.391304347826087
2312,6,1,10,0.43478260869565216
2312,5,2,12,0.5217391304347826
2312,4,1,13,0.5652173913043478
2312,2,1,14,0.6086956521739131
2312,1,3,17,0.7391304347826086
2312,0,6,23,1.0
2313,154,1,1,0.014492753623188406
2313,115,1,2,0.028985507246376812
2313,87,1,3,0.043478260869565216
2313,82,1,4,0.057971014492753624
2313,76,2,6,0.08695652173913043
2313,74,2,8,0.11594202898550725
2313,70,1,9,0.13043478260869565
2313,69,2,11,0.15942028985507245
2313,68,1,12,0.17391304347826086
2313,44,2,14,0.2028985507246377
2313,42,2,16,0.2318840579710145
2313,28,1,17,0.2463768115942029
2313,24,2,19,0.2753623188405797
2313,23,1,20,0.2898550724637681
2313,22,1,21,0.30434782608695654
2313,19,1,22,0.3188405797101449
2313,16,1,23,0.3333333333333333
2313,14,1,24,0.34782608695652173
2313,13,1,25,0.36231884057971014
2313,12,2,27,0.391304347826087
2313,10,3,30,0.43478260869565216
2313,9,1,31,0.4492753623188406
2313,8,1,32,0.463768115942029
2313,7,2,34,0.4927536231884058
2313,6,6,40,0.5797101449275363
2313,5,7,47,0.6811594202898551
2313,4,2,49,0.7101449275362319
2313,3,2,51,0.7391304347826086
2313,2,3,54,0.782608695652174
2313,1,8,62,0.8985507246376812
2313,0,7,69,1.0
2314,75,1,1,0.05263157894736842
2314,47,1,2,0.10526315789473684
2314,44,1,3,0.15789473684210525
2314,17,1,4,0.21052631578947367
2314,12,2,6,0.3157894736842105
2314,11,1,7,0.3684210526315789
2314,6,1,8,0.42105263157894735
2314,2,1,9,0.47368421052631576
2314,1,7,16,0.8421052631578947
2314,0,3,19,1.0
2319,9,2,2,0.03571428571428571
2319,8,2,4,0.07142857142857142
2319,6,1,5,0.08928571428571429
2319,5,1,6,0.10714285714285714
2319,4,3,9,0.16071428571428573
2319,3,2,11,0.19642857142857142
2319,2,9,20,0.35714285714285715
2319,1,22,42,0.75
2319,0,14,56,1.0
2320,28,1,1,0.008928571428571428
2320,24,2,3,0.026785714285714284
2320,21,1,4,0.03571428571428571
2320,19,1,5,0.044642857142857144
2320,14,1,6,0.05357142857142857
2320,13,3,9,0.08035714285714286
2320,11,2,11,0.09821428571428571
2320,8,1,12,0.10714285714285714
2320,7,2,14,0.125
2320,6,2,16,0.14285714285714285
2320,5,4,20,0.17857142857142858
2320,4,6,26,0.23214285714285715
2320,3,7,33,0.29464285714285715
2320,2,20,53,0.4732142857142857
2320,1,35,88,0.7857142857142857
2320,0,24,112,1.0
2321,116,1,1,0.034482758620689655
2321,98,1,2,0.06896551724137931
2321,77,1,3,0.10344827586206896
2321,75,1,4,0.13793103448275862
2321,74,1,5,0.1724137931034483
2321,73,1,6,0.20689655172413793
2321,55,1,7,0.2413793103448276
2321,46,1,8,0.27586206896551724
2321,44,1,9,0.3103448275862069
2321,43,5,14,0.4827586206896552
2321,21,1,15,0.5172413793103449
2321,7,3,18,0.6206896551724138
2321,6,1,19,0.6551724137931034
2321,4,2,21,0.7241379310344828
2321,2,3,24,0.8275862068965517
2321,1,3,27,0.9310344827586207
2321,0,2,29,1.0
2322,79,1,1,0.0196078431372549
2322,75,1,2,0.0392156862745098
2322,31,1,3,0.058823529411764705
2322,28,1,4,0.0784313725490196
2322,25,1,5,0.09803921568627451
2322,15,1,6,0.11764705882352941
2322,14,2,8,0.1568627450980392
2322,13,3,11,0.21568627450980393
2322,10,1,12,0.23529411764705882
2322,8,1,13,0.2549019607843137
2322,7,1,14,0.27450980392156865
2322,6,2,16,0.3137254901960784
2322,5,1,17,0.3333333333333333
2322,4,2,19,0.37254901960784315
2322,3,1,20,0.39215686274509803
2322,2,6,26,0.5098039215686274
2322,1,11,37,0.7254901960784313
2322,0,14,51,1.0
2329,81,1,1,0.01098901098901099
2329,78,1,2,0.02197802197802198
2329,73,1,3,0.03296703296703297
2329,72,1,4,0.04395604395604396
2329,58,2,6,0.06593406593406594
2329,54,1,7,0.07692307692307693
2329,52,1,8,0.08791208791208792
2329,47,1,9,0.0989010989010989
2329,42,2,11,0.12087912087912088
2329,35,1,12,0.13186813186813187
2329,34,1,13,0.14285714285714285
2329,33,1,14,0.15384615384615385
2329,32,1,15,0.16483516483516483
2329,31,2,17,0.18681318681318682
2329,30,2,19,0.2087912087912088
2329,29,3,22,0.24175824175824176
2329,27,2,24,0.26373626373626374
2329,24,3,27,0.2967032967032967
2329,23,1,28,0.3076923076923077
2329,22,1,29,0.31868131868131866
2329,21,1,30,0.32967032967032966
2329,20,1,31,0.34065934065934067
2329,19,3,34,0.37362637362637363
2329,18,3,37,0.4065934065934066
2329,17,1,38,0.4175824175824176
2329,14,2,40,0.43956043956043955
2329,13,1,41,0.45054945054945056
2329,11,3,44,0.4835164835164835
2329,10,5,49,0.5384615384615384
2329,9,1,50,0.5494505494505495
2329,8,3,53,0.5824175824175825
2329,7,1,54,0.5934065934065934
2329,6,3,57,0.6263736263736264
2329,5,3,60,0.6593406593406593
2329,4,3,63,0.6923076923076923
2329,3,4,67,0.7362637362637363
2329,2,9,76,0.8351648351648352
2329,1,3,79,0.8681318681318682
2329,0,12,91,1.0
2334,10,1,1,0.017241379310344827
2334,9,3,4,0.06896551724137931
2334,7,1,5,0.08620689655172414
2334,6,1,6,0.10344827586206896
2334,5,4,10,0.1724137931034483
2334,3,8,18,0.3103448275862069
2334,2,8,26,0.4482758620689655
2334,1,16,42,0.7241379310344828
2334,0,16,58,1.0
2357,26,1,1,0.015151515151515152
2357,25,1,2,0.030303030303030304
2357,11,1,3,0.045454545454545456
2357,6,1,4,0.06060606060606061
2357,5,2,6,0.09090909090909091
2357,4,3,9,0.13636363636363635
2357,3,7,16,0.24242424242424243
2357,2,10,26,0.3939393939393939
2357,1,25,51,0.7727272727272727
2357,0,15,66,1.0
2360,14,1,1,0.00819672131147541
2360,13,2,3,0.02459016393442623
2360,12,1,4,0.03278688524590164
2360,11,1,5,0.040983606557377046
2360,10,2,7,0.05737704918032787
2360,8,3,10,0.08196721311475409
2360,7,2,12,0.09836065573770492
2360,6,4,16,0.13114754098360656
2360,5,4,20,0.16393442622950818
2360,4,6,26,0.21311475409836064
2360,3,14,40,0.32786885245901637
2360,2,19,59,0.48360655737704916
2360,1,40,99,0.8114754098360656
2360,0,23,122,1.0
2361,20,1,1,0.011363636363636364
2361,19,2,3,0.03409090909090909
2361,18,1,4,0.045454545454545456
2361,17,2,6,0.06818181818181818
2361,11,1,7,0.07954545454545454
2361,10,2,9,0.10227272727272728
2361,9,2,11,0.125
2361,8,2,13,0.14772727272727273
2361,7,2,15,0.17045454545454544
2361,4,6,21,0.23863636363636365
2361,3,5,26,0.29545454545454547
2361,2,10,36,0.4090909090909091
2361,1,32,68,0.7727272727272727
2361,0,20,88,1.0
2365,66,1,1,0.1111111111111111
2365,36,1,2,0.2222222222222222
2365,34,1,3,0.3333333333333333
2365,27,1,4,0.4444444444444444
2365,15,1,5,0.5555555555555556
2365,13,1,6,0.6666666666666666
2365,12,1,7,0.7777777777777778
2365,3,1,8,0.8888888888888888
2365,0,1,9,1.0
2369,97,1,1,0.005
2369,95,1,2,0.01
2369,66,1,3,0.015
2369,58,1,4,0.02
2369,53,1,5,0.025
2369,52,2,7,0.035
2369,50,1,8,0.04
2369,45,1,9,0.045
2369,42,1,10,0.05
2369,40,3,13,0.065
2369,37,2,15,0.075
2369,36,1,16,0.08
2369,33,2,18,0.09
2369,32,1,19,0.095
2369,31,1,20,0.1
2369,27,1,21,0.105
2369,25,1,22,0.11
2369,24,1,23,0.115
2369,23,1,24,0.12
2369,22,1,25,0.125
2369,21,1,26,0.13
2369,20,3,29,0.145
2369,19,3,32,0.16
2369,18,2,34,0.17
2369,16,3,37,0.185
2369,15,2,39,0.195
2369,13,1,40,0.2
2369,12,7,47,0.235
2369,11,1,48,0.24
2369,10,5,53,0.265
2369,9,4,57,0.285
2369,8,8,65,0.325
2369,7,8,73,0.365
2369,6,6,79,0.395
2369,5,18,97,0.485
2369,4,13,110,0.55
2369,3,17,127,0.635
2369,2,52,179,0.895
2369,1,13,192,0.96
2369,0,8,200,1.0
2370,92,1,1,0.004672897196261682
2370,81,1,2,0.009345794392523364
2370,61,1,3,0.014018691588785047
2370,60,1,4,0.018691588785046728
2370,59,1,5,0.02336448598130841
2370,53,2,7,0.03271028037383177
2370,52,2,9,0.04205607476635514
2370,47,2,11,0.0514018691588785
2370,46,1,12,0.056074766355140186
2370,38,2,14,0.06542056074766354
2370,36,1,15,0.07009345794392523
2370,34,3,18,0.08411214953271028
2370,32,1,19,0.08878504672897196
2370,31,1,20,0.09345794392523364
2370,28,2,22,0.102803738317757
2370,26,4,26,0.12149532710280374
2370,25,1,27,0.1261682242990654
2370,23,3,30,0.14018691588785046
2370,22,3,33,0.1542056074766355
2370,21,2,35,0.16355140186915887
2370,20,4,39,0.1822429906542056
2370,19,9,48,0.22429906542056074
2370,18,1,49,0.22897196261682243
2370,17,3,52,0.24299065420560748
2370,16,6,58,0.27102803738317754
2370,15,1,59,0.2757009345794392
2370,14,1,60,0.2803738317757009
2370,13,3,63,0.29439252336448596
2370,12,1,64,0.29906542056074764
2370,11,3,67,0.3130841121495327
2370,10,4,71,0.3317757009345794
2370,9,1,72,0.3364485981308411
2370,8,5,77,0.3598130841121495
2370,7,2,79,0.3691588785046729
2370,6,5,84,0.3925233644859813
2370,5,16,100,0.4672897196261682
2370,4,19,119,0.5560747663551402
2370,3,23,142,0.6635514018691588
2370,2,43,185,0.8644859813084113
2370,1,6,191,0.8925233644859814
2370,0,23,214,1.0
2371,96,1,1,0.012345679012345678
2371,48,1,2,0.024691358024691357
2371,38,2,4,0.04938271604938271
2371,35,1,5,0.06172839506172839
2371,30,1,6,0.07407407407407407
2371,26,1,7,0.08641975308641975
2371,25,1,8,0.09876543209876543
2371,23,1,9,0.1111111111111111
2371,21,2,11,0.13580246913580246
2371,18,1,12,0.14814814814814814
2371,17,3,15,0.18518518518518517
2371,16,3,18,0.2222222222222222
2371,15,1,19,0.2345679012345679
2371,13,3,22,0.2716049382716049
2371,12,2,24,0.2962962962962963
2371,11,1,25,0.30864197530864196
2371,10,1,26,0.32098765432098764
2371,8,2,28,0.345679012345679
2371,7,1,29,0.35802469135802467
2371,6,6,35,0.43209876543209874
2371,5,7,42,0.5185185185185185
2371,4,3,45,0.5555555555555556
2371,3,9,54,0.6666666666666666
2371,2,14,68,0.8395061728395061
2371,1,7,75,0.9259259259259259
2371,0,6,81,1.0
2373,19,2,2,0.019417475728155338
2373,15,1,3,0.02912621359223301
2373,12,1,4,0.038834951456310676
2373,11,1,5,0.04854368932038835
2373,9,2,7,0.06796116504854369
2373,8,3,10,0.0970873786407767
2373,7,1,11,0.10679611650485436
2373,6,1,12,0.11650485436893204
2373,5,5,17,0.1650485436893204
2373,4,5,22,0.21359223300970873
2373,3,10,32,0.3106796116504854
2373,2,17,49,0.47572815533980584
2373,1,36,85,0.8252427184466019
2373,0,18,103,1.0
2374,33,1,1,0.013157894736842105
2374,23,1,2,0.02631578947368421
2374,22,2,4,0.05263157894736842
2374,21,1,5,0.06578947368421052
2374,13,1,6,0.07894736842105263
2374,12,1,7,0.09210526315789473
2374,10,1,8,0.10526315789473684
2374,9,1,9,0.11842105263157894
2374,6,1,10,0.13157894736842105
2374,5,1,11,0.14473684210526316
2374,4,2,13,0.17105263157894737
2374,3,4,17,0.2236842105263158
2374,2,10,27,0.35526315789473684
2374,1,29,56,0.7368421052631579
2374,0,20,76,1.0
2375,47,1,1,0.012195121951219513
2375,45,1,2,0.024390243902439025
2375,29,1,3,0.036585365853658534
2375,17,2,5,0.06097560975609756
2375,14,1,6,0.07317073170731707
2375,13,1,7,0.08536585365853659
2375,9,1,8,0.0975609756097561
2375,6,1,9,0.10975609756097561
2375,5,2,11,0.13414634146341464
2375,4,3,14,0.17073170731707318
2375,3,7,21,0.25609756097560976
2375,2,12,33,0.4024390243902439
2375,1,31,64,0.7804878048780488
2375,0,18,82,1.0
2376,43,1,1,0.013513513513513514
2376,31,1,2,0.02702702702702703
2376,18,3,5,0.06756756756756757
2376,13,2,7,0.0945945945945946
2376,6,1,8,0.10810810810810811
2376,4,2,10,0.13513513513513514
2376,3,2,12,0.16216216216216217
2376,2,18,30,0.40540540540540543
2376,1,27,57,0.7702702702702703
2376,0,17,74,1.0
2388,109,1,1,0.002976190476190476
2388,108,1,2,0.005952380952380952
2388,86,2,4,0.011904761904761904
2388,84,1,5,0.01488095238095238
2388,82,1,6,0.017857142857142856
2388,81,2,8,0.023809523809523808
2388,77,2,10,0.02976190476190476
2388,69,1,11,0.03273809523809524
2388,68,2,13,0.03869047619047619
2388,62,1,14,0.041666666666666664
2388,61,3,17,0.050595238095238096
2388,59,1,18,0.05357142857142857
2388,58,1,19,0.05654761904761905
2388,54,1,20,0.05952380952380952
2388,49,1,21,0.0625
2388,48,1,22,0.06547619047619048
2388,47,1,23,0.06845238095238096
2388,46,1,24,0.07142857142857142
2388,45,1,25,0.0744047619047619
2388,44,1,26,0.07738095238095238
2388,43,4,30,0.08928571428571429
2388,42,2,32,0.09523809523809523
2388,41,3,35,0.10416666666666667
2388,40,1,36,0.10714285714285714
2388,38,1,37,0.11011904761904762
2388,37,1,38,0.1130952380952381
2388,35,3,41,0.12202380952380952
2388,34,4,45,0.13392857142857142
2388,33,3,48,0.14285714285714285
2388,32,2,50,0.1488095238095238
2388,31,6,56,0.16666666666666666
2388,30,2,58,0.17261904761904762
2388,29,2,60,0.17857142857142858
2388,28,3,63,0.1875
2388,26,3,66,0.19642857142857142
2388,25,2,68,0.20238095238095238
2388,24,3,71,0.2113095238095238
2388,23,4,75,0.22321428571428573
2388,22,3,78,0.23214285714285715
2388,21,1,79,0.23511904761904762
2388,20,6,85,0.25297619047619047
2388,19,2,87,0.25892857142857145
2388,18,3,90,0.26785714285714285
2388,17,4,94,0.27976190476190477
2388,16,1,95,0.28273809523809523
2388,15,9,104,0.30952380952380953
2388,14,6,110,0.3273809523809524
2388,13,8,118,0.35119047619047616
2388,12,3,121,0.3601190476190476
2388,11,8,129,0.38392857142857145
2388,10,12,141,0.41964285714285715
2388,9,15,156,0.4642857142857143
2388,8,10,166,0.49404761904761907
2388,7,13,179,0.5327380952380952
2388,6,7,186,0.5535714285714286
2388,5,21,207,0.6160714285714286
2388,4,22,229,0.6815476190476191
2388,3,39,268,0.7976190476190477
2388,2,41,309,0.9196428571428571
2388,1,17,326,0.9702380952380952
2388,0,10,336,1.0
2389,103,1,1,0.002967359050445104
2389,92,1,2,0.005934718100890208
2389,83,1,3,0.008902077151335312
2389,69,2,5,0.01483679525222552
2389,47,1,6,0.017804154302670624
2389,46,2,8,0.02373887240356083
2389,45,1,9,0.026706231454005934
2389,42,1,10,0.02967359050445104
2389,41,4,14,0.04154302670623145
2389,40,1,15,0.04451038575667656
2389,39,1,16,0.04747774480712166
2389,38,3,19,0.05637982195845697
2389,37,2,21,0.06231454005934718
2389,35,3,24,0.0712166172106825
2389,34,1,25,0.07418397626112759
2389,33,4,29,0.08605341246290801
2389,32,4,33,0.09792284866468842
2389,31,3,36,0.10682492581602374
2389,30,5,41,0.12166172106824925
2389,28,1,42,0.12462908011869436
2389,26,2,44,0.13056379821958458
2389,25,5,49,0.14540059347181009
2389,22,1,50,0.14836795252225518
2389,20,6,56,0.1661721068249258
2389,19,2,58,0.17210682492581603
2389,18,3,61,0.18100890207715134
2389,17,4,65,0.19287833827893175
2389,16,2,67,0.19881305637982197
2389,15,5,72,0.21364985163204747
2389,14,4,76,0.22551928783382788
2389,13,3,79,0.2344213649851632
2389,12,10,89,0.26409495548961426
2389,11,6,95,0.2818991097922849
2389,10,12,107,0.31750741839762614
2389,9,9,116,0.34421364985163205
2389,8,9,125,0.37091988130563797
2389,7,6,131,0.3887240356083086
2389,6,13,144,0.42729970326409494
2389,5,18,162,0.4807121661721068
2389,4,29,191,0.5667655786350149
2389,3,36,227,0.6735905044510386
2389,2,73,300,0.8902077151335311
2389,1,14,314,0.9317507418397626
2389,0,23,337,1.0
2390,94,2,2,0.007547169811320755
2390,88,1,3,0.011320754716981131
2390,86,1,4,0.01509433962264151
2390,85,1,5,0.018867924528301886
2390,79,1,6,0.022641509433962263
2390,77,2,8,0.03018867924528302
2390,76,1,9,0.033962264150943396
2390,75,2,11,0.04150943396226415
2390,68,1,12,0.045283018867924525
2390,60,1,13,0.04905660377358491
2390,59,1,14,0.052830188679245285
2390,52,2,16,0.06037735849056604
2390,50,1,17,0.06415094339622641
2390,49,4,21,0.07924528301886792
2390,48,1,22,0.0830188679245283
2390,46,3,25,0.09433962264150944
2390,45,2,27,0.1018867924528302
2390,44,1,28,0.10566037735849057
2390,43,3,31,0.1169811320754717
2390,42,1,32,0.12075471698113208
2390,39,1,33,0.12452830188679245
2390,38,1,34,0.12830188679245283
2390,35,1,35,0.1320754716981132
2390,34,2,37,0.13962264150943396
2390,32,1,38,0.14339622641509434
2390,31,3,41,0.15471698113207547
2390,30,2,43,0.16226415094339622
2390,29,2,45,0.16981132075471697
2390,28,2,47,0.17735849056603772
2390,27,1,48,0.1811320754716981
2390,26,3,51,0.19245283018867926
2390,25,2,53,0.2
2390,24,5,58,0.2188679245283019
2390,23,2,60,0.22641509433962265
2390,22,2,62,0.2339622641509434
2390,21,3,65,0.24528301886792453
2390,20,2,67,0.2528301886792453
2390,19,1,68,0.25660377358490566
2390,18,5,73,0.27547169811320754
2390,17,1,74,0.2792452830188679
2390,16,3,77,0.29056603773584905
2390,15,2,79,0.2981132075471698
2390,14,2,81,0.30566037735849055
2390,13,6,87,0.3283018867924528
2390,12,5,92,0.3471698113207547
2390,11,15,107,0.4037735849056604
2390,10,8,115,0.4339622641509434
2390,9,13,128,0.4830188679245283
2390,8,7,135,0.5094339622641509
2390,7,9,144,0.5433962264150943
2390,6,9,153,0.5773584905660377
2390,5,20,173,0.6528301886792452
2390,4,13,186,0.7018867924528301
2390,3,22,208,0.7849056603773585
2390,2,25,233,0.879245283018868
2390,1,22,255,0.9622641509433962
2390,0,10,265,1.0
2394,81,1,1,0.005263157894736842
2394,78,2,3,0.015789473684210527
2394,60,3,6,0.031578947368421054
2394,59,1,7,0.03684210526315789
2394,52,1,8,0.042105263157894736
2394,51,1,9,0.04736842105263158
2394,44,2,11,0.05789473684210526
2394,41,1,12,0.06315789473684211
2394,38,1,13,0.06842105263157895
2394,37,2,15,0.07894736842105263
2394,30,1,16,0.08421052631578947
2394,28,1,17,0.08947368421052632
2394,27,1,18,0.09473684210526316
2394,26,3,21,0.11052631578947368
2394,25,1,22,0.11578947368421053
2394,24,2,24,0.12631578947368421
2394,23,4,28,0.14736842105263157
2394,22,3,31,0.1631578947368421
2394,21,4,35,0.18421052631578946
2394,20,2,37,0.19473684210526315
2394,19,2,39,0.20526315789473684
2394,18,3,42,0.22105263157894736
2394,17,5,47,0.24736842105263157
2394,16,4,51,0.26842105263157895
2394,14,6,57,0.3
2394,13,2,59,0.3105263157894737
2394,12,2,61,0.32105263157894737
2394,11,2,63,0.33157894736842103
2394,10,2,65,0.34210526315789475
2394,9,6,71,0.3736842105263158
2394,8,1,72,0.37894736842105264
2394,7,4,76,0.4
2394,6,3,79,0.41578947368421054
2394,5,8,87,0.45789473684210524
2394,4,18,105,0.5526315789473685
2394,3,23,128,0.6736842105263158
2394,2,45,173,0.9105263157894737
2394,1,5,178,0.9368421052631579
2394,0,12,190,1.0
2395,114,1,1,0.003278688524590164
2395,95,1,2,0.006557377049180328
2395,91,1,3,0.009836065573770493
2395,87,1,4,0.013114754098360656
2395,74,1,5,0.01639344262295082
2395,67,1,6,0.019672131147540985
2395,60,1,7,0.022950819672131147
2395,51,1,8,0.02622950819672131
2395,49,1,9,0.029508196721311476
2395,47,3,12,0.03934426229508197
2395,46,1,13,0.04262295081967213
2395,45,2,15,0.04918032786885246
2395,41,1,16,0.05245901639344262
2395,38,1,17,0.05573770491803279
2395,37,2,19,0.06229508196721312
2395,35,1,20,0.06557377049180328
2395,33,3,23,0.07540983606557378
2395,32,3,26,0.08524590163934426
2395,29,1,27,0.08852459016393442
2395,28,1,28,0.09180327868852459
2395,27,2,30,0.09836065573770492
2395,25,6,36,0.1180327868852459
2395,24,3,39,0.12786885245901639
2395,23,1,40,0.13114754098360656
2395,22,1,41,0.13442622950819672
2395,21,6,47,0.1540983606557377
2395,20,5,52,0.17049180327868851
2395,19,6,58,0.1901639344262295
2395,18,1,59,0.19344262295081968
2395,17,6,65,0.21311475409836064
2395,16,4,69,0.2262295081967213
2395,15,3,72,0.2360655737704918
2395,14,10,82,0.26885245901639343
2395,13,1,83,0.2721311475409836
2395,12,8,91,0.2983606557377049
2395,11,13,104,0.34098360655737703
2395,10,12,116,0.380327868852459
2395,9,14,130,0.4262295081967213
2395,8,10,140,0.45901639344262296
2395,7,14,154,0.5049180327868853
2395,6,17,171,0.5606557377049181
2395,5,39,210,0.6885245901639344
2395,4,60,270,0.8852459016393442
2395,3,9,279,0.9147540983606557
2395,2,9,288,0.9442622950819672
2395,1,11,299,0.980327868852459
2395,0,6,305,1.0
2400,13,1,1,0.020833333333333332
2400,10,1,2,0.041666666666666664
2400,9,1,3,0.0625
2400,6,1,4,0.08333333333333333
2400,3,1,5,0.10416666666666667
2400,2,9,14,0.2916666666666667
2400,1,23,37,0.7708333333333334
2400,0,11,48,1.0
2402,9,2,2,0.0392156862745098
2402,7,1,3,0.058823529411764705
2402,6,2,5,0.09803921568627451
2402,5,1,6,0.11764705882352941
2402,4,4,10,0.19607843137254902
2402,3,1,11,0.21568627450980393
2402,2,4,15,0.29411764705882354
2402,1,21,36,0.7058823529411765
2402,0,15,51,1.0
2403,59,1,1,0.010309278350515464
2403,49,1,2,0.020618556701030927
2403,21,1,3,0.030927835051546393
2403,19,1,4,0.041237113402061855
2403,18,2,6,0.061855670103092786
2403,16,1,7,0.07216494845360824
2403,11,1,8,0.08247422680412371
2403,9,1,9,0.09278350515463918
2403,8,1,10,0.10309278350515463
2403,7,3,13,0.13402061855670103
2403,6,1,14,0.14432989690721648
2403,5,2,16,0.16494845360824742
2403,4,7,23,0.23711340206185566
2403,3,12,35,0.36082474226804123
2403,2,13,48,0.4948453608247423
2403,1,33,81,0.8350515463917526
2403,0,16,97,1.0
2404,128,1,1,0.0055248618784530384
2404,91,1,2,0.011049723756906077
2404,77,1,3,0.016574585635359115
2404,69,1,4,0.022099447513812154
2404,67,1,5,0.027624309392265192
2404,60,2,7,0.03867403314917127
2404,50,1,8,0.04419889502762431
2404,48,1,9,0.049723756906077346
2404,47,2,11,0.06077348066298342
2404,46,1,12,0.06629834254143646
2404,45,1,13,0.0718232044198895
2404,44,1,14,0.07734806629834254
2404,43,3,17,0.09392265193370165
2404,42,1,18,0.09944751381215469
2404,41,2,20,0.11049723756906077
2404,39,1,21,0.11602209944751381
2404,32,2,23,0.1270718232044199
2404,31,2,25,0.13812154696132597
2404,30,1,26,0.143646408839779
2404,29,1,27,0.14917127071823205
2404,26,3,30,0.16574585635359115
2404,25,1,31,0.1712707182320442
2404,23,2,33,0.18232044198895028
2404,22,2,35,0.19337016574585636
2404,21,2,37,0.20441988950276244
2404,20,4,41,0.2265193370165746
2404,19,1,42,0.23204419889502761
2404,18,2,44,0.2430939226519337
2404,17,3,47,0.2596685082872928
2404,16,1,48,0.26519337016574585
2404,15,1,49,0.27071823204419887
2404,14,5,54,0.2983425414364641
2404,13,4,58,0.32044198895027626
2404,12,5,63,0.34806629834254144
2404,11,1,64,0.35359116022099446
2404,10,7,71,0.39226519337016574
2404,9,5,76,0.4198895027624309
2404,8,6,82,0.4530386740331492
2404,7,5,87,0.48066298342541436
2404,6,8,95,0.5248618784530387
2404,5,7,102,0.56353591160221
2404,4,10,112,0.6187845303867403
2404,3,20,132,0.7292817679558011
2404,2,32,164,0.9060773480662984
2404,1,7,171,0.9447513812154696
2404,0,10,181,1.0
2405,114,1,1,0.0025
2405,107,1,2,0.005
2405,100,1,3,0.0075
2405,95,1,4,0.01
2405,74,2,6,0.015
2405,68,1,7,0.0175
2405,63,1,8,0.02
2405,61,1,9,0.0225
2405,59,1,10,0.025
2405,56,1,11,0.0275
2405,52,2,13,0.0325
2405,51,5,18,0.045
2405,50,1,19,0.0475
2405,48,1,20,0.05
2405,47,2,22,0.055
2405,46,1,23,0.0575
2405,45,2,25,0.0625
2405,42,3,28,0.07
2405,41,2,30,0.075
2405,40,2,32,0.08
2405,39,2,34,0.085
2405,35,5,39,0.0975
2405,34,2,41,0.1025
2405,33,4,45,0.1125
2405,32,4,49,0.1225
2405,31,1,50,0.125
2405,30,2,52,0.13
2405,28,4,56,0.14
2405,27,4,60,0.15
2405,26,12,72,0.18
2405,25,5,77,0.1925
2405,23,2,79,0.1975
2405,22,1,80,0.2
2405,21,7,87,0.2175
2405,20,4,91,0.2275
2405,19,8,99,0.2475
2405,18,10,109,0.2725
2405,17,12,121,0.3025
2405,16,4,125,0.3125
2405,15,5,130,0.325
2405,14,3,133,0.3325
2405,13,9,142,0.355
2405,12,11,153,0.3825
2405,11,6,159,0.3975
2405,10,16,175,0.4375
2405,9,11,186,0.465
2405,8,8,194,0.485
2405,7,6,200,0.5
2405,6,22,222,0.555
2405,5,31,253,0.6325
2405,4,33,286,0.715
2405,3,36,322,0.805
2405,2,53,375,0.9375
2405,1,13,388,0.97
2405,0,12,400,1.0
2414,62,1,1,0.003215434083601286
2414,60,1,2,0.006430868167202572
2414,58,1,3,0.00964630225080386
2414,56,1,4,0.012861736334405145
2414,54,1,5,0.01607717041800643
2414,53,1,6,0.01929260450160772
2414,46,3,9,0.028938906752411574
2414,44,2,11,0.03536977491961415
2414,43,3,14,0.04501607717041801
2414,42,1,15,0.04823151125401929
2414,41,1,16,0.05144694533762058
2414,39,2,18,0.05787781350482315
2414,38,3,21,0.06752411575562701
2414,37,1,22,0.0707395498392283
2414,36,4,26,0.08360128617363344
2414,35,3,29,0.0932475884244373
2414,34,4,33,0.10610932475884244
2414,33,3,36,0.1157556270096463
2414,32,2,38,0.12218649517684887
2414,31,4,42,0.13504823151125403
2414,30,2,44,0.1414790996784566
2414,29,3,47,0.15112540192926044
2414,28,3,50,0.1607717041800643
2414,27,2,52,0.16720257234726688
2414,26,2,54,0.17363344051446947
2414,25,3,57,0.1832797427652733
2414,24,3,60,0.19292604501607716
2414,23,5,65,0.2090032154340836
2414,22,2,67,0.21543408360128619
2414,21,4,71,0.2282958199356913
2414,20,7,78,0.2508038585209003
2414,19,1,79,0.2540192926045016
2414,18,7,86,0.2765273311897106
2414,17,5,91,0.29260450160771706
2414,16,3,94,0.3022508038585209
2414,15,5,99,0.3183279742765273
2414,14,6,105,0.33762057877813506
2414,13,7,112,0.36012861736334406
2414,12,7,119,0.38263665594855306
2414,11,3,122,0.39228295819935693
2414,10,2,124,0.3987138263665595
2414,9,13,137,0.4405144694533762
2414,8,3,140,0.45016077170418006
2414,7,6,146,0.4694533762057878
2414,6,27,173,0.5562700964630225
2414,5,22,195,0.6270096463022508
2414,4,27,222,0.7138263665594855
2414,3,48,270,0.8681672025723473
2414,2,10,280,0.9003215434083601
2414,1,25,305,0.9807073954983923
2414,0,6,311,1.0
2418,82,2,2,0.009259259259259259
2418,63,1,3,0.013888888888888888
2418,57,1,4,0.018518518518518517
2418,55,1,5,0.023148148148148147
2418,54,1,6,0.027777777777777776
2418,40,1,7,0.032407407407407406
2418,39,3,10,0.046296296296296294
2418,37,1,11,0.05092592592592592
2418,35,2,13,0.06018518518518518
2418,34,1,14,0.06481481481481481
2418,33,2,16,0.07407407407407407
2418,29,1,17,0.0787037037037037
2418,28,1,18,0.08333333333333333
2418,27,1,19,0.08796296296296297
2418,26,1,20,0.09259259259259259
2418,25,1,21,0.09722222222222222
2418,24,3,24,0.1111111111111111
2418,23,1,25,0.11574074074074074
2418,22,1,26,0.12037037037037036
2418,20,3,29,0.13425925925925927
2418,19,1,30,0.1388888888888889
2418,18,3,33,0.1527777777777778
2418,17,2,35,0.16203703703703703
2418,16,4,39,0.18055555555555555
2418,15,2,41,0.18981481481481483
2418,14,1,42,0.19444444444444445
2418,13,2,44,0.2037037037037037
2418,12,2,46,0.21296296296296297
2418,11,1,47,0.2175925925925926
2418,10,8,55,0.25462962962962965
2418,9,8,63,0.2916666666666667
2418,8,6,69,0.3194444444444444
2418,7,8,77,0.35648148148148145
2418,6,7,84,0.3888888888888889
2418,5,17,101,0.4675925925925926
2418,4,20,121,0.5601851851851852
2418,3,22,143,0.6620370370370371
2418,2,31,174,0.8055555555555556
2418,1,12,186,0.8611111111111112
2418,0,30,216,1.0
2421,69,2,2,0.0111731843575419
2421,55,2,4,0.0223463687150838
2421,54,1,5,0.027932960893854747
2421,53,1,6,0.0335195530726257
2421,51,1,7,0.03910614525139665
2421,49,1,8,0.0446927374301676
2421,44,1,9,0.05027932960893855
2421,41,2,11,0.061452513966480445
2421,40,2,13,0.07262569832402235
2421,39,1,14,0.0782122905027933
2421,35,1,15,0.08379888268156424
2421,33,1,16,0.0893854748603352
2421,32,2,18,0.1005586592178771
2421,29,3,21,0.11731843575418995
2421,27,1,22,0.12290502793296089
2421,26,4,26,0.1452513966480447
2421,25,3,29,0.16201117318435754
2421,24,1,30,0.16759776536312848
2421,22,1,31,0.17318435754189945
2421,21,2,33,0.18435754189944134
2421,19,4,37,0.20670391061452514
2421,18,1,38,0.2122905027932961
2421,17,2,40,0.22346368715083798
2421,15,3,43,0.24022346368715083
2421,14,3,46,0.2569832402234637
2421,13,2,48,0.2681564245810056
2421,12,6,54,0.3016759776536313
2421,11,5,59,0.329608938547486
2421,10,4,63,0.35195530726256985
2421,9,4,67,0.3743016759776536
2421,8,1,68,0.37988826815642457
2421,7,4,72,0.4022346368715084
2421,6,7,79,0.441340782122905
2421,5,15,94,0.5251396648044693
2421,4,12,106,0.5921787709497207
2421,3,19,125,0.6983240223463687
2421,2,33,158,0.88268156424581
2421,1,14,172,0.9608938547486033
2421,0,7,179,1.0
2441,25,1,1,0.012345679012345678
2441,24,1,2,0.024691358024691357
2441,17,1,3,0.037037037037037035
2441,13,2,5,0.06172839506172839
2441,7,2,7,0.08641975308641975
2441,6,1,8,0.09876543209876543
2441,5,1,9,0.1111111111111111
2441,4,3,12,0.14814814814814814
2441,3,9,21,0.25925925925925924
2441,2,19,40,0.49382716049382713
2441,1,26,66,0.8148148148148148
2441,0,15,81,1.0
2442,39,1,1,0.01818181818181818
2442,37,1,2,0.03636363636363636
2442,35,1,3,0.05454545454545454
2442,29,1,4,0.07272727272727272
2442,19,1,5,0.09090909090909091
2442,18,1,6,0.10909090909090909
2442,17,2,8,0.14545454545454545
2442,7,1,9,0.16363636363636364
2442,6,2,11,0.2
2442,4,1,12,0.21818181818181817
2442,3,2,14,0.2545454545454545
2442,2,7,21,0.38181818181818183
2442,1,5,26,0.4727272727272727
2442,0,29,55,1.0
2443,50,1,1,0.007142857142857143
2443,49,1,2,0.014285714285714285
2443,41,1,3,0.02142857142857143
2443,39,1,4,0.02857142857142857
2443,36,1,5,0.03571428571428571
2443,33,1,6,0.04285714285714286
2443,29,1,7,0.05
2443,21,1,8,0.05714285714285714
2443,20,1,9,0.06428571428571428
2443,18,1,10,0.07142857142857142
2443,17,1,11,0.07857142857142857
2443,14,1,12,0.08571428571428572
2443,13,1,13,0.09285714285714286
2443,12,1,14,0.1
2443,10,3,17,0.12142857142857143
2443,9,1,18,0.12857142857142856
2443,8,1,19,0.1357142857142857
2443,7,1,20,0.14285714285714285
2443,5,6,26,0.18571428571428572
2443,4,2,28,0.2
2443,3,3,31,0.22142857142857142
2443,2,10,41,0.29285714285714287
2443,1,23,64,0.45714285714285713
2443,0,76,140,1.0
2451,38,1,1,0.011764705882352941
2451,27,1,2,0.023529411764705882
2451,15,1,3,0.03529411764705882
2451,12,2,5,0.058823529411764705
2451,10,1,6,0.07058823529411765
2451,8,2,8,0.09411764705882353
2451,6,3,11,0.12941176470588237
2451,3,9,20,0.23529411764705882
2451,2,16,36,0.4235294117647059
2451,1,28,64,0.7529411764705882
2451,0,21,85,1.0
2452,52,1,1,0.015625
2452,20,1,2,0.03125
2452,11,1,3,0.046875
2452,10,1,4,0.0625
2452,9,1,5,0.078125
2452,4,1,6,0.09375
2452,3,7,13,0.203125
2452,2,9,22,0.34375
2452,1,28,50,0.78125
2452,0,14,64,1.0
2453,25,1,1,0.012345679012345678
2453,13,1,2,0.024691358024691357
2453,12,1,3,0.037037037037037035
2453,10,1,4,0.04938271604938271
2453,8,1,5,0.06172839506172839
2453,7,3,8,0.09876543209876543
2453,5,1,9,0.1111111111111111
2453,4,7,16,0.19753086419753085
2453,3,5,21,0.25925925925925924
2453,2,12,33,0.4074074074074074
2453,1,32,65,0.8024691358024691
2453,0,16,81,1.0
2458,130,1,1,0.002849002849002849
2458,124,1,2,0.005698005698005698
2458,111,1,3,0.008547008547008548
2458,95,1,4,0.011396011396011397
2458,79,1,5,0.014245014245014245
2458,77,1,6,0.017094017094017096
2458,73,1,7,0.019943019943019943
2458,67,1,8,0.022792022792022793
2458,63,2,10,0.02849002849002849
2458,58,1,11,0.03133903133903134
2458,57,1,12,0.03418803418803419
2458,55,1,13,0.037037037037037035
2458,53,1,14,0.039886039886039885
2458,50,1,15,0.042735042735042736
2458,49,1,16,0.045584045584045586
2458,48,4,20,0.05698005698005698
2458,46,3,23,0.06552706552706553
2458,43,2,25,0.07122507122507123
2458,40,1,26,0.07407407407407407
2458,39,1,27,0.07692307692307693
2458,38,5,32,0.09116809116809117
2458,35,2,34,0.09686609686609686
2458,34,1,35,0.09971509971509972
2458,32,2,37,0.10541310541310542
2458,31,2,39,0.1111111111111111
2458,29,4,43,0.1225071225071225
2458,28,1,44,0.12535612535612536
2458,27,2,46,0.13105413105413105
2458,26,2,48,0.13675213675213677
2458,25,2,50,0.14245014245014245
2458,24,2,52,0.14814814814814814
2458,23,5,57,0.1623931623931624
2458,22,2,59,0.16809116809116809
2458,21,1,60,0.17094017094017094
2458,20,4,64,0.18233618233618235
2458,19,2,66,0.18803418803418803
2458,18,5,71,0.2022792022792023
2458,17,1,72,0.20512820512820512
2458,16,3,75,0.21367521367521367
2458,15,5,80,0.22792022792022792
2458,14,2,82,0.2336182336182336
2458,13,3,85,0.24216524216524216
2458,12,6,91,0.25925925925925924
2458,11,3,94,0.2678062678062678
2458,10,10,104,0.2962962962962963
2458,9,6,110,0.31339031339031337
2458,8,25,135,0.38461538461538464
2458,7,10,145,0.4131054131054131
2458,6,22,167,0.4757834757834758
2458,5,22,189,0.5384615384615384
2458,4,22,211,0.6011396011396012
2458,3,34,245,0.698005698005698
2458,2,62,307,0.8746438746438746
2458,1,24,331,0.9430199430199431
2458,0,20,351,1.0
2459,141,1,1,0.002105263157894737
2459,106,1,2,0.004210526315789474
2459,95,1,3,0.00631578947368421
2459,94,1,4,0.008421052631578947
2459,88,1,5,0.010526315789473684
2459,86,1,6,0.01263157894736842
2459,82,1,7,0.014736842105263158
2459,80,2,9,0.018947368421052633
2459,75,1,10,0.021052631578947368
2459,71,3,13,0.02736842105263158
2459,70,1,14,0.029473684210526315
2459,68,1,15,0.031578947368421054
2459,67,1,16,0.03368421052631579
2459,66,1,17,0.035789473684210524
2459,60,1,18,0.037894736842105266
2459,59,1,19,0.04
2459,55,1,20,0.042105263157894736
2459,52,2,22,0.04631578947368421
2459,51,1,23,0.04842105263157895
2459,50,1,24,0.05052631578947368
2459,48,4,28,0.05894736842105263
2459,47,1,29,0.061052631578947365
2459,46,1,30,0.06315789473684211
2459,45,3,33,0.06947368421052631
2459,43,2,35,0.07368421052631578
2459,42,2,37,0.07789473684210527
2459,41,2,39,0.08210526315789474
2459,40,1,40,0.08421052631578947
2459,37,3,43,0.09052631578947369
2459,36,1,44,0.09263157894736843
2459,35,2,46,0.0968421052631579
2459,34,2,48,0.10105263157894737
2459,33,5,53,0.11157894736842106
2459,32,3,56,0.11789473684210526
2459,31,5,61,0.12842105263157894
2459,30,3,64,0.13473684210526315
2459,29,4,68,0.1431578947368421
2459,28,1,69,0.14526315789473684
2459,27,3,72,0.15157894736842106
2459,26,5,77,0.16210526315789472
2459,25,4,81,0.1705263157894737
2459,24,5,86,0.18105263157894738
2459,23,3,89,0.18736842105263157
2459,22,7,96,0.20210526315789473
2459,21,3,99,0.20842105263157895
2459,20,4,103,0.2168421052631579
2459,19,8,111,0.2336842105263158
2459,18,4,115,0.24210526315789474
2459,17,4,119,0.2505263157894737
2459,16,5,124,0.26105263157894737
2459,15,7,131,0.27578947368421053
2459,14,2,133,0.28
2459,13,6,139,0.2926315789473684
2459,12,18,157,0.33052631578947367
2459,11,14,171,0.36
2459,10,9,180,0.37894736842105264
2459,9,21,201,0.4231578947368421
2459,8,9,210,0.4421052631578947
2459,7,21,231,0.4863157894736842
2459,6,20,251,0.5284210526315789
2459,5,50,301,0.6336842105263157
2459,4,71,372,0.783157894736842
2459,3,26,398,0.8378947368421052
2459,2,48,446,0.9389473684210526
2459,1,14,460,0.968421052631579
2459,0,15,475,1.0
2464,124,1,1,0.008547008547008548
2464,122,1,2,0.017094017094017096
2464,112,2,4,0.03418803418803419
2464,91,1,5,0.042735042735042736
2464,81,1,6,0.05128205128205128
2464,80,1,7,0.05982905982905983
2464,73,2,9,0.07692307692307693
2464,72,1,10,0.08547008547008547
2464,71,1,11,0.09401709401709402
2464,66,1,12,0.10256410256410256
2464,49,1,13,0.1111111111111111
2464,46,1,14,0.11965811965811966
2464,44,1,15,0.1282051282051282
2464,40,1,16,0.13675213675213677
2464,39,1,17,0.1452991452991453
2464,37,1,18,0.15384615384615385
2464,34,1,19,0.1623931623931624
2464,31,1,20,0.17094017094017094
2464,29,1,21,0.1794871794871795
2464,28,2,23,0.19658119658119658
2464,26,1,24,0.20512820512820512
2464,25,3,27,0.23076923076923078
2464,24,1,28,0.23931623931623933
2464,22,1,29,0.24786324786324787
2464,21,1,30,0.2564102564102564
2464,20,3,33,0.28205128205128205
2464,19,1,34,0.2905982905982906
2464,18,3,37,0.3162393162393162
2464,16,1,38,0.3247863247863248
2464,15,4,42,0.358974358974359
2464,14,10,52,0.4444444444444444
2464,12,2,54,0.46153846153846156
2464,11,2,56,0.47863247863247865
2464,10,1,57,0.48717948717948717
2464,9,4,61,0.5213675213675214
2464,8,4,65,0.5555555555555556
2464,7,4,69,0.5897435897435898
2464,6,1,70,0.5982905982905983
2464,5,8,78,0.6666666666666666
2464,4,7,85,0.7264957264957265
2464,3,7,92,0.7863247863247863
2464,2,12,104,0.8888888888888888
2464,1,4,108,0.9230769230769231
2464,0,9,117,1.0
2465,106,1,1,0.0027548209366391185
2465,102,1,2,0.005509641873278237
2465,101,1,3,0.008264462809917356
2465,98,1,4,0.011019283746556474
2465,92,1,5,0.013774104683195593
2465,84,1,6,0.01652892561983471
2465,83,2,8,0.02203856749311295
2465,67,3,11,0.030303030303030304
2465,66,1,12,0.03305785123966942
2465,64,1,13,0.03581267217630854
2465,61,2,15,0.04132231404958678
2465,59,1,16,0.0440771349862259
2465,58,1,17,0.046831955922865015
2465,54,1,18,0.049586776859504134
2465,51,1,19,0.05234159779614325
2465,48,1,20,0.05509641873278237
2465,47,2,22,0.06060606060606061
2465,46,2,24,0.06611570247933884
2465,45,1,25,0.06887052341597796
2465,44,2,27,0.0743801652892562
2465,42,2,29,0.07988980716253444
2465,41,2,31,0.08539944903581267
2465,40,4,35,0.09641873278236915
2465,39,3,38,0.1046831955922865
2465,38,3,41,0.11294765840220386
2465,37,1,42,0.11570247933884298
2465,33,4,46,0.12672176308539945
2465,31,1,47,0.12947658402203857
2465,30,2,49,0.1349862258953168
2465,29,4,53,0.14600550964187328
2465,28,2,55,0.15151515151515152
2465,27,5,60,0.1652892561983471
2465,26,3,63,0.17355371900826447
2465,25,2,65,0.1790633608815427
2465,24,1,66,0.18181818181818182
2465,23,2,68,0.18732782369146006
2465,22,3,71,0.19559228650137742
2465,21,4,75,0.2066115702479339
2465,20,1,76,0.209366391184573
2465,19,5,81,0.2231404958677686
2465,18,7,88,0.24242424242424243
2465,17,4,92,0.2534435261707989
2465,16,4,96,0.2644628099173554
2465,15,2,98,0.2699724517906336
2465,14,1,99,0.2727272727272727
2465,13,7,106,0.29201101928374656
2465,12,8,114,0.3140495867768595
2465,11,10,124,0.3415977961432507
2465,10,12,136,0.3746556473829201
2465,9,5,141,0.3884297520661157
2465,8,11,152,0.418732782369146
2465,7,8,160,0.44077134986225897
2465,6,10,170,0.46831955922865015
2465,5,12,182,0.5013774104683195
2465,4,29,211,0.581267217630854
2465,3,20,231,0.6363636363636364
2465,2,56,287,0.790633608815427
2465,1,52,339,0.9338842975206612
2465,0,24,363,1.0
2466,150,1,1,0.001694915254237288
2466,137,1,2,0.003389830508474576
2466,128,1,3,0.005084745762711864
2466,122,1,4,0.006779661016949152
2466,116,1,5,0.00847457627118644
2466,114,1,6,0.010169491525423728
2466,111,1,7,0.011864406779661017
2466,109,1,8,0.013559322033898305
2466,108,3,11,0.01864406779661017
2466,103,2,13,0.022033898305084745
2466,99,1,14,0.023728813559322035
2466,95,1,15,0.025423728813559324
2466,86,2,17,0.0288135593220339
2466,85,1,18,0.030508474576271188
2466,84,1,19,0.03220338983050847
2466,81,2,21,0.03559322033898305
2466,79,1,22,0.03728813559322034
2466,75,1,23,0.03898305084745763
2466,74,1,24,0.04067796610169491
2466,73,1,25,0.0423728813559322
2466,72,1,26,0.04406779661016949
2466,71,1,27,0.04576271186440678
2466,69,1,28,0.04745762711864407
2466,62,1,29,0.04915254237288136
2466,53,1,30,0.05084745762711865
2466,52,4,34,0.0576271186440678
2466,49,1,35,0.059322033898305086
2466,47,1,36,0.061016949152542375
2466,43,1,37,0.06271186440677966
2466,41,1,38,0.06440677966101695
2466,40,4,42,0.0711864406779661
2466,39,7,49,0.08305084745762711
2466,38,2,51,0.08644067796610169
2466,37,1,52,0.08813559322033898
2466,36,3,55,0.09322033898305085
2466,35,5,60,0.1016949152542373
2466,34,3,63,0.10677966101694915
2466,33,5,68,0.1152542372881356
2466,32,4,72,0.12203389830508475
2466,31,1,73,0.12372881355932204
2466,30,2,75,0.1271186440677966
2466,29,2,77,0.13050847457627118
2466,28,1,78,0.13220338983050847
2466,26,6,84,0.1423728813559322
2466,25,6,90,0.15254237288135594
2466,24,7,97,0.16440677966101694
2466,23,5,102,0.17288135593220338
2466,22,3,105,0.17796610169491525
2466,21,15,120,0.2033898305084746
2466,20,10,130,0.22033898305084745
2466,19,13,143,0.2423728813559322
2466,18,9,152,0.2576271186440678
2466,17,8,160,0.2711864406779661
2466,16,6,166,0.28135593220338984
2466,15,5,171,0.28983050847457625
2466,14,5,176,0.2983050847457627
2466,13,4,180,0.3050847457627119
2466,12,14,194,0.3288135593220339
2466,11,11,205,0.3474576271186441
2466,10,21,226,0.38305084745762713
2466,9,11,237,0.4016949152542373
2466,8,16,253,0.4288135593220339
2466,7,15,268,0.4542372881355932
2466,6,28,296,0.5016949152542373
2466,5,26,322,0.5457627118644067
2466,4,36,358,0.6067796610169491
2466,3,80,438,0.7423728813559322
2466,2,95,533,0.9033898305084745
2466,1,34,567,0.9610169491525423
2466,0,23,590,1.0
2476,109,1,1,0.002793296089385475
2476,108,1,2,0.00558659217877095
2476,107,1,3,0.008379888268156424
2476,106,1,4,0.0111731843575419
2476,104,2,6,0.01675977653631285
2476,95,1,7,0.019553072625698324
2476,84,1,8,0.0223463687150838
2476,83,1,9,0.025139664804469275
2476,82,1,10,0.027932960893854747
2476,81,1,11,0.030726256983240222
2476,80,1,12,0.0335195530726257
2476,78,3,15,0.04189944134078212
2476,75,1,16,0.0446927374301676
2476,74,3,19,0.05307262569832402
2476,73,1,20,0.055865921787709494
2476,71,2,22,0.061452513966480445
2476,70,2,24,0.0670391061452514
2476,68,1,25,0.06983240223463687
2476,65,1,26,0.07262569832402235
2476,61,1,27,0.07541899441340782
2476,60,1,28,0.0782122905027933
2476,58,2,30,0.08379888268156424
2476,57,2,32,0.0893854748603352
2476,55,1,33,0.09217877094972067
2476,54,2,35,0.09776536312849161
2476,53,1,36,0.1005586592178771
2476,52,1,37,0.10335195530726257
2476,51,1,38,0.10614525139664804
2476,50,1,39,0.10893854748603352
2476,49,1,40,0.11173184357541899
2476,48,1,41,0.11452513966480447
2476,47,7,48,0.1340782122905028
2476,46,1,49,0.13687150837988826
2476,45,1,50,0.13966480446927373
2476,43,1,51,0.1424581005586592
2476,41,2,53,0.14804469273743018
2476,40,2,55,0.15363128491620112
2476,39,3,58,0.16201117318435754
2476,38,3,61,0.17039106145251395
2476,37,4,65,0.18156424581005587
2476,36,3,68,0.18994413407821228
2476,35,2,70,0.19553072625698323
2476,34,3,73,0.20391061452513967
2476,33,3,76,0.2122905027932961
2476,32,1,77,0.21508379888268156
2476,31,4,81,0.22625698324022347
2476,30,4,85,0.23743016759776536
2476,29,3,88,0.24581005586592178
2476,28,5,93,0.25977653631284914
2476,27,3,96,0.2681564245810056
2476,26,3,99,0.276536312849162
2476,25,4,103,0.2877094972067039
2476,24,2,105,0.29329608938547486
2476,23,1,106,0.29608938547486036
2476,22,5,111,0.3100558659217877
2476,21,4,115,0.32122905027932963
2476,20,4,119,0.3324022346368715
2476,19,4,123,0.3435754189944134
2476,18,5,128,0.3575418994413408
2476,17,1,129,0.36033519553072624
2476,16,9,138,0.3854748603351955
2476,15,5,143,0.3994413407821229
2476,14,5,148,0.4134078212290503
2476,13,9,157,0.43854748603351956
2476,12,6,163,0.4553072625698324
2476,11,7,170,0.4748603351955307
2476,10,8,178,0.4972067039106145
2476,9,5,183,0.5111731843575419
2476,8,15,198,0.553072625698324
2476,7,8,206,0.5754189944134078
2476,6,13,219,0.611731843575419
2476,5,21,240,0.6703910614525139
2476,4,17,257,0.7178770949720671
2476,3,27,284,0.7932960893854749
2476,2,39,323,0.9022346368715084
2476,1,18,341,0.952513966480447
2476,0,17,358,1.0
2487,86,1,1,0.005154639175257732
2487,70,1,2,0.010309278350515464
2487,59,1,3,0.015463917525773196
2487,53,3,6,0.030927835051546393
2487,51,2,8,0.041237113402061855
2487,50,1,9,0.04639175257731959
2487,45,1,10,0.05154639175257732
2487,37,3,13,0.06701030927835051
2487,35,1,14,0.07216494845360824
2487,33,2,16,0.08247422680412371
2487,32,2,18,0.09278350515463918
2487,27,1,19,0.0979381443298969
2487,26,1,20,0.10309278350515463
2487,25,1,21,0.10824742268041238
2487,24,2,23,0.11855670103092783
2487,21,2,25,0.12886597938144329
2487,19,5,30,0.15463917525773196
2487,18,1,31,0.15979381443298968
2487,16,2,33,0.17010309278350516
2487,15,3,36,0.18556701030927836
2487,14,5,41,0.211340206185567
2487,13,4,45,0.23195876288659795
2487,12,5,50,0.25773195876288657
2487,11,3,53,0.27319587628865977
2487,10,1,54,0.27835051546391754
2487,9,1,55,0.28350515463917525
2487,8,6,61,0.31443298969072164
2487,7,9,70,0.36082474226804123
2487,6,10,80,0.41237113402061853
2487,5,9,89,0.4587628865979381
2487,4,15,104,0.5360824742268041
2487,3,24,128,0.6597938144329897
2487,2,41,169,0.8711340206185567
2487,1,9,178,0.9175257731958762
2487,0,16,194,1.0
2491,155,1,1,0.0009505703422053232
2491,153,1,2,0.0019011406844106464
2491,151,2,4,0.0038022813688212928
2491,150,2,6,0.005703422053231939
2491,149,2,8,0.0076045627376425855
2491,148,2,10,0.009505703422053232
2491,147,1,11,0.010456273764258554
2491,144,1,12,0.011406844106463879
2491,142,1,13,0.012357414448669201
2491,139,2,15,0.014258555133079848
2491,138,1,16,0.015209125475285171
2491,137,2,18,0.017110266159695818
2491,135,3,21,0.019961977186311788
2491,134,2,23,0.021863117870722433
2491,132,2,25,0.02376425855513308
2491,130,1,26,0.024714828897338403
2491,124,3,29,0.027566539923954372
2491,123,2,31,0.029467680608365018
2491,122,1,32,0.030418250950570342
2491,121,2,34,0.03231939163498099
2491,120,2,36,0.034220532319391636
2491,119,3,39,0.0370722433460076
2491,118,1,40,0.03802281368821293
2491,117,3,43,0.0408745247148289
2491,116,2,45,0.04277566539923954
2491,115,1,46,0.043726235741444866
2491,113,1,47,0.04467680608365019
2491,112,9,56,0.053231939163498096
2491,111,1,57,0.05418250950570342
2491,110,1,58,0.055133079847908745
2491,109,8,66,0.06273764258555133
2491,108,1,67,0.06368821292775666
2491,107,3,70,0.06653992395437262
2491,106,5,75,0.07129277566539924
2491,105,8,83,0.07889733840304182
2491,104,6,89,0.08460076045627377
2491,103,10,99,0.094106463878327
2491,102,8,107,0.10171102661596958
2491,101,7,114,0.10836501901140684
2491,100,5,119,0.11311787072243346
2491,99,30,149,0.14163498098859315
2491,98,54,203,0.19296577946768062
2491,97,65,268,0.25475285171102663
2491,96,4,272,0.2585551330798479
2491,95,1,273,0.25950570342205326
2491,94,1,274,0.26045627376425856
2491,93,2,276,0.2623574144486692
2491,92,3,279,0.2652091254752852
2491,91,2,281,0.2671102661596958
2491,89,5,286,0.2718631178707224
2491,88,1,287,0.27281368821292773
2491,87,2,289,0.2747148288973384
2491,86,3,292,0.27756653992395436
2491,85,2,294,0.279467680608365
2491,84,2,296,0.2813688212927757
2491,83,2,298,0.2832699619771863
2491,82,1,299,0.28422053231939165
2491,81,4,303,0.2880228136882129
2491,80,1,304,0.2889733840304182
2491,79,2,306,0.2908745247148289
2491,78,3,309,0.29372623574144485
2491,77,3,312,0.2965779467680608
2491,76,2,314,0.2984790874524715
2491,75,2,316,0.30038022813688214
2491,74,8,324,0.30798479087452474
2491,73,1,325,0.30893536121673004
2491,72,1,326,0.30988593155893535
2491,71,2,328,0.311787072243346
2491,70,4,332,0.3155893536121673
2491,68,3,335,0.31844106463878324
2491,67,2,337,0.3203422053231939
2491,66,3,340,0.3231939163498099
2491,65,4,344,0.3269961977186312
2491,64,1,345,0.3279467680608365
2491,63,4,349,0.33174904942965777
2491,62,1,350,0.33269961977186313
2491,60,4,354,0.3365019011406844
2491,59,3,357,0.33935361216730037
2491,58,5,362,0.344106463878327
2491,57,6,368,0.34980988593155893
2491,56,8,376,0.3574144486692015
2491,55,5,381,0.36216730038022815
2491,54,3,384,0.3650190114068441
2491,53,2,386,0.3669201520912547
2491,52,2,388,0.3688212927756654
2491,51,4,392,0.3726235741444867
2491,50,6,398,0.37832699619771865
2491,49,7,405,0.3849809885931559
2491,48,2,407,0.38688212927756654
2491,47,7,414,0.3935361216730038
2491,46,2,416,0.39543726235741444
2491,45,4,420,0.39923954372623577
2491,44,4,424,0.40304182509505704
2491,43,9,433,0.41159695817490494
2491,42,10,443,0.4211026615969582
2491,41,4,447,0.42490494296577946
2491,40,4,451,0.42870722433460073
2491,39,7,458,0.435361216730038
2491,38,1,459,0.43631178707224333
2491,37,7,466,0.4429657794676806
2491,36,9,475,0.4515209125475285
2491,35,6,481,0.45722433460076045
2491,34,2,483,0.4591254752851711
2491,33,4,487,0.4629277566539924
2491,32,4,491,0.4667300380228137
2491,31,7,498,0.47338403041825095
2491,30,5,503,0.4781368821292776
2491,29,10,513,0.4876425855513308
2491,28,16,529,0.502851711026616
2491,27,7,536,0.5095057034220533
2491,26,7,543,0.5161596958174905
2491,25,19,562,0.5342205323193916
2491,24,11,573,0.5446768060836502
2491,23,7,580,0.5513307984790875
2491,22,7,587,0.5579847908745247
2491,21,10,597,0.5674904942965779
2491,20,7,604,0.5741444866920152
2491,19,8,612,0.5817490494296578
2491,18,14,626,0.5950570342205324
2491,17,10,636,0.6045627376425855
2491,16,12,648,0.6159695817490495
2491,15,26,674,0.6406844106463878
2491,14,15,689,0.6549429657794676
2491,13,10,699,0.6644486692015209
2491,12,14,713,0.6777566539923955
2491,11,12,725,0.6891634980988594
2491,10,17,742,0.7053231939163498
2491,9,20,762,0.7243346007604563
2491,8,19,781,0.7423954372623575
2491,7,34,815,0.7747148288973384
2491,6,36,851,0.80893536121673
2491,5,29,880,0.8365019011406845
2491,4,52,932,0.8859315589353612
2491,3,70,1002,0.9524714828897338
2491,2,16,1018,0.967680608365019
2491,1,19,1037,0.9857414448669202
2491,0,15,1052,1.0
2494,11,1,1,0.019230769230769232
2494,6,1,2,0.038461538461538464
2494,4,1,3,0.057692307692307696
2494,3,3,6,0.11538461538461539
2494,2,8,14,0.2692307692307692
2494,1,25,39,0.75
2494,0,13,52,1.0
2500,137,1,1,0.002577319587628866
2500,116,1,2,0.005154639175257732
2500,114,1,3,0.007731958762886598
2500,107,1,4,0.010309278350515464
2500,103,2,6,0.015463917525773196
2500,100,1,7,0.01804123711340206
2500,79,1,8,0.020618556701030927
2500,74,2,10,0.02577319587628866
2500,72,1,11,0.028350515463917526
2500,67,1,12,0.030927835051546393
2500,64,1,13,0.03350515463917526
2500,62,1,14,0.03608247422680412
2500,58,2,16,0.041237113402061855
2500,54,1,17,0.04381443298969072
2500,52,1,18,0.04639175257731959
2500,46,1,19,0.04896907216494845
2500,45,2,21,0.05412371134020619
2500,43,2,23,0.059278350515463915
2500,42,2,25,0.06443298969072164
2500,40,2,27,0.06958762886597938
2500,38,1,28,0.07216494845360824
2500,36,1,29,0.07474226804123711
2500,35,1,30,0.07731958762886598
2500,34,1,31,0.07989690721649484
2500,32,2,33,0.08505154639175258
2500,30,2,35,0.09020618556701031
2500,28,2,37,0.09536082474226804
2500,27,3,40,0.10309278350515463
2500,26,1,41,0.1056701030927835
2500,25,4,45,0.11597938144329897
2500,24,3,48,0.12371134020618557
2500,23,7,55,0.14175257731958762
2500,22,5,60,0.15463917525773196
2500,21,6,66,0.17010309278350516
2500,20,6,72,0.18556701030927836
2500,19,7,79,0.2036082474226804
2500,18,2,81,0.20876288659793815
2500,17,2,83,0.21391752577319587
2500,16,7,90,0.23195876288659795
2500,15,16,106,0.27319587628865977
2500,14,9,115,0.2963917525773196
2500,13,5,120,0.30927835051546393
2500,12,12,132,0.3402061855670103
2500,11,5,137,0.35309278350515466
2500,10,9,146,0.37628865979381443
2500,9,15,161,0.41494845360824745
2500,8,20,181,0.46649484536082475
2500,7,19,200,0.5154639175257731
2500,6,16,216,0.5567010309278351
2500,5,57,273,0.7036082474226805
2500,4,80,353,0.9097938144329897
2500,3,12,365,0.9407216494845361
2500,2,11,376,0.9690721649484536
2500,1,7,383,0.9871134020618557
2500,0,5,388,1.0
2505,7,2,2,0.034482758620689655
2505,6,1,3,0.05172413793103448
2505,4,2,5,0.08620689655172414
2505,3,7,12,0.20689655172413793
2505,2,8,20,0.3448275862068966
2505,1,20,40,0.6896551724137931
2505,0,18,58,1.0
2508,24,1,1,0.014285714285714285
2508,21,1,2,0.02857142857142857
2508,13,1,3,0.04285714285714286
2508,10,1,4,0.05714285714285714
2508,8,1,5,0.07142857142857142
2508,6,2,7,0.1
2508,5,2,9,0.12857142857142856
2508,4,2,11,0.15714285714285714
2508,3,7,18,0.2571428571428571
2508,2,11,29,0.4142857142857143
2508,1,26,55,0.7857142857142857
2508,0,15,70,1.0
2511,24,1,1,0.017857142857142856
2511,22,1,2,0.03571428571428571
2511,13,1,3,0.05357142857142857
2511,6,4,7,0.125
2511,5,1,8,0.14285714285714285
2511,4,4,12,0.21428571428571427
2511,3,3,15,0.26785714285714285
2511,2,5,20,0.35714285714285715
2511,1,16,36,0.6428571428571429
2511,0,20,56,1.0
2512,110,1,1,0.0026109660574412533
2512,107,1,2,0.005221932114882507
2512,105,1,3,0.007832898172323759
2512,104,3,6,0.015665796344647518
2512,94,1,7,0.018276762402088774
2512,91,1,8,0.020887728459530026
2512,88,1,9,0.02349869451697128
2512,83,1,10,0.02610966057441253
2512,81,2,12,0.031331592689295036
2512,79,1,13,0.033942558746736295
2512,76,1,14,0.03655352480417755
2512,73,1,15,0.0391644908616188
2512,62,2,17,0.044386422976501305
2512,61,1,18,0.04699738903394256
2512,60,2,20,0.05221932114882506
2512,58,2,22,0.057441253263707574
2512,57,1,23,0.06005221932114883
2512,56,1,24,0.06266318537859007
2512,55,1,25,0.06527415143603134
2512,54,2,27,0.07049608355091384
2512,51,1,28,0.0731070496083551
2512,48,3,31,0.08093994778067885
2512,47,2,33,0.08616187989556136
2512,46,1,34,0.08877284595300261
2512,44,1,35,0.09138381201044386
2512,42,2,37,0.09660574412532637
2512,41,1,38,0.09921671018276762
2512,40,2,40,0.10443864229765012
2512,39,2,42,0.10966057441253264
2512,38,4,46,0.12010443864229765
2512,37,1,47,0.1227154046997389
2512,34,1,48,0.12532637075718014
2512,33,4,52,0.13577023498694518
2512,32,1,53,0.13838120104438642
2512,31,3,56,0.1462140992167102
2512,30,2,58,0.1514360313315927
2512,28,3,61,0.15926892950391644
2512,27,2,63,0.16449086161879894
2512,26,4,67,0.17493472584856398
2512,25,5,72,0.18798955613577023
2512,24,3,75,0.195822454308094
2512,22,3,78,0.20365535248041775
2512,21,3,81,0.21148825065274152
2512,20,3,84,0.2193211488250653
2512,19,5,89,0.23237597911227154
2512,18,5,94,0.2454308093994778
2512,16,2,96,0.2506527415143603
2512,15,8,104,0.27154046997389036
2512,14,3,107,0.2793733681462141
2512,13,3,110,0.28720626631853785
2512,12,3,113,0.2950391644908616
2512,11,6,119,0.31070496083550914
2512,10,7,126,0.3289817232375979
2512,9,8,134,0.34986945169712796
2512,8,7,141,0.3681462140992167
2512,7,10,151,0.39425587467362927
2512,6,17,168,0.4386422976501306
2512,5,21,189,0.4934725848563969
2512,4,36,225,0.587467362924282
2512,3,35,260,0.6788511749347258
2512,2,67,327,0.8537859007832899
2512,1,19,346,0.9033942558746736
2512,0,37,383,1.0
2514,17,1,1,0.030303030303030304
2514,15,1,2,0.06060606060606061
2514,9,1,3,0.09090909090909091
2514,7,1,4,0.12121212121212122
2514,5,1,5,0.15151515151515152
2514,4,3,8,0.24242424242424243
2514,3,1,9,0.2727272727272727
2514,2,2,11,0.3333333333333333
2514,1,19,30,0.9090909090909091
2514,0,3,33,1.0
2546,8,1,1,0.01639344262295082
2546,6,2,3,0.04918032786885246
2546,4,1,4,0.06557377049180328
2546,3,3,7,0.11475409836065574
2546,2,9,16,0.26229508196721313
2546,1,26,42,0.6885245901639344
2546,0,19,61,1.0
2547,118,1,1,0.0021929824561403508
2547,94,1,2,0.0043859649122807015
2547,93,2,4,0.008771929824561403
2547,82,1,5,0.010964912280701754
2547,73,1,6,0.013157894736842105
2547,71,1,7,0.015350877192982455
2547,68,1,8,0.017543859649122806
2547,67,1,9,0.019736842105263157
2547,66,1,10,0.021929824561403508
2547,65,1,11,0.02412280701754386
2547,62,2,13,0.02850877192982456
2547,61,1,14,0.03070175438596491
2547,59,2,16,0.03508771929824561
2547,52,1,17,0.03728070175438596
2547,48,1,18,0.039473684210526314
2547,47,2,20,0.043859649122807015
2547,46,3,23,0.05043859649122807
2547,45,4,27,0.05921052631578947
2547,42,2,29,0.06359649122807018
2547,41,1,30,0.06578947368421052
2547,40,3,33,0.07236842105263158
2547,39,4,37,0.08114035087719298
2547,37,1,38,0.08333333333333333
2547,36,2,40,0.08771929824561403
2547,35,2,42,0.09210526315789473
2547,34,4,46,0.10087719298245613
2547,33,5,51,0.1118421052631579
2547,31,3,54,0.11842105263157894
2547,30,2,56,0.12280701754385964
2547,29,3,59,0.12938596491228072
2547,27,1,60,0.13157894736842105
2547,25,7,67,0.14692982456140352
2547,24,3,70,0.15350877192982457
2547,23,2,72,0.15789473684210525
2547,22,2,74,0.16228070175438597
2547,21,6,80,0.17543859649122806
2547,20,1,81,0.17763157894736842
2547,19,1,82,0.17982456140350878
2547,18,1,83,0.18201754385964913
2547,17,2,85,0.18640350877192982
2547,16,6,91,0.19956140350877194
2547,15,7,98,0.2149122807017544
2547,14,9,107,0.23464912280701755
2547,13,10,117,0.2565789473684211
2547,12,13,130,0.2850877192982456
2547,11,12,142,0.31140350877192985
2547,10,11,153,0.3355263157894737
2547,9,5,158,0.34649122807017546
2547,8,12,170,0.37280701754385964
2547,7,18,188,0.41228070175438597
2547,6,24,212,0.4649122807017544
2547,5,26,238,0.5219298245614035
2547,4,54,292,0.6403508771929824
2547,3,101,393,0.8618421052631579
2547,2,22,415,0.9100877192982456
2547,1,33,448,0.9824561403508771
2547,0,8,456,1.0
2550,26,1,1,0.018518518518518517
2550,22,1,2,0.037037037037037035
2550,15,2,4,0.07407407407407407
2550,14,1,5,0.09259259259259259
2550,12,1,6,0.1111111111111111
2550,11,1,7,0.12962962962962962
2550,8,2,9,0.16666666666666666
2550,7,1,10,0.18518518518518517
2550,6,1,11,0.2037037037037037
2550,4,3,14,0.25925925925925924
2550,3,5,19,0.35185185185185186
2550,2,7,26,0.48148148148148145
2550,1,21,47,0.8703703703703703
2550,0,7,54,1.0
2565,20,1,1,0.0196078431372549
2565,18,2,3,0.058823529411764705
2565,9,1,4,0.0784313725490196
2565,7,1,5,0.09803921568627451
2565,6,1,6,0.11764705882352941
2565,5,1,7,0.13725490196078433
2565,4,3,10,0.19607843137254902
2565,3,1,11,0.21568627450980393
2565,2,10,21,0.4117647058823529
2565,1,19,40,0.7843137254901961
2565,0,11,51,1.0
2566,96,1,1,0.0035714285714285713
2566,90,1,2,0.007142857142857143
2566,88,1,3,0.010714285714285714
2566,85,2,5,0.017857142857142856
2566,77,2,7,0.025
2566,73,1,8,0.02857142857142857
2566,69,2,10,0.03571428571428571
2566,64,1,11,0.039285714285714285
2566,63,1,12,0.04285714285714286
2566,62,2,14,0.05
2566,60,1,15,0.05357142857142857
2566,58,2,17,0.060714285714285714
2566,56,1,18,0.06428571428571428
2566,54,1,19,0.06785714285714285
2566,49,1,20,0.07142857142857142
2566,48,1,21,0.075
2566,47,3,24,0.08571428571428572
2566,46,1,25,0.08928571428571429
2566,45,1,26,0.09285714285714286
2566,44,1,27,0.09642857142857143
2566,43,1,28,0.1
2566,42,1,29,0.10357142857142858
2566,41,1,30,0.10714285714285714
2566,39,2,32,0.11428571428571428
2566,37,2,34,0.12142857142857143
2566,35,2,36,0.12857142857142856
2566,29,1,37,0.13214285714285715
2566,27,3,40,0.14285714285714285
2566,26,2,42,0.15
2566,25,1,43,0.15357142857142858
2566,23,1,44,0.15714285714285714
2566,22,3,47,0.16785714285714284
2566,21,2,49,0.175
2566,20,4,53,0.18928571428571428
2566,19,1,54,0.19285714285714287
2566,18,2,56,0.2
2566,17,1,57,0.20357142857142857
2566,16,3,60,0.21428571428571427
2566,15,2,62,0.22142857142857142
2566,14,6,68,0.24285714285714285
2566,13,3,71,0.25357142857142856
2566,12,19,90,0.32142857142857145
2566,11,10,100,0.35714285714285715
2566,10,6,106,0.37857142857142856
2566,9,9,115,0.4107142857142857
2566,8,8,123,0.4392857142857143
2566,7,11,134,0.4785714285714286
2566,6,19,153,0.5464285714285714
2566,5,21,174,0.6214285714285714
2566,4,40,214,0.7642857142857142
2566,3,36,250,0.8928571428571429
2566,2,14,264,0.9428571428571428
2566,1,10,274,0.9785714285714285
2566,0,6,280,1.0
2568,68,1,1,0.004219409282700422
2568,66,2,3,0.012658227848101266
2568,63,1,4,0.016877637130801686
2568,61,1,5,0.02109704641350211
2568,57,1,6,0.02531645569620253
2568,49,3,9,0.0379746835443038
2568,47,1,10,0.04219409282700422
2568,44,1,11,0.046413502109704644
2568,42,1,12,0.05063291139240506
2568,39,1,13,0.05485232067510549
2568,37,1,14,0.05907172995780591
2568,33,1,15,0.06329113924050633
2568,31,5,20,0.08438818565400844
2568,27,1,21,0.08860759493670886
2568,24,1,22,0.09282700421940929
2568,20,1,23,0.0970464135021097
2568,19,1,24,0.10126582278481013
2568,18,1,25,0.10548523206751055
2568,17,1,26,0.10970464135021098
2568,16,2,28,0.11814345991561181
2568,12,1,29,0.12236286919831224
2568,11,1,30,0.12658227848101267
2568,10,2,32,0.1350210970464135
2568,9,1,33,0.13924050632911392
2568,8,2,35,0.14767932489451477
2568,7,2,37,0.15611814345991562
2568,6,5,42,0.17721518987341772
2568,5,1,43,0.18143459915611815
2568,4,2,45,0.189873417721519
2568,3,7,52,0.21940928270042195
2568,2,3,55,0.2320675105485232
2568,1,21,76,0.3206751054852321
2568,0,161,237,1.0
2569,119,2,2,0.0048543689320388345
2569,108,1,3,0.007281553398058253
2569,106,2,5,0.012135922330097087
2569,97,1,6,0.014563106796116505
2569,92,2,8,0.019417475728155338
2569,89,1,9,0.021844660194174758
2569,82,2,11,0.02669902912621359
2569,75,1,12,0.02912621359223301
2569,74,1,13,0.03155339805825243
2569,70,2,15,0.03640776699029126
2569,67,1,16,0.038834951456310676
2569,65,1,17,0.0412621359223301
2569,64,1,18,0.043689320388349516
2569,63,2,20,0.04854368932038835
2569,57,2,22,0.05339805825242718
2569,56,1,23,0.055825242718446605
2569,53,1,24,0.05825242718446602
2569,51,1,25,0.06067961165048544
2569,49,1,26,0.06310679611650485
2569,48,2,28,0.06796116504854369
2569,46,2,30,0.07281553398058252
2569,45,1,31,0.07524271844660194
2569,43,3,34,0.0825242718446602
2569,42,1,35,0.08495145631067962
2569,41,1,36,0.08737864077669903
2569,40,1,37,0.08980582524271845
2569,39,1,38,0.09223300970873786
2569,38,3,41,0.09951456310679611
2569,37,4,45,0.10922330097087378
2569,36,7,52,0.1262135922330097
2569,35,3,55,0.13349514563106796
2569,34,1,56,0.13592233009708737
2569,33,3,59,0.14320388349514562
2569,32,7,66,0.16019417475728157
2569,31,1,67,0.16262135922330098
2569,30,4,71,0.17233009708737865
2569,29,5,76,0.18446601941747573
2569,28,2,78,0.18932038834951456
2569,26,3,81,0.1966019417475728
2569,25,5,86,0.2087378640776699
2569,24,10,96,0.23300970873786409
2569,23,12,108,0.2621359223300971
2569,22,3,111,0.26941747572815533
2569,21,9,120,0.2912621359223301
2569,20,4,124,0.30097087378640774
2569,19,14,138,0.33495145631067963
2569,18,17,155,0.3762135922330097
2569,17,9,164,0.39805825242718446
2569,16,6,170,0.41262135922330095
2569,15,3,173,0.4199029126213592
2569,14,4,177,0.42961165048543687
2569,13,7,184,0.44660194174757284
2569,12,14,198,0.48058252427184467
2569,11,6,204,0.49514563106796117
2569,10,6,210,0.5097087378640777
2569,9,11,221,0.5364077669902912
2569,8,8,229,0.5558252427184466
2569,7,10,239,0.5800970873786407
2569,6,15,254,0.616504854368932
2569,5,17,271,0.6577669902912622
2569,4,25,296,0.7184466019417476
2569,3,38,334,0.8106796116504854
2569,2,44,378,0.9174757281553398
2569,1,22,400,0.970873786407767
2569,0,12,412,1.0
2572,18,1,1,0.0136986301369863
2572,15,1,2,0.0273972602739726
2572,7,2,4,0.0547945205479452
2572,5,2,6,0.0821917808219178
2572,4,2,8,0.1095890410958904
2572,3,10,18,0.2465753424657534
2572,2,6,24,0.3287671232876712
2572,1,24,48,0.6575342465753424
2572,0,25,73,1.0
2604,109,1,1,0.002976190476190476
2604,107,1,2,0.005952380952380952
2604,104,1,3,0.008928571428571428
2604,94,3,6,0.017857142857142856
2604,63,2,8,0.023809523809523808
2604,62,2,10,0.02976190476190476
2604,61,1,11,0.03273809523809524
2604,57,1,12,0.03571428571428571
2604,54,1,13,0.03869047619047619
2604,53,1,14,0.041666666666666664
2604,52,2,16,0.047619047619047616
2604,50,2,18,0.05357142857142857
2604,48,2,20,0.05952380952380952
2604,45,1,21,0.0625
2604,44,1,22,0.06547619047619048
2604,40,2,24,0.07142857142857142
2604,39,3,27,0.08035714285714286
2604,37,3,30,0.08928571428571429
2604,35,3,33,0.09821428571428571
2604,34,1,34,0.10119047619047619
2604,33,1,35,0.10416666666666667
2604,32,3,38,0.1130952380952381
2604,31,3,41,0.12202380952380952
2604,30,2,43,0.12797619047619047
2604,29,1,44,0.13095238095238096
2604,28,1,45,0.13392857142857142
2604,27,3,48,0.14285714285714285
2604,26,5,53,0.15773809523809523
2604,25,4,57,0.16964285714285715
2604,23,4,61,0.18154761904761904
2604,22,1,62,0.18452380952380953
2604,21,3,65,0.19345238095238096
2604,20,5,70,0.20833333333333334
2604,19,1,71,0.2113095238095238
2604,18,4,75,0.22321428571428573
2604,17,1,76,0.2261904761904762
2604,16,8,84,0.25
2604,15,7,91,0.2708333333333333
2604,14,2,93,0.2767857142857143
2604,13,9,102,0.30357142857142855
2604,12,7,109,0.3244047619047619
2604,11,7,116,0.34523809523809523
2604,10,10,126,0.375
2604,9,8,134,0.39880952380952384
2604,8,14,148,0.44047619047619047
2604,7,9,157,0.46726190476190477
2604,6,9,166,0.49404761904761907
2604,5,25,191,0.5684523809523809
2604,4,27,218,0.6488095238095238
2604,3,46,264,0.7857142857142857
2604,2,35,299,0.8898809523809523
2604,1,15,314,0.9345238095238095
2604,0,22,336,1.0
2605,10,1,1,0.02040816326530612
2605,8,1,2,0.04081632653061224
2605,5,2,4,0.08163265306122448
2605,4,2,6,0.12244897959183673
2605,3,1,7,0.14285714285714285
2605,2,6,13,0.2653061224489796
2605,1,21,34,0.6938775510204082
2605,0,15,49,1.0
2606,113,1,1,0.0006706908115358819
2606,108,1,2,0.0013413816230717639
2606,102,1,3,0.002012072434607646
2606,100,2,5,0.00335345405767941
2606,97,1,6,0.004024144869215292
2606,93,2,8,0.0053655264922870555
2606,92,1,9,0.006036217303822937
2606,91,1,10,0.00670690811535882
2606,88,4,14,0.009389671361502348
2606,87,10,24,0.01609657947686117
2606,86,1,25,0.01676727028839705
2606,85,4,29,0.019450033534540577
2606,84,4,33,0.022132796780684104
2606,83,1,34,0.022803487592219986
2606,82,2,36,0.02414486921529175
2606,81,3,39,0.026156941649899398
2606,80,2,41,0.02749832327297116
2606,78,2,43,0.028839704896042925
2606,77,2,45,0.030181086519114688
2606,76,6,51,0.03420523138832998
2606,74,2,53,0.035546613011401745
2606,73,1,54,0.03621730382293763
2606,72,1,55,0.03688799463447351
2606,70,3,58,0.038900067069081154
2606,69,2,60,0.04024144869215292
2606,68,1,61,0.0409121395036888
2606,67,6,67,0.04493628437290409
2606,66,12,79,0.05298457411133468
2606,65,9,88,0.05902079141515761
2606,64,12,100,0.0670690811535882
2606,63,7,107,0.07176391683433937
2606,62,6,113,0.07578806170355466
2606,61,6,119,0.07981220657276995
2606,60,12,131,0.08786049631120053
2606,59,11,142,0.09523809523809523
2606,58,6,148,0.09926224010731052
2606,57,6,154,0.10328638497652583
2606,56,5,159,0.10663983903420524
2606,55,4,163,0.10932260228034876
2606,54,5,168,0.11267605633802817
2606,53,13,181,0.12139503688799463
2606,52,14,195,0.13078470824949698
2606,51,8,203,0.13615023474178403
2606,50,11,214,0.14352783366867874
2606,49,13,227,0.1522468142186452
2606,48,6,233,0.15627095908786048
2606,47,7,240,0.16096579476861167
2606,46,13,253,0.16968477531857815
2606,45,8,261,0.1750503018108652
2606,44,10,271,0.18175720992622402
2606,43,9,280,0.18779342723004694
2606,42,7,287,0.19248826291079812
2606,41,9,296,0.19852448021462105
2606,40,12,308,0.20657276995305165
2606,39,22,330,0.22132796780684105
2606,38,11,341,0.22870556673373574
2606,37,14,355,0.23809523809523808
2606,36,5,360,0.2414486921529175
2606,35,12,372,0.24949698189134809
2606,34,4,376,0.25217974513749164
2606,33,8,384,0.2575452716297787
2606,32,10,394,0.2642521797451375
2606,31,19,413,0.27699530516431925
2606,30,34,447,0.29979879275653926
2606,29,24,471,0.3158953722334004
2606,28,25,496,0.33266264252179745
2606,27,15,511,0.3427230046948357
2606,26,19,530,0.35546613011401745
2606,25,22,552,0.3702213279678068
2606,24,44,596,0.3997317236753856
2606,23,44,640,0.42924211938296447
2606,22,102,742,0.49765258215962443
2606,21,113,855,0.5734406438631791
2606,20,145,1000,0.670690811535882
2606,19,33,1033,0.6928236083165661
2606,18,20,1053,0.7062374245472837
2606,17,68,1121,0.7518443997317237
2606,16,30,1151,0.7719651240778002
2606,15,73,1224,0.8209255533199196
2606,14,28,1252,0.8397048960429242
2606,13,23,1275,0.8551307847082495
2606,12,22,1297,0.8698859825620389
2606,11,34,1331,0.8926894701542589
2606,10,32,1363,0.9141515761234071
2606,9,27,1390,0.932260228034876
2606,8,22,1412,0.9470154258886653
2606,7,20,1432,0.960429242119383
2606,6,14,1446,0.9698189134808853
2606,5,1,1447,0.9704896042924211
2606,4,13,1460,0.9792085848423877
2606,3,10,1470,0.9859154929577465
2606,2,5,1475,0.9892689470154259
2606,1,8,1483,0.994634473507713
2606,0,8,1491,1.0
2607,96,1,1,0.004098360655737705
2607,80,1,2,0.00819672131147541
2607,78,1,3,0.012295081967213115
2607,77,1,4,0.01639344262295082
2607,75,1,5,0.020491803278688523
2607,65,1,6,0.02459016393442623
2607,63,3,9,0.036885245901639344
2607,57,1,10,0.040983606557377046
2607,54,3,13,0.05327868852459016
2607,53,2,15,0.06147540983606557
2607,51,1,16,0.06557377049180328
2607,49,1,17,0.06967213114754098
2607,48,3,20,0.08196721311475409
2607,45,1,21,0.0860655737704918
2607,44,1,22,0.09016393442622951
2607,42,1,23,0.0942622950819672
2607,41,2,25,0.10245901639344263
2607,40,3,28,0.11475409836065574
2607,38,1,29,0.11885245901639344
2607,35,1,30,0.12295081967213115
2607,33,2,32,0.13114754098360656
2607,30,1,33,0.13524590163934427
2607,28,3,36,0.14754098360655737
2607,27,1,37,0.15163934426229508
2607,26,2,39,0.1598360655737705
2607,25,3,42,0.1721311475409836
2607,24,2,44,0.18032786885245902
2607,23,2,46,0.1885245901639344
2607,22,1,47,0.19262295081967212
2607,20,1,48,0.19672131147540983
2607,19,3,51,0.20901639344262296
2607,18,3,54,0.22131147540983606
2607,17,5,59,0.24180327868852458
2607,16,6,65,0.26639344262295084
2607,15,1,66,0.27049180327868855
2607,14,3,69,0.2827868852459016
2607,13,6,75,0.3073770491803279
2607,12,6,81,0.3319672131147541
2607,11,4,85,0.3483606557377049
2607,10,6,91,0.3729508196721312
2607,9,3,94,0.38524590163934425
2607,8,4,98,0.4016393442622951
2607,7,10,108,0.4426229508196721
2607,6,10,118,0.48360655737704916
2607,5,12,130,0.5327868852459017
2607,4,8,138,0.5655737704918032
2607,3,25,163,0.6680327868852459
2607,2,58,221,0.9057377049180327
2607,1,9,230,0.9426229508196722
2607,0,14,244,1.0
2608,89,2,2,0.007751937984496124
2608,79,1,3,0.011627906976744186
2608,71,1,4,0.015503875968992248
2608,70,1,5,0.01937984496124031
2608,69,1,6,0.023255813953488372
2608,68,2,8,0.031007751937984496
2608,67,2,10,0.03875968992248062
2608,65,2,12,0.046511627906976744
2608,64,1,13,0.050387596899224806
2608,63,1,14,0.05426356589147287
2608,62,1,15,0.05813953488372093
2608,61,1,16,0.06201550387596899
2608,60,1,17,0.06589147286821706
2608,54,3,20,0.07751937984496124
2608,53,2,22,0.08527131782945736
2608,51,1,23,0.08914728682170543
2608,50,3,26,0.10077519379844961
2608,49,1,27,0.10465116279069768
2608,47,1,28,0.10852713178294573
2608,46,1,29,0.1124031007751938
2608,45,1,30,0.11627906976744186
2608,44,2,32,0.12403100775193798
2608,43,2,34,0.13178294573643412
2608,42,1,35,0.13565891472868216
2608,41,2,37,0.1434108527131783
2608,39,1,38,0.14728682170542637
2608,37,2,40,0.15503875968992248
2608,36,1,41,0.15891472868217055
2608,35,1,42,0.16279069767441862
2608,34,2,44,0.17054263565891473
2608,31,2,46,0.17829457364341086
2608,30,1,47,0.1821705426356589
2608,28,2,49,0.18992248062015504
2608,27,1,50,0.1937984496124031
2608,26,1,51,0.19767441860465115
2608,25,3,54,0.20930232558139536
2608,24,3,57,0.22093023255813954
2608,23,1,58,0.2248062015503876
2608,22,2,60,0.23255813953488372
2608,21,4,64,0.24806201550387597
2608,20,1,65,0.25193798449612403
2608,19,2,67,0.2596899224806202
2608,18,4,71,0.2751937984496124
2608,17,2,73,0.28294573643410853
2608,16,5,78,0.3023255813953488
2608,15,6,84,0.32558139534883723
2608,14,1,85,0.32945736434108525
2608,13,6,91,0.35271317829457366
2608,12,3,94,0.3643410852713178
2608,11,3,97,0.375968992248062
2608,10,1,98,0.3798449612403101
2608,9,5,103,0.3992248062015504
2608,8,3,106,0.4108527131782946
2608,7,8,114,0.4418604651162791
2608,6,7,121,0.4689922480620155
2608,5,10,131,0.5077519379844961
2608,4,17,148,0.5736434108527132
2608,3,32,180,0.6976744186046512
2608,2,35,215,0.8333333333333334
2608,1,19,234,0.9069767441860465
2608,0,24,258,1.0
2609,104,1,1,0.003105590062111801
2609,85,2,3,0.009316770186335404
2609,81,1,4,0.012422360248447204
2609,79,1,5,0.015527950310559006
2609,75,1,6,0.018633540372670808
2609,71,2,8,0.024844720496894408
2609,65,1,9,0.027950310559006212
2609,64,3,12,0.037267080745341616
2609,60,1,13,0.040372670807453416
2609,57,1,14,0.043478260869565216
2609,55,1,15,0.046583850931677016
2609,54,2,17,0.052795031055900624
2609,46,2,19,0.059006211180124224
2609,44,2,21,0.06521739130434782
2609,43,1,22,0.06832298136645963
2609,42,1,23,0.07142857142857142
2609,40,1,24,0.07453416149068323
2609,38,2,26,0.08074534161490683
2609,37,2,28,0.08695652173913043
2609,36,2,30,0.09316770186335403
2609,33,3,33,0.10248447204968944
2609,32,5,38,0.11801242236024845
2609,31,2,40,0.12422360248447205
2609,30,1,41,0.12732919254658384
2609,29,1,42,0.13043478260869565
2609,28,1,43,0.13354037267080746
2609,26,2,45,0.13975155279503104
2609,25,2,47,0.14596273291925466
2609,24,6,53,0.16459627329192547
2609,23,3,56,0.17391304347826086
2609,22,1,57,0.17701863354037267
2609,21,4,61,0.18944099378881987
2609,20,1,62,0.19254658385093168
2609,19,7,69,0.21428571428571427
2609,18,3,72,0.2236024844720497
2609,17,1,73,0.2267080745341615
2609,16,3,76,0.2360248447204969
2609,15,6,82,0.2546583850931677
2609,14,7,89,0.27639751552795033
2609,13,3,92,0.2857142857142857
2609,12,7,99,0.30745341614906835
2609,11,8,107,0.33229813664596275
2609,10,3,110,0.3416149068322981
2609,9,10,120,0.37267080745341613
2609,8,8,128,0.39751552795031053
2609,7,9,137,0.4254658385093168
2609,6,4,141,0.43788819875776397
2609,5,15,156,0.484472049689441
2609,4,30,186,0.577639751552795
2609,3,36,222,0.6894409937888198
2609,2,54,276,0.8571428571428571
2609,1,28,304,0.9440993788819876
2609,0,18,322,1.0
2610,94,2,2,0.0058309037900874635
2610,88,1,3,0.008746355685131196
2610,81,1,4,0.011661807580174927
2610,74,1,5,0.014577259475218658
2610,70,1,6,0.01749271137026239
2610,67,2,8,0.023323615160349854
2610,66,1,9,0.026239067055393587
2610,62,1,10,0.029154518950437316
2610,56,2,12,0.03498542274052478
2610,54,1,13,0.037900874635568516
2610,53,4,17,0.04956268221574344
2610,52,1,18,0.052478134110787174
2610,51,2,20,0.05830903790087463
2610,50,1,21,0.061224489795918366
2610,48,1,22,0.0641399416909621
2610,47,2,24,0.06997084548104957
2610,46,1,25,0.0728862973760933
2610,44,2,27,0.07871720116618076
2610,43,1,28,0.08163265306122448
2610,42,2,30,0.08746355685131195
2610,40,2,32,0.09329446064139942
2610,39,4,36,0.10495626822157435
2610,38,2,38,0.11078717201166181
2610,36,3,41,0.119533527696793
2610,34,1,42,0.12244897959183673
2610,33,5,47,0.13702623906705538
2610,32,2,49,0.14285714285714285
2610,31,5,54,0.15743440233236153
2610,30,1,55,0.16034985422740525
2610,29,3,58,0.16909620991253643
2610,28,2,60,0.1749271137026239
2610,27,2,62,0.18075801749271136
2610,26,5,67,0.19533527696793002
2610,25,4,71,0.20699708454810495
2610,24,11,82,0.239067055393586
2610,23,5,87,0.2536443148688047
2610,22,5,92,0.26822157434402333
2610,21,2,94,0.27405247813411077
2610,20,8,102,0.29737609329446063
2610,19,6,108,0.31486880466472306
2610,18,1,109,0.3177842565597668
2610,17,9,118,0.34402332361516036
2610,16,5,123,0.358600583090379
2610,15,4,127,0.37026239067055394
2610,14,8,135,0.3935860058309038
2610,13,9,144,0.4198250728862974
2610,12,5,149,0.43440233236151604
2610,11,1,150,0.43731778425655976
2610,10,7,157,0.4577259475218659
2610,9,3,160,0.46647230320699706
2610,8,5,165,0.48104956268221577
2610,7,7,172,0.5014577259475219
2610,6,9,181,0.5276967930029155
2610,5,24,205,0.597667638483965
2610,4,22,227,0.6618075801749271
2610,3,37,264,0.7696793002915452
2610,2,40,304,0.8862973760932945
2610,1,18,322,0.9387755102040817
2610,0,21,343,1.0
2611,98,1,1,0.002398081534772182
2611,97,1,2,0.004796163069544364
2611,95,1,3,0.007194244604316547
2611,93,1,4,0.009592326139088728
2611,89,1,5,0.011990407673860911
2611,87,1,6,0.014388489208633094
2611,81,2,8,0.019184652278177457
2611,77,2,10,0.023980815347721823
2611,76,1,11,0.026378896882494004
2611,75,1,12,0.02877697841726619
2611,74,2,14,0.03357314148681055
2611,70,1,15,0.03597122302158273
2611,69,3,18,0.04316546762589928
2611,68,2,20,0.047961630695443645
2611,62,1,21,0.050359712230215826
2611,61,1,22,0.05275779376498801
2611,60,1,23,0.05515587529976019
2611,53,1,24,0.05755395683453238
2611,52,1,25,0.05995203836930456
2611,51,3,28,0.0671462829736211
2611,49,1,29,0.06954436450839328
2611,48,2,31,0.07434052757793765
2611,47,1,32,0.07673860911270983
2611,45,1,33,0.07913669064748201
2611,44,1,34,0.0815347721822542
2611,42,3,37,0.08872901678657075
2611,41,1,38,0.09112709832134293
2611,39,1,39,0.09352517985611511
2611,38,2,41,0.09832134292565947
2611,37,1,42,0.10071942446043165
2611,36,8,50,0.11990407673860912
2611,35,5,55,0.13189448441247004
2611,34,3,58,0.13908872901678657
2611,33,3,61,0.14628297362110312
2611,32,2,63,0.1510791366906475
2611,30,5,68,0.1630695443645084
2611,29,2,70,0.16786570743405277
2611,28,4,74,0.1774580335731415
2611,27,2,76,0.18225419664268586
2611,26,4,80,0.19184652278177458
2611,25,4,84,0.2014388489208633
2611,24,9,93,0.22302158273381295
2611,23,9,102,0.2446043165467626
2611,22,3,105,0.2517985611510791
2611,21,8,113,0.2709832134292566
2611,19,6,119,0.2853717026378897
2611,18,4,123,0.2949640287769784
2611,17,14,137,0.328537170263789
2611,16,6,143,0.34292565947242204
2611,15,10,153,0.3669064748201439
2611,14,2,155,0.37170263788968827
2611,13,3,158,0.37889688249400477
2611,12,5,163,0.3908872901678657
2611,11,7,170,0.407673860911271
2611,10,15,185,0.44364508393285373
2611,9,11,196,0.47002398081534774
2611,8,8,204,0.4892086330935252
2611,7,21,225,0.539568345323741
2611,6,18,243,0.5827338129496403
2611,5,23,266,0.6378896882494005
2611,4,44,310,0.7434052757793765
2611,3,75,385,0.9232613908872902
2611,2,7,392,0.9400479616306955
2611,1,9,401,0.9616306954436451
2611,0,16,417,1.0
2624,4,3,3,0.047619047619047616
2624,3,6,9,0.14285714285714285
2624,2,13,22,0.3492063492063492
2624,1,26,48,0.7619047619047619
2624,0,15,63,1.0
2655,25,1,1,0.011363636363636364
2655,24,1,2,0.022727272727272728
2655,22,1,3,0.03409090909090909
2655,13,3,6,0.06818181818181818
2655,12,1,7,0.07954545454545454
2655,11,1,8,0.09090909090909091
2655,10,1,9,0.10227272727272728
2655,9,1,10,0.11363636363636363
2655,8,1,11,0.125
2655,5,3,14,0.1590909090909091
2655,4,3,17,0.19318181818181818
2655,3,7,24,0.2727272727272727
2655,2,14,38,0.4318181818181818
2655,1,37,75,0.8522727272727273
2655,0,13,88,1.0
2657,149,1,1,0.0010582010582010583
2657,148,1,2,0.0021164021164021165
2657,138,1,3,0.0031746031746031746
2657,137,1,4,0.004232804232804233
2657,134,1,5,0.005291005291005291
2657,132,1,6,0.006349206349206349
2657,130,2,8,0.008465608465608466
2657,129,2,10,0.010582010582010581
2657,126,3,13,0.013756613756613757
2657,125,1,14,0.014814814814814815
2657,124,2,16,0.016931216931216932
2657,123,1,17,0.01798941798941799
2657,117,1,18,0.01904761904761905
2657,112,1,19,0.020105820105820106
2657,111,1,20,0.021164021164021163
2657,110,1,21,0.022222222222222223
2657,109,2,23,0.02433862433862434
2657,108,2,25,0.026455026455026454
2657,104,1,26,0.027513227513227514
2657,102,1,27,0.02857142857142857
2657,99,1,28,0.02962962962962963
2657,96,4,32,0.033862433862433865
2657,95,2,34,0.03597883597883598
2657,94,1,35,0.037037037037037035
2657,91,3,38,0.04021164021164021
2657,90,2,40,0.042328042328042326
2657,88,4,44,0.04656084656084656
2657,87,1,45,0.047619047619047616
2657,86,2,47,0.04973544973544974
2657,85,3,50,0.05291005291005291
2657,84,3,53,0.056084656084656084
2657,83,1,54,0.05714285714285714
2657,82,3,57,0.06031746031746032
2657,81,3,60,0.06349206349206349
2657,80,1,61,0.06455026455026455
2657,79,2,63,0.06666666666666667
2657,78,3,66,0.06984126984126984
2657,77,2,68,0.07195767195767196
2657,76,3,71,0.07513227513227513
2657,75,5,76,0.08042328042328042
2657,74,1,77,0.08148148148148149
2657,73,5,82,0.08677248677248678
2657,72,9,91,0.0962962962962963
2657,71,10,101,0.10687830687830688
2657,70,12,113,0.11957671957671957
2657,69,43,156,0.16507936507936508
2657,68,55,211,0.22328042328042327
2657,67,19,230,0.24338624338624337
2657,66,1,231,0.24444444444444444
2657,65,1,232,0.2455026455026455
2657,64,5,237,0.2507936507936508
2657,63,2,239,0.2529100529100529
2657,62,2,241,0.25502645502645505
2657,61,3,244,0.2582010582010582
2657,60,1,245,0.25925925925925924
2657,59,2,247,0.2613756613756614
2657,58,1,248,0.2624338624338624
2657,57,5,253,0.2677248677248677
2657,56,5,258,0.273015873015873
2657,55,6,264,0.27936507936507937
2657,54,1,265,0.2804232804232804
2657,53,2,267,0.28253968253968254
2657,52,4,271,0.2867724867724868
2657,51,2,273,0.28888888888888886
2657,50,3,276,0.2920634920634921
2657,49,3,279,0.29523809523809524
2657,48,2,281,0.29735449735449737
2657,47,1,282,0.2984126984126984
2657,46,4,286,0.30264550264550266
2657,45,5,291,0.30793650793650795
2657,44,4,295,0.31216931216931215
2657,43,2,297,0.3142857142857143
2657,42,3,300,0.31746031746031744
2657,41,4,304,0.3216931216931217
2657,40,4,308,0.32592592592592595
2657,39,1,309,0.326984126984127
2657,37,9,318,0.33650793650793653
2657,36,4,322,0.34074074074074073
2657,35,6,328,0.3470899470899471
2657,34,5,333,0.3523809523809524
2657,33,9,342,0.3619047619047619
2657,32,2,344,0.364021164021164
2657,31,9,353,0.37354497354497357
2657,30,1,354,0.3746031746031746
2657,29,10,364,0.3851851851851852
2657,28,6,370,0.3915343915343915
2657,27,9,379,0.40105820105820106
2657,26,4,383,0.4052910052910053
2657,25,6,389,0.41164021164021164
2657,24,4,393,0.4158730158730159
2657,23,11,404,0.4275132275132275
2657,22,11,415,0.43915343915343913
2657,21,11,426,0.4507936507936508
2657,20,20,446,0.47195767195767196
2657,19,17,463,0.48994708994708996
2657,18,6,469,0.4962962962962963
2657,17,13,482,0.5100529100529101
2657,16,10,492,0.5206349206349207
2657,15,5,497,0.5259259259259259
2657,14,21,518,0.5481481481481482
2657,13,10,528,0.5587301587301587
2657,12,20,548,0.5798941798941799
2657,11,13,561,0.5936507936507937
2657,10,16,577,0.6105820105820106
2657,9,25,602,0.6370370370370371
2657,8,21,623,0.6592592592592592
2657,7,30,653,0.691005291005291
2657,6,34,687,0.726984126984127
2657,5,59,746,0.7894179894179895
2657,4,96,842,0.891005291005291
2657,3,54,896,0.9481481481481482
2657,2,30,926,0.9798941798941799
2657,1,17,943,0.9978835978835979
2657,0,2,945,1.0
2665,125,1,1,0.006060606060606061
2665,123,1,2,0.012121212121212121
2665,116,1,3,0.01818181818181818
2665,110,4,7,0.04242424242424243
2665,109,1,8,0.048484848484848485
2665,108,1,9,0.05454545454545454
2665,106,1,10,0.06060606060606061
2665,100,1,11,0.06666666666666667
2665,94,2,13,0.07878787878787878
2665,79,1,14,0.08484848484848485
2665,78,1,15,0.09090909090909091
2665,75,1,16,0.09696969696969697
2665,73,1,17,0.10303030303030303
2665,65,2,19,0.11515151515151516
2665,62,1,20,0.12121212121212122
2665,55,2,22,0.13333333333333333
2665,48,1,23,0.1393939393939394
2665,45,1,24,0.14545454545454545
2665,43,1,25,0.15151515151515152
2665,36,1,26,0.15757575757575756
2665,32,1,27,0.16363636363636364
2665,30,1,28,0.1696969696969697
2665,29,3,31,0.18787878787878787
2665,28,1,32,0.19393939393939394
2665,27,1,33,0.2
2665,25,2,35,0.21212121212121213
2665,24,2,37,0.22424242424242424
2665,23,2,39,0.23636363636363636
2665,22,3,42,0.2545454545454545
2665,21,1,43,0.2606060606060606
2665,20,2,45,0.2727272727272727
2665,19,2,47,0.28484848484848485
2665,18,1,48,0.2909090909090909
2665,17,5,53,0.3212121212121212
2665,16,1,54,0.32727272727272727
2665,15,5,59,0.3575757575757576
2665,13,3,62,0.37575757575757573
2665,12,2,64,0.3878787878787879
2665,10,3,67,0.40606060606060607
2665,9,3,70,0.42424242424242425
2665,8,4,74,0.4484848484848485
2665,7,3,77,0.4666666666666667
2665,6,10,87,0.5272727272727272
2665,5,16,103,0.6242424242424243
2665,4,6,109,0.6606060606060606
2665,3,18,127,0.7696969696969697
2665,2,14,141,0.8545454545454545
2665,1,8,149,0.9030303030303031
2665,0,16,165,1.0
2667,151,1,1,0.004524886877828055
2667,110,1,2,0.00904977375565611
2667,102,2,4,0.01809954751131222
2667,90,1,5,0.02262443438914027
2667,87,1,6,0.027149321266968326
2667,83,1,7,0.03167420814479638
2667,65,1,8,0.03619909502262444
2667,63,1,9,0.04072398190045249
2667,60,1,10,0.04524886877828054
2667,59,1,11,0.049773755656108594
2667,58,1,12,0.05429864253393665
2667,50,1,13,0.058823529411764705
2667,48,1,14,0.06334841628959276
2667,47,2,16,0.07239819004524888
2667,46,1,17,0.07692307692307693
2667,43,1,18,0.08144796380090498
2667,42,1,19,0.08597285067873303
2667,41,1,20,0.09049773755656108
2667,38,1,21,0.09502262443438914
2667,35,1,22,0.09954751131221719
2667,34,1,23,0.10407239819004525
2667,33,2,25,0.11312217194570136
2667,32,1,26,0.11764705882352941
2667,31,2,28,0.12669683257918551
2667,28,1,29,0.13122171945701358
2667,27,1,30,0.13574660633484162
2667,26,2,32,0.14479638009049775
2667,25,5,37,0.167420814479638
2667,24,2,39,0.17647058823529413
2667,23,1,40,0.18099547511312217
2667,20,1,41,0.18552036199095023
2667,19,3,44,0.19909502262443438
2667,17,2,46,0.2081447963800905
2667,16,1,47,0.21266968325791855
2667,15,3,50,0.22624434389140272
2667,14,3,53,0.2398190045248869
2667,12,5,58,0.26244343891402716
2667,11,8,66,0.2986425339366516
2667,10,7,73,0.33031674208144796
2667,9,3,76,0.3438914027149321
2667,8,4,80,0.36199095022624433
2667,7,4,84,0.38009049773755654
2667,6,1,85,0.38461538461538464
2667,5,13,98,0.4434389140271493
2667,4,21,119,0.5384615384615384
2667,3,24,143,0.6470588235294118
2667,2,46,189,0.8552036199095022
2667,1,10,199,0.9004524886877828
2667,0,22,221,1.0
2668,130,1,1,0.007692307692307693
2668,95,2,3,0.023076923076923078
2668,93,2,5,0.038461538461538464
2668,74,1,6,0.046153846153846156
2668,72,1,7,0.05384615384615385
2668,68,1,8,0.06153846153846154
2668,52,1,9,0.06923076923076923
2668,49,1,10,0.07692307692307693
2668,48,1,11,0.08461538461538462
2668,39,1,12,0.09230769230769231
2668,35,1,13,0.1
2668,28,1,14,0.1076923076923077
2668,27,1,15,0.11538461538461539
2668,25,1,16,0.12307692307692308
2668,19,1,17,0.13076923076923078
2668,17,2,19,0.14615384615384616
2668,9,2,21,0.16153846153846155
2668,8,2,23,0.17692307692307693
2668,7,1,24,0.18461538461538463
2668,6,1,25,0.19230769230769232
2668,5,2,27,0.2076923076923077
2668,4,5,32,0.24615384615384617
2668,3,3,35,0.2692307692307692
2668,2,3,38,0.2923076923076923
2668,1,10,48,0.36923076923076925
2668,0,82,130,1.0
2669,42,1,1,0.02631578947368421
2669,36,1,2,0.05263157894736842
2669,19,1,3,0.07894736842105263
2669,14,1,4,0.10526315789473684
2669,5,1,5,0.13157894736842105
2669,4,4,9,0.23684210526315788
2669,3,4,13,0.34210526315789475
2669,2,1,14,0.3684210526315789
2669,1,3,17,0.4473684210526316
2669,0,21,38,1.0
2670,181,1,1,0.0007598784194528875
2670,180,1,2,0.001519756838905775
2670,175,1,3,0.0022796352583586625
2670,172,1,4,0.00303951367781155
2670,171,2,6,0.004559270516717325
2670,169,1,7,0.005319148936170213
2670,167,1,8,0.0060790273556231
2670,166,1,9,0.006838905775075988
2670,160,1,10,0.007598784194528876
2670,159,1,11,0.008358662613981762
2670,153,1,12,0.00911854103343465
2670,152,1,13,0.009878419452887538
2670,147,2,15,0.011398176291793313
2670,146,3,18,0.013677811550151976
2670,140,1,19,0.014437689969604863
2670,139,1,20,0.015197568389057751
2670,130,2,22,0.016717325227963525
2670,125,3,25,0.018996960486322188
2670,124,4,29,0.022036474164133738
2670,122,2,31,0.023556231003039513
2670,120,1,32,0.0243161094224924
2670,119,1,33,0.02507598784194529
2670,118,3,36,0.02735562310030395
2670,117,1,37,0.02811550151975684
2670,115,1,38,0.028875379939209727
2670,112,1,39,0.029635258358662615
2670,111,1,40,0.030395136778115502
2670,110,1,41,0.03115501519756839
2670,109,1,42,0.031914893617021274
2670,107,2,44,0.03343465045592705
2670,105,1,45,0.03419452887537994
2670,104,2,47,0.03571428571428571
2670,103,1,48,0.0364741641337386
2670,102,1,49,0.03723404255319149
2670,100,2,51,0.03875379939209726
2670,99,1,52,0.03951367781155015
2670,97,1,53,0.04027355623100304
2670,95,3,56,0.0425531914893617
2670,94,1,57,0.04331306990881459
2670,92,1,58,0.044072948328267476
2670,90,1,59,0.044832826747720364
2670,89,2,61,0.04635258358662614
2670,88,4,65,0.04939209726443769
2670,86,1,66,0.05015197568389058
2670,84,5,71,0.053951367781155016
2670,83,3,74,0.05623100303951368
2670,82,2,76,0.057750759878419454
2670,81,1,77,0.05851063829787234
2670,80,1,78,0.05927051671732523
2670,79,3,81,0.06155015197568389
2670,78,7,88,0.0668693009118541
2670,77,3,91,0.06914893617021277
2670,76,3,94,0.07142857142857142
2670,75,3,97,0.0737082066869301
2670,74,3,100,0.07598784194528875
2670,73,2,102,0.07750759878419453
2670,72,3,105,0.0797872340425532
2670,71,2,107,0.08130699088145897
2670,70,2,109,0.08282674772036475
2670,68,6,115,0.08738601823708207
2670,67,2,117,0.08890577507598785
2670,66,1,118,0.08966565349544073
2670,65,4,122,0.09270516717325228
2670,64,4,126,0.09574468085106383
2670,63,2,128,0.0972644376899696
2670,62,9,137,0.10410334346504559
2670,61,7,144,0.1094224924012158
2670,60,6,150,0.11398176291793313
2670,59,9,159,0.12082066869300911
2670,58,6,165,0.12537993920972645
2670,57,22,187,0.14209726443768997
2670,56,13,200,0.1519756838905775
2670,55,15,215,0.16337386018237082
2670,54,11,226,0.1717325227963526
2670,53,7,233,0.1770516717325228
2670,52,19,252,0.19148936170212766
2670,51,11,263,0.19984802431610943
2670,50,24,287,0.21808510638297873
2670,49,23,310,0.23556231003039513
2670,48,45,355,0.26975683890577506
2670,47,114,469,0.35638297872340424
2670,46,5,474,0.3601823708206687
2670,45,5,479,0.3639817629179331
2670,44,4,483,0.3670212765957447
2670,43,2,485,0.36854103343465044
2670,42,2,487,0.3700607902735562
2670,41,5,492,0.3738601823708207
2670,40,4,496,0.3768996960486322
2670,39,2,498,0.378419452887538
2670,38,8,506,0.3844984802431611
2670,37,4,510,0.38753799392097266
2670,36,1,511,0.3882978723404255
2670,35,3,514,0.3905775075987842
2670,34,5,519,0.3943768996960486
2670,33,4,523,0.3974164133738602
2670,32,1,524,0.3981762917933131
2670,31,7,531,0.4034954407294833
2670,30,7,538,0.4088145896656535
2670,29,11,549,0.41717325227963525
2670,28,10,559,0.4247720364741641
2670,27,8,567,0.4308510638297872
2670,26,11,578,0.439209726443769
2670,25,5,583,0.4430091185410334
2670,24,6,589,0.44756838905775076
2670,23,7,596,0.45288753799392095
2670,22,7,603,0.4582066869300912
2670,21,8,611,0.4642857142857143
2670,20,18,629,0.47796352583586627
2670,19,8,637,0.48404255319148937
2670,18,13,650,0.4939209726443769
2670,17,14,664,0.5045592705167173
2670,16,10,674,0.5121580547112462
2670,15,14,688,0.5227963525835866
2670,14,15,703,0.53419452887538
2670,13,14,717,0.5448328267477204
2670,12,16,733,0.5569908814589666
2670,11,23,756,0.574468085106383
2670,10,29,785,0.5965045592705167
2670,9,28,813,0.6177811550151976
2670,8,44,857,0.6512158054711246
2670,7,46,903,0.6861702127659575
2670,6,74,977,0.7424012158054711
2670,5,119,1096,0.8328267477203647
2670,4,49,1145,0.8700607902735562
2670,3,28,1173,0.8913373860182371
2670,2,52,1225,0.9308510638297872
2670,1,68,1293,0.9825227963525835
2670,0,23,1316,1.0
2672,164,1,1,0.00684931506849315
2672,158,1,2,0.0136986301369863
2672,146,1,3,0.02054794520547945
2672,127,1,4,0.0273972602739726
2672,105,1,5,0.03424657534246575
2672,100,1,6,0.0410958904109589
2672,79,1,7,0.04794520547945205
2672,75,1,8,0.0547945205479452
2672,70,1,9,0.06164383561643835
2672,69,1,10,0.0684931506849315
2672,66,1,11,0.07534246575342465
2672,59,2,13,0.08904109589041095
2672,45,1,14,0.0958904109589041
2672,44,2,16,0.1095890410958904
2672,43,1,17,0.11643835616438356
2672,40,4,21,0.14383561643835616
2672,39,2,23,0.15753424657534246
2672,38,10,33,0.22602739726027396
2672,35,1,34,0.2328767123287671
2672,34,2,36,0.2465753424657534
2672,31,1,37,0.2534246575342466
2672,30,1,38,0.2602739726027397
2672,27,1,39,0.2671232876712329
2672,25,2,41,0.2808219178082192
2672,23,2,43,0.2945205479452055
2672,20,1,44,0.3013698630136986
2672,19,3,47,0.3219178082191781
2672,18,3,50,0.3424657534246575
2672,17,2,52,0.3561643835616438
2672,16,4,56,0.3835616438356164
2672,15,3,59,0.4041095890410959
2672,14,1,60,0.410958904109589
2672,13,3,63,0.4315068493150685
2672,12,2,65,0.4452054794520548
2672,11,10,75,0.5136986301369864
2672,10,4,79,0.541095890410959
2672,9,1,80,0.547945205479452
2672,8,4,84,0.5753424657534246
2672,7,9,93,0.636986301369863
2672,6,5,98,0.6712328767123288
2672,5,4,102,0.6986301369863014
2672,4,2,104,0.7123287671232876
2672,3,5,109,0.7465753424657534
2672,2,9,118,0.8082191780821918
2672,1,23,141,0.9657534246575342
2672,0,5,146,1.0
2673,163,2,2,0.01904761904761905
2673,162,1,3,0.02857142857142857
2673,151,1,4,0.0380952380952381
2673,99,1,5,0.047619047619047616
2673,83,1,6,0.05714285714285714
2673,76,2,8,0.0761904761904762
2673,74,1,9,0.08571428571428572
2673,73,2,11,0.10476190476190476
2673,67,1,12,0.11428571428571428
2673,63,1,13,0.12380952380952381
2673,58,1,14,0.13333333333333333
2673,55,1,15,0.14285714285714285
2673,54,2,17,0.1619047619047619
2673,52,1,18,0.17142857142857143
2673,49,3,21,0.2
2673,45,2,23,0.21904761904761905
2673,44,2,25,0.23809523809523808
2673,42,2,27,0.2571428571428571
2673,41,4,31,0.29523809523809524
2673,40,3,34,0.3238095238095238
2673,39,3,37,0.3523809523809524
2673,38,4,41,0.3904761904761905
2673,36,2,43,0.4095238095238095
2673,33,1,44,0.41904761904761906
2673,30,1,45,0.42857142857142855
2673,28,1,46,0.4380952380952381
2673,26,2,48,0.45714285714285713
2673,25,1,49,0.4666666666666667
2673,23,1,50,0.47619047619047616
2673,22,2,52,0.49523809523809526
2673,21,3,55,0.5238095238095238
2673,19,1,56,0.5333333333333333
2673,18,2,58,0.5523809523809524
2673,16,2,60,0.5714285714285714
2673,13,1,61,0.580952380952381
2673,12,2,63,0.6
2673,10,3,66,0.6285714285714286
2673,9,4,70,0.6666666666666666
2673,8,3,73,0.6952380952380952
2673,6,2,75,0.7142857142857143
2673,4,5,80,0.7619047619047619
2673,3,3,83,0.7904761904761904
2673,2,2,85,0.8095238095238095
2673,1,10,95,0.9047619047619048
2673,0,10,105,1.0
2674,163,1,1,0.0035842293906810036
2674,140,2,3,0.010752688172043012
2674,132,1,4,0.014336917562724014
2674,124,1,5,0.017921146953405017
2674,107,1,6,0.021505376344086023
2674,84,1,7,0.025089605734767026
2674,83,2,9,0.03225806451612903
2674,78,2,11,0.03942652329749104
2674,67,1,12,0.043010752688172046
2674,63,1,13,0.04659498207885305
2674,57,1,14,0.05017921146953405
2674,54,3,17,0.06093189964157706
2674,53,2,19,0.06810035842293907
2674,51,1,20,0.07168458781362007
2674,50,3,23,0.08243727598566308
2674,48,1,24,0.08602150537634409
2674,46,2,26,0.0931899641577061
2674,45,1,27,0.0967741935483871
2674,41,1,28,0.1003584229390681
2674,39,2,30,0.10752688172043011
2674,37,2,32,0.11469534050179211
2674,36,1,33,0.11827956989247312
2674,35,1,34,0.12186379928315412
2674,34,1,35,0.12544802867383512
2674,32,1,36,0.12903225806451613
2674,29,3,39,0.13978494623655913
2674,27,1,40,0.14336917562724014
2674,26,1,41,0.14695340501792115
2674,25,2,43,0.15412186379928317
2674,23,3,46,0.16487455197132617
2674,22,2,48,0.17204301075268819
2674,21,2,50,0.17921146953405018
2674,20,6,56,0.2007168458781362
2674,19,3,59,0.2114695340501792
2674,17,4,63,0.22580645161290322
2674,16,1,64,0.22939068100358423
2674,15,1,65,0.23297491039426524
2674,13,3,68,0.24372759856630824
2674,12,6,74,0.26523297491039427
2674,11,7,81,0.2903225806451613
2674,10,4,85,0.3046594982078853
2674,9,5,90,0.3225806451612903
2674,8,12,102,0.3655913978494624
2674,7,8,110,0.3942652329749104
2674,6,7,117,0.41935483870967744
2674,5,14,131,0.46953405017921146
2674,4,19,150,0.5376344086021505
2674,3,45,195,0.6989247311827957
2674,2,48,243,0.8709677419354839
2674,1,13,256,0.9175627240143369
2674,0,23,279,1.0
2675,166,1,1,0.009174311926605505
2675,164,1,2,0.01834862385321101
2675,159,2,4,0.03669724770642202
2675,151,1,5,0.045871559633027525
2675,133,1,6,0.05504587155963303
2675,107,1,7,0.06422018348623854
2675,98,1,8,0.07339449541284404
2675,79,1,9,0.08256880733944955
2675,77,1,10,0.09174311926605505
2675,62,2,12,0.11009174311926606
2675,56,1,13,0.11926605504587157
2675,53,2,15,0.13761467889908258
2675,49,1,16,0.14678899082568808
2675,47,1,17,0.1559633027522936
2675,44,2,19,0.1743119266055046
2675,41,2,21,0.1926605504587156
2675,37,1,22,0.2018348623853211
2675,36,1,23,0.21100917431192662
2675,30,2,25,0.22935779816513763
2675,29,2,27,0.24770642201834864
2675,27,3,30,0.27522935779816515
2675,25,1,31,0.28440366972477066
2675,21,4,35,0.3211009174311927
2675,20,3,38,0.3486238532110092
2675,19,3,41,0.3761467889908257
2675,18,1,42,0.3853211009174312
2675,17,1,43,0.3944954128440367
2675,16,1,44,0.4036697247706422
2675,15,1,45,0.41284403669724773
2675,12,2,47,0.43119266055045874
2675,11,2,49,0.44954128440366975
2675,10,2,51,0.46788990825688076
2675,9,1,52,0.47706422018348627
2675,8,2,54,0.4954128440366973
2675,7,3,57,0.5229357798165137
2675,6,2,59,0.5412844036697247
2675,5,9,68,0.6238532110091743
2675,4,11,79,0.7247706422018348
2675,3,4,83,0.7614678899082569
2675,2,6,89,0.8165137614678899
2675,1,6,95,0.8715596330275229
2675,0,14,109,1.0
2676,166,1,1,0.018518518518518517
2676,140,2,3,0.05555555555555555
2676,134,1,4,0.07407407407407407
2676,105,1,5,0.09259259259259259
2676,83,1,6,0.1111111111111111
2676,64,1,7,0.12962962962962962
2676,62,1,8,0.14814814814814814
2676,55,1,9,0.16666666666666666
2676,48,1,10,0.18518518518518517
2676,39,1,11,0.2037037037037037
2676,34,1,12,0.2222222222222222
2676,25,1,13,0.24074074074074073
2676,23,1,14,0.25925925925925924
2676,20,2,16,0.2962962962962963
2676,16,1,17,0.3148148148148148
2676,15,1,18,0.3333333333333333
2676,14,2,20,0.37037037037037035
2676,13,1,21,0.3888888888888889
2676,12,2,23,0.42592592592592593
2676,11,1,24,0.4444444444444444
2676,5,3,27,0.5
2676,4,3,30,0.5555555555555556
2676,3,2,32,0.5925925925925926
2676,2,11,43,0.7962962962962963
2676,1,5,48,0.8888888888888888
2676,0,6,54,1.0
2677,168,1,1,0.009900990099009901
2677,166,1,2,0.019801980198019802
2677,153,1,3,0.0297029702970297
2677,82,1,4,0.039603960396039604
2677,75,1,5,0.04950495049504951
2677,59,1,6,0.0594059405940594
2677,58,2,8,0.07920792079207921
2677,55,1,9,0.0891089108910891
2677,51,2,11,0.10891089108910891
2677,46,2,13,0.12871287128712872
2677,35,1,14,0.13861386138613863
2677,29,1,15,0.1485148514851485
2677,28,1,16,0.15841584158415842
2677,26,2,18,0.1782178217821782
2677,23,2,20,0.19801980198019803
2677,22,4,24,0.2376237623762376
2677,21,2,26,0.25742574257425743
2677,20,1,27,0.26732673267326734
2677,19,1,28,0.27722772277227725
2677,18,1,29,0.2871287128712871
2677,17,3,32,0.31683168316831684
2677,15,1,33,0.32673267326732675
2677,14,1,34,0.33663366336633666
2677,13,1,35,0.3465346534653465
2677,10,4,39,0.38613861386138615
2677,9,1,40,0.39603960396039606
2677,8,2,42,0.4158415841584158
2677,7,6,48,0.4752475247524752
2677,6,6,54,0.5346534653465347
2677,5,3,57,0.5643564356435643
2677,4,6,63,0.6237623762376238
2677,2,7,70,0.693069306930693
2677,1,15,85,0.8415841584158416
2677,0,16,101,1.0
2678,177,1,1,0.02564102564102564
2678,169,1,2,0.05128205128205128
2678,143,2,4,0.10256410256410256
2678,68,1,5,0.1282051282051282
2678,64,1,6,0.15384615384615385
2678,50,1,7,0.1794871794871795
2678,41,1,8,0.20512820512820512
2678,31,1,9,0.23076923076923078
2678,30,1,10,0.2564102564102564
2678,26,1,11,0.28205128205128205
2678,7,2,13,0.3333333333333333
2678,6,1,14,0.358974358974359
2678,5,2,16,0.41025641025641024
2678,3,2,18,0.46153846153846156
2678,2,3,21,0.5384615384615384
2678,1,5,26,0.6666666666666666
2678,0,13,39,1.0
2679,115,1,1,0.025
2679,108,1,2,0.05
2679,62,1,3,0.075
2679,58,1,4,0.1
2679,55,1,5,0.125
2679,50,1,6,0.15
2679,49,1,7,0.175
2679,48,1,8,0.2
2679,46,1,9,0.225
2679,44,1,10,0.25
2679,43,1,11,0.275
2679,36,1,12,0.3
2679,27,1,13,0.325
2679,19,1,14,0.35
2679,18,3,17,0.425
2679,16,1,18,0.45
2679,13,1,19,0.475
2679,12,1,20,0.5
2679,11,1,21,0.525
2679,7,2,23,0.575
2679,6,1,24,0.6
2679,5,1,25,0.625
2679,4,2,27,0.675
2679,3,3,30,0.75
2679,2,1,31,0.775
2679,1,2,33,0.825
2679,0,7,40,1.0
2680,109,1,1,0.05
2680,105,1,2,0.1
2680,91,1,3,0.15
2680,73,1,4,0.2
2680,68,1,5,0.25
2680,59,3,8,0.4
2680,31,1,9,0.45
2680,7,1,10,0.5
2680,2,2,12,0.6
2680,1,7,19,0.95
2680,0,1,20,1.0
2681,67,1,1,0.015151515151515152
2681,46,1,2,0.030303030303030304
2681,42,1,3,0.045454545454545456
2681,28,1,4,0.06060606060606061
2681,26,1,5,0.07575757575757576
2681,23,1,6,0.09090909090909091
2681,22,1,7,0.10606060606060606
2681,20,2,9,0.13636363636363635
2681,15,1,10,0.15151515151515152
2681,14,1,11,0.16666666666666666
2681,12,2,13,0.19696969696969696
2681,10,2,15,0.22727272727272727
2681,9,3,18,0.2727272727272727
2681,8,1,19,0.2878787878787879
2681,7,1,20,0.30303030303030304
2681,5,2,22,0.3333333333333333
2681,4,1,23,0.3484848484848485
2681,3,5,28,0.42424242424242425
2681,2,9,37,0.5606060606060606
2681,1,19,56,0.8484848484848485
2681,0,10,66,1.0
2684,117,1,1,0.004524886877828055
2684,95,1,2,0.00904977375565611
2684,92,1,3,0.013574660633484163
2684,70,1,4,0.01809954751131222
2684,62,1,5,0.02262443438914027
2684,52,1,6,0.027149321266968326
2684,50,1,7,0.03167420814479638
2684,49,1,8,0.03619909502262444
2684,36,1,9,0.04072398190045249
2684,33,1,10,0.04524886877828054
2684,29,1,11,0.049773755656108594
2684,27,2,13,0.058823529411764705
2684,25,1,14,0.06334841628959276
2684,24,1,15,0.06787330316742081
2684,14,2,17,0.07692307692307693
2684,13,2,19,0.08597285067873303
2684,12,6,25,0.11312217194570136
2684,11,1,26,0.11764705882352941
2684,9,2,28,0.12669683257918551
2684,8,1,29,0.13122171945701358
2684,7,1,30,0.13574660633484162
2684,6,2,32,0.14479638009049775
2684,5,1,33,0.1493212669683258
2684,4,2,35,0.1583710407239819
2684,3,4,39,0.17647058823529413
2684,2,10,49,0.22171945701357465
2684,1,14,63,0.2850678733031674
2684,0,158,221,1.0
2689,116,1,1,0.014084507042253521
2689,94,1,2,0.028169014084507043
2689,69,1,3,0.04225352112676056
2689,61,1,4,0.056338028169014086
2689,49,1,5,0.07042253521126761
2689,26,1,6,0.08450704225352113
2689,24,1,7,0.09859154929577464
2689,16,2,9,0.1267605633802817
2689,13,1,10,0.14084507042253522
2689,11,3,13,0.18309859154929578
2689,6,1,14,0.19718309859154928
2689,5,3,17,0.23943661971830985
2689,4,1,18,0.2535211267605634
2689,3,2,20,0.28169014084507044
2689,2,7,27,0.38028169014084506
2689,1,5,32,0.4507042253521127
2689,0,39,71,1.0
2695,10,1,1,0.017543859649122806
2695,9,1,2,0.03508771929824561
2695,7,1,3,0.05263157894736842
2695,5,1,4,0.07017543859649122
2695,4,1,5,0.08771929824561403
2695,3,3,8,0.14035087719298245
2695,2,13,21,0.3684210526315789
2695,1,24,45,0.7894736842105263
2695,0,12,57,1.0
2696,24,1,1,0.0136986301369863
2696,23,1,2,0.0273972602739726
2696,15,1,3,0.0410958904109589
2696,5,4,7,0.0958904109589041
2696,4,9,16,0.2191780821917808
2696,3,2,18,0.2465753424657534
2696,2,15,33,0.4520547945205479
2696,1,26,59,0.8082191780821918
2696,0,14,73,1.0
2701,40,1,1,0.019230769230769232
2701,28,1,2,0.038461538461538464
2701,26,1,3,0.057692307692307696
2701,25,1,4,0.07692307692307693
2701,24,1,5,0.09615384615384616
2701,5,3,8,0.15384615384615385
2701,4,2,10,0.19230769230769232
2701,3,6,16,0.3076923076923077
2701,2,11,27,0.5192307692307693
2701,1,9,36,0.6923076923076923
2701,0,16,52,1.0
2702,47,2,2,0.024691358024691357
2702,13,1,3,0.037037037037037035
2702,8,1,4,0.04938271604938271
2702,7,3,7,0.08641975308641975
2702,6,1,8,0.09876543209876543
2702,5,2,10,0.12345679012345678
2702,4,1,11,0.13580246913580246
2702,3,2,13,0.16049382716049382
2702,2,12,25,0.30864197530864196
2702,1,36,61,0.7530864197530864
2702,0,20,81,1.0
2703,54,1,1,0.0196078431372549
2703,13,1,2,0.0392156862745098
2703,10,1,3,0.058823529411764705
2703,7,1,4,0.0784313725490196
2703,5,1,5,0.09803921568627451
2703,4,2,7,0.13725490196078433
2703,3,5,12,0.23529411764705882
2703,2,7,19,0.37254901960784315
2703,1,21,40,0.7843137254901961
2703,0,11,51,1.0
2738,91,2,2,0.010309278350515464
2738,76,1,3,0.015463917525773196
2738,68,1,4,0.020618556701030927
2738,66,2,6,0.030927835051546393
2738,64,1,7,0.03608247422680412
2738,61,1,8,0.041237113402061855
2738,59,1,9,0.04639175257731959
2738,58,1,10,0.05154639175257732
2738,53,2,12,0.061855670103092786
2738,46,1,13,0.06701030927835051
2738,41,1,14,0.07216494845360824
2738,39,2,16,0.08247422680412371
2738,35,2,18,0.09278350515463918
2738,34,1,19,0.0979381443298969
2738,31,4,23,0.11855670103092783
2738,29,1,24,0.12371134020618557
2738,28,1,25,0.12886597938144329
2738,27,1,26,0.13402061855670103
2738,26,1,27,0.13917525773195877
2738,25,2,29,0.14948453608247422
2738,23,1,30,0.15463917525773196
2738,21,1,31,0.15979381443298968
2738,20,1,32,0.16494845360824742
2738,19,1,33,0.17010309278350516
2738,18,2,35,0.18041237113402062
2738,17,8,43,0.22164948453608246
2738,16,2,45,0.23195876288659795
2738,15,3,48,0.24742268041237114
2738,14,6,54,0.27835051546391754
2738,13,4,58,0.29896907216494845
2738,12,6,64,0.32989690721649484
2738,11,7,71,0.36597938144329895
2738,10,3,74,0.38144329896907214
2738,9,2,76,0.3917525773195876
2738,8,2,78,0.4020618556701031
2738,7,8,86,0.44329896907216493
2738,6,2,88,0.4536082474226804
2738,5,8,96,0.4948453608247423
2738,4,14,110,0.5670103092783505
2738,3,31,141,0.7268041237113402
2738,2,38,179,0.9226804123711341
2738,1,4,183,0.9432989690721649
2738,0,11,194,1.0
2760,134,1,1,0.003215434083601286
2760,110,1,2,0.006430868167202572
2760,106,2,4,0.012861736334405145
2760,101,1,5,0.01607717041800643
2760,89,1,6,0.01929260450160772
2760,83,1,7,0.022508038585209004
2760,81,1,8,0.02572347266881029
2760,74,2,10,0.03215434083601286
2760,71,1,11,0.03536977491961415
2760,68,2,13,0.04180064308681672
2760,55,1,14,0.04501607717041801
2760,54,1,15,0.04823151125401929
2760,52,1,16,0.05144694533762058
2760,48,1,17,0.05466237942122187
2760,47,1,18,0.05787781350482315
2760,46,3,21,0.06752411575562701
2760,45,1,22,0.0707395498392283
2760,42,2,24,0.07717041800643087
2760,41,1,25,0.08038585209003216
2760,39,1,26,0.08360128617363344
2760,38,1,27,0.08681672025723473
2760,37,5,32,0.10289389067524116
2760,35,1,33,0.10610932475884244
2760,28,2,35,0.11254019292604502
2760,27,1,36,0.1157556270096463
2760,25,2,38,0.12218649517684887
2760,24,1,39,0.12540192926045016
2760,23,1,40,0.12861736334405144
2760,22,3,43,0.1382636655948553
2760,21,3,46,0.14790996784565916
2760,20,4,50,0.1607717041800643
2760,19,2,52,0.16720257234726688
2760,18,3,55,0.17684887459807075
2760,17,5,60,0.19292604501607716
2760,16,5,65,0.2090032154340836
2760,15,1,66,0.21221864951768488
2760,14,3,69,0.22186495176848875
2760,13,8,77,0.24758842443729903
2760,12,4,81,0.2604501607717042
2760,11,4,85,0.2733118971061093
2760,10,7,92,0.2958199356913183
2760,9,8,100,0.3215434083601286
2760,8,14,114,0.3665594855305466
2760,7,9,123,0.3954983922829582
2760,6,5,128,0.4115755627009646
2760,5,27,155,0.4983922829581994
2760,4,60,215,0.6913183279742765
2760,3,68,283,0.909967845659164
2760,2,10,293,0.9421221864951769
2760,1,13,306,0.9839228295819936
2760,0,5,311,1.0
2780,114,1,1,0.0035714285714285713
2780,106,1,2,0.007142857142857143
2780,87,1,3,0.010714285714285714
2780,75,1,4,0.014285714285714285
2780,67,2,6,0.02142857142857143
2780,55,1,7,0.025
2780,53,1,8,0.02857142857142857
2780,52,1,9,0.03214285714285714
2780,50,1,10,0.03571428571428571
2780,47,1,11,0.039285714285714285
2780,46,3,14,0.05
2780,45,3,17,0.060714285714285714
2780,43,1,18,0.06428571428571428
2780,42,2,20,0.07142857142857142
2780,39,1,21,0.075
2780,38,2,23,0.08214285714285714
2780,37,1,24,0.08571428571428572
2780,35,1,25,0.08928571428571429
2780,32,6,31,0.11071428571428571
2780,31,3,34,0.12142857142857143
2780,30,1,35,0.125
2780,29,5,40,0.14285714285714285
2780,26,3,43,0.15357142857142858
2780,25,1,44,0.15714285714285714
2780,24,1,45,0.16071428571428573
2780,21,2,47,0.16785714285714284
2780,20,2,49,0.175
2780,18,3,52,0.18571428571428572
2780,17,1,53,0.18928571428571428
2780,16,2,55,0.19642857142857142
2780,15,2,57,0.20357142857142857
2780,14,3,60,0.21428571428571427
2780,13,4,64,0.22857142857142856
2780,12,4,68,0.24285714285714285
2780,11,13,81,0.2892857142857143
2780,10,4,85,0.30357142857142855
2780,9,7,92,0.32857142857142857
2780,8,14,106,0.37857142857142856
2780,7,17,123,0.4392857142857143
2780,6,18,141,0.5035714285714286
2780,5,8,149,0.5321428571428571
2780,4,23,172,0.6142857142857143
2780,3,20,192,0.6857142857142857
2780,2,50,242,0.8642857142857143
2780,1,26,268,0.9571428571428572
2780,0,12,280,1.0
2788,11,1,1,0.018518518518518517
2788,9,1,2,0.037037037037037035
2788,6,2,4,0.07407407407407407
2788,4,5,9,0.16666666666666666
2788,3,2,11,0.2037037037037037
2788,2,13,24,0.4444444444444444
2788,1,18,42,0.7777777777777778
2788,0,12,54,1.0
2789,20,2,2,0.043478260869565216
2789,15,1,3,0.06521739130434782
2789,8,1,4,0.08695652173913043
2789,5,2,6,0.13043478260869565
2789,4,3,9,0.1956521739130435
2789,3,2,11,0.2391304347826087
2789,2,9,20,0.43478260869565216
2789,1,18,38,0.8260869565217391
2789,0,8,46,1.0
2795,107,1,1,0.0024937655860349127
2795,103,1,2,0.004987531172069825
2795,98,1,3,0.007481296758104738
2795,96,1,4,0.00997506234413965
2795,93,1,5,0.012468827930174564
2795,92,1,6,0.014962593516209476
2795,89,1,7,0.017456359102244388
2795,87,1,8,0.0199501246882793
2795,79,1,9,0.022443890274314215
2795,78,1,10,0.02493765586034913
2795,77,1,11,0.02743142144638404
2795,75,1,12,0.029925187032418952
2795,68,1,13,0.032418952618453865
2795,64,1,14,0.034912718204488775
2795,63,1,15,0.03740648379052369
2795,61,1,16,0.0399002493765586
2795,58,1,17,0.04239401496259352
2795,54,1,18,0.04488778054862843
2795,51,1,19,0.04738154613466334
2795,48,1,20,0.04987531172069826
2795,47,3,23,0.057356608478802994
2795,46,2,25,0.06234413965087282
2795,45,3,28,0.06982543640897755
2795,44,2,30,0.07481296758104738
2795,43,2,32,0.0798004987531172
2795,41,4,36,0.08977556109725686
2795,40,1,37,0.09226932668329177
2795,39,1,38,0.09476309226932668
2795,37,5,43,0.10723192019950124
2795,35,3,46,0.11471321695760599
2795,32,3,49,0.12219451371571072
2795,31,3,52,0.12967581047381546
2795,30,7,59,0.14713216957605985
2795,29,1,60,0.14962593516209477
2795,28,3,63,0.1571072319201995
2795,27,8,71,0.1770573566084788
2795,26,3,74,0.18453865336658354
2795,25,1,75,0.18703241895261846
2795,24,1,76,0.18952618453865336
2795,23,2,78,0.19451371571072318
2795,22,4,82,0.20448877805486285
2795,21,7,89,0.22194513715710723
2795,20,7,96,0.23940149625935161
2795,19,1,97,0.24189526184538654
2795,18,6,103,0.256857855361596
2795,17,6,109,0.2718204488778055
2795,16,9,118,0.2942643391521197
2795,15,6,124,0.3092269326683292
2795,14,5,129,0.32169576059850374
2795,13,4,133,0.3316708229426434
2795,12,12,145,0.36159600997506236
2795,11,17,162,0.40399002493765584
2795,10,13,175,0.43640897755610975
2795,9,11,186,0.46384039900249374
2795,8,11,197,0.4912718204488778
2795,7,12,209,0.5211970074812967
2795,6,13,222,0.5536159600997507
2795,5,18,240,0.5985037406483791
2795,4,40,280,0.6982543640897756
2795,3,36,316,0.7880299251870324
2795,2,44,360,0.8977556109725686
2795,1,27,387,0.9650872817955112
2795,0,14,401,1.0
2805,112,1,1,0.00546448087431694
2805,100,1,2,0.01092896174863388
2805,92,1,3,0.01639344262295082
2805,90,1,4,0.02185792349726776
2805,84,1,5,0.0273224043715847
2805,82,1,6,0.03278688524590164
2805,77,1,7,0.03825136612021858
2805,61,1,8,0.04371584699453552
2805,58,1,9,0.04918032786885246
2805,54,1,10,0.0546448087431694
2805,52,1,11,0.060109289617486336
2805,48,1,12,0.06557377049180328
2805,46,3,15,0.08196721311475409
2805,45,3,18,0.09836065573770492
2805,44,2,20,0.1092896174863388
2805,41,1,21,0.11475409836065574
2805,39,1,22,0.12021857923497267
2805,37,1,23,0.12568306010928962
2805,36,1,24,0.13114754098360656
2805,34,1,25,0.1366120218579235
2805,33,1,26,0.14207650273224043
2805,32,2,28,0.15300546448087432
2805,31,1,29,0.15846994535519127
2805,28,1,30,0.16393442622950818
2805,27,1,31,0.16939890710382513
2805,26,4,35,0.1912568306010929
2805,24,1,36,0.19672131147540983
2805,22,1,37,0.20218579234972678
2805,19,8,45,0.2459016393442623
2805,18,1,46,0.25136612021857924
2805,16,1,47,0.2568306010928962
2805,15,5,52,0.28415300546448086
2805,14,5,57,0.3114754098360656
2805,12,5,62,0.33879781420765026
2805,11,3,65,0.3551912568306011
2805,10,7,72,0.39344262295081966
2805,9,11,83,0.453551912568306
2805,8,1,84,0.45901639344262296
2805,7,3,87,0.47540983606557374
2805,6,4,91,0.4972677595628415
2805,5,11,102,0.5573770491803278
2805,4,12,114,0.6229508196721312
2805,3,20,134,0.73224043715847
2805,2,34,168,0.9180327868852459
2805,1,5,173,0.9453551912568307
2805,0,10,183,1.0
2811,115,1,1,0.0034129692832764505
2811,111,1,2,0.006825938566552901
2811,108,1,3,0.010238907849829351
2811,85,2,5,0.017064846416382253
2811,84,2,7,0.023890784982935155
2811,80,1,8,0.027303754266211604
2811,77,1,9,0.030716723549488054
2811,70,1,10,0.034129692832764506
2811,69,1,11,0.03754266211604096
2811,67,1,12,0.040955631399317405
2811,63,1,13,0.04436860068259386
2811,62,2,15,0.051194539249146756
2811,57,1,16,0.05460750853242321
2811,55,1,17,0.05802047781569966
2811,54,2,19,0.06484641638225255
2811,50,3,22,0.07508532423208192
2811,49,1,23,0.07849829351535836
2811,44,1,24,0.08191126279863481
2811,42,1,25,0.08532423208191127
2811,41,2,27,0.09215017064846416
2811,40,1,28,0.09556313993174062
2811,39,5,33,0.11262798634812286
2811,38,1,34,0.11604095563139932
2811,37,2,36,0.12286689419795221
2811,36,3,39,0.13310580204778158
2811,35,1,40,0.13651877133105803
2811,34,3,43,0.14675767918088736
2811,33,1,44,0.15017064846416384
2811,31,1,45,0.15358361774744028
2811,30,3,48,0.16382252559726962
2811,29,2,50,0.17064846416382254
2811,28,1,51,0.17406143344709898
2811,27,3,54,0.18430034129692832
2811,25,2,56,0.19112627986348124
2811,24,3,59,0.20136518771331058
2811,23,3,62,0.21160409556313994
2811,22,3,65,0.22184300341296928
2811,21,3,68,0.23208191126279865
2811,20,4,72,0.24573378839590443
2811,19,5,77,0.2627986348122867
2811,18,3,80,0.27303754266211605
2811,17,5,85,0.2901023890784983
2811,16,5,90,0.30716723549488056
2811,15,9,99,0.3378839590443686
2811,14,8,107,0.3651877133105802
2811,13,1,108,0.36860068259385664
2811,12,7,115,0.3924914675767918
2811,11,6,121,0.4129692832764505
2811,10,5,126,0.4300341296928328
2811,9,8,134,0.45733788395904434
2811,8,5,139,0.47440273037542663
2811,7,11,150,0.5119453924914675
2811,6,19,169,0.5767918088737202
2811,5,12,181,0.6177474402730375
2811,4,26,207,0.7064846416382252
2811,3,26,233,0.7952218430034129
2811,2,33,266,0.9078498293515358
2811,1,12,278,0.9488054607508533
2811,0,15,293,1.0
2822,26,1,1,0.015151515151515152
2822,22,1,2,0.030303030303030304
2822,18,1,3,0.045454545454545456
2822,17,1,4,0.06060606060606061
2822,15,1,5,0.07575757575757576
2822,14,1,6,0.09090909090909091
2822,13,1,7,0.10606060606060606
2822,10,1,8,0.12121212121212122
2822,7,2,10,0.15151515151515152
2822,5,4,14,0.21212121212121213
2822,4,2,16,0.24242424242424243
2822,3,7,23,0.3484848484848485
2822,2,5,28,0.42424242424242425
2822,1,21,49,0.7424242424242424
2822,0,17,66,1.0
2823,108,1,1,0.00390625
2823,107,2,3,0.01171875
2823,103,1,4,0.015625
2823,77,1,5,0.01953125
2823,75,1,6,0.0234375
2823,70,1,7,0.02734375
2823,67,1,8,0.03125
2823,64,1,9,0.03515625
2823,63,1,10,0.0390625
2823,58,1,11,0.04296875
2823,57,1,12,0.046875
2823,53,1,13,0.05078125
2823,52,1,14,0.0546875
2823,46,4,18,0.0703125
2823,45,1,19,0.07421875
2823,44,2,21,0.08203125
2823,41,1,22,0.0859375
2823,40,1,23,0.08984375
2823,39,1,24,0.09375
2823,37,2,26,0.1015625
2823,36,3,29,0.11328125
2823,31,1,30,0.1171875
2823,30,1,31,0.12109375
2823,29,1,32,0.125
2823,27,1,33,0.12890625
2823,26,2,35,0.13671875
2823,25,2,37,0.14453125
2823,23,1,38,0.1484375
2823,22,1,39,0.15234375
2823,21,2,41,0.16015625
2823,20,4,45,0.17578125
2823,19,2,47,0.18359375
2823,18,1,48,0.1875
2823,17,1,49,0.19140625
2823,16,5,54,0.2109375
2823,15,2,56,0.21875
2823,14,2,58,0.2265625
2823,13,2,60,0.234375
2823,12,5,65,0.25390625
2823,11,7,72,0.28125
2823,10,4,76,0.296875
2823,9,3,79,0.30859375
2823,8,7,86,0.3359375
2823,7,7,93,0.36328125
2823,6,12,105,0.41015625
2823,5,16,121,0.47265625
2823,4,15,136,0.53125
2823,3,38,174,0.6796875
2823,2,47,221,0.86328125
2823,1,12,233,0.91015625
2823,0,23,256,1.0
2824,121,1,1,0.004672897196261682
2824,99,1,2,0.009345794392523364
2824,90,2,4,0.018691588785046728
2824,89,1,5,0.02336448598130841
2824,84,1,6,0.028037383177570093
2824,70,1,7,0.03271028037383177
2824,68,1,8,0.037383177570093455
2824,66,1,9,0.04205607476635514
2824,64,2,11,0.0514018691588785
2824,62,2,13,0.06074766355140187
2824,61,2,15,0.07009345794392523
2824,59,1,16,0.07476635514018691
2824,56,1,17,0.0794392523364486
2824,55,1,18,0.08411214953271028
2824,53,1,19,0.08878504672897196
2824,44,1,20,0.09345794392523364
2824,38,2,22,0.102803738317757
2824,35,2,24,0.11214953271028037
2824,34,2,26,0.12149532710280374
2824,33,2,28,0.1308411214953271
2824,31,1,29,0.13551401869158877
2824,28,1,30,0.14018691588785046
2824,26,2,32,0.14953271028037382
2824,25,1,33,0.1542056074766355
2824,24,2,35,0.16355140186915887
2824,23,1,36,0.16822429906542055
2824,22,4,40,0.18691588785046728
2824,21,1,41,0.19158878504672897
2824,20,2,43,0.20093457943925233
2824,19,5,48,0.22429906542056074
2824,18,9,57,0.26635514018691586
2824,17,2,59,0.2757009345794392
2824,14,7,66,0.308411214953271
2824,13,4,70,0.32710280373831774
2824,12,5,75,0.35046728971962615
2824,11,7,82,0.38317757009345793
2824,10,6,88,0.411214953271028
2824,9,5,93,0.43457943925233644
2824,8,4,97,0.4532710280373832
2824,7,8,105,0.49065420560747663
2824,6,21,126,0.5887850467289719
2824,5,12,138,0.6448598130841121
2824,4,11,149,0.6962616822429907
2824,3,23,172,0.8037383177570093
2824,2,25,197,0.9205607476635514
2824,1,8,205,0.9579439252336449
2824,0,9,214,1.0
2880,8,1,1,0.02
2880,7,1,2,0.04
2880,5,1,3,0.06
2880,4,1,4,0.08
2880,3,6,10,0.2
2880,2,12,22,0.44
2880,1,18,40,0.8
2880,0,10,50,1.0
2881,91,1,1,0.002702702702702703
2881,86,1,2,0.005405405405405406
2881,72,1,3,0.008108108108108109
2881,70,1,4,0.010810810810810811
2881,67,2,6,0.016216216216216217
2881,59,1,7,0.01891891891891892
2881,57,1,8,0.021621621621621623
2881,56,2,10,0.02702702702702703
2881,55,3,13,0.03513513513513514
2881,53,1,14,0.03783783783783784
2881,51,2,16,0.043243243243243246
2881,50,1,17,0.04594594594594595
2881,47,3,20,0.05405405405405406
2881,46,1,21,0.05675675675675676
2881,45,2,23,0.062162162162162166
2881,44,2,25,0.06756756756756757
2881,43,1,26,0.07027027027027027
2881,42,2,28,0.07567567567567568
2881,40,1,29,0.07837837837837838
2881,39,1,30,0.08108108108108109
2881,38,2,32,0.08648648648648649
2881,37,2,34,0.0918918918918919
2881,36,2,36,0.0972972972972973
2881,35,1,37,0.1
2881,34,2,39,0.10540540540540541
2881,33,1,40,0.10810810810810811
2881,32,2,42,0.11351351351351352
2881,31,2,44,0.11891891891891893
2881,30,3,47,0.12702702702702703
2881,29,1,48,0.12972972972972974
2881,28,6,54,0.14594594594594595
2881,27,1,55,0.14864864864864866
2881,26,3,58,0.15675675675675677
2881,25,8,66,0.1783783783783784
2881,24,5,71,0.1918918918918919
2881,23,3,74,0.2
2881,22,4,78,0.21081081081081082
2881,21,2,80,0.21621621621621623
2881,19,3,83,0.22432432432432434
2881,18,4,87,0.23513513513513515
2881,17,1,88,0.23783783783783785
2881,16,7,95,0.25675675675675674
2881,15,3,98,0.2648648648648649
2881,14,7,105,0.28378378378378377
2881,13,7,112,0.3027027027027027
2881,12,6,118,0.31891891891891894
2881,11,7,125,0.33783783783783783
2881,10,5,130,0.35135135135135137
2881,9,4,134,0.3621621621621622
2881,8,15,149,0.4027027027027027
2881,7,12,161,0.43513513513513513
2881,6,13,174,0.4702702702702703
2881,5,21,195,0.527027027027027
2881,4,30,225,0.6081081081081081
2881,3,45,270,0.7297297297297297
2881,2,68,338,0.9135135135135135
2881,1,12,350,0.9459459459459459
2881,0,20,370,1.0
2886,21,1,1,0.016666666666666666
2886,16,1,2,0.03333333333333333
2886,11,1,3,0.05
2886,7,1,4,0.06666666666666667
2886,4,3,7,0.11666666666666667
2886,3,7,14,0.23333333333333334
2886,2,8,22,0.36666666666666664
2886,1,24,46,0.7666666666666667
2886,0,14,60,1.0
2891,35,1,1,0.025
2891,6,1,2,0.05
2891,5,2,4,0.1
2891,4,1,5,0.125
2891,3,1,6,0.15
2891,2,4,10,0.25
2891,1,14,24,0.6
2891,0,16,40,1.0
2918,12,1,1,0.015151515151515152
2918,8,2,3,0.045454545454545456
2918,7,1,4,0.06060606060606061
2918,6,4,8,0.12121212121212122
2918,4,2,10,0.15151515151515152
2918,3,5,15,0.22727272727272727
2918,2,7,22,0.3333333333333333
2918,1,23,45,0.6818181818181818
2918,0,21,66,1.0
2919,82,1,1,0.005291005291005291
2919,78,2,3,0.015873015873015872
2919,77,1,4,0.021164021164021163
2919,66,1,5,0.026455026455026454
2919,56,1,6,0.031746031746031744
2919,54,1,7,0.037037037037037035
2919,50,1,8,0.042328042328042326
2919,48,2,10,0.05291005291005291
2919,47,1,11,0.0582010582010582
2919,46,2,13,0.06878306878306878
2919,45,1,14,0.07407407407407407
2919,44,1,15,0.07936507936507936
2919,43,2,17,0.08994708994708994
2919,42,1,18,0.09523809523809523
2919,39,2,20,0.10582010582010581
2919,38,1,21,0.1111111111111111
2919,37,2,23,0.12169312169312169
2919,36,1,24,0.12698412698412698
2919,34,2,26,0.13756613756613756
2919,32,2,28,0.14814814814814814
2919,25,2,30,0.15873015873015872
2919,23,2,32,0.1693121693121693
2919,22,1,33,0.1746031746031746
2919,21,1,34,0.17989417989417988
2919,20,2,36,0.19047619047619047
2919,19,2,38,0.20105820105820105
2919,18,3,41,0.21693121693121692
2919,17,3,44,0.2328042328042328
2919,16,3,47,0.24867724867724866
2919,15,1,48,0.25396825396825395
2919,12,6,54,0.2857142857142857
2919,11,5,59,0.31216931216931215
2919,10,2,61,0.32275132275132273
2919,9,1,62,0.328042328042328
2919,8,3,65,0.3439153439153439
2919,7,5,70,0.37037037037037035
2919,6,5,75,0.3968253968253968
2919,5,11,86,0.455026455026455
2919,4,23,109,0.5767195767195767
2919,3,25,134,0.708994708994709
2919,2,36,170,0.8994708994708994
2919,1,8,178,0.9417989417989417
2919,0,11,189,1.0
2936,72,2,2,0.005763688760806916
2936,71,1,3,0.008645533141210375
2936,67,1,4,0.011527377521613832
2936,66,1,5,0.01440922190201729
2936,62,1,6,0.01729106628242075
2936,60,1,7,0.020172910662824207
2936,59,3,10,0.02881844380403458
2936,58,1,11,0.03170028818443804
2936,55,1,12,0.0345821325648415
2936,50,1,13,0.037463976945244955
2936,46,1,14,0.040345821325648415
2936,43,2,16,0.04610951008645533
2936,42,2,18,0.05187319884726225
2936,40,1,19,0.05475504322766571
2936,38,5,24,0.069164265129683
2936,37,2,26,0.07492795389048991
2936,36,1,27,0.07780979827089338
2936,33,2,29,0.08357348703170028
2936,32,2,31,0.0893371757925072
2936,31,1,32,0.09221902017291066
2936,30,3,35,0.10086455331412104
2936,29,1,36,0.1037463976945245
2936,28,4,40,0.11527377521613832
2936,27,3,43,0.1239193083573487
2936,26,4,47,0.13544668587896252
2936,25,7,54,0.15561959654178675
2936,22,4,58,0.16714697406340057
2936,21,5,63,0.18155619596541786
2936,20,3,66,0.19020172910662825
2936,19,3,69,0.1988472622478386
2936,18,8,77,0.2219020172910663
2936,17,13,90,0.25936599423631124
2936,16,3,93,0.2680115273775216
2936,15,12,105,0.3025936599423631
2936,14,11,116,0.33429394812680113
2936,13,4,120,0.345821325648415
2936,12,8,128,0.3688760806916426
2936,11,6,134,0.3861671469740634
2936,10,7,141,0.40634005763688763
2936,9,6,147,0.42363112391930835
2936,8,7,154,0.4438040345821326
2936,7,18,172,0.4956772334293948
2936,6,12,184,0.5302593659942363
2936,5,15,199,0.5734870317002881
2936,4,29,228,0.6570605187319885
2936,3,54,282,0.8126801152737753
2936,2,36,318,0.9164265129682997
2936,1,11,329,0.9481268011527377
2936,0,18,347,1.0
2963,22,1,1,0.025
2963,20,1,2,0.05
2963,12,1,3,0.075
2963,10,1,4,0.1
2963,6,1,5,0.125
2963,5,1,6,0.15
2963,3,2,8,0.2
2963,2,3,11,0.275
2963,1,18,29,0.725
2963,0,11,40,1.0
2969,78,1,1,0.007194244604316547
2969,68,1,2,0.014388489208633094
2969,66,1,3,0.02158273381294964
2969,63,1,4,0.02877697841726619
2969,61,1,5,0.03597122302158273
2969,56,1,6,0.04316546762589928
2969,49,1,7,0.050359712230215826
2969,37,2,9,0.06474820143884892
2969,36,2,11,0.07913669064748201
2969,30,1,12,0.08633093525179857
2969,29,2,14,0.10071942446043165
2969,28,1,15,0.1079136690647482
2969,27,1,16,0.11510791366906475
2969,25,2,18,0.12949640287769784
2969,23,1,19,0.1366906474820144
2969,22,1,20,0.14388489208633093
2969,21,1,21,0.1510791366906475
2969,20,1,22,0.15827338129496402
2969,19,1,23,0.16546762589928057
2969,18,1,24,0.17266187050359713
2969,17,2,26,0.18705035971223022
2969,16,2,28,0.2014388489208633
2969,15,1,29,0.20863309352517986
2969,14,2,31,0.22302158273381295
2969,13,6,37,0.26618705035971224
2969,12,5,42,0.302158273381295
2969,10,2,44,0.31654676258992803
2969,9,3,47,0.3381294964028777
2969,8,1,48,0.34532374100719426
2969,7,20,68,0.4892086330935252
2969,6,3,71,0.5107913669064749
2969,5,5,76,0.5467625899280576
2969,4,15,91,0.6546762589928058
2969,3,18,109,0.7841726618705036
2969,2,18,127,0.9136690647482014
2969,1,4,131,0.9424460431654677
2969,0,8,139,1.0
2977,13,1,1,0.01694915254237288
2977,12,1,2,0.03389830508474576
2977,2,18,20,0.3389830508474576
2977,1,23,43,0.7288135593220338
2977,0,16,59,1.0
2978,70,1,1,0.003424657534246575
2978,68,1,2,0.00684931506849315
2978,65,1,3,0.010273972602739725
2978,64,2,5,0.017123287671232876
2978,61,1,6,0.02054794520547945
2978,59,1,7,0.023972602739726026
2978,57,1,8,0.0273972602739726
2978,53,1,9,0.030821917808219176
2978,51,3,12,0.0410958904109589
2978,49,2,14,0.04794520547945205
2978,44,4,18,0.06164383561643835
2978,42,1,19,0.06506849315068493
2978,41,1,20,0.0684931506849315
2978,38,1,21,0.07191780821917808
2978,37,2,23,0.07876712328767123
2978,35,4,27,0.09246575342465753
2978,34,1,28,0.0958904109589041
2978,33,2,30,0.10273972602739725
2978,32,1,31,0.10616438356164383
2978,31,1,32,0.1095890410958904
2978,29,1,33,0.11301369863013698
2978,27,2,35,0.11986301369863013
2978,26,3,38,0.13013698630136986
2978,24,1,39,0.13356164383561644
2978,23,4,43,0.14726027397260275
2978,22,4,47,0.16095890410958905
2978,21,2,49,0.1678082191780822
2978,20,5,54,0.18493150684931506
2978,19,5,59,0.20205479452054795
2978,17,5,64,0.2191780821917808
2978,16,3,67,0.22945205479452055
2978,15,10,77,0.2636986301369863
2978,14,7,84,0.2876712328767123
2978,13,1,85,0.2910958904109589
2978,12,1,86,0.2945205479452055
2978,11,5,91,0.3116438356164384
2978,10,7,98,0.3356164383561644
2978,9,4,102,0.3493150684931507
2978,8,6,108,0.3698630136986301
2978,7,12,120,0.410958904109589
2978,6,13,133,0.4554794520547945
2978,5,23,156,0.5342465753424658
2978,4,25,181,0.6198630136986302
2978,3,41,222,0.7602739726027398
2978,2,46,268,0.9178082191780822
2978,1,12,280,0.958904109589041
2978,0,12,292,1.0
2980,61,2,2,0.008968609865470852
2980,56,4,6,0.026905829596412557
2980,53,1,7,0.03139013452914798
2980,52,1,8,0.03587443946188341
2980,50,2,10,0.04484304932735426
2980,48,1,11,0.04932735426008968
2980,47,1,12,0.053811659192825115
2980,42,1,13,0.05829596412556054
2980,36,1,14,0.06278026905829596
2980,33,4,18,0.08071748878923767
2980,32,3,21,0.09417040358744394
2980,30,1,22,0.09865470852017937
2980,28,3,25,0.11210762331838565
2980,27,2,27,0.1210762331838565
2980,26,3,30,0.13452914798206278
2980,25,1,31,0.13901345291479822
2980,24,3,34,0.15246636771300448
2980,23,2,36,0.16143497757847533
2980,22,3,39,0.17488789237668162
2980,21,2,41,0.18385650224215247
2980,20,1,42,0.18834080717488788
2980,19,1,43,0.19282511210762332
2980,18,2,45,0.20179372197309417
2980,17,1,46,0.2062780269058296
2980,16,4,50,0.2242152466367713
2980,14,3,53,0.23766816143497757
2980,13,3,56,0.25112107623318386
2980,12,3,59,0.2645739910313901
2980,11,6,65,0.2914798206278027
2980,10,2,67,0.3004484304932735
2980,9,3,70,0.31390134529147984
2980,8,9,79,0.3542600896860987
2980,7,4,83,0.3721973094170404
2980,6,12,95,0.4260089686098655
2980,5,14,109,0.48878923766816146
2980,4,12,121,0.5426008968609866
2980,3,34,155,0.695067264573991
2980,2,39,194,0.8699551569506726
2980,1,11,205,0.9192825112107623
2980,0,18,223,1.0
2981,87,1,1,0.004016064257028112
2981,86,2,3,0.012048192771084338
2981,84,1,4,0.01606425702811245
2981,67,1,5,0.020080321285140562
2981,59,1,6,0.024096385542168676
2981,54,1,7,0.028112449799196786
2981,53,1,8,0.0321285140562249
2981,47,1,9,0.03614457831325301
2981,46,1,10,0.040160642570281124
2981,45,1,11,0.04417670682730924
2981,42,2,13,0.05220883534136546
2981,40,1,14,0.05622489959839357
2981,36,1,15,0.060240963855421686
2981,34,2,17,0.06827309236947791
2981,33,3,20,0.08032128514056225
2981,31,1,21,0.08433734939759036
2981,29,2,23,0.09236947791164658
2981,27,2,25,0.10040160642570281
2981,26,2,27,0.10843373493975904
2981,25,3,30,0.12048192771084337
2981,24,3,33,0.13253012048192772
2981,23,1,34,0.13654618473895583
2981,22,2,36,0.14457831325301204
2981,20,1,37,0.14859437751004015
2981,19,5,42,0.1686746987951807
2981,18,8,50,0.20080321285140562
2981,17,1,51,0.20481927710843373
2981,16,3,54,0.21686746987951808
2981,15,4,58,0.23293172690763053
2981,14,4,62,0.24899598393574296
2981,13,1,63,0.25301204819277107
2981,12,7,70,0.28112449799196787
2981,11,5,75,0.30120481927710846
2981,10,10,85,0.3413654618473896
2981,9,9,94,0.37751004016064255
2981,8,6,100,0.40160642570281124
2981,7,8,108,0.43373493975903615
2981,6,5,113,0.4538152610441767
2981,5,7,120,0.4819277108433735
2981,4,24,144,0.5783132530120482
2981,3,27,171,0.6867469879518072
2981,2,56,227,0.9116465863453815
2981,1,9,236,0.9477911646586346
2981,0,13,249,1.0
2984,90,1,1,0.0018975332068311196
2984,88,2,3,0.0056925996204933585
2984,87,1,4,0.007590132827324478
2984,78,1,5,0.009487666034155597
2984,75,1,6,0.011385199240986717
2984,68,2,8,0.015180265654648957
2984,64,3,11,0.020872865275142316
2984,58,1,12,0.022770398481973434
2984,55,1,13,0.024667931688804556
2984,54,1,14,0.026565464895635674
2984,53,3,17,0.03225806451612903
2984,52,3,20,0.03795066413662239
2984,51,1,21,0.03984819734345351
2984,50,1,22,0.04174573055028463
2984,49,1,23,0.04364326375711575
2984,48,1,24,0.04554079696394687
2984,47,1,25,0.04743833017077799
2984,46,2,27,0.051233396584440226
2984,45,1,28,0.05313092979127135
2984,43,3,31,0.058823529411764705
2984,41,1,32,0.06072106261859583
2984,40,2,34,0.06451612903225806
2984,38,2,36,0.0683111954459203
2984,36,2,38,0.07210626185958255
2984,35,3,41,0.0777988614800759
2984,34,6,47,0.08918406072106262
2984,33,1,48,0.09108159392789374
2984,32,8,56,0.1062618595825427
2984,31,2,58,0.11005692599620494
2984,30,1,59,0.11195445920303605
2984,29,2,61,0.1157495256166983
2984,28,3,64,0.12144212523719165
2984,27,2,66,0.1252371916508539
2984,26,7,73,0.13851992409867173
2984,25,3,76,0.1442125237191651
2984,24,4,80,0.15180265654648956
2984,23,5,85,0.16129032258064516
2984,22,3,88,0.16698292220113853
2984,21,2,90,0.17077798861480076
2984,20,6,96,0.18216318785578747
2984,19,11,107,0.2030360531309298
2984,18,3,110,0.20872865275142316
2984,17,10,120,0.22770398481973433
2984,16,10,130,0.24667931688804554
2984,15,8,138,0.2618595825426945
2984,14,8,146,0.27703984819734345
2984,13,9,155,0.29411764705882354
2984,12,9,164,0.3111954459203036
2984,11,11,175,0.33206831119544594
2984,10,7,182,0.34535104364326374
2984,9,10,192,0.36432637571157495
2984,8,9,201,0.38140417457305503
2984,7,16,217,0.4117647058823529
2984,6,22,239,0.45351043643263755
2984,5,34,273,0.5180265654648957
2984,4,57,330,0.6261859582542695
2984,3,71,401,0.7609108159392789
2984,2,75,476,0.9032258064516129
2984,1,21,497,0.9430740037950665
2984,0,30,527,1.0
2985,154,1,1,0.0008968609865470852
2985,150,1,2,0.0017937219730941704
2985,146,2,4,0.003587443946188341
2985,145,2,6,0.0053811659192825115
2985,144,1,7,0.006278026905829596
2985,142,1,8,0.007174887892376682
2985,140,2,10,0.008968609865470852
2985,139,1,11,0.009865470852017937
2985,138,1,12,0.010762331838565023
2985,136,1,13,0.011659192825112108
2985,135,2,15,0.013452914798206279
2985,134,1,16,0.014349775784753363
2985,133,2,18,0.016143497757847534
2985,132,1,19,0.017040358744394617
2985,131,3,22,0.019730941704035873
2985,130,1,23,0.02062780269058296
2985,127,1,24,0.021524663677130046
2985,124,1,25,0.02242152466367713
2985,120,2,27,0.0242152466367713
2985,119,2,29,0.02600896860986547
2985,118,1,30,0.026905829596412557
2985,116,1,31,0.02780269058295964
2985,114,1,32,0.028699551569506727
2985,113,2,34,0.030493273542600896
2985,112,4,38,0.034080717488789235
2985,111,2,40,0.03587443946188341
2985,110,3,43,0.03856502242152467
2985,109,6,49,0.04394618834080718
2985,108,5,54,0.0484304932735426
2985,107,7,61,0.054708520179372194
2985,106,8,69,0.06188340807174888
2985,105,5,74,0.06636771300448431
2985,104,2,76,0.06816143497757847
2985,103,2,78,0.06995515695067264
2985,102,15,93,0.08340807174887892
2985,101,12,105,0.09417040358744394
2985,100,12,117,0.10493273542600896
2985,99,13,130,0.11659192825112108
2985,98,22,152,0.13632286995515694
2985,97,34,186,0.16681614349775784
2985,96,5,191,0.17130044843049327
2985,95,1,192,0.17219730941704037
2985,94,4,196,0.1757847533632287
2985,93,3,199,0.17847533632286997
2985,92,7,206,0.18475336322869956
2985,90,2,208,0.18654708520179372
2985,89,5,213,0.19103139013452916
2985,88,2,215,0.19282511210762332
2985,87,2,217,0.19461883408071748
2985,86,3,220,0.19730941704035873
2985,85,3,223,0.2
2985,84,2,225,0.20179372197309417
2985,83,6,231,0.20717488789237667
2985,82,3,234,0.20986547085201793
2985,80,1,235,0.21076233183856502
2985,79,3,238,0.21345291479820627
2985,78,1,239,0.21434977578475337
2985,77,4,243,0.2179372197309417
2985,76,1,244,0.21883408071748878
2985,75,2,246,0.22062780269058296
2985,74,4,250,0.2242152466367713
2985,73,2,252,0.22600896860986547
2985,72,5,257,0.2304932735426009
2985,71,5,262,0.23497757847533632
2985,70,3,265,0.23766816143497757
2985,69,4,269,0.24125560538116592
2985,67,4,273,0.24484304932735426
2985,66,1,274,0.24573991031390136
2985,65,5,279,0.2502242152466368
2985,64,2,281,0.2520179372197309
2985,63,3,284,0.2547085201793722
2985,62,1,285,0.2556053811659193
2985,61,3,288,0.25829596412556055
2985,60,3,291,0.2609865470852018
2985,59,6,297,0.2663677130044843
2985,58,6,303,0.2717488789237668
2985,57,6,309,0.2771300448430493
2985,56,3,312,0.27982062780269057
2985,55,4,316,0.28340807174887894
2985,54,4,320,0.28699551569506726
2985,53,7,327,0.2932735426008969
2985,52,4,331,0.2968609865470852
2985,51,2,333,0.2986547085201794
2985,50,8,341,0.305829596412556
2985,49,5,346,0.31031390134529147
2985,48,7,353,0.3165919282511211
2985,47,6,359,0.3219730941704036
2985,46,11,370,0.33183856502242154
2985,45,13,383,0.3434977578475336
2985,44,9,392,0.3515695067264574
2985,43,3,395,0.3542600896860987
2985,42,5,400,0.35874439461883406
2985,41,7,407,0.3650224215246637
2985,40,3,410,0.36771300448430494
2985,39,4,414,0.37130044843049326
2985,38,4,418,0.37488789237668163
2985,37,6,424,0.38026905829596414
2985,36,7,431,0.3865470852017937
2985,35,11,442,0.39641255605381165
2985,34,5,447,0.4008968609865471
2985,33,5,452,0.4053811659192825
2985,32,4,456,0.40896860986547084
2985,31,6,462,0.41434977578475335
2985,30,14,476,0.42690582959641254
2985,29,10,486,0.4358744394618834
2985,28,9,495,0.4439461883408072
2985,27,15,510,0.45739910313901344
2985,26,8,518,0.46457399103139013
2985,25,16,534,0.4789237668161435
2985,24,10,544,0.48789237668161434
2985,23,24,568,0.5094170403587444
2985,22,9,577,0.5174887892376682
2985,21,9,586,0.525560538116592
2985,20,7,593,0.5318385650224215
2985,19,11,604,0.5417040358744395
2985,18,17,621,0.5569506726457399
2985,17,15,636,0.5704035874439461
2985,16,15,651,0.5838565022421525
2985,15,20,671,0.6017937219730942
2985,14,22,693,0.62152466367713
2985,13,12,705,0.6322869955156951
2985,12,22,727,0.6520179372197309
2985,11,32,759,0.6807174887892377
2985,10,16,775,0.695067264573991
2985,9,21,796,0.7139013452914799
2985,8,25,821,0.736322869955157
2985,7,31,852,0.7641255605381166
2985,6,32,884,0.7928251121076233
2985,5,38,922,0.8269058295964126
2985,4,56,978,0.8771300448430494
2985,3,55,1033,0.9264573991031391
2985,2,26,1059,0.9497757847533632
2985,1,26,1085,0.9730941704035875
2985,0,30,1115,1.0
2987,102,1,1,0.0024096385542168677
2987,99,1,2,0.004819277108433735
2987,97,1,3,0.007228915662650603
2987,91,1,4,0.00963855421686747
2987,90,1,5,0.012048192771084338
2987,89,2,7,0.016867469879518072
2987,88,2,9,0.021686746987951807
2987,86,2,11,0.02650602409638554
2987,85,1,12,0.02891566265060241
2987,81,4,16,0.03855421686746988
2987,80,2,18,0.043373493975903614
2987,77,1,19,0.04578313253012048
2987,76,3,22,0.05301204819277108
2987,75,3,25,0.060240963855421686
2987,73,1,26,0.06265060240963856
2987,71,2,28,0.06746987951807229
2987,69,1,29,0.06987951807228916
2987,68,1,30,0.07228915662650602
2987,67,1,31,0.0746987951807229
2987,66,1,32,0.07710843373493977
2987,65,2,34,0.0819277108433735
2987,64,1,35,0.08433734939759036
2987,62,2,37,0.0891566265060241
2987,60,3,40,0.0963855421686747
2987,59,1,41,0.09879518072289156
2987,58,1,42,0.10120481927710843
2987,57,1,43,0.10361445783132531
2987,56,1,44,0.10602409638554217
2987,55,4,48,0.11566265060240964
2987,54,2,50,0.12048192771084337
2987,53,4,54,0.13012048192771083
2987,52,3,57,0.13734939759036144
2987,51,1,58,0.13975903614457832
2987,50,1,59,0.14216867469879518
2987,49,1,60,0.14457831325301204
2987,48,1,61,0.14698795180722893
2987,47,2,63,0.15180722891566265
2987,45,2,65,0.1566265060240964
2987,44,5,70,0.1686746987951807
2987,43,2,72,0.17349397590361446
2987,42,1,73,0.17590361445783131
2987,41,4,77,0.1855421686746988
2987,40,4,81,0.19518072289156627
2987,38,1,82,0.19759036144578312
2987,37,4,86,0.20722891566265061
2987,36,2,88,0.21204819277108433
2987,35,2,90,0.21686746987951808
2987,34,3,93,0.22409638554216868
2987,33,3,96,0.23132530120481928
2987,32,2,98,0.236144578313253
2987,31,2,100,0.24096385542168675
2987,30,3,103,0.24819277108433735
2987,29,3,106,0.25542168674698795
2987,28,4,110,0.26506024096385544
2987,27,1,111,0.2674698795180723
2987,26,4,115,0.27710843373493976
2987,25,8,123,0.2963855421686747
2987,24,2,125,0.30120481927710846
2987,23,3,128,0.30843373493975906
2987,22,6,134,0.3228915662650602
2987,21,1,135,0.3253012048192771
2987,20,3,138,0.3325301204819277
2987,19,7,145,0.3493975903614458
2987,18,3,148,0.3566265060240964
2987,17,6,154,0.3710843373493976
2987,16,9,163,0.3927710843373494
2987,15,11,174,0.41927710843373495
2987,14,8,182,0.43855421686746987
2987,13,1,183,0.44096385542168676
2987,12,13,196,0.472289156626506
2987,11,4,200,0.4819277108433735
2987,10,8,208,0.5012048192771085
2987,9,13,221,0.5325301204819277
2987,8,9,230,0.5542168674698795
2987,7,5,235,0.5662650602409639
2987,6,17,252,0.6072289156626506
2987,5,31,283,0.6819277108433734
2987,4,22,305,0.7349397590361446
2987,3,49,354,0.8530120481927711
2987,2,32,386,0.9301204819277108
2987,1,11,397,0.9566265060240964
2987,0,18,415,1.0
3032,10,1,1,0.02857142857142857
3032,8,1,2,0.05714285714285714
3032,5,1,3,0.08571428571428572
3032,4,1,4,0.11428571428571428
3032,3,1,5,0.14285714285714285
3032,2,2,7,0.2
3032,1,14,21,0.6
3032,0,14,35,1.0
3034,86,1,1,0.002793296089385475
3034,83,1,2,0.00558659217877095
3034,81,1,3,0.008379888268156424
3034,76,2,5,0.013966480446927373
3034,74,1,6,0.01675977653631285
3034,73,1,7,0.019553072625698324
3034,70,1,8,0.0223463687150838
3034,69,1,9,0.025139664804469275
3034,67,1,10,0.027932960893854747
3034,64,1,11,0.030726256983240222
3034,61,1,12,0.0335195530726257
3034,60,2,14,0.03910614525139665
3034,54,1,15,0.04189944134078212
3034,52,2,17,0.04748603351955307
3034,50,1,18,0.05027932960893855
3034,49,1,19,0.05307262569832402
3034,46,1,20,0.055865921787709494
3034,41,1,21,0.05865921787709497
3034,40,1,22,0.061452513966480445
3034,39,3,25,0.06983240223463687
3034,38,2,27,0.07541899441340782
3034,37,1,28,0.0782122905027933
3034,36,1,29,0.08100558659217877
3034,35,1,30,0.08379888268156424
3034,33,3,33,0.09217877094972067
3034,32,2,35,0.09776536312849161
3034,31,1,36,0.1005586592178771
3034,30,3,39,0.10893854748603352
3034,28,3,42,0.11731843575418995
3034,27,4,46,0.12849162011173185
3034,26,3,49,0.13687150837988826
3034,25,1,50,0.13966480446927373
3034,24,3,53,0.14804469273743018
3034,23,2,55,0.15363128491620112
3034,22,2,57,0.15921787709497207
3034,21,1,58,0.16201117318435754
3034,20,3,61,0.17039106145251395
3034,19,3,64,0.1787709497206704
3034,18,5,69,0.19273743016759776
3034,17,9,78,0.21787709497206703
3034,16,3,81,0.22625698324022347
3034,15,1,82,0.22905027932960895
3034,14,6,88,0.24581005586592178
3034,13,15,103,0.2877094972067039
3034,12,5,108,0.3016759776536313
3034,11,3,111,0.3100558659217877
3034,10,8,119,0.3324022346368715
3034,9,8,127,0.3547486033519553
3034,8,7,134,0.3743016759776536
3034,7,11,145,0.40502793296089384
3034,6,10,155,0.4329608938547486
3034,5,13,168,0.4692737430167598
3034,4,22,190,0.5307262569832403
3034,3,61,251,0.7011173184357542
3034,2,75,326,0.9106145251396648
3034,1,14,340,0.9497206703910615
3034,0,18,358,1.0
3035,101,1,1,0.0015723270440251573
3035,96,1,2,0.0031446540880503146
3035,95,1,3,0.0047169811320754715
3035,90,1,4,0.006289308176100629
3035,88,2,6,0.009433962264150943
3035,84,1,7,0.0110062893081761
3035,81,2,9,0.014150943396226415
3035,77,1,10,0.015723270440251572
3035,76,2,12,0.018867924528301886
3035,75,1,13,0.020440251572327043
3035,74,1,14,0.0220125786163522
3035,69,1,15,0.02358490566037736
3035,68,1,16,0.025157232704402517
3035,67,2,18,0.02830188679245283
3035,66,1,19,0.029874213836477988
3035,65,1,20,0.031446540880503145
3035,63,1,21,0.0330188679245283
3035,62,1,22,0.03459119496855346
3035,61,1,23,0.036163522012578615
3035,59,2,25,0.03930817610062893
3035,58,1,26,0.040880503144654086
3035,57,1,27,0.04245283018867924
3035,56,1,28,0.0440251572327044
3035,55,4,32,0.050314465408805034
3035,54,2,34,0.05345911949685535
3035,53,3,37,0.05817610062893082
3035,51,2,39,0.06132075471698113
3035,49,3,42,0.0660377358490566
3035,48,1,43,0.06761006289308176
3035,47,2,45,0.07075471698113207
3035,45,2,47,0.07389937106918239
3035,44,3,50,0.07861635220125786
3035,43,4,54,0.08490566037735849
3035,42,2,56,0.0880503144654088
3035,41,1,57,0.08962264150943396
3035,40,7,64,0.10062893081761007
3035,38,2,66,0.10377358490566038
3035,37,1,67,0.10534591194968554
3035,36,2,69,0.10849056603773585
3035,34,3,72,0.11320754716981132
3035,33,1,73,0.11477987421383648
3035,32,1,74,0.11635220125786164
3035,31,1,75,0.1179245283018868
3035,30,6,81,0.12735849056603774
3035,29,2,83,0.13050314465408805
3035,28,4,87,0.13679245283018868
3035,27,4,91,0.1430817610062893
3035,26,10,101,0.15880503144654087
3035,25,4,105,0.1650943396226415
3035,24,2,107,0.16823899371069181
3035,23,6,113,0.17767295597484276
3035,22,2,115,0.18081761006289307
3035,21,6,121,0.19025157232704404
3035,20,6,127,0.19968553459119498
3035,19,11,138,0.2169811320754717
3035,18,2,140,0.22012578616352202
3035,17,12,152,0.2389937106918239
3035,16,8,160,0.25157232704402516
3035,15,7,167,0.26257861635220126
3035,14,22,189,0.2971698113207547
3035,13,14,203,0.3191823899371069
3035,12,14,217,0.3411949685534591
3035,11,22,239,0.3757861635220126
3035,10,12,251,0.3946540880503145
3035,9,15,266,0.41823899371069184
3035,8,13,279,0.4386792452830189
3035,7,13,292,0.4591194968553459
3035,6,21,313,0.4921383647798742
3035,5,36,349,0.5487421383647799
3035,4,63,412,0.6477987421383647
3035,3,59,471,0.7405660377358491
3035,2,122,593,0.9323899371069182
3035,1,24,617,0.970125786163522
3035,0,19,636,1.0
3056,15,1,1,0.017241379310344827
3056,13,1,2,0.034482758620689655
3056,7,1,3,0.05172413793103448
3056,4,1,4,0.06896551724137931
3056,3,8,12,0.20689655172413793
3056,2,8,20,0.3448275862068966
3056,1,19,39,0.6724137931034483
3056,0,19,58,1.0
3078,104,1,1,0.0027247956403269754
3078,93,1,2,0.005449591280653951
3078,72,1,3,0.008174386920980926
3078,67,1,4,0.010899182561307902
3078,65,1,5,0.013623978201634877
3078,64,1,6,0.01634877384196185
3078,61,1,7,0.01907356948228883
3078,60,1,8,0.021798365122615803
3078,59,1,9,0.02452316076294278
3078,55,1,10,0.027247956403269755
3078,54,1,11,0.02997275204359673
3078,52,1,12,0.0326975476839237
3078,50,5,17,0.04632152588555858
3078,49,1,18,0.04904632152588556
3078,46,2,20,0.05449591280653951
3078,45,1,21,0.05722070844686648
3078,44,1,22,0.05994550408719346
3078,42,1,23,0.06267029972752043
3078,40,3,26,0.07084468664850137
3078,39,2,28,0.07629427792915532
3078,37,1,29,0.07901907356948229
3078,36,1,30,0.08174386920980926
3078,35,1,31,0.08446866485013624
3078,34,6,37,0.1008174386920981
3078,33,3,40,0.10899182561307902
3078,32,2,42,0.11444141689373297
3078,31,2,44,0.11989100817438691
3078,30,2,46,0.12534059945504086
3078,29,2,48,0.1307901907356948
3078,26,8,56,0.15258855585831063
3078,25,3,59,0.16076294277929154
3078,24,8,67,0.18256130790190736
3078,23,7,74,0.2016348773841962
3078,22,2,76,0.20708446866485014
3078,21,3,79,0.21525885558583105
3078,20,6,85,0.23160762942779292
3078,19,4,89,0.24250681198910082
3078,18,2,91,0.24795640326975477
3078,17,8,99,0.26975476839237056
3078,16,1,100,0.2724795640326976
3078,15,5,105,0.28610354223433243
3078,14,4,109,0.2970027247956403
3078,13,4,113,0.3079019073569482
3078,12,7,120,0.32697547683923706
3078,11,8,128,0.34877384196185285
3078,10,10,138,0.3760217983651226
3078,9,7,145,0.39509536784741145
3078,8,19,164,0.44686648501362397
3078,7,16,180,0.4904632152588556
3078,6,19,199,0.5422343324250681
3078,5,44,243,0.662125340599455
3078,4,65,308,0.8392370572207084
3078,3,26,334,0.9100817438692098
3078,2,9,343,0.9346049046321526
3078,1,17,360,0.9809264305177112
3078,0,7,367,1.0
3079,10,2,2,0.06060606060606061
3079,9,1,3,0.09090909090909091
3079,5,1,4,0.12121212121212122
3079,4,1,5,0.15151515151515152
3079,3,2,7,0.21212121212121213
3079,2,1,8,0.24242424242424243
3079,1,11,19,0.5757575757575758
3079,0,14,33,1.0
3090,164,1,1,0.0005627462014631402
3090,163,51,52,0.029262802476083285
3090,162,5,57,0.032076533483398985
3090,161,1,58,0.032639279684862126
3090,160,5,63,0.03545301069217783
3090,159,4,67,0.037703995498030385
3090,158,22,89,0.05008441193021947
3090,157,13,102,0.057400112549240295
3090,156,9,111,0.062464828362408555
3090,155,6,117,0.06584130557118739
3090,154,2,119,0.06696679797411367
3090,153,2,121,0.06809229037703995
3090,152,3,124,0.06978052898142938
3090,151,2,126,0.07090602138435566
3090,148,2,128,0.07203151378728194
3090,145,1,129,0.07259425998874508
3090,142,1,130,0.07315700619020822
3090,141,2,132,0.0742824985931345
3090,139,1,133,0.07484524479459764
3090,138,2,135,0.07597073719752391
3090,137,4,139,0.07822172200337647
3090,135,2,141,0.07934721440630275
3090,134,2,143,0.08047270680922904
3090,132,2,145,0.08159819921215532
3090,131,2,147,0.0827236916150816
3090,129,1,148,0.08328643781654474
3090,126,1,149,0.08384918401800788
3090,125,1,150,0.08441193021947102
3090,124,3,153,0.08610016882386044
3090,123,3,156,0.08778840742824986
3090,121,1,157,0.088351153629713
3090,120,1,158,0.08891389983117615
3090,118,1,159,0.08947664603263927
3090,117,2,161,0.09060213843556555
3090,116,2,163,0.09172763083849184
3090,115,1,164,0.09229037703995498
3090,110,3,167,0.0939786156443444
3090,109,1,168,0.09454136184580754
3090,104,1,169,0.09510410804727068
3090,103,2,171,0.09622960045019696
3090,102,2,173,0.09735509285312324
3090,100,3,176,0.09904333145751266
3090,98,2,178,0.10016882386043895
3090,97,2,180,0.10129431626336523
3090,96,5,185,0.10410804727068092
3090,95,2,187,0.1052335396736072
3090,94,2,189,0.10635903207653348
3090,93,2,191,0.10748452447945976
3090,92,1,192,0.1080472706809229
3090,91,3,195,0.10973550928531232
3090,90,1,196,0.11029825548677546
3090,89,2,198,0.11142374788970175
3090,88,2,200,0.11254924029262803
3090,87,1,201,0.11311198649409117
3090,86,2,203,0.11423747889701745
3090,85,1,204,0.11480022509848059
3090,83,2,206,0.11592571750140687
3090,82,7,213,0.11986494091164884
3090,81,5,218,0.12267867191896455
3090,80,1,219,0.12324141812042769
3090,79,7,226,0.12718064153066966
3090,78,8,234,0.13168261114237478
3090,76,4,238,0.13393359594822735
3090,73,1,239,0.1344963421496905
3090,72,4,243,0.13674732695554306
3090,71,4,247,0.1389983117613956
3090,69,2,249,0.14012380416432188
3090,67,8,257,0.144625773776027
3090,66,11,268,0.15081598199212154
3090,65,5,273,0.15362971299943726
3090,64,2,275,0.15475520540236354
3090,63,11,286,0.16094541361845807
3090,62,13,299,0.1682611142374789
3090,61,15,314,0.176702307259426
3090,60,22,336,0.18908272369161508
3090,59,14,350,0.19696117051209905
3090,58,12,362,0.20371412492965674
3090,57,9,371,0.208778840742825
3090,56,13,384,0.2160945413618458
3090,55,7,391,0.22003376477208778
3090,54,19,410,0.23072594259988746
3090,53,11,421,0.236916150815982
3090,52,15,436,0.2453573438379291
3090,51,18,454,0.2554867754642656
3090,50,8,462,0.25998874507597075
3090,49,20,482,0.27124366910523356
3090,48,5,487,0.27405740011254925
3090,47,8,495,0.2785593697242544
3090,46,18,513,0.2886888013505909
3090,45,40,553,0.3111986494091165
3090,44,17,570,0.3207653348339899
3090,43,5,575,0.3235790658413056
3090,42,16,591,0.33258300506471583
3090,41,12,603,0.3393359594822735
3090,40,18,621,0.34946539110861
3090,39,19,640,0.36015756893640966
3090,38,32,672,0.37816544738323016
3090,37,37,709,0.39898705683736635
3090,36,44,753,0.42374788970174454
3090,35,89,842,0.473832301631964
3090,34,35,877,0.4935284186831739
3090,33,21,898,0.5053460889138999
3090,32,66,964,0.5424873382104671
3090,31,81,1045,0.5880697805289814
3090,30,60,1105,0.6218345526167698
3090,29,64,1169,0.6578503095104108
3090,28,40,1209,0.6803601575689364
3090,27,102,1311,0.7377602701181767
3090,26,115,1426,0.8024760832864378
3090,25,36,1462,0.8227349465391108
3090,24,15,1477,0.831176139561058
3090,23,7,1484,0.8351153629713
3090,22,17,1501,0.8446820483961733
3090,21,11,1512,0.8508722566122678
3090,20,8,1520,0.855374226223973
3090,19,3,1523,0.8570624648283625
3090,18,6,1529,0.8604389420371412
3090,17,5,1534,0.863252673044457
3090,16,7,1541,0.867191896454699
3090,15,5,1546,0.8700056274620146
3090,14,6,1552,0.8733821046707935
3090,13,3,1555,0.8750703432751828
3090,12,4,1559,0.8773213280810355
3090,11,2,1561,0.8784468204839617
3090,10,4,1565,0.8806978052898143
3090,9,98,1663,0.935846933033202
3090,8,17,1680,0.9454136184580754
3090,7,36,1716,0.9656724817107485
3090,6,10,1726,0.9712999437253799
3090,5,9,1735,0.9763646595385481
3090,4,11,1746,0.9825548677546426
3090,3,14,1760,0.9904333145751266
3090,2,4,1764,0.9926842993809791
3090,1,6,1770,0.996060776589758
3090,0,7,1777,1.0
3091,9,1,1,0.03125
3091,6,1,2,0.0625
3091,3,5,7,0.21875
3091,2,3,10,0.3125
3091,1,12,22,0.6875
3091,0,10,32,1.0
3129,9,1,1,0.02702702702702703
3129,6,1,2,0.05405405405405406
3129,5,1,3,0.08108108108108109
3129,4,3,6,0.16216216216216217
3129,3,3,9,0.24324324324324326
3129,2,8,17,0.4594594594594595
3129,1,13,30,0.8108108108108109
3129,0,7,37,1.0
3139,60,2,2,0.005847953216374269
3139,54,1,3,0.008771929824561403
3139,53,1,4,0.011695906432748537
3139,52,3,7,0.02046783625730994
3139,48,1,8,0.023391812865497075
3139,46,3,11,0.03216374269005848
3139,45,2,13,0.038011695906432746
3139,44,2,15,0.043859649122807015
3139,43,1,16,0.04678362573099415
3139,42,2,18,0.05263157894736842
3139,41,1,19,0.05555555555555555
3139,40,2,21,0.06140350877192982
3139,39,2,23,0.06725146198830409
3139,38,1,24,0.07017543859649122
3139,37,2,26,0.07602339181286549
3139,36,3,29,0.0847953216374269
3139,35,1,30,0.08771929824561403
3139,34,1,31,0.09064327485380116
3139,33,2,33,0.09649122807017543
3139,32,4,37,0.10818713450292397
3139,31,1,38,0.1111111111111111
3139,30,1,39,0.11403508771929824
3139,29,1,40,0.11695906432748537
3139,28,2,42,0.12280701754385964
3139,27,3,45,0.13157894736842105
3139,26,1,46,0.13450292397660818
3139,25,4,50,0.14619883040935672
3139,23,3,53,0.15497076023391812
3139,22,2,55,0.1608187134502924
3139,21,3,58,0.1695906432748538
3139,20,3,61,0.1783625730994152
3139,19,4,65,0.19005847953216373
3139,18,1,66,0.19298245614035087
3139,17,3,69,0.20175438596491227
3139,16,4,73,0.2134502923976608
3139,15,5,78,0.22807017543859648
3139,14,5,83,0.24269005847953215
3139,13,4,87,0.2543859649122807
3139,12,1,88,0.2573099415204678
3139,11,4,92,0.26900584795321636
3139,10,3,95,0.2777777777777778
3139,9,8,103,0.30116959064327486
3139,8,5,108,0.3157894736842105
3139,7,14,122,0.3567251461988304
3139,6,15,137,0.40058479532163743
3139,5,17,154,0.4502923976608187
3139,4,34,188,0.5497076023391813
3139,3,54,242,0.7076023391812866
3139,2,53,295,0.8625730994152047
3139,1,23,318,0.9298245614035088
3139,0,24,342,1.0
3141,65,1,1,0.002079002079002079
3141,63,1,2,0.004158004158004158
3141,57,1,3,0.006237006237006237
3141,48,2,5,0.010395010395010396
3141,47,1,6,0.012474012474012475
3141,46,1,7,0.014553014553014554
3141,45,1,8,0.016632016632016633
3141,44,2,10,0.02079002079002079
3141,43,2,12,0.02494802494802495
3141,42,3,15,0.031185031185031187
3141,41,5,20,0.04158004158004158
3141,40,3,23,0.04781704781704782
3141,39,2,25,0.05197505197505198
3141,37,6,31,0.06444906444906445
3141,36,1,32,0.06652806652806653
3141,35,1,33,0.06860706860706861
3141,34,2,35,0.07276507276507277
3141,32,2,37,0.07692307692307693
3141,31,1,38,0.079002079002079
3141,29,1,39,0.08108108108108109
3141,28,1,40,0.08316008316008316
3141,27,3,43,0.0893970893970894
3141,26,2,45,0.09355509355509356
3141,25,6,51,0.10602910602910603
3141,23,3,54,0.11226611226611227
3141,22,5,59,0.12266112266112267
3141,21,5,64,0.13305613305613306
3141,20,2,66,0.13721413721413722
3141,18,2,68,0.14137214137214138
3141,17,8,76,0.158004158004158
3141,16,6,82,0.1704781704781705
3141,15,6,88,0.18295218295218296
3141,14,4,92,0.19126819126819128
3141,13,6,98,0.20374220374220375
3141,12,18,116,0.24116424116424118
3141,11,9,125,0.2598752598752599
3141,10,16,141,0.29313929313929316
3141,9,13,154,0.3201663201663202
3141,8,4,158,0.3284823284823285
3141,7,16,174,0.36174636174636177
3141,6,35,209,0.43451143451143454
3141,5,25,234,0.4864864864864865
3141,4,64,298,0.6195426195426196
3141,3,102,400,0.8316008316008316
3141,2,28,428,0.8898128898128899
3141,1,30,458,0.9521829521829522
3141,0,23,481,1.0
3142,65,1,1,0.0034129692832764505
3142,60,1,2,0.006825938566552901
3142,54,1,3,0.010238907849829351
3142,48,1,4,0.013651877133105802
3142,47,1,5,0.017064846416382253
3142,45,2,7,0.023890784982935155
3142,44,2,9,0.030716723549488054
3142,41,1,10,0.034129692832764506
3142,39,1,11,0.03754266211604096
3142,37,1,12,0.040955631399317405
3142,35,2,14,0.04778156996587031
3142,34,2,16,0.05460750853242321
3142,33,1,17,0.05802047781569966
3142,30,1,18,0.06143344709897611
3142,28,3,21,0.07167235494880546
3142,27,3,24,0.08191126279863481
3142,26,3,27,0.09215017064846416
3142,25,1,28,0.09556313993174062
3142,23,6,34,0.11604095563139932
3142,22,4,38,0.1296928327645051
3142,21,7,45,0.15358361774744028
3142,18,5,50,0.17064846416382254
3142,17,2,52,0.17747440273037543
3142,16,3,55,0.18771331058020477
3142,15,1,56,0.19112627986348124
3142,14,1,57,0.1945392491467577
3142,13,6,63,0.2150170648464164
3142,12,2,65,0.22184300341296928
3142,11,6,71,0.24232081911262798
3142,10,13,84,0.28668941979522183
3142,9,7,91,0.310580204778157
3142,8,7,98,0.33447098976109213
3142,7,13,111,0.378839590443686
3142,6,23,134,0.45733788395904434
3142,5,31,165,0.5631399317406144
3142,4,49,214,0.7303754266211604
3142,3,37,251,0.856655290102389
3142,2,19,270,0.9215017064846417
3142,1,19,289,0.9863481228668942
3142,0,4,293,1.0
3148,42,1,1,0.004291845493562232
3148,32,1,2,0.008583690987124463
3148,27,1,3,0.012875536480686695
3148,25,1,4,0.017167381974248927
3148,24,1,5,0.02145922746781116
3148,21,1,6,0.02575107296137339
3148,18,1,7,0.030042918454935622
3148,17,3,10,0.04291845493562232
3148,16,2,12,0.05150214592274678
3148,15,2,14,0.060085836909871244
3148,14,2,16,0.06866952789699571
3148,12,1,17,0.07296137339055794
3148,10,3,20,0.08583690987124463
3148,9,1,21,0.09012875536480687
3148,8,1,22,0.0944206008583691
3148,7,3,25,0.1072961373390558
3148,6,5,30,0.12875536480686695
3148,5,8,38,0.1630901287553648
3148,3,2,40,0.17167381974248927
3148,2,7,47,0.2017167381974249
3148,1,20,67,0.2875536480686695
3148,0,166,233,1.0
3149,21,1,1,0.0196078431372549
3149,16,1,2,0.0392156862745098
3149,12,1,3,0.058823529411764705
3149,10,1,4,0.0784313725490196
3149,9,1,5,0.09803921568627451
3149,8,1,6,0.11764705882352941
3149,5,1,7,0.13725490196078433
3149,4,2,9,0.17647058823529413
3149,3,3,12,0.23529411764705882
3149,2,6,18,0.35294117647058826
3149,1,12,30,0.5882352941176471
3149,0,21,51,1.0
3153,82,1,1,0.0022675736961451248
3153,81,3,4,0.009070294784580499
3153,80,1,5,0.011337868480725623
3153,75,1,6,0.013605442176870748
3153,73,1,7,0.015873015873015872
3153,72,1,8,0.018140589569160998
3153,70,1,9,0.02040816326530612
3153,69,1,10,0.022675736961451247
3153,67,2,12,0.027210884353741496
3153,65,1,13,0.02947845804988662
3153,63,2,15,0.034013605442176874
3153,61,2,17,0.03854875283446712
3153,60,1,18,0.04081632653061224
3153,57,1,19,0.04308390022675737
3153,52,1,20,0.045351473922902494
3153,51,1,21,0.047619047619047616
3153,47,1,22,0.049886621315192746
3153,46,5,27,0.061224489795918366
3153,45,3,30,0.06802721088435375
3153,43,4,34,0.07709750566893424
3153,42,6,40,0.09070294784580499
3153,41,2,42,0.09523809523809523
3153,40,3,45,0.10204081632653061
3153,39,2,47,0.10657596371882086
3153,38,3,50,0.11337868480725624
3153,37,6,56,0.12698412698412698
3153,36,6,62,0.14058956916099774
3153,35,4,66,0.14965986394557823
3153,33,2,68,0.15419501133786848
3153,32,3,71,0.16099773242630386
3153,31,4,75,0.17006802721088435
3153,30,4,79,0.17913832199546487
3153,29,3,82,0.18594104308390022
3153,28,3,85,0.1927437641723356
3153,27,11,96,0.21768707482993196
3153,26,9,105,0.23809523809523808
3153,25,6,111,0.25170068027210885
3153,24,11,122,0.2766439909297052
3153,23,5,127,0.28798185941043086
3153,22,4,131,0.29705215419501135
3153,21,6,137,0.31065759637188206
3153,20,3,140,0.31746031746031744
3153,19,11,151,0.3424036281179138
3153,18,10,161,0.36507936507936506
3153,17,13,174,0.3945578231292517
3153,16,7,181,0.41043083900226757
3153,15,12,193,0.4376417233560091
3153,14,7,200,0.45351473922902497
3153,13,17,217,0.49206349206349204
3153,12,15,232,0.5260770975056689
3153,11,16,248,0.562358276643991
3153,10,9,257,0.5827664399092971
3153,9,8,265,0.6009070294784581
3153,8,9,274,0.6213151927437641
3153,7,8,282,0.6394557823129252
3153,6,10,292,0.6621315192743764
3153,5,11,303,0.6870748299319728
3153,4,33,336,0.7619047619047619
3153,3,34,370,0.8390022675736961
3153,2,36,406,0.9206349206349206
3153,1,22,428,0.9705215419501134
3153,0,13,441,1.0
3178,78,1,1,0.0037593984962406013
3178,76,1,2,0.007518796992481203
3178,73,1,3,0.011278195488721804
3178,58,1,4,0.015037593984962405
3178,56,1,5,0.018796992481203006
3178,53,2,7,0.02631578947368421
3178,50,1,8,0.03007518796992481
3178,49,1,9,0.03383458646616541
3178,48,2,11,0.041353383458646614
3178,44,1,12,0.045112781954887216
3178,42,1,13,0.04887218045112782
3178,41,2,15,0.05639097744360902
3178,39,2,17,0.06390977443609022
3178,38,2,19,0.07142857142857142
3178,37,1,20,0.07518796992481203
3178,36,1,21,0.07894736842105263
3178,33,1,22,0.08270676691729323
3178,32,2,24,0.09022556390977443
3178,31,1,25,0.09398496240601503
3178,28,2,27,0.10150375939849623
3178,27,2,29,0.10902255639097744
3178,26,1,30,0.11278195488721804
3178,25,1,31,0.11654135338345864
3178,24,5,36,0.13533834586466165
3178,23,3,39,0.14661654135338345
3178,22,9,48,0.18045112781954886
3178,21,4,52,0.19548872180451127
3178,20,4,56,0.21052631578947367
3178,19,2,58,0.21804511278195488
3178,18,6,64,0.24060150375939848
3178,17,6,70,0.2631578947368421
3178,15,5,75,0.2819548872180451
3178,14,4,79,0.29699248120300753
3178,13,4,83,0.31203007518796994
3178,12,10,93,0.34962406015037595
3178,11,4,97,0.36466165413533835
3178,10,5,102,0.38345864661654133
3178,9,7,109,0.40977443609022557
3178,8,4,113,0.424812030075188
3178,7,3,116,0.43609022556390975
3178,6,4,120,0.45112781954887216
3178,5,9,129,0.4849624060150376
3178,4,17,146,0.5488721804511278
3178,3,35,181,0.6804511278195489
3178,2,51,232,0.8721804511278195
3178,1,14,246,0.924812030075188
3178,0,20,266,1.0
3179,85,1,1,0.0023752969121140144
3179,83,1,2,0.004750593824228029
3179,82,1,3,0.007125890736342043
3179,80,2,5,0.011876484560570071
3179,75,1,6,0.014251781472684086
3179,73,1,7,0.0166270783847981
3179,72,1,8,0.019002375296912115
3179,63,1,9,0.021377672209026127
3179,60,1,10,0.023752969121140142
3179,58,1,11,0.026128266033254157
3179,56,2,13,0.030878859857482184
3179,54,2,15,0.035629453681710214
3179,53,1,16,0.03800475059382423
3179,52,2,18,0.04275534441805225
3179,48,3,21,0.0498812351543943
3179,47,5,26,0.06175771971496437
3179,46,2,28,0.0665083135391924
3179,45,7,35,0.0831353919239905
3179,44,1,36,0.0855106888361045
3179,43,4,40,0.09501187648456057
3179,42,1,41,0.09738717339667459
3179,41,5,46,0.10926365795724466
3179,40,2,48,0.11401425178147269
3179,39,5,53,0.12589073634204276
3179,38,2,55,0.13064133016627077
3179,37,2,57,0.13539192399049882
3179,36,1,58,0.1377672209026128
3179,35,1,59,0.14014251781472684
3179,34,1,60,0.14251781472684086
3179,33,3,63,0.1496437054631829
3179,32,4,67,0.15914489311163896
3179,31,4,71,0.16864608076009502
3179,30,4,75,0.17814726840855108
3179,29,6,81,0.19239904988123516
3179,28,2,83,0.19714964370546317
3179,27,5,88,0.20902612826603326
3179,26,4,92,0.21852731591448932
3179,25,5,97,0.23040380047505937
3179,24,4,101,0.23990498812351543
3179,23,2,103,0.24465558194774348
3179,22,2,105,0.2494061757719715
3179,20,13,118,0.28028503562945367
3179,19,3,121,0.28741092636579574
3179,18,6,127,0.3016627078384798
3179,17,5,132,0.31353919239904987
3179,16,9,141,0.334916864608076
3179,15,6,147,0.3491686460807601
3179,14,8,155,0.3681710213776722
3179,13,7,162,0.3847980997624703
3179,12,4,166,0.39429928741092635
3179,11,13,179,0.4251781472684085
3179,10,13,192,0.45605700712589076
3179,9,14,206,0.48931116389548696
3179,8,12,218,0.517814726840855
3179,7,21,239,0.5676959619952494
3179,6,16,255,0.6057007125890737
3179,5,18,273,0.6484560570071259
3179,4,23,296,0.7030878859857482
3179,3,33,329,0.7814726840855107
3179,2,47,376,0.8931116389548693
3179,1,21,397,0.9429928741092637
3179,0,24,421,1.0
3188,14,1,1,0.023255813953488372
3188,12,1,2,0.046511627906976744
3188,8,1,3,0.06976744186046512
3188,4,1,4,0.09302325581395349
3188,3,2,6,0.13953488372093023
3188,2,3,9,0.20930232558139536
3188,1,16,25,0.5813953488372093
3188,0,18,43,1.0
3213,86,1,1,0.002150537634408602
3213,84,2,3,0.0064516129032258064
3213,80,2,5,0.010752688172043012
3213,76,3,8,0.017204301075268817
3213,74,1,9,0.01935483870967742
3213,72,3,12,0.025806451612903226
3213,71,1,13,0.02795698924731183
3213,70,2,15,0.03225806451612903
3213,67,1,16,0.034408602150537634
3213,66,1,17,0.03655913978494624
3213,65,3,20,0.043010752688172046
3213,64,1,21,0.04516129032258064
3213,61,1,22,0.047311827956989246
3213,60,1,23,0.04946236559139785
3213,58,1,24,0.05161290322580645
3213,57,2,26,0.05591397849462366
3213,56,2,28,0.060215053763440864
3213,55,1,29,0.06236559139784946
3213,54,2,31,0.06666666666666667
3213,53,4,35,0.07526881720430108
3213,52,1,36,0.07741935483870968
3213,51,3,39,0.08387096774193549
3213,50,1,40,0.08602150537634409
3213,49,4,44,0.09462365591397849
3213,48,1,45,0.0967741935483871
3213,47,1,46,0.0989247311827957
3213,46,2,48,0.1032258064516129
3213,45,4,52,0.11182795698924732
3213,41,3,55,0.11827956989247312
3213,40,3,58,0.12473118279569892
3213,38,3,61,0.13118279569892474
3213,37,3,64,0.13763440860215054
3213,36,2,66,0.14193548387096774
3213,34,1,67,0.14408602150537633
3213,33,6,73,0.15698924731182795
3213,32,2,75,0.16129032258064516
3213,31,2,77,0.16559139784946236
3213,30,3,80,0.17204301075268819
3213,28,4,84,0.18064516129032257
3213,27,1,85,0.1827956989247312
3213,26,5,90,0.1935483870967742
3213,25,13,103,0.221505376344086
3213,24,7,110,0.23655913978494625
3213,23,3,113,0.24301075268817204
3213,22,5,118,0.2537634408602151
3213,21,2,120,0.25806451612903225
3213,20,1,121,0.26021505376344084
3213,19,4,125,0.26881720430107525
3213,18,9,134,0.28817204301075267
3213,17,8,142,0.3053763440860215
3213,16,12,154,0.3311827956989247
3213,15,6,160,0.34408602150537637
3213,14,5,165,0.3548387096774194
3213,13,4,169,0.3634408602150538
3213,12,8,177,0.38064516129032255
3213,11,12,189,0.4064516129032258
3213,10,12,201,0.432258064516129
3213,9,10,211,0.45376344086021503
3213,8,13,224,0.4817204301075269
3213,7,11,235,0.5053763440860215
3213,6,30,265,0.5698924731182796
3213,5,29,294,0.632258064516129
3213,4,62,356,0.7655913978494624
3213,3,58,414,0.8903225806451613
3213,2,10,424,0.9118279569892473
3213,1,14,438,0.9419354838709677
3213,0,27,465,1.0
3214,71,1,1,0.003861003861003861
3214,65,1,2,0.007722007722007722
3214,64,1,3,0.011583011583011582
3214,63,1,4,0.015444015444015444
3214,62,1,5,0.019305019305019305
3214,59,1,6,0.023166023166023165
3214,57,1,7,0.02702702702702703
3214,56,1,8,0.03088803088803089
3214,54,1,9,0.03474903474903475
3214,53,1,10,0.03861003861003861
3214,52,2,12,0.04633204633204633
3214,51,2,14,0.05405405405405406
3214,50,1,15,0.05791505791505792
3214,47,1,16,0.06177606177606178
3214,46,2,18,0.0694980694980695
3214,45,1,19,0.07335907335907337
3214,44,2,21,0.08108108108108109
3214,41,2,23,0.0888030888030888
3214,40,1,24,0.09266409266409266
3214,39,3,27,0.10424710424710425
3214,36,1,28,0.10810810810810811
3214,35,1,29,0.11196911196911197
3214,34,1,30,0.11583011583011583
3214,33,1,31,0.11969111969111969
3214,30,2,33,0.1274131274131274
3214,29,2,35,0.13513513513513514
3214,28,1,36,0.138996138996139
3214,27,3,39,0.15057915057915058
3214,25,2,41,0.1583011583011583
3214,24,1,42,0.16216216216216217
3214,23,1,43,0.16602316602316602
3214,22,3,46,0.1776061776061776
3214,21,1,47,0.18146718146718147
3214,19,5,52,0.20077220077220076
3214,18,7,59,0.2277992277992278
3214,17,5,64,0.2471042471042471
3214,16,5,69,0.26640926640926643
3214,15,4,73,0.28185328185328185
3214,14,9,82,0.3166023166023166
3214,13,2,84,0.32432432432432434
3214,12,6,90,0.3474903474903475
3214,11,5,95,0.3667953667953668
3214,10,3,98,0.3783783783783784
3214,9,5,103,0.39768339768339767
3214,8,5,108,0.416988416988417
3214,7,1,109,0.42084942084942084
3214,6,8,117,0.4517374517374517
3214,5,14,131,0.5057915057915058
3214,4,23,154,0.5945945945945946
3214,3,24,178,0.6872586872586872
3214,2,42,220,0.8494208494208494
3214,1,19,239,0.9227799227799228
3214,0,20,259,1.0
3215,78,1,1,0.003278688524590164
3215,71,2,3,0.009836065573770493
3215,60,1,4,0.013114754098360656
3215,59,2,6,0.019672131147540985
3215,58,1,7,0.022950819672131147
3215,57,2,9,0.029508196721311476
3215,53,2,11,0.036065573770491806
3215,49,2,13,0.04262295081967213
3215,46,2,15,0.04918032786885246
3215,43,1,16,0.05245901639344262
3215,42,2,18,0.05901639344262295
3215,41,1,19,0.06229508196721312
3215,40,1,20,0.06557377049180328
3215,39,4,24,0.07868852459016394
3215,38,2,26,0.08524590163934426
3215,37,1,27,0.08852459016393442
3215,35,4,31,0.10163934426229508
3215,34,1,32,0.10491803278688525
3215,33,4,36,0.1180327868852459
3215,32,4,40,0.13114754098360656
3215,31,1,41,0.13442622950819672
3215,30,1,42,0.1377049180327869
3215,29,4,46,0.15081967213114755
3215,28,1,47,0.1540983606557377
3215,27,2,49,0.16065573770491803
3215,25,2,51,0.16721311475409836
3215,24,1,52,0.17049180327868851
3215,23,8,60,0.19672131147540983
3215,22,1,61,0.2
3215,21,1,62,0.20327868852459016
3215,20,5,67,0.21967213114754097
3215,19,2,69,0.2262295081967213
3215,18,5,74,0.24262295081967214
3215,17,1,75,0.2459016393442623
3215,16,7,82,0.26885245901639343
3215,15,2,84,0.2754098360655738
3215,14,1,85,0.2786885245901639
3215,13,3,88,0.28852459016393445
3215,12,6,94,0.3081967213114754
3215,11,4,98,0.32131147540983607
3215,10,7,105,0.3442622950819672
3215,9,6,111,0.3639344262295082
3215,8,3,114,0.3737704918032787
3215,7,10,124,0.4065573770491803
3215,6,6,130,0.4262295081967213
3215,5,16,146,0.4786885245901639
3215,4,19,165,0.5409836065573771
3215,3,38,203,0.6655737704918033
3215,2,73,276,0.9049180327868852
3215,1,14,290,0.9508196721311475
3215,0,15,305,1.0
3225,22,1,1,0.015151515151515152
3225,9,2,3,0.045454545454545456
3225,8,5,8,0.12121212121212122
3225,7,1,9,0.13636363636363635
3225,6,3,12,0.18181818181818182
3225,5,3,15,0.22727272727272727
3225,4,6,21,0.3181818181818182
3225,3,2,23,0.3484848484848485
3225,2,8,31,0.4696969696969697
3225,1,23,54,0.8181818181818182
3225,0,12,66,1.0
3248,120,2,2,0.002325581395348837
3248,119,1,3,0.0034883720930232558
3248,116,2,5,0.005813953488372093
3248,115,2,7,0.00813953488372093
3248,111,2,9,0.010465116279069767
3248,107,2,11,0.012790697674418604
3248,106,1,12,0.013953488372093023
3248,101,3,15,0.01744186046511628
3248,100,1,16,0.018604651162790697
3248,97,1,17,0.019767441860465116
3248,95,1,18,0.020930232558139535
3248,93,2,20,0.023255813953488372
3248,91,1,21,0.02441860465116279
3248,90,2,23,0.026744186046511628
3248,89,1,24,0.027906976744186046
3248,88,1,25,0.029069767441860465
3248,87,3,28,0.03255813953488372
3248,86,3,31,0.03604651162790698
3248,85,2,33,0.03837209302325582
3248,84,2,35,0.040697674418604654
3248,83,3,38,0.044186046511627906
3248,82,4,42,0.04883720930232558
3248,81,2,44,0.05116279069767442
3248,80,2,46,0.053488372093023255
3248,79,2,48,0.05581395348837209
3248,77,1,49,0.056976744186046514
3248,76,3,52,0.06046511627906977
3248,75,3,55,0.06395348837209303
3248,74,1,56,0.06511627906976744
3248,73,2,58,0.06744186046511629
3248,72,6,64,0.07441860465116279
3248,71,5,69,0.08023255813953488
3248,70,6,75,0.0872093023255814
3248,69,8,83,0.09651162790697675
3248,68,13,96,0.11162790697674418
3248,67,26,122,0.14186046511627906
3248,66,35,157,0.18255813953488373
3248,65,4,161,0.1872093023255814
3248,64,1,162,0.1883720930232558
3248,63,2,164,0.19069767441860466
3248,62,5,169,0.19651162790697674
3248,61,3,172,0.2
3248,60,3,175,0.20348837209302326
3248,59,3,178,0.2069767441860465
3248,58,4,182,0.2116279069767442
3248,57,2,184,0.21395348837209302
3248,56,3,187,0.21744186046511627
3248,55,4,191,0.22209302325581395
3248,54,6,197,0.22906976744186047
3248,53,3,200,0.23255813953488372
3248,52,2,202,0.23488372093023255
3248,51,2,204,0.2372093023255814
3248,50,1,205,0.23837209302325582
3248,49,4,209,0.24302325581395348
3248,48,3,212,0.24651162790697675
3248,47,4,216,0.25116279069767444
3248,46,3,219,0.25465116279069766
3248,45,6,225,0.2616279069767442
3248,44,1,226,0.2627906976744186
3248,43,5,231,0.2686046511627907
3248,42,1,232,0.26976744186046514
3248,41,2,234,0.27209302325581397
3248,40,1,235,0.27325581395348836
3248,39,7,242,0.2813953488372093
3248,38,5,247,0.2872093023255814
3248,37,3,250,0.29069767441860467
3248,36,3,253,0.2941860465116279
3248,35,5,258,0.3
3248,34,9,267,0.31046511627906975
3248,33,8,275,0.31976744186046513
3248,32,10,285,0.3313953488372093
3248,31,8,293,0.34069767441860466
3248,30,5,298,0.34651162790697676
3248,29,3,301,0.35
3248,28,7,308,0.3581395348837209
3248,27,5,313,0.363953488372093
3248,26,7,320,0.37209302325581395
3248,25,7,327,0.3802325581395349
3248,24,5,332,0.386046511627907
3248,23,6,338,0.3930232558139535
3248,22,7,345,0.4011627906976744
3248,21,10,355,0.4127906976744186
3248,20,6,361,0.4197674418604651
3248,19,12,373,0.43372093023255814
3248,18,12,385,0.4476744186046512
3248,17,4,389,0.45232558139534884
3248,16,9,398,0.4627906976744186
3248,15,7,405,0.47093023255813954
3248,14,16,421,0.48953488372093024
3248,13,15,436,0.5069767441860465
3248,12,10,446,0.5186046511627908
3248,11,16,462,0.5372093023255814
3248,10,17,479,0.5569767441860465
3248,9,15,494,0.5744186046511628
3248,8,18,512,0.5953488372093023
3248,7,16,528,0.6139534883720931
3248,6,20,548,0.6372093023255814
3248,5,39,587,0.6825581395348838
3248,4,55,642,0.7465116279069768
3248,3,81,723,0.8406976744186047
3248,2,76,799,0.9290697674418604
3248,1,26,825,0.9593023255813954
3248,0,35,860,1.0
3249,112,1,1,0.005649717514124294
3249,108,1,2,0.011299435028248588
3249,98,1,3,0.01694915254237288
3249,94,1,4,0.022598870056497175
3249,91,1,5,0.02824858757062147
3249,88,1,6,0.03389830508474576
3249,86,2,8,0.04519774011299435
3249,84,1,9,0.05084745762711865
3249,75,1,10,0.05649717514124294
3249,69,2,12,0.06779661016949153
3249,68,3,15,0.0847457627118644
3249,67,1,16,0.0903954802259887
3249,66,2,18,0.1016949152542373
3249,65,1,19,0.10734463276836158
3249,64,1,20,0.11299435028248588
3249,62,3,23,0.12994350282485875
3249,61,2,25,0.14124293785310735
3249,59,1,26,0.14689265536723164
3249,58,1,27,0.15254237288135594
3249,54,1,28,0.15819209039548024
3249,50,3,31,0.1751412429378531
3249,48,2,33,0.1864406779661017
3249,47,4,37,0.20903954802259886
3249,46,1,38,0.21468926553672316
3249,43,2,40,0.22598870056497175
3249,42,2,42,0.23728813559322035
3249,38,3,45,0.2542372881355932
3249,37,1,46,0.2598870056497175
3249,34,2,48,0.2711864406779661
3249,33,1,49,0.2768361581920904
3249,32,1,50,0.2824858757062147
3249,31,1,51,0.288135593220339
3249,29,3,54,0.3050847457627119
3249,26,4,58,0.327683615819209
3249,25,2,60,0.3389830508474576
3249,24,3,63,0.3559322033898305
3249,23,3,66,0.3728813559322034
3249,22,3,69,0.3898305084745763
3249,21,2,71,0.4011299435028249
3249,19,2,73,0.4124293785310734
3249,18,4,77,0.4350282485875706
3249,17,2,79,0.4463276836158192
3249,16,3,82,0.4632768361581921
3249,15,3,85,0.480225988700565
3249,14,2,87,0.4915254237288136
3249,12,3,90,0.5084745762711864
3249,10,4,94,0.5310734463276836
3249,9,3,97,0.5480225988700564
3249,8,8,105,0.5932203389830508
3249,7,5,110,0.6214689265536724
3249,6,4,114,0.6440677966101694
3249,5,1,115,0.6497175141242938
3249,4,8,123,0.6949152542372882
3249,3,19,142,0.8022598870056498
3249,2,12,154,0.8700564971751412
3249,1,13,167,0.943502824858757
3249,0,10,177,1.0
3253,112,1,1,0.006896551724137931
3253,109,1,2,0.013793103448275862
3253,100,1,3,0.020689655172413793
3253,97,1,4,0.027586206896551724
3253,91,1,5,0.034482758620689655
3253,81,1,6,0.041379310344827586
3253,76,1,7,0.04827586206896552
3253,73,1,8,0.05517241379310345
3253,63,1,9,0.06206896551724138
3253,59,1,10,0.06896551724137931
3253,49,1,11,0.07586206896551724
3253,38,1,12,0.08275862068965517
3253,35,1,13,0.0896551724137931
3253,34,2,15,0.10344827586206896
3253,30,2,17,0.11724137931034483
3253,24,1,18,0.12413793103448276
3253,23,1,19,0.1310344827586207
3253,22,1,20,0.13793103448275862
3253,16,1,21,0.14482758620689656
3253,15,2,23,0.15862068965517243
3253,11,1,24,0.16551724137931034
3253,10,1,25,0.1724137931034483
3253,6,1,26,0.1793103448275862
3253,5,2,28,0.19310344827586207
3253,4,6,34,0.23448275862068965
3253,3,3,37,0.25517241379310346
3253,2,4,41,0.2827586206896552
3253,1,3,44,0.30344827586206896
3253,0,101,145,1.0
3259,120,1,1,0.0049261083743842365
3259,65,2,3,0.014778325123152709
3259,64,2,5,0.024630541871921183
3259,55,1,6,0.029556650246305417
3259,52,1,7,0.034482758620689655
3259,50,2,9,0.04433497536945813
3259,43,2,11,0.054187192118226604
3259,40,1,12,0.059113300492610835
3259,38,1,13,0.06403940886699508
3259,37,1,14,0.06896551724137931
3259,34,1,15,0.07389162561576355
3259,33,2,17,0.08374384236453201
3259,32,1,18,0.08866995073891626
3259,30,1,19,0.09359605911330049
3259,29,1,20,0.09852216748768473
3259,27,1,21,0.10344827586206896
3259,26,1,22,0.10837438423645321
3259,25,3,25,0.12315270935960591
3259,24,6,31,0.15270935960591134
3259,23,1,32,0.15763546798029557
3259,22,1,33,0.1625615763546798
3259,21,2,35,0.1724137931034483
3259,18,2,37,0.18226600985221675
3259,17,3,40,0.19704433497536947
3259,15,2,42,0.20689655172413793
3259,14,2,44,0.21674876847290642
3259,13,2,46,0.22660098522167488
3259,12,2,48,0.23645320197044334
3259,11,5,53,0.26108374384236455
3259,10,1,54,0.2660098522167488
3259,9,2,56,0.27586206896551724
3259,8,2,58,0.2857142857142857
3259,7,9,67,0.33004926108374383
3259,6,9,76,0.37438423645320196
3259,5,11,87,0.42857142857142855
3259,4,15,102,0.5024630541871922
3259,3,23,125,0.6157635467980296
3259,2,49,174,0.8571428571428571
3259,1,11,185,0.9113300492610837
3259,0,18,203,1.0
3276,88,1,1,0.005988023952095809
3276,75,1,2,0.011976047904191617
3276,67,1,3,0.017964071856287425
3276,65,1,4,0.023952095808383235
3276,61,1,5,0.029940119760479042
3276,54,4,9,0.05389221556886228
3276,48,1,10,0.059880239520958084
3276,47,1,11,0.0658682634730539
3276,45,1,12,0.0718562874251497
3276,42,1,13,0.07784431137724551
3276,40,2,15,0.08982035928143713
3276,37,1,16,0.09580838323353294
3276,36,4,20,0.11976047904191617
3276,33,2,22,0.1317365269461078
3276,29,2,24,0.1437125748502994
3276,27,1,25,0.1497005988023952
3276,26,2,27,0.16167664670658682
3276,25,2,29,0.17365269461077845
3276,24,1,30,0.17964071856287425
3276,23,1,31,0.18562874251497005
3276,21,2,33,0.19760479041916168
3276,19,4,37,0.2215568862275449
3276,18,5,42,0.25149700598802394
3276,16,2,44,0.2634730538922156
3276,15,1,45,0.2694610778443114
3276,14,2,47,0.281437125748503
3276,13,1,48,0.2874251497005988
3276,12,2,50,0.2994011976047904
3276,11,1,51,0.30538922155688625
3276,10,3,54,0.32335329341317365
3276,9,5,59,0.3532934131736527
3276,8,2,61,0.3652694610778443
3276,7,5,66,0.39520958083832336
3276,6,8,74,0.4431137724550898
3276,5,12,86,0.5149700598802395
3276,4,8,94,0.562874251497006
3276,3,15,109,0.6526946107784432
3276,2,34,143,0.8562874251497006
3276,1,9,152,0.9101796407185628
3276,0,15,167,1.0
3278,24,1,1,0.02127659574468085
3278,23,1,2,0.0425531914893617
3278,22,1,3,0.06382978723404255
3278,16,1,4,0.0851063829787234
3278,14,1,5,0.10638297872340426
3278,9,1,6,0.1276595744680851
3278,6,2,8,0.1702127659574468
3278,4,3,11,0.23404255319148937
3278,3,3,14,0.2978723404255319
3278,2,6,20,0.425531914893617
3278,1,13,33,0.7021276595744681
3278,0,14,47,1.0
3288,6,1,1,0.005747126436781609
3288,4,2,3,0.017241379310344827
3288,0,171,174,1.0
3306,71,2,2,0.02631578947368421
3306,64,1,3,0.039473684210526314
3306,57,1,4,0.05263157894736842
3306,54,1,5,0.06578947368421052
3306,53,1,6,0.07894736842105263
3306,50,1,7,0.09210526315789473
3306,49,1,8,0.10526315789473684
3306,47,1,9,0.11842105263157894
3306,43,1,10,0.13157894736842105
3306,42,2,12,0.15789473684210525
3306,38,2,14,0.18421052631578946
3306,36,1,15,0.19736842105263158
3306,31,1,16,0.21052631578947367
3306,28,1,17,0.2236842105263158
3306,26,1,18,0.23684210526315788
3306,25,1,19,0.25
3306,24,2,21,0.27631578947368424
3306,23,1,22,0.2894736842105263
3306,20,1,23,0.3026315789473684
3306,19,2,25,0.32894736842105265
3306,18,2,27,0.35526315789473684
3306,16,3,30,0.39473684210526316
3306,15,1,31,0.40789473684210525
3306,11,3,34,0.4473684210526316
3306,10,2,36,0.47368421052631576
3306,9,3,39,0.5131578947368421
3306,8,4,43,0.5657894736842105
3306,4,8,51,0.6710526315789473
3306,3,8,59,0.7763157894736842
3306,2,5,64,0.8421052631578947
3306,1,7,71,0.9342105263157895
3306,0,5,76,1.0
3307,113,1,1,0.006993006993006993
3307,111,2,3,0.02097902097902098
3307,108,1,4,0.027972027972027972
3307,96,1,5,0.03496503496503497
3307,92,1,6,0.04195804195804196
3307,85,1,7,0.04895104895104895
3307,84,1,8,0.055944055944055944
3307,79,1,9,0.06293706293706294
3307,77,3,12,0.08391608391608392
3307,76,1,13,0.09090909090909091
3307,74,1,14,0.0979020979020979
3307,73,1,15,0.1048951048951049
3307,72,2,17,0.11888111888111888
3307,71,1,18,0.1258741258741259
3307,68,1,19,0.13286713286713286
3307,66,1,20,0.13986013986013987
3307,64,1,21,0.14685314685314685
3307,62,1,22,0.15384615384615385
3307,60,2,24,0.16783216783216784
3307,59,2,26,0.18181818181818182
3307,57,2,28,0.1958041958041958
3307,55,1,29,0.20279720279720279
3307,53,1,30,0.2097902097902098
3307,52,1,31,0.21678321678321677
3307,51,1,32,0.22377622377622378
3307,49,3,35,0.24475524475524477
3307,48,1,36,0.2517482517482518
3307,47,2,38,0.26573426573426573
3307,46,2,40,0.27972027972027974
3307,45,3,43,0.3006993006993007
3307,44,2,45,0.3146853146853147
3307,43,1,46,0.32167832167832167
3307,42,5,51,0.35664335664335667
3307,41,3,54,0.3776223776223776
3307,40,3,57,0.3986013986013986
3307,39,1,58,0.40559440559440557
3307,38,1,59,0.4125874125874126
3307,37,1,60,0.4195804195804196
3307,35,4,64,0.44755244755244755
3307,34,2,66,0.46153846153846156
3307,32,2,68,0.4755244755244755
3307,31,1,69,0.4825174825174825
3307,30,3,72,0.5034965034965035
3307,29,2,74,0.5174825174825175
3307,28,1,75,0.5244755244755245
3307,26,1,76,0.5314685314685315
3307,25,1,77,0.5384615384615384
3307,24,2,79,0.5524475524475524
3307,23,2,81,0.5664335664335665
3307,20,1,82,0.5734265734265734
3307,18,1,83,0.5804195804195804
3307,15,1,84,0.5874125874125874
3307,14,3,87,0.6083916083916084
3307,13,1,88,0.6153846153846154
3307,12,2,90,0.6293706293706294
3307,11,2,92,0.6433566433566433
3307,10,2,94,0.6573426573426573
3307,9,1,95,0.6643356643356644
3307,8,2,97,0.6783216783216783
3307,7,4,101,0.7062937062937062
3307,6,2,103,0.7202797202797203
3307,5,1,104,0.7272727272727273
3307,4,4,108,0.7552447552447552
3307,3,8,116,0.8111888111888111
3307,2,9,125,0.8741258741258742
3307,1,10,135,0.9440559440559441
3307,0,8,143,1.0
3309,120,2,2,0.0016736401673640166
3309,119,3,5,0.0041841004184100415
3309,117,1,6,0.00502092050209205
3309,115,3,9,0.007531380753138075
3309,112,1,10,0.008368200836820083
3309,110,1,11,0.009205020920502092
3309,108,3,14,0.011715481171548118
3309,105,1,15,0.012552301255230125
3309,104,2,17,0.014225941422594143
3309,103,2,19,0.015899581589958158
3309,102,2,21,0.017573221757322177
3309,99,1,22,0.018410041841004185
3309,96,2,24,0.0200836820083682
3309,93,5,29,0.024267782426778243
3309,92,4,33,0.027615062761506277
3309,91,4,37,0.03096234309623431
3309,90,2,39,0.032635983263598324
3309,89,2,41,0.03430962343096234
3309,88,3,44,0.03682008368200837
3309,87,3,47,0.03933054393305439
3309,86,2,49,0.04100418410041841
3309,85,1,50,0.04184100418410042
3309,84,1,51,0.042677824267782424
3309,82,2,53,0.04435146443514645
3309,81,4,57,0.04769874476987448
3309,80,3,60,0.0502092050209205
3309,79,6,66,0.055230125523012555
3309,78,1,67,0.05606694560669456
3309,77,4,71,0.059414225941422594
3309,76,1,72,0.0602510460251046
3309,75,1,73,0.06108786610878661
3309,74,3,76,0.06359832635983263
3309,73,3,79,0.06610878661087866
3309,72,2,81,0.06778242677824267
3309,71,1,82,0.06861924686192468
3309,70,4,86,0.07196652719665272
3309,69,5,91,0.07615062761506276
3309,68,6,97,0.08117154811715481
3309,67,6,103,0.08619246861924686
3309,66,5,108,0.09037656903765691
3309,65,4,112,0.09372384937238494
3309,64,5,117,0.09790794979079498
3309,63,5,122,0.10209205020920502
3309,62,5,127,0.10627615062761506
3309,61,5,132,0.11046025104602511
3309,60,5,137,0.11464435146443515
3309,59,7,144,0.1205020920502092
3309,58,8,152,0.12719665271966527
3309,57,7,159,0.13305439330543933
3309,56,4,163,0.13640167364016736
3309,55,8,171,0.14309623430962343
3309,54,7,178,0.1489539748953975
3309,53,13,191,0.1598326359832636
3309,52,10,201,0.1682008368200837
3309,51,28,229,0.1916317991631799
3309,50,79,308,0.25774058577405856
3309,49,3,311,0.2602510460251046
3309,48,1,312,0.2610878661087866
3309,47,2,314,0.26276150627615064
3309,46,4,318,0.26610878661087867
3309,45,6,324,0.2711297071129707
3309,44,3,327,0.27364016736401675
3309,43,3,330,0.27615062761506276
3309,42,4,334,0.2794979079497908
3309,41,5,339,0.28368200836820084
3309,40,2,341,0.28535564853556483
3309,39,4,345,0.28870292887029286
3309,38,5,350,0.2928870292887029
3309,37,6,356,0.297907949790795
3309,36,8,364,0.30460251046025105
3309,35,5,369,0.3087866108786611
3309,34,4,373,0.31213389121338914
3309,33,3,376,0.31464435146443515
3309,32,12,388,0.32468619246861924
3309,31,8,396,0.3313807531380753
3309,30,10,406,0.3397489539748954
3309,29,10,416,0.34811715481171546
3309,28,1,417,0.3489539748953975
3309,27,8,425,0.35564853556485354
3309,26,8,433,0.3623430962343096
3309,25,13,446,0.3732217573221757
3309,24,19,465,0.3891213389121339
3309,23,10,475,0.39748953974895396
3309,22,12,487,0.40753138075313805
3309,21,7,494,0.41338912133891215
3309,20,12,506,0.42343096234309624
3309,19,16,522,0.43682008368200836
3309,18,17,539,0.4510460251046025
3309,17,6,545,0.4560669456066946
3309,16,16,561,0.4694560669456067
3309,15,19,580,0.48535564853556484
3309,14,19,599,0.501255230125523
3309,13,9,608,0.5087866108786611
3309,12,20,628,0.5255230125523013
3309,11,20,648,0.5422594142259414
3309,10,24,672,0.5623430962343097
3309,9,31,703,0.5882845188284519
3309,8,25,728,0.6092050209205021
3309,7,44,772,0.6460251046025105
3309,6,76,848,0.7096234309623431
3309,5,93,941,0.7874476987447698
3309,4,35,976,0.8167364016736401
3309,3,62,1038,0.8686192468619247
3309,2,62,1100,0.9205020920502092
3309,1,76,1176,0.9841004184100418
3309,0,19,1195,1.0
3310,93,1,1,0.006622516556291391
3310,85,4,5,0.033112582781456956
3310,84,1,6,0.039735099337748346
3310,80,1,7,0.046357615894039736
3310,71,2,9,0.059602649006622516
3310,70,1,10,0.06622516556291391
3310,68,3,13,0.08609271523178808
3310,66,1,14,0.09271523178807947
3310,59,1,15,0.09933774834437085
3310,58,1,16,0.10596026490066225
3310,57,1,17,0.11258278145695365
3310,54,5,22,0.1456953642384106
3310,51,1,23,0.152317880794702
3310,50,2,25,0.16556291390728478
3310,47,2,27,0.17880794701986755
3310,46,2,29,0.19205298013245034
3310,45,2,31,0.2052980132450331
3310,44,1,32,0.2119205298013245
3310,43,9,41,0.271523178807947
3310,42,1,42,0.2781456953642384
3310,40,1,43,0.2847682119205298
3310,33,1,44,0.2913907284768212
3310,32,1,45,0.2980132450331126
3310,31,2,47,0.31125827814569534
3310,30,2,49,0.32450331125827814
3310,29,7,56,0.3708609271523179
3310,28,1,57,0.37748344370860926
3310,27,1,58,0.3841059602649007
3310,26,1,59,0.39072847682119205
3310,25,2,61,0.40397350993377484
3310,24,2,63,0.41721854304635764
3310,23,2,65,0.4304635761589404
3310,22,1,66,0.4370860927152318
3310,21,2,68,0.4503311258278146
3310,20,4,72,0.4768211920529801
3310,19,3,75,0.4966887417218543
3310,18,3,78,0.5165562913907285
3310,17,1,79,0.5231788079470199
3310,16,3,82,0.543046357615894
3310,13,3,85,0.5629139072847682
3310,12,2,87,0.5761589403973509
3310,11,2,89,0.5894039735099338
3310,10,5,94,0.6225165562913907
3310,8,2,96,0.6357615894039735
3310,6,3,99,0.6556291390728477
3310,5,3,102,0.6754966887417219
3310,4,5,107,0.7086092715231788
3310,3,12,119,0.7880794701986755
3310,2,16,135,0.8940397350993378
3310,1,3,138,0.9139072847682119
3310,0,13,151,1.0
3311,104,1,1,0.003205128205128205
3311,102,1,2,0.00641025641025641
3311,101,1,3,0.009615384615384616
3311,97,1,4,0.01282051282051282
3311,87,1,5,0.016025641025641024
3311,86,2,7,0.022435897435897436
3311,84,1,8,0.02564102564102564
3311,80,1,9,0.028846153846153848
3311,69,1,10,0.03205128205128205
3311,68,1,11,0.035256410256410256
3311,67,1,12,0.038461538461538464
3311,65,1,13,0.041666666666666664
3311,62,1,14,0.04487179487179487
3311,57,2,16,0.05128205128205128
3311,56,1,17,0.05448717948717949
3311,55,1,18,0.057692307692307696
3311,54,1,19,0.060897435897435896
3311,52,2,21,0.0673076923076923
3311,47,3,24,0.07692307692307693
3311,46,2,26,0.08333333333333333
3311,45,2,28,0.08974358974358974
3311,44,1,29,0.09294871794871795
3311,43,2,31,0.09935897435897435
3311,42,1,32,0.10256410256410256
3311,41,1,33,0.10576923076923077
3311,40,3,36,0.11538461538461539
3311,39,1,37,0.11858974358974358
3311,35,1,38,0.12179487179487179
3311,34,1,39,0.125
3311,33,2,41,0.13141025641025642
3311,32,2,43,0.13782051282051283
3311,30,4,47,0.15064102564102563
3311,29,2,49,0.15705128205128205
3311,28,3,52,0.16666666666666666
3311,27,4,56,0.1794871794871795
3311,26,2,58,0.1858974358974359
3311,25,2,60,0.19230769230769232
3311,24,6,66,0.21153846153846154
3311,23,2,68,0.21794871794871795
3311,21,1,69,0.22115384615384615
3311,20,2,71,0.22756410256410256
3311,19,3,74,0.23717948717948717
3311,18,7,81,0.25961538461538464
3311,17,2,83,0.266025641025641
3311,16,9,92,0.2948717948717949
3311,15,7,99,0.3173076923076923
3311,14,3,102,0.3269230769230769
3311,13,13,115,0.3685897435897436
3311,12,6,121,0.38782051282051283
3311,11,4,125,0.40064102564102566
3311,10,4,129,0.41346153846153844
3311,9,9,138,0.4423076923076923
3311,8,5,143,0.4583333333333333
3311,7,7,150,0.4807692307692308
3311,6,13,163,0.5224358974358975
3311,5,26,189,0.6057692307692307
3311,4,14,203,0.6506410256410257
3311,3,32,235,0.7532051282051282
3311,2,53,288,0.9230769230769231
3311,1,6,294,0.9423076923076923
3311,0,18,312,1.0
3314,28,1,1,0.024390243902439025
3314,24,1,2,0.04878048780487805
3314,16,1,3,0.07317073170731707
3314,12,1,4,0.0975609756097561
3314,10,1,5,0.12195121951219512
3314,8,1,6,0.14634146341463414
3314,4,3,9,0.21951219512195122
3314,3,8,17,0.4146341463414634
3314,2,6,23,0.5609756097560976
3314,1,11,34,0.8292682926829268
3314,0,7,41,1.0
3319,83,2,2,0.025
3319,82,1,3,0.0375
3319,53,1,4,0.05
3319,49,2,6,0.075
3319,44,1,7,0.0875
3319,42,1,8,0.1
3319,41,1,9,0.1125
3319,39,1,10,0.125
3319,36,1,11,0.1375
3319,33,1,12,0.15
3319,30,3,15,0.1875
3319,29,1,16,0.2
3319,27,2,18,0.225
3319,26,1,19,0.2375
3319,25,1,20,0.25
3319,24,1,21,0.2625
3319,21,1,22,0.275
3319,20,1,23,0.2875
3319,18,5,28,0.35
3319,17,1,29,0.3625
3319,15,5,34,0.425
3319,12,1,35,0.4375
3319,10,4,39,0.4875
3319,8,3,42,0.525
3319,7,2,44,0.55
3319,6,4,48,0.6
3319,5,1,49,0.6125
3319,4,5,54,0.675
3319,3,2,56,0.7
3319,2,8,64,0.8
3319,1,11,75,0.9375
3319,0,5,80,1.0
3320,83,1,1,0.025
3320,82,1,2,0.05
3320,73,2,4,0.1
3320,69,1,5,0.125
3320,59,1,6,0.15
3320,54,1,7,0.175
3320,47,1,8,0.2
3320,41,1,9,0.225
3320,38,1,10,0.25
3320,34,1,11,0.275
3320,31,1,12,0.3
3320,25,1,13,0.325
3320,24,1,14,0.35
3320,23,1,15,0.375
3320,20,2,17,0.425
3320,17,1,18,0.45
3320,11,2,20,0.5
3320,9,1,21,0.525
3320,8,1,22,0.55
3320,7,2,24,0.6
3320,6,2,26,0.65
3320,4,1,27,0.675
3320,3,3,30,0.75
3320,2,2,32,0.8
3320,1,2,34,0.85
3320,0,6,40,1.0
3321,40,1,1,0.08333333333333333
3321,30,2,3,0.25
3321,16,1,4,0.3333333333333333
3321,15,1,5,0.4166666666666667
3321,4,1,6,0.5
3321,2,1,7,0.5833333333333334
3321,1,2,9,0.75
3321,0,3,12,1.0
3322,86,1,1,0.02127659574468085
3322,65,1,2,0.0425531914893617
3322,41,1,3,0.06382978723404255
3322,34,1,4,0.0851063829787234
3322,32,1,5,0.10638297872340426
3322,26,1,6,0.1276595744680851
3322,23,1,7,0.14893617021276595
3322,22,1,8,0.1702127659574468
3322,21,1,9,0.19148936170212766
3322,19,1,10,0.2127659574468085
3322,17,1,11,0.23404255319148937
3322,16,1,12,0.2553191489361702
3322,15,1,13,0.2765957446808511
3322,14,1,14,0.2978723404255319
3322,12,1,15,0.3191489361702128
3322,10,1,16,0.3404255319148936
3322,9,1,17,0.3617021276595745
3322,8,1,18,0.3829787234042553
3322,7,1,19,0.40425531914893614
3322,6,4,23,0.48936170212765956
3322,4,3,26,0.5531914893617021
3322,3,2,28,0.5957446808510638
3322,2,2,30,0.6382978723404256
3322,1,8,38,0.8085106382978723
3322,0,9,47,1.0
3323,87,3,3,0.05084745762711865
3323,82,1,4,0.06779661016949153
3323,81,1,5,0.0847457627118644
3323,54,2,7,0.11864406779661017
3323,48,1,8,0.13559322033898305
3323,43,1,9,0.15254237288135594
3323,29,1,10,0.1694915254237288
3323,28,1,11,0.1864406779661017
3323,26,1,12,0.2033898305084746
3323,20,2,14,0.23728813559322035
3323,19,1,15,0.2542372881355932
3323,18,3,18,0.3050847457627119
3323,12,4,22,0.3728813559322034
3323,10,1,23,0.3898305084745763
3323,9,2,25,0.423728813559322
3323,7,3,28,0.4745762711864407
3323,6,2,30,0.5084745762711864
3323,5,4,34,0.576271186440678
3323,3,1,35,0.5932203389830508
3323,2,6,41,0.6949152542372882
3323,1,13,54,0.9152542372881356
3323,0,5,59,1.0
3324,84,1,1,0.015625
3324,78,1,2,0.03125
3324,55,1,3,0.046875
3324,53,1,4,0.0625
3324,31,1,5,0.078125
3324,30,2,7,0.109375
3324,28,1,8,0.125
3324,22,2,10,0.15625
3324,16,1,11,0.171875
3324,8,2,13,0.203125
3324,7,1,14,0.21875
3324,6,2,16,0.25
3324,5,1,17,0.265625
3324,4,3,20,0.3125
3324,3,1,21,0.328125
3324,2,1,22,0.34375
3324,1,9,31,0.484375
3324,0,33,64,1.0
3325,94,1,1,0.017241379310344827
3325,82,1,2,0.034482758620689655
3325,26,1,3,0.05172413793103448
3325,9,2,5,0.08620689655172414
3325,8,1,6,0.10344827586206896
3325,7,1,7,0.1206896551724138
3325,6,1,8,0.13793103448275862
3325,5,1,9,0.15517241379310345
3325,4,1,10,0.1724137931034483
3325,3,4,14,0.2413793103448276
3325,2,7,21,0.3620689655172414
3325,1,5,26,0.4482758620689655
3325,0,32,58,1.0
3326,95,1,1,0.005376344086021506
3326,83,1,2,0.010752688172043012
3326,82,1,3,0.016129032258064516
3326,64,1,4,0.021505376344086023
3326,37,1,5,0.026881720430107527
3326,11,1,6,0.03225806451612903
3326,10,1,7,0.03763440860215054
3326,9,4,11,0.05913978494623656
3326,8,1,12,0.06451612903225806
3326,6,2,14,0.07526881720430108
3326,5,3,17,0.0913978494623656
3326,4,2,19,0.10215053763440861
3326,3,6,25,0.13440860215053763
3326,2,5,30,0.16129032258064516
3326,1,33,63,0.3387096774193548
3326,0,123,186,1.0
3327,103,1,1,0.006024096385542169
3327,85,1,2,0.012048192771084338
3327,63,1,3,0.018072289156626505
3327,55,1,4,0.024096385542168676
3327,51,1,5,0.030120481927710843
3327,49,1,6,0.03614457831325301
3327,48,1,7,0.04216867469879518
3327,45,1,8,0.04819277108433735
3327,44,1,9,0.05421686746987952
3327,40,1,10,0.060240963855421686
3327,36,1,11,0.06626506024096386
3327,33,4,15,0.09036144578313253
3327,32,1,16,0.0963855421686747
3327,29,3,19,0.1144578313253012
3327,28,3,22,0.13253012048192772
3327,24,1,23,0.13855421686746988
3327,22,1,24,0.14457831325301204
3327,21,2,26,0.1566265060240964
3327,18,6,32,0.1927710843373494
3327,17,2,34,0.20481927710843373
3327,16,1,35,0.21084337349397592
3327,15,3,38,0.2289156626506024
3327,14,1,39,0.23493975903614459
3327,13,5,44,0.26506024096385544
3327,12,4,48,0.2891566265060241
3327,11,1,49,0.29518072289156627
3327,10,1,50,0.30120481927710846
3327,9,3,53,0.3192771084337349
3327,8,4,57,0.3433734939759036
3327,7,4,61,0.3674698795180723
3327,6,7,68,0.40963855421686746
3327,5,16,84,0.5060240963855421
3327,4,6,90,0.5421686746987951
3327,3,27,117,0.7048192771084337
3327,2,30,147,0.8855421686746988
3327,1,5,152,0.9156626506024096
3327,0,14,166,1.0
3328,109,1,1,0.003703703703703704
3328,108,1,2,0.007407407407407408
3328,107,1,3,0.011111111111111112
3328,95,1,4,0.014814814814814815
3328,84,2,6,0.022222222222222223
3328,83,1,7,0.025925925925925925
3328,77,1,8,0.02962962962962963
3328,71,2,10,0.037037037037037035
3328,68,1,11,0.040740740740740744
3328,56,1,12,0.044444444444444446
3328,53,1,13,0.04814814814814815
3328,52,3,16,0.05925925925925926
3328,51,2,18,0.06666666666666667
3328,49,1,19,0.07037037037037037
3328,44,1,20,0.07407407407407407
3328,39,1,21,0.07777777777777778
3328,38,1,22,0.08148148148148149
3328,37,3,25,0.09259259259259259
3328,36,2,27,0.1
3328,35,5,32,0.11851851851851852
3328,33,2,34,0.1259259259259259
3328,32,2,36,0.13333333333333333
3328,31,1,37,0.13703703703703704
3328,29,1,38,0.14074074074074075
3328,28,5,43,0.15925925925925927
3328,27,5,48,0.17777777777777778
3328,26,2,50,0.18518518518518517
3328,25,1,51,0.18888888888888888
3328,24,3,54,0.2
3328,23,2,56,0.2074074074074074
3328,22,3,59,0.21851851851851853
3328,21,2,61,0.22592592592592592
3328,20,2,63,0.23333333333333334
3328,19,1,64,0.23703703703703705
3328,18,2,66,0.24444444444444444
3328,17,4,70,0.25925925925925924
3328,16,2,72,0.26666666666666666
3328,15,2,74,0.2740740740740741
3328,14,5,79,0.29259259259259257
3328,12,3,82,0.3037037037037037
3328,11,9,91,0.337037037037037
3328,10,4,95,0.35185185185185186
3328,9,3,98,0.362962962962963
3328,8,2,100,0.37037037037037035
3328,7,4,104,0.3851851851851852
3328,6,11,115,0.42592592592592593
3328,5,14,129,0.4777777777777778
3328,4,22,151,0.5592592592592592
3328,3,41,192,0.7111111111111111
3328,2,40,232,0.8592592592592593
3328,1,16,248,0.9185185185185185
3328,0,22,270,1.0
3329,111,1,1,0.004329004329004329
3329,97,1,2,0.008658008658008658
3329,95,1,3,0.012987012987012988
3329,45,2,5,0.021645021645021644
3329,44,1,6,0.025974025974025976
3329,43,1,7,0.030303030303030304
3329,40,1,8,0.03463203463203463
3329,39,1,9,0.03896103896103896
3329,37,2,11,0.047619047619047616
3329,36,2,13,0.05627705627705628
3329,35,1,14,0.06060606060606061
3329,33,2,16,0.06926406926406926
3329,32,3,19,0.08225108225108226
3329,31,1,20,0.08658008658008658
3329,29,2,22,0.09523809523809523
3329,28,4,26,0.11255411255411256
3329,27,2,28,0.12121212121212122
3329,26,1,29,0.12554112554112554
3329,24,1,30,0.12987012987012986
3329,23,1,31,0.1341991341991342
3329,22,3,34,0.1471861471861472
3329,21,2,36,0.15584415584415584
3329,20,2,38,0.1645021645021645
3329,19,1,39,0.16883116883116883
3329,18,5,44,0.19047619047619047
3329,17,4,48,0.2077922077922078
3329,16,2,50,0.21645021645021645
3329,15,1,51,0.22077922077922077
3329,14,1,52,0.22510822510822512
3329,13,8,60,0.2597402597402597
3329,12,4,64,0.27705627705627706
3329,11,8,72,0.3116883116883117
3329,10,5,77,0.3333333333333333
3329,9,3,80,0.3463203463203463
3329,8,8,88,0.38095238095238093
3329,7,12,100,0.4329004329004329
3329,6,3,103,0.4458874458874459
3329,5,13,116,0.5021645021645021
3329,4,20,136,0.5887445887445888
3329,3,29,165,0.7142857142857143
3329,2,41,206,0.8917748917748918
3329,1,11,217,0.9393939393939394
3329,0,14,231,1.0
3330,115,1,1,0.002770083102493075
3330,109,1,2,0.00554016620498615
3330,100,1,3,0.008310249307479225
3330,90,1,4,0.0110803324099723
3330,87,1,5,0.013850415512465374
3330,80,1,6,0.01662049861495845
3330,79,1,7,0.019390581717451522
3330,72,1,8,0.0221606648199446
3330,71,1,9,0.024930747922437674
3330,68,3,12,0.0332409972299169
3330,67,1,13,0.036011080332409975
3330,61,1,14,0.038781163434903045
3330,60,1,15,0.04155124653739612
3330,58,1,16,0.0443213296398892
3330,55,2,18,0.04986149584487535
3330,53,1,19,0.05263157894736842
3330,52,2,21,0.05817174515235457
3330,50,2,23,0.06371191135734072
3330,48,1,24,0.0664819944598338
3330,46,1,25,0.06925207756232687
3330,45,1,26,0.07202216066481995
3330,43,1,27,0.07479224376731301
3330,42,1,28,0.07756232686980609
3330,40,1,29,0.08033240997229917
3330,39,1,30,0.08310249307479224
3330,38,2,32,0.0886426592797784
3330,37,1,33,0.09141274238227147
3330,36,2,35,0.09695290858725762
3330,35,4,39,0.10803324099722991
3330,34,3,42,0.11634349030470914
3330,33,4,46,0.12742382271468145
3330,32,4,50,0.13850415512465375
3330,31,1,51,0.14127423822714683
3330,30,1,52,0.1440443213296399
3330,29,1,53,0.14681440443213298
3330,28,2,55,0.1523545706371191
3330,27,2,57,0.15789473684210525
3330,26,3,60,0.16620498614958448
3330,25,3,63,0.1745152354570637
3330,23,1,64,0.1772853185595568
3330,22,3,67,0.18559556786703602
3330,21,2,69,0.19113573407202217
3330,20,3,72,0.1994459833795014
3330,19,2,74,0.20498614958448755
3330,16,3,77,0.21329639889196675
3330,14,2,79,0.2188365650969529
3330,13,8,87,0.2409972299168975
3330,12,9,96,0.2659279778393352
3330,11,10,106,0.29362880886426596
3330,10,12,118,0.3268698060941828
3330,9,14,132,0.3656509695290859
3330,8,14,146,0.40443213296398894
3330,7,25,171,0.47368421052631576
3330,6,27,198,0.5484764542936288
3330,5,20,218,0.6038781163434903
3330,4,18,236,0.6537396121883656
3330,3,43,279,0.7728531855955678
3330,2,50,329,0.9113573407202216
3330,1,13,342,0.9473684210526315
3330,0,19,361,1.0
3331,116,2,2,0.007407407407407408
3331,70,1,3,0.011111111111111112
3331,69,3,6,0.022222222222222223
3331,54,1,7,0.025925925925925925
3331,52,1,8,0.02962962962962963
3331,50,1,9,0.03333333333333333
3331,48,1,10,0.037037037037037035
3331,46,1,11,0.040740740740740744
3331,45,1,12,0.044444444444444446
3331,44,1,13,0.04814814814814815
3331,40,1,14,0.05185185185185185
3331,33,1,15,0.05555555555555555
3331,32,1,16,0.05925925925925926
3331,30,1,17,0.06296296296296296
3331,28,2,19,0.07037037037037037
3331,27,2,21,0.07777777777777778
3331,25,4,25,0.09259259259259259
3331,24,1,26,0.0962962962962963
3331,23,4,30,0.1111111111111111
3331,22,2,32,0.11851851851851852
3331,21,1,33,0.12222222222222222
3331,20,3,36,0.13333333333333333
3331,19,2,38,0.14074074074074075
3331,18,6,44,0.16296296296296298
3331,17,4,48,0.17777777777777778
3331,16,6,54,0.2
3331,15,1,55,0.2037037037037037
3331,14,1,56,0.2074074074074074
3331,13,2,58,0.21481481481481482
3331,12,2,60,0.2222222222222222
3331,11,3,63,0.23333333333333334
3331,10,4,67,0.24814814814814815
3331,9,6,73,0.27037037037037037
3331,8,11,84,0.3111111111111111
3331,7,12,96,0.35555555555555557
3331,6,10,106,0.3925925925925926
3331,5,18,124,0.45925925925925926
3331,4,21,145,0.5370370370370371
3331,3,40,185,0.6851851851851852
3331,2,55,240,0.8888888888888888
3331,1,13,253,0.937037037037037
3331,0,17,270,1.0
3359,124,1,1,0.004098360655737705
3359,114,1,2,0.00819672131147541
3359,44,2,4,0.01639344262295082
3359,40,1,5,0.020491803278688523
3359,38,3,8,0.03278688524590164
3359,37,1,9,0.036885245901639344
3359,36,3,12,0.04918032786885246
3359,33,2,14,0.05737704918032787
3359,32,1,15,0.06147540983606557
3359,31,1,16,0.06557377049180328
3359,29,1,17,0.06967213114754098
3359,28,2,19,0.0778688524590164
3359,24,1,20,0.08196721311475409
3359,23,1,21,0.0860655737704918
3359,22,2,23,0.0942622950819672
3359,21,2,25,0.10245901639344263
3359,19,3,28,0.11475409836065574
3359,18,6,34,0.13934426229508196
3359,17,2,36,0.14754098360655737
3359,16,5,41,0.1680327868852459
3359,15,5,46,0.1885245901639344
3359,14,2,48,0.19672131147540983
3359,12,5,53,0.21721311475409835
3359,11,4,57,0.2336065573770492
3359,10,9,66,0.27049180327868855
3359,9,6,72,0.29508196721311475
3359,8,6,78,0.319672131147541
3359,7,5,83,0.3401639344262295
3359,6,9,92,0.3770491803278688
3359,5,23,115,0.4713114754098361
3359,4,39,154,0.6311475409836066
3359,3,47,201,0.8237704918032787
3359,2,20,221,0.9057377049180327
3359,1,20,241,0.9877049180327869
3359,0,3,244,1.0
3372,97,1,1,0.0058823529411764705
3372,68,1,2,0.011764705882352941
3372,66,1,3,0.01764705882352941
3372,54,1,4,0.023529411764705882
3372,45,1,5,0.029411764705882353
3372,40,2,7,0.041176470588235294
3372,38,1,8,0.047058823529411764
3372,37,2,10,0.058823529411764705
3372,36,1,11,0.06470588235294118
3372,33,1,12,0.07058823529411765
3372,32,1,13,0.07647058823529412
3372,29,1,14,0.08235294117647059
3372,28,1,15,0.08823529411764706
3372,27,4,19,0.11176470588235295
3372,26,1,20,0.11764705882352941
3372,25,1,21,0.12352941176470589
3372,24,1,22,0.12941176470588237
3372,23,1,23,0.13529411764705881
3372,22,3,26,0.15294117647058825
3372,21,4,30,0.17647058823529413
3372,20,1,31,0.18235294117647058
3372,19,1,32,0.18823529411764706
3372,17,6,38,0.2235294117647059
3372,16,3,41,0.2411764705882353
3372,15,2,43,0.2529411764705882
3372,14,2,45,0.2647058823529412
3372,13,1,46,0.27058823529411763
3372,12,5,51,0.3
3372,10,4,55,0.3235294117647059
3372,9,6,61,0.3588235294117647
3372,8,6,67,0.3941176470588235
3372,7,1,68,0.4
3372,6,9,77,0.45294117647058824
3372,5,7,84,0.49411764705882355
3372,4,25,109,0.6411764705882353
3372,3,19,128,0.7529411764705882
3372,2,27,155,0.9117647058823529
3372,1,5,160,0.9411764705882353
3372,0,10,170,1.0
3373,64,1,1,0.005917159763313609
3373,58,1,2,0.011834319526627219
3373,55,1,3,0.01775147928994083
3373,53,1,4,0.023668639053254437
3373,52,1,5,0.029585798816568046
3373,47,2,7,0.04142011834319527
3373,41,1,8,0.047337278106508875
3373,39,1,9,0.05325443786982249
3373,33,1,10,0.05917159763313609
3373,31,1,11,0.0650887573964497
3373,30,1,12,0.07100591715976332
3373,28,1,13,0.07692307692307693
3373,27,1,14,0.08284023668639054
3373,26,1,15,0.08875739644970414
3373,25,1,16,0.09467455621301775
3373,24,3,19,0.11242603550295859
3373,23,1,20,0.11834319526627218
3373,21,1,21,0.1242603550295858
3373,19,3,24,0.14201183431952663
3373,18,2,26,0.15384615384615385
3373,17,1,27,0.15976331360946747
3373,16,3,30,0.17751479289940827
3373,15,5,35,0.20710059171597633
3373,14,2,37,0.21893491124260356
3373,13,1,38,0.22485207100591717
3373,12,11,49,0.28994082840236685
3373,11,5,54,0.31952662721893493
3373,10,4,58,0.3431952662721893
3373,9,6,64,0.378698224852071
3373,8,4,68,0.40236686390532544
3373,7,10,78,0.46153846153846156
3373,6,6,84,0.4970414201183432
3373,5,16,100,0.591715976331361
3373,4,5,105,0.621301775147929
3373,3,12,117,0.6923076923076923
3373,2,28,145,0.8579881656804734
3373,1,16,161,0.9526627218934911
3373,0,8,169,1.0
3374,132,1,1,0.003067484662576687
3374,131,1,2,0.006134969325153374
3374,122,1,3,0.009202453987730062
3374,69,1,4,0.012269938650306749
3374,63,1,5,0.015337423312883436
3374,61,2,7,0.02147239263803681
3374,59,1,8,0.024539877300613498
3374,58,1,9,0.027607361963190184
3374,57,1,10,0.03067484662576687
3374,56,1,11,0.03374233128834356
3374,54,1,12,0.03680981595092025
3374,51,1,13,0.03987730061349693
3374,49,1,14,0.04294478527607362
3374,46,2,16,0.049079754601226995
3374,45,1,17,0.05214723926380368
3374,44,1,18,0.05521472392638037
3374,40,2,20,0.06134969325153374
3374,39,3,23,0.0705521472392638
3374,34,3,26,0.07975460122699386
3374,33,1,27,0.08282208588957055
3374,32,3,30,0.09202453987730061
3374,31,3,33,0.10122699386503067
3374,30,3,36,0.11042944785276074
3374,29,1,37,0.11349693251533742
3374,28,4,41,0.12576687116564417
3374,26,1,42,0.12883435582822086
3374,25,2,44,0.13496932515337423
3374,24,2,46,0.1411042944785276
3374,23,4,50,0.15337423312883436
3374,21,2,52,0.15950920245398773
3374,20,3,55,0.1687116564417178
3374,19,2,57,0.17484662576687116
3374,18,6,63,0.19325153374233128
3374,17,3,66,0.20245398773006135
3374,16,6,72,0.22085889570552147
3374,15,6,78,0.2392638036809816
3374,14,5,83,0.254601226993865
3374,13,7,90,0.27607361963190186
3374,12,9,99,0.30368098159509205
3374,11,9,108,0.3312883435582822
3374,10,8,116,0.3558282208588957
3374,9,7,123,0.3773006134969325
3374,8,11,134,0.4110429447852761
3374,7,11,145,0.4447852760736196
3374,6,22,167,0.5122699386503068
3374,5,22,189,0.5797546012269938
3374,4,34,223,0.6840490797546013
3374,3,72,295,0.9049079754601227
3374,2,10,305,0.9355828220858896
3374,1,13,318,0.9754601226993865
3374,0,8,326,1.0
3377,124,1,1,0.003676470588235294
3377,102,1,2,0.007352941176470588
3377,99,1,3,0.011029411764705883
3377,67,1,4,0.014705882352941176
3377,53,1,5,0.01838235294117647
3377,47,1,6,0.022058823529411766
3377,45,1,7,0.025735294117647058
3377,44,2,9,0.03308823529411765
3377,42,1,10,0.03676470588235294
3377,39,3,13,0.04779411764705882
3377,37,1,14,0.051470588235294115
3377,34,3,17,0.0625
3377,33,1,18,0.0661764705882353
3377,31,3,21,0.07720588235294118
3377,30,1,22,0.08088235294117647
3377,29,1,23,0.08455882352941177
3377,28,2,25,0.09191176470588236
3377,27,3,28,0.10294117647058823
3377,26,3,31,0.11397058823529412
3377,24,1,32,0.11764705882352941
3377,22,3,35,0.12867647058823528
3377,21,1,36,0.1323529411764706
3377,20,4,40,0.14705882352941177
3377,19,12,52,0.19117647058823528
3377,18,6,58,0.21323529411764705
3377,17,7,65,0.23897058823529413
3377,16,2,67,0.24632352941176472
3377,15,3,70,0.25735294117647056
3377,14,5,75,0.2757352941176471
3377,13,5,80,0.29411764705882354
3377,12,5,85,0.3125
3377,11,7,92,0.3382352941176471
3377,10,7,99,0.3639705882352941
3377,9,7,106,0.3897058823529412
3377,8,6,112,0.4117647058823529
3377,7,12,124,0.45588235294117646
3377,6,7,131,0.48161764705882354
3377,5,19,150,0.5514705882352942
3377,4,14,164,0.6029411764705882
3377,3,37,201,0.7389705882352942
3377,2,47,248,0.9117647058823529
3377,1,8,256,0.9411764705882353
3377,0,16,272,1.0
3455,108,1,1,0.0033003300330033004
3455,104,1,2,0.006600660066006601
3455,91,1,3,0.009900990099009901
3455,81,1,4,0.013201320132013201
3455,78,1,5,0.0165016501650165
3455,71,1,6,0.019801980198019802
3455,68,1,7,0.0231023102310231
3455,66,1,8,0.026402640264026403
3455,64,1,9,0.0297029702970297
3455,60,1,10,0.033003300330033
3455,57,2,12,0.039603960396039604
3455,56,1,13,0.0429042904290429
3455,53,2,15,0.04950495049504951
3455,49,1,16,0.052805280528052806
3455,46,1,17,0.056105610561056105
3455,45,1,18,0.0594059405940594
3455,41,2,20,0.066006600660066
3455,40,1,21,0.06930693069306931
3455,39,1,22,0.07260726072607261
3455,38,3,25,0.08250825082508251
3455,37,6,31,0.10231023102310231
3455,36,6,37,0.12211221122112212
3455,35,1,38,0.1254125412541254
3455,34,3,41,0.1353135313531353
3455,33,1,42,0.13861386138613863
3455,32,1,43,0.1419141914191419
3455,31,2,45,0.1485148514851485
3455,30,2,47,0.1551155115511551
3455,27,3,50,0.16501650165016502
3455,26,3,53,0.17491749174917492
3455,25,1,54,0.1782178217821782
3455,24,2,56,0.1848184818481848
3455,23,2,58,0.19141914191419143
3455,22,5,63,0.2079207920792079
3455,21,1,64,0.21122112211221122
3455,19,6,70,0.23102310231023102
3455,18,6,76,0.2508250825082508
3455,17,1,77,0.25412541254125415
3455,16,3,80,0.264026402640264
3455,15,2,82,0.2706270627062706
3455,14,2,84,0.27722772277227725
3455,13,4,88,0.29042904290429045
3455,12,4,92,0.30363036303630364
3455,11,5,97,0.3201320132013201
3455,10,6,103,0.33993399339933994
3455,9,7,110,0.36303630363036304
3455,8,7,117,0.38613861386138615
3455,7,6,123,0.40594059405940597
3455,6,9,132,0.43564356435643564
3455,5,19,151,0.49834983498349833
3455,4,14,165,0.5445544554455446
3455,3,35,200,0.6600660066006601
3455,2,58,258,0.8514851485148515
3455,1,16,274,0.9042904290429042
3455,0,29,303,1.0
3456,114,1,1,0.005025125628140704
3456,106,1,2,0.010050251256281407
3456,90,1,3,0.01507537688442211
3456,88,1,4,0.020100502512562814
3456,84,1,5,0.02512562814070352
3456,56,2,7,0.035175879396984924
3456,46,2,9,0.04522613065326633
3456,45,1,10,0.05025125628140704
3456,44,1,11,0.05527638190954774
3456,41,1,12,0.06030150753768844
3456,40,1,13,0.06532663316582915
3456,39,1,14,0.07035175879396985
3456,30,1,15,0.07537688442211055
3456,29,1,16,0.08040201005025126
3456,27,2,18,0.09045226130653267
3456,26,2,20,0.10050251256281408
3456,24,3,23,0.11557788944723618
3456,23,1,24,0.12060301507537688
3456,22,3,27,0.135678391959799
3456,20,1,28,0.1407035175879397
3456,19,4,32,0.16080402010050251
3456,18,1,33,0.1658291457286432
3456,17,2,35,0.17587939698492464
3456,16,2,37,0.18592964824120603
3456,15,1,38,0.19095477386934673
3456,12,5,43,0.21608040201005024
3456,11,8,51,0.2562814070351759
3456,10,3,54,0.271356783919598
3456,9,2,56,0.2814070351758794
3456,8,4,60,0.3015075376884422
3456,7,2,62,0.31155778894472363
3456,6,7,69,0.34673366834170855
3456,5,9,78,0.39195979899497485
3456,4,20,98,0.49246231155778897
3456,3,26,124,0.6231155778894473
3456,2,45,169,0.8492462311557789
3456,1,13,182,0.914572864321608
3456,0,17,199,1.0
3457,125,1,1,0.0020408163265306124
3457,121,1,2,0.004081632653061225
3457,113,1,3,0.006122448979591836
3457,98,1,4,0.00816326530612245
3457,91,1,5,0.01020408163265306
3457,82,1,6,0.012244897959183673
3457,81,1,7,0.014285714285714285
3457,67,1,8,0.0163265306122449
3457,62,2,10,0.02040816326530612
3457,60,1,11,0.022448979591836733
3457,59,1,12,0.024489795918367346
3457,57,1,13,0.026530612244897958
3457,56,1,14,0.02857142857142857
3457,53,3,17,0.03469387755102041
3457,52,1,18,0.036734693877551024
3457,50,2,20,0.04081632653061224
3457,48,4,24,0.04897959183673469
3457,47,2,26,0.053061224489795916
3457,45,2,28,0.05714285714285714
3457,44,1,29,0.05918367346938776
3457,42,1,30,0.061224489795918366
3457,41,3,33,0.0673469387755102
3457,40,1,34,0.06938775510204082
3457,37,5,39,0.07959183673469387
3457,35,1,40,0.08163265306122448
3457,34,5,45,0.09183673469387756
3457,33,3,48,0.09795918367346938
3457,32,2,50,0.10204081632653061
3457,31,2,52,0.10612244897959183
3457,30,5,57,0.11632653061224489
3457,29,4,61,0.12448979591836734
3457,28,1,62,0.12653061224489795
3457,27,3,65,0.1326530612244898
3457,26,3,68,0.13877551020408163
3457,25,8,76,0.15510204081632653
3457,24,4,80,0.16326530612244897
3457,23,8,88,0.17959183673469387
3457,22,4,92,0.18775510204081633
3457,21,21,113,0.23061224489795917
3457,20,6,119,0.24285714285714285
3457,19,10,129,0.26326530612244897
3457,18,13,142,0.2897959183673469
3457,17,5,147,0.3
3457,16,6,153,0.3122448979591837
3457,15,8,161,0.32857142857142857
3457,14,6,167,0.3408163265306122
3457,13,17,184,0.37551020408163266
3457,12,12,196,0.4
3457,11,11,207,0.42244897959183675
3457,10,10,217,0.44285714285714284
3457,9,6,223,0.45510204081632655
3457,8,13,236,0.4816326530612245
3457,7,8,244,0.49795918367346936
3457,6,15,259,0.5285714285714286
3457,5,34,293,0.5979591836734693
3457,4,27,320,0.6530612244897959
3457,3,61,381,0.7775510204081633
3457,2,69,450,0.9183673469387755
3457,1,10,460,0.9387755102040817
3457,0,30,490,1.0
3458,131,1,1,0.0024271844660194173
3458,112,1,2,0.0048543689320388345
3458,103,1,3,0.007281553398058253
3458,90,1,4,0.009708737864077669
3458,86,1,5,0.012135922330097087
3458,85,1,6,0.014563106796116505
3458,81,1,7,0.01699029126213592
3458,74,1,8,0.019417475728155338
3458,67,1,9,0.021844660194174758
3458,66,2,11,0.02669902912621359
3458,64,1,12,0.02912621359223301
3458,63,1,13,0.03155339805825243
3458,60,1,14,0.03398058252427184
3458,59,3,17,0.0412621359223301
3458,58,2,19,0.04611650485436893
3458,57,5,24,0.05825242718446602
3458,56,1,25,0.06067961165048544
3458,55,3,28,0.06796116504854369
3458,53,4,32,0.07766990291262135
3458,52,1,33,0.08009708737864078
3458,49,1,34,0.0825242718446602
3458,48,1,35,0.08495145631067962
3458,47,2,37,0.08980582524271845
3458,46,1,38,0.09223300970873786
3458,45,3,41,0.09951456310679611
3458,44,3,44,0.10679611650485436
3458,43,3,47,0.11407766990291263
3458,42,2,49,0.11893203883495146
3458,41,2,51,0.12378640776699029
3458,40,5,56,0.13592233009708737
3458,39,4,60,0.14563106796116504
3458,38,4,64,0.1553398058252427
3458,37,1,65,0.15776699029126215
3458,36,2,67,0.16262135922330098
3458,35,3,70,0.16990291262135923
3458,34,2,72,0.17475728155339806
3458,33,4,76,0.18446601941747573
3458,32,8,84,0.20388349514563106
3458,31,5,89,0.21601941747572814
3458,30,3,92,0.22330097087378642
3458,29,3,95,0.23058252427184467
3458,28,1,96,0.23300970873786409
3458,27,3,99,0.24029126213592233
3458,26,11,110,0.2669902912621359
3458,25,4,114,0.2766990291262136
3458,23,3,117,0.28398058252427183
3458,22,5,122,0.2961165048543689
3458,21,3,125,0.30339805825242716
3458,20,4,129,0.3131067961165049
3458,19,8,137,0.3325242718446602
3458,18,10,147,0.3567961165048544
3458,17,7,154,0.3737864077669903
3458,16,5,159,0.3859223300970874
3458,15,11,170,0.41262135922330095
3458,14,11,181,0.4393203883495146
3458,13,9,190,0.46116504854368934
3458,12,7,197,0.47815533980582525
3458,11,4,201,0.4878640776699029
3458,10,10,211,0.5121359223300971
3458,9,8,219,0.5315533980582524
3458,8,6,225,0.5461165048543689
3458,7,6,231,0.5606796116504854
3458,6,18,249,0.6043689320388349
3458,5,18,267,0.6480582524271845
3458,4,19,286,0.6941747572815534
3458,3,47,333,0.808252427184466
3458,2,46,379,0.9199029126213593
3458,1,15,394,0.9563106796116505
3458,0,18,412,1.0
3476,126,1,1,0.002857142857142857
3476,100,2,3,0.008571428571428572
3476,74,2,5,0.014285714285714285
3476,73,2,7,0.02
3476,70,2,9,0.025714285714285714
3476,69,2,11,0.03142857142857143
3476,67,1,12,0.03428571428571429
3476,66,1,13,0.037142857142857144
3476,64,1,14,0.04
3476,61,1,15,0.04285714285714286
3476,60,2,17,0.04857142857142857
3476,58,1,18,0.05142857142857143
3476,56,1,19,0.054285714285714284
3476,53,2,21,0.06
3476,52,1,22,0.06285714285714286
3476,51,1,23,0.06571428571428571
3476,48,1,24,0.06857142857142857
3476,43,1,25,0.07142857142857142
3476,41,2,27,0.07714285714285714
3476,39,1,28,0.08
3476,38,2,30,0.08571428571428572
3476,37,1,31,0.08857142857142856
3476,36,2,33,0.09428571428571429
3476,35,1,34,0.09714285714285714
3476,34,1,35,0.1
3476,33,2,37,0.10571428571428572
3476,32,6,43,0.12285714285714286
3476,31,3,46,0.13142857142857142
3476,30,4,50,0.14285714285714285
3476,29,4,54,0.15428571428571428
3476,27,5,59,0.16857142857142857
3476,26,1,60,0.17142857142857143
3476,25,4,64,0.18285714285714286
3476,24,1,65,0.18571428571428572
3476,23,3,68,0.19428571428571428
3476,22,4,72,0.2057142857142857
3476,21,3,75,0.21428571428571427
3476,20,6,81,0.23142857142857143
3476,19,13,94,0.26857142857142857
3476,18,3,97,0.27714285714285714
3476,17,4,101,0.2885714285714286
3476,16,4,105,0.3
3476,15,3,108,0.30857142857142855
3476,14,4,112,0.32
3476,13,6,118,0.33714285714285713
3476,12,7,125,0.35714285714285715
3476,11,10,135,0.38571428571428573
3476,10,3,138,0.3942857142857143
3476,9,14,152,0.4342857142857143
3476,8,10,162,0.46285714285714286
3476,7,10,172,0.49142857142857144
3476,6,14,186,0.5314285714285715
3476,5,12,198,0.5657142857142857
3476,4,20,218,0.6228571428571429
3476,3,26,244,0.6971428571428572
3476,2,49,293,0.8371428571428572
3476,1,20,313,0.8942857142857142
3476,0,37,350,1.0
3477,136,1,1,0.001610305958132045
3477,134,2,3,0.004830917874396135
3477,132,1,4,0.00644122383252818
3477,110,1,5,0.008051529790660225
3477,97,1,6,0.00966183574879227
3477,94,1,7,0.011272141706924315
3477,88,3,10,0.01610305958132045
3477,87,2,12,0.01932367149758454
3477,85,2,14,0.02254428341384863
3477,83,3,17,0.027375201288244767
3477,82,1,18,0.028985507246376812
3477,79,1,19,0.030595813204508857
3477,78,1,20,0.0322061191626409
3477,72,2,22,0.03542673107890499
3477,69,2,24,0.03864734299516908
3477,68,1,25,0.040257648953301126
3477,67,1,26,0.04186795491143317
3477,65,1,27,0.043478260869565216
3477,64,1,28,0.04508856682769726
3477,62,4,32,0.05152979066022544
3477,61,4,36,0.057971014492753624
3477,59,2,38,0.061191626409017714
3477,58,2,40,0.0644122383252818
3477,57,2,42,0.06763285024154589
3477,56,1,43,0.06924315619967794
3477,53,3,46,0.07407407407407407
3477,50,2,48,0.07729468599033816
3477,49,1,49,0.07890499194847021
3477,48,8,57,0.09178743961352658
3477,47,3,60,0.0966183574879227
3477,46,2,62,0.0998389694041868
3477,45,1,63,0.10144927536231885
3477,44,1,64,0.10305958132045089
3477,43,1,65,0.10466988727858294
3477,42,2,67,0.10789049919484701
3477,41,3,70,0.11272141706924316
3477,39,4,74,0.11916264090177134
3477,38,4,78,0.12560386473429952
3477,36,2,80,0.1288244766505636
3477,34,3,83,0.13365539452495975
3477,33,8,91,0.14653784219001612
3477,32,5,96,0.15458937198067632
3477,31,3,99,0.15942028985507245
3477,30,7,106,0.1706924315619968
3477,29,3,109,0.17552334943639292
3477,28,2,111,0.178743961352657
3477,27,1,112,0.18035426731078905
3477,26,15,127,0.20450885668276972
3477,25,10,137,0.22061191626409019
3477,24,5,142,0.2286634460547504
3477,23,2,144,0.2318840579710145
3477,22,10,154,0.24798711755233493
3477,21,6,160,0.2576489533011272
3477,20,3,163,0.26247987117552335
3477,19,12,175,0.28180354267310787
3477,18,8,183,0.2946859903381642
3477,17,7,190,0.3059581320450886
3477,16,6,196,0.31561996779388085
3477,15,4,200,0.322061191626409
3477,14,10,210,0.33816425120772947
3477,13,15,225,0.36231884057971014
3477,12,22,247,0.3977455716586151
3477,11,16,263,0.42351046698872785
3477,10,11,274,0.44122383252818037
3477,9,10,284,0.4573268921095008
3477,8,19,303,0.48792270531400966
3477,7,16,319,0.5136876006441223
3477,6,20,339,0.5458937198067633
3477,5,38,377,0.607085346215781
3477,4,53,430,0.6924315619967794
3477,3,66,496,0.7987117552334944
3477,2,88,584,0.9404186795491143
3477,1,20,604,0.9726247987117552
3477,0,17,621,1.0
3478,142,1,1,0.0025575447570332483
3478,111,2,3,0.0076726342710997444
3478,110,1,4,0.010230179028132993
3478,109,2,6,0.015345268542199489
3478,108,2,8,0.020460358056265986
3478,99,2,10,0.02557544757033248
3478,97,2,12,0.030690537084398978
3478,83,1,13,0.03324808184143223
3478,82,1,14,0.03580562659846547
3478,74,3,17,0.043478260869565216
3478,67,1,18,0.04603580562659847
3478,61,3,21,0.05370843989769821
3478,54,1,22,0.056265984654731455
3478,51,3,25,0.0639386189258312
3478,50,1,26,0.06649616368286446
3478,47,3,29,0.0741687979539642
3478,46,3,32,0.08184143222506395
3478,41,1,33,0.08439897698209718
3478,40,2,35,0.08951406649616368
3478,36,3,38,0.09718670076726342
3478,33,2,40,0.10230179028132992
3478,32,1,41,0.10485933503836317
3478,31,2,43,0.10997442455242967
3478,29,1,44,0.11253196930946291
3478,28,1,45,0.11508951406649616
3478,27,1,46,0.11764705882352941
3478,26,5,51,0.13043478260869565
3478,25,2,53,0.13554987212276215
3478,24,4,57,0.14578005115089515
3478,23,2,59,0.15089514066496162
3478,22,6,65,0.16624040920716113
3478,21,5,70,0.17902813299232737
3478,20,3,73,0.1867007672634271
3478,19,8,81,0.2071611253196931
3478,18,5,86,0.21994884910485935
3478,17,4,90,0.23017902813299232
3478,16,5,95,0.24296675191815856
3478,15,3,98,0.2506393861892583
3478,14,5,103,0.26342710997442453
3478,13,9,112,0.2864450127877238
3478,12,8,120,0.3069053708439898
3478,11,6,126,0.32225063938618925
3478,10,13,139,0.3554987212276215
3478,9,13,152,0.3887468030690537
3478,8,11,163,0.41687979539641945
3478,7,17,180,0.46035805626598464
3478,6,22,202,0.5166240409207161
3478,5,62,264,0.6751918158567775
3478,4,76,340,0.8695652173913043
3478,3,12,352,0.9002557544757033
3478,2,16,368,0.9411764705882353
3478,1,15,383,0.979539641943734
3478,0,8,391,1.0
3479,167,2,2,0.0018148820326678765
3479,166,1,3,0.0027223230490018148
3479,165,1,4,0.003629764065335753
3479,163,1,5,0.004537205081669692
3479,150,1,6,0.0054446460980036296
3479,149,1,7,0.006352087114337568
3479,144,1,8,0.007259528130671506
3479,142,2,10,0.009074410163339383
3479,140,1,11,0.009981851179673321
3479,136,1,12,0.010889292196007259
3479,134,1,13,0.011796733212341199
3479,133,2,15,0.013611615245009074
3479,132,1,16,0.014519056261343012
3479,129,1,17,0.015426497277676952
3479,128,1,18,0.016333938294010888
3479,123,2,20,0.018148820326678767
3479,122,1,21,0.019056261343012703
3479,121,2,23,0.020871143375680582
3479,115,2,25,0.022686025408348458
3479,114,3,28,0.025408348457350273
3479,113,4,32,0.029038112522686024
3479,112,1,33,0.029945553539019964
3479,111,2,35,0.03176043557168784
3479,110,3,38,0.034482758620689655
3479,109,7,45,0.04083484573502722
3479,108,4,49,0.04446460980036298
3479,107,4,53,0.04809437386569873
3479,106,2,55,0.0499092558983666
3479,105,7,62,0.056261343012704176
3479,104,7,69,0.06261343012704174
3479,103,8,77,0.06987295825771325
3479,102,5,82,0.07441016333938294
3479,101,15,97,0.08802177858439202
3479,100,12,109,0.09891107078039928
3479,99,26,135,0.12250453720508167
3479,98,35,170,0.1542649727767695
3479,97,49,219,0.1987295825771325
3479,96,3,222,0.2014519056261343
3479,95,7,229,0.20780399274047187
3479,94,3,232,0.21052631578947367
3479,93,3,235,0.2132486388384755
3479,92,5,240,0.2177858439201452
3479,91,1,241,0.21869328493647913
3479,90,2,243,0.22050816696914702
3479,89,1,244,0.22141560798548093
3479,88,2,246,0.22323049001814882
3479,87,2,248,0.2250453720508167
3479,86,2,250,0.22686025408348456
3479,85,4,254,0.23049001814882034
3479,84,3,257,0.23321234119782214
3479,83,1,258,0.23411978221415608
3479,82,1,259,0.23502722323049002
3479,81,5,264,0.2395644283121597
3479,80,2,266,0.2413793103448276
3479,79,4,270,0.24500907441016334
3479,78,2,272,0.24682395644283123
3479,77,1,273,0.24773139745916514
3479,76,2,275,0.24954627949183303
3479,75,3,278,0.25226860254083483
3479,74,3,281,0.25499092558983666
3479,73,1,282,0.2558983666061706
3479,72,1,283,0.25680580762250454
3479,71,1,284,0.2577132486388385
3479,70,8,292,0.26497277676951
3479,69,5,297,0.2695099818511797
3479,68,3,300,0.27223230490018147
3479,67,7,307,0.27858439201451907
3479,66,1,308,0.279491833030853
3479,65,1,309,0.28039927404718695
3479,64,3,312,0.2831215970961887
3479,63,2,314,0.2849364791288566
3479,62,7,321,0.2912885662431942
3479,61,3,324,0.294010889292196
3479,60,2,326,0.2958257713248639
3479,59,4,330,0.29945553539019965
3479,57,1,331,0.3003629764065336
3479,56,6,337,0.3058076225045372
3479,55,3,340,0.308529945553539
3479,54,7,347,0.31488203266787657
3479,53,11,358,0.3248638838475499
3479,52,7,365,0.3312159709618875
3479,51,6,371,0.3366606170598911
3479,50,1,372,0.33756805807622503
3479,49,3,375,0.34029038112522686
3479,48,6,381,0.3457350272232305
3479,47,3,384,0.3484573502722323
3479,46,7,391,0.3548094373865699
3479,45,15,406,0.3684210526315789
3479,44,7,413,0.37477313974591653
3479,43,3,416,0.37749546279491836
3479,42,8,424,0.38475499092558985
3479,41,4,428,0.38838475499092556
3479,40,4,432,0.39201451905626133
3479,39,11,443,0.40199637023593465
3479,38,3,446,0.4047186932849365
3479,37,7,453,0.411070780399274
3479,36,5,458,0.41560798548094374
3479,35,4,462,0.4192377495462795
3479,34,6,468,0.4246823956442831
3479,33,7,475,0.43103448275862066
3479,32,6,481,0.4364791288566243
3479,31,9,490,0.44464609800362975
3479,30,11,501,0.45462794918330307
3479,29,9,510,0.4627949183303085
3479,28,8,518,0.47005444646098005
3479,27,5,523,0.4745916515426497
3479,26,11,534,0.484573502722323
3479,25,11,545,0.4945553539019964
3479,24,13,558,0.5063520871143375
3479,23,10,568,0.515426497277677
3479,22,4,572,0.5190562613430127
3479,21,8,580,0.5263157894736842
3479,20,14,594,0.5390199637023594
3479,19,17,611,0.5544464609800362
3479,18,12,623,0.5653357531760436
3479,17,15,638,0.5789473684210527
3479,16,18,656,0.5952813067150635
3479,15,14,670,0.6079854809437386
3479,14,12,682,0.6188747731397459
3479,13,15,697,0.632486388384755
3479,12,14,711,0.6451905626134301
3479,11,22,733,0.6651542649727767
3479,10,14,747,0.677858439201452
3479,9,34,781,0.7087114337568058
3479,8,31,812,0.7368421052631579
3479,7,21,833,0.7558983666061706
3479,6,33,866,0.7858439201451906
3479,5,36,902,0.8185117967332124
3479,4,55,957,0.868421052631579
3479,3,74,1031,0.9355716878402904
3479,2,17,1048,0.9509981851179673
3479,1,30,1078,0.9782214156079855
3479,0,24,1102,1.0
3504,151,1,1,0.0018867924528301887
3504,127,1,2,0.0037735849056603774
3504,94,1,3,0.005660377358490566
3504,90,1,4,0.007547169811320755
3504,85,1,5,0.009433962264150943
3504,82,1,6,0.011320754716981131
3504,79,2,8,0.01509433962264151
3504,78,2,10,0.018867924528301886
3504,68,1,11,0.020754716981132074
3504,65,1,12,0.022641509433962263
3504,64,1,13,0.024528301886792454
3504,63,1,14,0.026415094339622643
3504,61,1,15,0.02830188679245283
3504,59,2,17,0.03207547169811321
3504,58,1,18,0.033962264150943396
3504,53,2,20,0.03773584905660377
3504,52,1,21,0.03962264150943396
3504,50,1,22,0.04150943396226415
3504,47,6,28,0.052830188679245285
3504,46,1,29,0.05471698113207547
3504,44,1,30,0.05660377358490566
3504,42,1,31,0.05849056603773585
3504,40,8,39,0.07358490566037736
3504,39,3,42,0.07924528301886792
3504,38,1,43,0.08113207547169811
3504,37,4,47,0.08867924528301886
3504,36,1,48,0.09056603773584905
3504,34,2,50,0.09433962264150944
3504,33,7,57,0.10754716981132076
3504,32,1,58,0.10943396226415095
3504,31,1,59,0.11132075471698114
3504,30,2,61,0.11509433962264151
3504,29,4,65,0.12264150943396226
3504,28,1,66,0.12452830188679245
3504,27,4,70,0.1320754716981132
3504,26,2,72,0.13584905660377358
3504,25,2,74,0.13962264150943396
3504,24,5,79,0.1490566037735849
3504,23,2,81,0.15283018867924528
3504,22,3,84,0.15849056603773584
3504,21,7,91,0.17169811320754716
3504,20,6,97,0.1830188679245283
3504,19,11,108,0.2037735849056604
3504,18,8,116,0.2188679245283019
3504,17,6,122,0.23018867924528302
3504,16,13,135,0.25471698113207547
3504,15,16,151,0.2849056603773585
3504,14,9,160,0.3018867924528302
3504,13,13,173,0.3264150943396226
3504,12,12,185,0.3490566037735849
3504,11,10,195,0.36792452830188677
3504,10,16,211,0.39811320754716983
3504,9,10,221,0.4169811320754717
3504,8,21,242,0.45660377358490567
3504,7,11,253,0.47735849056603774
3504,6,30,283,0.5339622641509434
3504,5,40,323,0.6094339622641509
3504,4,57,380,0.7169811320754716
3504,3,85,465,0.8773584905660378
3504,2,24,489,0.9226415094339623
3504,1,26,515,0.9716981132075472
3504,0,15,530,1.0
3524,136,2,2,0.005221932114882507
3524,101,1,3,0.007832898172323759
3524,82,1,4,0.010443864229765013
3524,81,1,5,0.013054830287206266
3524,76,1,6,0.015665796344647518
3524,74,1,7,0.018276762402088774
3524,70,1,8,0.020887728459530026
3524,67,1,9,0.02349869451697128
3524,65,2,11,0.028720626631853787
3524,63,1,12,0.031331592689295036
3524,60,1,13,0.033942558746736295
3524,59,1,14,0.03655352480417755
3524,57,2,16,0.04177545691906005
3524,51,1,17,0.044386422976501305
3524,49,1,18,0.04699738903394256
3524,45,1,19,0.04960835509138381
3524,41,2,21,0.05483028720626632
3524,40,1,22,0.057441253263707574
3524,39,2,24,0.06266318537859007
3524,38,2,26,0.06788511749347259
3524,36,1,27,0.07049608355091384
3524,35,1,28,0.0731070496083551
3524,33,3,31,0.08093994778067885
3524,32,4,35,0.09138381201044386
3524,30,5,40,0.10443864229765012
3524,29,1,41,0.10704960835509138
3524,28,1,42,0.10966057441253264
3524,27,1,43,0.1122715404699739
3524,26,3,46,0.12010443864229765
3524,25,3,49,0.1279373368146214
3524,24,1,50,0.13054830287206268
3524,23,1,51,0.13315926892950392
3524,22,2,53,0.13838120104438642
3524,21,1,54,0.1409921671018277
3524,20,1,55,0.14360313315926893
3524,19,1,56,0.1462140992167102
3524,18,3,59,0.15404699738903394
3524,17,4,63,0.16449086161879894
3524,16,6,69,0.1801566579634465
3524,15,8,77,0.2010443864229765
3524,14,1,78,0.20365535248041775
3524,13,14,92,0.2402088772845953
3524,12,4,96,0.2506527415143603
3524,11,3,99,0.2584856396866841
3524,10,10,109,0.2845953002610966
3524,9,10,119,0.31070496083550914
3524,8,14,133,0.3472584856396867
3524,7,14,147,0.3838120104438642
3524,6,18,165,0.4308093994778068
3524,5,24,189,0.4934725848563969
3524,4,40,229,0.597911227154047
3524,3,41,270,0.7049608355091384
3524,2,62,332,0.8668407310704961
3524,1,26,358,0.9347258485639687
3524,0,25,383,1.0
3526,130,1,1,0.0047169811320754715
3526,109,1,2,0.009433962264150943
3526,101,1,3,0.014150943396226415
3526,97,1,4,0.018867924528301886
3526,96,1,5,0.02358490566037736
3526,84,1,6,0.02830188679245283
3526,82,1,7,0.0330188679245283
3526,81,1,8,0.03773584905660377
3526,78,1,9,0.04245283018867924
3526,74,1,10,0.04716981132075472
3526,70,1,11,0.05188679245283019
3526,66,1,12,0.05660377358490566
3526,58,1,13,0.06132075471698113
3526,54,1,14,0.0660377358490566
3526,51,1,15,0.07075471698113207
3526,47,1,16,0.07547169811320754
3526,31,1,17,0.08018867924528301
3526,27,2,19,0.08962264150943396
3526,22,1,20,0.09433962264150944
3526,21,1,21,0.09905660377358491
3526,20,1,22,0.10377358490566038
3526,18,1,23,0.10849056603773585
3526,16,3,26,0.12264150943396226
3526,14,1,27,0.12735849056603774
3526,13,1,28,0.1320754716981132
3526,12,1,29,0.13679245283018868
3526,11,2,31,0.14622641509433962
3526,10,1,32,0.1509433962264151
3526,9,3,35,0.1650943396226415
3526,8,1,36,0.16981132075471697
3526,7,3,39,0.18396226415094338
3526,5,1,40,0.18867924528301888
3526,4,3,43,0.2028301886792453
3526,3,4,47,0.22169811320754718
3526,2,10,57,0.2688679245283019
3526,1,18,75,0.35377358490566035
3526,0,137,212,1.0
3595,115,1,1,0.002652519893899204
3595,86,1,2,0.005305039787798408
3595,76,1,3,0.007957559681697613
3595,66,1,4,0.010610079575596816
3595,61,1,5,0.013262599469496022
3595,54,2,7,0.01856763925729443
3595,53,1,8,0.021220159151193633
3595,51,1,9,0.023872679045092837
3595,50,2,11,0.029177718832891247
3595,48,2,13,0.034482758620689655
3595,47,2,15,0.03978779840848806
3595,46,1,16,0.042440318302387266
3595,45,2,18,0.04774535809018567
3595,43,1,19,0.050397877984084884
3595,41,4,23,0.0610079575596817
3595,39,2,25,0.06631299734748011
3595,38,1,26,0.06896551724137931
3595,37,1,27,0.07161803713527852
3595,36,3,30,0.07957559681697612
3595,35,2,32,0.08488063660477453
3595,34,2,34,0.09018567639257294
3595,32,1,35,0.09283819628647215
3595,31,3,38,0.10079575596816977
3595,30,1,39,0.10344827586206896
3595,29,2,41,0.10875331564986737
3595,28,6,47,0.1246684350132626
3595,27,3,50,0.13262599469496023
3595,26,4,54,0.14323607427055704
3595,25,2,56,0.14854111405835543
3595,24,3,59,0.15649867374005305
3595,23,3,62,0.16445623342175067
3595,22,1,63,0.16710875331564987
3595,21,4,67,0.17771883289124668
3595,20,4,71,0.1883289124668435
3595,19,2,73,0.19363395225464192
3595,18,6,79,0.20954907161803712
3595,17,10,89,0.23607427055702918
3595,16,10,99,0.2625994694960212
3595,15,6,105,0.27851458885941643
3595,14,7,112,0.29708222811671087
3595,13,13,125,0.33156498673740054
3595,12,14,139,0.3687002652519894
3595,11,12,151,0.4005305039787798
3595,10,11,162,0.4297082228116711
3595,9,13,175,0.46419098143236076
3595,8,10,185,0.4907161803713528
3595,7,17,202,0.5358090185676393
3595,6,17,219,0.5809018567639257
3595,5,24,243,0.6445623342175066
3595,4,31,274,0.726790450928382
3595,3,47,321,0.8514588859416445
3595,2,20,341,0.9045092838196287
3595,1,29,370,0.9814323607427056
3595,0,7,377,1.0
3596,110,1,1,0.002570694087403599
3596,95,1,2,0.005141388174807198
3596,90,1,3,0.007712082262210797
3596,88,1,4,0.010282776349614395
3596,85,1,5,0.012853470437017995
3596,84,2,7,0.017994858611825194
3596,80,1,8,0.02056555269922879
3596,76,5,13,0.033419023136246784
3596,72,1,14,0.03598971722365039
3596,69,1,15,0.038560411311053984
3596,67,1,16,0.04113110539845758
3596,64,1,17,0.043701799485861184
3596,61,1,18,0.04627249357326478
3596,60,1,19,0.04884318766066838
3596,59,3,22,0.056555269922879174
3596,58,1,23,0.05912596401028278
3596,57,3,26,0.06683804627249357
3596,56,3,29,0.07455012853470437
3596,55,1,30,0.07712082262210797
3596,53,1,31,0.07969151670951156
3596,51,2,33,0.08483290488431877
3596,49,1,34,0.08740359897172237
3596,48,2,36,0.09254498714652956
3596,47,1,37,0.09511568123393316
3596,46,1,38,0.09768637532133675
3596,45,4,42,0.10796915167095116
3596,44,3,45,0.11568123393316196
3596,43,2,47,0.12082262210796915
3596,42,4,51,0.13110539845758354
3596,40,3,54,0.13881748071979436
3596,39,2,56,0.14395886889460155
3596,38,1,57,0.14652956298200515
3596,37,5,62,0.15938303341902313
3596,36,3,65,0.16709511568123395
3596,35,1,66,0.16966580976863754
3596,34,1,67,0.17223650385604114
3596,33,3,70,0.17994858611825193
3596,32,8,78,0.20051413881748073
3596,31,4,82,0.21079691516709512
3596,30,3,85,0.2185089974293059
3596,29,1,86,0.2210796915167095
3596,28,2,88,0.2262210796915167
3596,27,3,91,0.23393316195372751
3596,26,2,93,0.2390745501285347
3596,25,2,95,0.2442159383033419
3596,24,2,97,0.2493573264781491
3596,23,4,101,0.2596401028277635
3596,22,3,104,0.26735218508997427
3596,21,4,108,0.2776349614395887
3596,20,5,113,0.29048843187660667
3596,19,4,117,0.30077120822622105
3596,18,6,123,0.3161953727506427
3596,17,10,133,0.34190231362467866
3596,16,1,134,0.3444730077120823
3596,15,8,142,0.36503856041131105
3596,14,3,145,0.37275064267352187
3596,13,11,156,0.40102827763496146
3596,12,11,167,0.42930591259640105
3596,11,6,173,0.44473007712082263
3596,10,10,183,0.4704370179948586
3596,9,15,198,0.5089974293059126
3596,8,7,205,0.5269922879177378
3596,7,13,218,0.5604113110539846
3596,6,16,234,0.6015424164524421
3596,5,20,254,0.6529562982005142
3596,4,21,275,0.7069408740359897
3596,3,29,304,0.781491002570694
3596,2,45,349,0.897172236503856
3596,1,16,365,0.9383033419023136
3596,0,24,389,1.0
3597,144,1,1,0.0020491803278688526
3597,142,1,2,0.004098360655737705
3597,137,1,3,0.006147540983606557
3597,130,1,4,0.00819672131147541
3597,127,1,5,0.010245901639344262
3597,122,1,6,0.012295081967213115
3597,113,1,7,0.014344262295081968
3597,104,1,8,0.01639344262295082
3597,101,1,9,0.018442622950819672
3597,98,1,10,0.020491803278688523
3597,89,2,12,0.02459016393442623
3597,88,1,13,0.02663934426229508
3597,87,2,15,0.030737704918032786
3597,85,1,16,0.03278688524590164
3597,82,1,17,0.03483606557377049
3597,80,1,18,0.036885245901639344
3597,79,1,19,0.0389344262295082
3597,76,2,21,0.0430327868852459
3597,75,1,22,0.045081967213114756
3597,74,5,27,0.055327868852459015
3597,73,1,28,0.05737704918032787
3597,69,3,31,0.06352459016393443
3597,65,1,32,0.06557377049180328
3597,63,4,36,0.07377049180327869
3597,62,2,38,0.0778688524590164
3597,61,2,40,0.08196721311475409
3597,60,3,43,0.08811475409836066
3597,58,1,44,0.09016393442622951
3597,57,2,46,0.0942622950819672
3597,56,4,50,0.10245901639344263
3597,54,3,53,0.10860655737704918
3597,53,3,56,0.11475409836065574
3597,52,1,57,0.1168032786885246
3597,51,1,58,0.11885245901639344
3597,50,3,61,0.125
3597,49,3,64,0.13114754098360656
3597,48,1,65,0.13319672131147542
3597,47,4,69,0.1413934426229508
3597,46,1,70,0.14344262295081966
3597,45,2,72,0.14754098360655737
3597,44,1,73,0.14959016393442623
3597,43,1,74,0.15163934426229508
3597,42,1,75,0.15368852459016394
3597,41,3,78,0.1598360655737705
3597,40,4,82,0.1680327868852459
3597,39,8,90,0.18442622950819673
3597,38,1,91,0.1864754098360656
3597,37,4,95,0.19467213114754098
3597,36,8,103,0.21106557377049182
3597,35,4,107,0.2192622950819672
3597,34,3,110,0.22540983606557377
3597,33,11,121,0.24795081967213115
3597,32,3,124,0.2540983606557377
3597,31,3,127,0.26024590163934425
3597,30,2,129,0.26434426229508196
3597,29,4,133,0.2725409836065574
3597,28,2,135,0.2766393442622951
3597,27,1,136,0.2786885245901639
3597,26,2,138,0.2827868852459016
3597,25,7,145,0.29713114754098363
3597,24,12,157,0.32172131147540983
3597,23,7,164,0.3360655737704918
3597,22,4,168,0.3442622950819672
3597,21,4,172,0.3524590163934426
3597,20,9,181,0.3709016393442623
3597,19,10,191,0.39139344262295084
3597,18,14,205,0.42008196721311475
3597,17,23,228,0.4672131147540984
3597,16,6,234,0.47950819672131145
3597,15,12,246,0.5040983606557377
3597,14,6,252,0.5163934426229508
3597,13,15,267,0.5471311475409836
3597,12,16,283,0.5799180327868853
3597,11,20,303,0.6209016393442623
3597,10,13,316,0.6475409836065574
3597,9,8,324,0.6639344262295082
3597,8,11,335,0.6864754098360656
3597,7,16,351,0.7192622950819673
3597,6,15,366,0.75
3597,5,23,389,0.7971311475409836
3597,4,13,402,0.8237704918032787
3597,3,32,434,0.889344262295082
3597,2,30,464,0.9508196721311475
3597,1,13,477,0.9774590163934426
3597,0,11,488,1.0
3598,161,1,1,0.004
3598,145,1,2,0.008
3598,133,1,3,0.012
3598,112,1,4,0.016
3598,77,1,5,0.02
3598,74,1,6,0.024
3598,69,1,7,0.028
3598,59,1,8,0.032
3598,55,1,9,0.036
3598,53,2,11,0.044
3598,48,1,12,0.048
3598,47,3,15,0.06
3598,46,2,17,0.068
3598,45,3,20,0.08
3598,41,1,21,0.084
3598,40,3,24,0.096
3598,39,1,25,0.1
3598,34,1,26,0.104
3598,33,1,27,0.108
3598,32,2,29,0.116
3598,31,5,34,0.136
3598,29,2,36,0.144
3598,27,2,38,0.152
3598,26,4,42,0.168
3598,25,3,45,0.18
3598,24,3,48,0.192
3598,23,3,51,0.204
3598,22,2,53,0.212
3598,21,2,55,0.22
3598,20,1,56,0.224
3598,19,2,58,0.232
3598,18,6,64,0.256
3598,17,2,66,0.264
3598,16,7,73,0.292
3598,15,3,76,0.304
3598,14,8,84,0.336
3598,13,1,85,0.34
3598,12,7,92,0.368
3598,11,1,93,0.372
3598,10,2,95,0.38
3598,9,4,99,0.396
3598,8,3,102,0.408
3598,7,9,111,0.444
3598,6,3,114,0.456
3598,5,11,125,0.5
3598,4,17,142,0.568
3598,3,29,171,0.684
3598,2,48,219,0.876
3598,1,13,232,0.928
3598,0,18,250,1.0
3631,183,1,1,0.0017421602787456446
3631,173,1,2,0.003484320557491289
3631,129,1,3,0.005226480836236934
3631,111,1,4,0.006968641114982578
3631,110,1,5,0.008710801393728223
3631,103,1,6,0.010452961672473868
3631,99,1,7,0.012195121951219513
3631,90,1,8,0.013937282229965157
3631,88,1,9,0.0156794425087108
3631,87,2,11,0.01916376306620209
3631,85,1,12,0.020905923344947737
3631,77,2,14,0.024390243902439025
3631,75,3,17,0.029616724738675958
3631,74,3,20,0.03484320557491289
3631,73,1,21,0.036585365853658534
3631,72,1,22,0.03832752613240418
3631,71,1,23,0.04006968641114982
3631,70,4,27,0.047038327526132406
3631,69,1,28,0.04878048780487805
3631,68,3,31,0.05400696864111498
3631,67,1,32,0.05574912891986063
3631,66,1,33,0.05749128919860627
3631,64,1,34,0.059233449477351915
3631,60,1,35,0.06097560975609756
3631,58,2,37,0.06445993031358885
3631,57,2,39,0.06794425087108014
3631,56,1,40,0.06968641114982578
3631,55,2,42,0.07317073170731707
3631,54,1,43,0.07491289198606271
3631,53,3,46,0.08013937282229965
3631,52,2,48,0.08362369337979095
3631,49,1,49,0.08536585365853659
3631,48,1,50,0.08710801393728224
3631,47,5,55,0.09581881533101046
3631,46,3,58,0.10104529616724739
3631,45,1,59,0.10278745644599303
3631,44,1,60,0.10452961672473868
3631,43,2,62,0.10801393728222997
3631,42,2,64,0.11149825783972125
3631,41,3,67,0.11672473867595819
3631,40,2,69,0.12020905923344948
3631,39,2,71,0.12369337979094076
3631,38,3,74,0.1289198606271777
3631,37,1,75,0.13066202090592335
3631,36,2,77,0.13414634146341464
3631,35,2,79,0.13763066202090593
3631,34,2,81,0.14111498257839722
3631,33,4,85,0.1480836236933798
3631,32,7,92,0.1602787456445993
3631,31,6,98,0.17073170731707318
3631,30,4,102,0.17770034843205576
3631,29,5,107,0.18641114982578397
3631,28,7,114,0.1986062717770035
3631,27,2,116,0.20209059233449478
3631,26,7,123,0.21428571428571427
3631,25,7,130,0.2264808362369338
3631,24,5,135,0.23519163763066203
3631,23,10,145,0.25261324041811845
3631,22,6,151,0.26306620209059234
3631,21,1,152,0.26480836236933797
3631,20,5,157,0.2735191637630662
3631,19,11,168,0.2926829268292683
3631,18,8,176,0.30662020905923343
3631,17,10,186,0.3240418118466899
3631,16,8,194,0.33797909407665505
3631,15,16,210,0.36585365853658536
3631,14,6,216,0.37630662020905925
3631,13,3,219,0.38153310104529614
3631,12,10,229,0.3989547038327526
3631,11,21,250,0.4355400696864111
3631,10,13,263,0.45818815331010454
3631,9,13,276,0.4808362369337979
3631,8,16,292,0.5087108013937283
3631,7,15,307,0.5348432055749129
3631,6,20,327,0.5696864111498258
3631,5,37,364,0.6341463414634146
3631,4,60,424,0.7386759581881533
3631,3,100,524,0.9128919860627178
3631,2,12,536,0.9337979094076655
3631,1,32,568,0.9895470383275261
3631,0,6,574,1.0
3632,147,1,1,0.003816793893129771
3632,129,1,2,0.007633587786259542
3632,123,1,3,0.011450381679389313
3632,103,1,4,0.015267175572519083
3632,89,1,5,0.019083969465648856
3632,76,2,7,0.026717557251908396
3632,75,1,8,0.030534351145038167
3632,74,2,10,0.03816793893129771
3632,73,1,11,0.04198473282442748
3632,69,1,12,0.04580152671755725
3632,63,1,13,0.04961832061068702
3632,61,1,14,0.05343511450381679
3632,59,1,15,0.05725190839694656
3632,55,2,17,0.0648854961832061
3632,52,1,18,0.06870229007633588
3632,49,2,20,0.07633587786259542
3632,48,2,22,0.08396946564885496
3632,45,3,25,0.09541984732824428
3632,43,1,26,0.09923664122137404
3632,40,1,27,0.10305343511450382
3632,35,1,28,0.10687022900763359
3632,34,1,29,0.11068702290076336
3632,32,1,30,0.11450381679389313
3632,31,4,34,0.1297709923664122
3632,30,2,36,0.13740458015267176
3632,29,1,37,0.14122137404580154
3632,28,3,40,0.15267175572519084
3632,27,2,42,0.16030534351145037
3632,26,2,44,0.16793893129770993
3632,25,1,45,0.1717557251908397
3632,24,2,47,0.17938931297709923
3632,22,3,50,0.19083969465648856
3632,21,2,52,0.1984732824427481
3632,20,3,55,0.2099236641221374
3632,19,3,58,0.22137404580152673
3632,18,7,65,0.2480916030534351
3632,17,2,67,0.25572519083969464
3632,16,4,71,0.27099236641221375
3632,15,4,75,0.2862595419847328
3632,14,3,78,0.29770992366412213
3632,13,8,86,0.3282442748091603
3632,12,4,90,0.3435114503816794
3632,11,5,95,0.36259541984732824
3632,10,6,101,0.38549618320610685
3632,9,5,106,0.40458015267175573
3632,8,2,108,0.4122137404580153
3632,7,10,118,0.45038167938931295
3632,6,13,131,0.5
3632,5,19,150,0.5725190839694656
3632,4,22,172,0.6564885496183206
3632,3,24,196,0.7480916030534351
3632,2,23,219,0.8358778625954199
3632,1,32,251,0.9580152671755725
3632,0,11,262,1.0
3660,221,2,2,0.002224694104560623
3660,219,1,3,0.0033370411568409346
3660,213,1,4,0.004449388209121246
3660,212,1,5,0.0055617352614015575
3660,204,1,6,0.006674082313681869
3660,198,1,7,0.00778642936596218
3660,182,1,8,0.008898776418242492
3660,152,1,9,0.010011123470522803
3660,141,1,10,0.011123470522803115
3660,133,1,11,0.012235817575083427
3660,131,1,12,0.013348164627363738
3660,128,1,13,0.014460511679644048
3660,123,1,14,0.01557285873192436
3660,118,1,15,0.01668520578420467
3660,117,2,17,0.018909899888765295
3660,116,1,18,0.020022246941045607
3660,111,1,19,0.021134593993325918
3660,109,1,20,0.02224694104560623
3660,105,1,21,0.02335928809788654
3660,99,1,22,0.024471635150166853
3660,97,2,24,0.026696329254727477
3660,96,1,25,0.027808676307007785
3660,95,1,26,0.028921023359288096
3660,94,1,27,0.030033370411568408
3660,90,5,32,0.035595105672969966
3660,89,2,34,0.03781979977753059
3660,85,1,35,0.0389321468298109
3660,83,2,37,0.041156840934371525
3660,82,1,38,0.042269187986651836
3660,81,4,42,0.04671857619577308
3660,80,3,45,0.05005561735261402
3660,79,4,49,0.054505005561735265
3660,75,1,50,0.05561735261401557
3660,74,4,54,0.060066740823136816
3660,73,5,59,0.06562847608453838
3660,72,1,60,0.06674082313681869
3660,71,5,65,0.07230255839822025
3660,70,3,68,0.07563959955506118
3660,69,5,73,0.08120133481646273
3660,68,5,78,0.0867630700778643
3660,67,3,81,0.09010011123470522
3660,66,8,89,0.09899888765294772
3660,65,27,116,0.12903225806451613
3660,64,30,146,0.16240266963292546
3660,63,3,149,0.1657397107897664
3660,62,4,153,0.17018909899888765
3660,61,3,156,0.1735261401557286
3660,60,14,170,0.18909899888765294
3660,59,1,171,0.19021134593993325
3660,58,6,177,0.19688542825361513
3660,57,2,179,0.19911012235817574
3660,56,4,183,0.203559510567297
3660,55,5,188,0.20912124582869857
3660,54,6,194,0.21579532814238042
3660,53,2,196,0.21802002224694106
3660,52,5,201,0.2235817575083426
3660,51,1,202,0.22469410456062291
3660,50,4,206,0.22914349276974416
3660,49,6,212,0.23581757508342602
3660,48,3,215,0.23915461624026696
3660,47,1,216,0.24026696329254726
3660,46,3,219,0.2436040044493882
3660,45,1,220,0.2447163515016685
3660,43,3,223,0.24805339265850945
3660,42,3,226,0.25139043381535037
3660,41,6,232,0.25806451612903225
3660,40,7,239,0.26585094549499444
3660,39,5,244,0.271412680756396
3660,38,5,249,0.27697441601779754
3660,37,3,252,0.2803114571746385
3660,36,4,256,0.28476084538375973
3660,35,3,259,0.28809788654060065
3660,34,3,262,0.2914349276974416
3660,33,8,270,0.3003337041156841
3660,32,5,275,0.30589543937708563
3660,31,4,279,0.3103448275862069
3660,30,3,282,0.3136818687430478
3660,29,3,285,0.3170189098998888
3660,28,3,288,0.3203559510567297
3660,27,13,301,0.3348164627363737
3660,26,15,316,0.3515016685205784
3660,25,5,321,0.35706340378198
3660,24,11,332,0.3692992213570634
3660,23,13,345,0.38375973303670746
3660,22,12,357,0.3971078976640712
3660,21,10,367,0.4082313681868743
3660,20,11,378,0.42046718576195774
3660,19,17,395,0.43937708565072303
3660,18,6,401,0.4460511679644049
3660,17,3,404,0.44938820912124583
3660,16,10,414,0.46051167964404893
3660,15,11,425,0.4727474972191324
3660,14,8,433,0.48164627363737483
3660,13,11,444,0.4938820912124583
3660,12,17,461,0.5127919911012235
3660,11,10,471,0.5239154616240267
3660,10,22,493,0.5483870967741935
3660,9,18,511,0.5684093437152391
3660,8,20,531,0.5906562847608454
3660,7,25,556,0.6184649610678532
3660,6,34,590,0.6562847608453838
3660,5,58,648,0.7208008898776418
3660,4,70,718,0.7986651835372637
3660,3,107,825,0.917686318131257
3660,2,31,856,0.9521690767519466
3660,1,29,885,0.9844271412680756
3660,0,14,899,1.0
3664,144,5,5,0.0028296547821165816
3664,143,20,25,0.014148273910582909
3664,142,2,27,0.015280135823429542
3664,141,2,29,0.016411997736276173
3664,138,1,30,0.01697792869269949
3664,137,5,35,0.019807583474816072
3664,136,2,37,0.020939445387662705
3664,134,2,39,0.022071307300509338
3664,132,2,41,0.02320316921335597
3664,131,2,43,0.024335031126202604
3664,130,1,44,0.02490096208262592
3664,129,2,46,0.02603282399547255
3664,128,1,47,0.02659875495189587
3664,126,1,48,0.027164685908319185
3664,124,1,49,0.027730616864742503
3664,123,1,50,0.028296547821165818
3664,121,2,52,0.02942840973401245
3664,120,1,53,0.029994340690435765
3664,119,1,54,0.030560271646859084
3664,118,1,55,0.0311262026032824
3664,117,4,59,0.03338992642897567
3664,115,3,62,0.03508771929824561
3664,114,1,63,0.035653650254668934
3664,112,1,64,0.03621958121109225
3664,110,1,65,0.03678551216751556
3664,109,3,68,0.038483305036785515
3664,108,3,71,0.04018109790605546
3664,107,2,73,0.041312959818902095
3664,104,2,75,0.042444821731748725
3664,103,2,77,0.04357668364459536
3664,102,4,81,0.04584040747028863
3664,101,6,87,0.04923599320882852
3664,100,30,117,0.06621392190152801
3664,99,18,135,0.07640067911714771
3664,98,6,141,0.07979626485568761
3664,97,4,145,0.08205998868138087
3664,96,4,149,0.08432371250707414
3664,95,8,157,0.08885116015846067
3664,94,5,162,0.09168081494057725
3664,93,4,166,0.09394453876627051
3664,92,7,173,0.09790605546123372
3664,91,2,175,0.09903791737408037
3664,90,7,182,0.10299943406904358
3664,89,9,191,0.10809281267685342
3664,88,21,212,0.11997736276174306
3664,87,10,222,0.12563667232597622
3664,86,7,229,0.12959818902093945
3664,85,7,236,0.13355970571590267
3664,84,3,239,0.1352574985851726
3664,83,6,245,0.1386530843237125
3664,82,5,250,0.1414827391058291
3664,81,13,263,0.1488398415393322
3664,80,17,280,0.15846066779852858
3664,79,4,284,0.16072439162422184
3664,78,6,290,0.16411997736276174
3664,77,8,298,0.16864742501414828
3664,76,2,300,0.1697792869269949
3664,75,6,306,0.1731748726655348
3664,74,7,313,0.17713638936049803
3664,73,8,321,0.18166383701188454
3664,72,3,324,0.1833616298811545
3664,71,6,330,0.1867572156196944
3664,70,7,337,0.1907187323146576
3664,69,1,338,0.19128466327108093
3664,68,1,339,0.19185059422750425
3664,67,5,344,0.19468024900962083
3664,66,4,348,0.1969439728353141
3664,65,9,357,0.20203735144312393
3664,64,12,369,0.20882852292020374
3664,63,21,390,0.22071307300509338
3664,62,24,414,0.23429541595925296
3664,61,18,432,0.24448217317487267
3664,60,20,452,0.255800792303339
3664,59,17,469,0.2654216185625354
3664,58,17,486,0.27504244482173174
3664,57,28,514,0.29088851160158463
3664,56,30,544,0.3078664402942841
3664,55,25,569,0.322014714204867
3664,54,16,585,0.3310696095076401
3664,53,33,618,0.34974533106960953
3664,52,23,641,0.36276174306734577
3664,51,39,680,0.38483305036785515
3664,50,7,687,0.38879456706281834
3664,49,51,738,0.41765704584040747
3664,48,23,761,0.43067345783814376
3664,47,11,772,0.43689869835880024
3664,46,9,781,0.4419920769666101
3664,45,24,805,0.4555744199207697
3664,44,29,834,0.47198641765704585
3664,43,39,873,0.4940577249575552
3664,42,46,919,0.5200905489530278
3664,41,62,981,0.5551782682512734
3664,40,86,1067,0.6038483305036786
3664,39,78,1145,0.6479909451046972
3664,38,61,1206,0.6825127334465195
3664,37,43,1249,0.7068477645727221
3664,36,50,1299,0.735144312393888
3664,35,75,1374,0.7775891341256367
3664,34,53,1427,0.8075834748160724
3664,33,44,1471,0.8324844368986983
3664,32,29,1500,0.8488964346349746
3664,31,17,1517,0.8585172608941709
3664,30,40,1557,0.8811544991511036
3664,29,15,1572,0.8896434634974533
3664,28,11,1583,0.8958687040181098
3664,27,4,1587,0.8981324278438031
3664,26,15,1602,0.9066213921901528
3664,25,6,1608,0.9100169779286927
3664,24,10,1618,0.9156762874929258
3664,23,7,1625,0.9196378041878891
3664,22,2,1627,0.9207696661007357
3664,21,10,1637,0.9264289756649688
3664,20,3,1640,0.9281267685342388
3664,19,9,1649,0.9332201471420487
3664,18,4,1653,0.9354838709677419
3664,17,2,1655,0.9366157328805885
3664,16,9,1664,0.9417091114883984
3664,15,2,1666,0.9428409734012451
3664,2,98,1764,0.99830220713073
3664,0,3,1767,1.0
3666,117,1,1,0.0045662100456621
3666,116,1,2,0.0091324200913242
3666,109,2,4,0.0182648401826484
3666,95,1,5,0.0228310502283105
3666,90,1,6,0.0273972602739726
3666,87,2,8,0.0365296803652968
3666,83,1,9,0.0410958904109589
3666,78,1,10,0.045662100456621
3666,72,1,11,0.0502283105022831
3666,70,2,13,0.0593607305936073
3666,67,3,16,0.0730593607305936
3666,64,1,17,0.0776255707762557
3666,62,4,21,0.0958904109589041
3666,61,2,23,0.1050228310502283
3666,58,5,28,0.1278538812785388
3666,57,1,29,0.1324200913242009
3666,55,5,34,0.1552511415525114
3666,54,1,35,0.1598173515981735
3666,53,2,37,0.1689497716894977
3666,52,2,39,0.1780821917808219
3666,51,1,40,0.182648401826484
3666,50,2,42,0.1917808219178082
3666,49,11,53,0.2420091324200913
3666,48,2,55,0.2511415525114155
3666,47,2,57,0.2602739726027397
3666,45,8,65,0.2968036529680365
3666,44,17,82,0.3744292237442922
3666,43,5,87,0.3972602739726027
3666,42,32,119,0.54337899543379
3666,41,3,122,0.5570776255707762
3666,40,5,127,0.5799086757990868
3666,39,3,130,0.593607305936073
3666,38,3,133,0.6073059360730594
3666,37,4,137,0.6255707762557078
3666,36,3,140,0.639269406392694
3666,35,5,145,0.6621004566210046
3666,33,7,152,0.6940639269406392
3666,32,4,156,0.7123287671232876
3666,30,1,157,0.7168949771689498
3666,29,1,158,0.7214611872146118
3666,27,1,159,0.726027397260274
3666,26,1,160,0.730593607305936
3666,24,1,161,0.7351598173515982
3666,23,2,163,0.7442922374429224
3666,22,3,166,0.7579908675799086
3666,21,10,176,0.8036529680365296
3666,20,5,181,0.8264840182648402
3666,19,2,183,0.8356164383561644
3666,18,1,184,0.8401826484018264
3666,17,3,187,0.8538812785388128
3666,16,2,189,0.863013698630137
3666,14,1,190,0.867579908675799
3666,13,3,193,0.8812785388127854
3666,11,1,194,0.8858447488584474
3666,10,1,195,0.8904109589041096
3666,9,1,196,0.8949771689497716
3666,8,2,198,0.9041095890410958
3666,7,3,201,0.9178082191780822
3666,6,2,203,0.9269406392694064
3666,5,2,205,0.9360730593607306
3666,4,7,212,0.9680365296803652
3666,3,3,215,0.9817351598173516
3666,2,1,216,0.9863013698630136
3666,1,1,217,0.9908675799086758
3666,0,2,219,1.0
3684,100,1,1,0.0058823529411764705
3684,85,1,2,0.011764705882352941
3684,80,2,4,0.023529411764705882
3684,70,1,5,0.029411764705882353
3684,69,1,6,0.03529411764705882
3684,58,1,7,0.041176470588235294
3684,57,1,8,0.047058823529411764
3684,56,1,9,0.052941176470588235
3684,54,1,10,0.058823529411764705
3684,53,1,11,0.06470588235294118
3684,50,1,12,0.07058823529411765
3684,48,1,13,0.07647058823529412
3684,44,2,15,0.08823529411764706
3684,43,2,17,0.1
3684,39,2,19,0.11176470588235295
3684,37,1,20,0.11764705882352941
3684,34,1,21,0.12352941176470589
3684,33,4,25,0.14705882352941177
3684,32,2,27,0.1588235294117647
3684,31,2,29,0.17058823529411765
3684,30,2,31,0.18235294117647058
3684,28,1,32,0.18823529411764706
3684,27,2,34,0.2
3684,25,1,35,0.20588235294117646
3684,23,3,38,0.2235294117647059
3684,22,1,39,0.22941176470588234
3684,21,1,40,0.23529411764705882
3684,20,2,42,0.24705882352941178
3684,19,7,49,0.28823529411764703
3684,18,1,50,0.29411764705882354
3684,17,4,54,0.3176470588235294
3684,15,3,57,0.3352941176470588
3684,14,3,60,0.35294117647058826
3684,13,5,65,0.38235294117647056
3684,12,1,66,0.38823529411764707
3684,10,6,72,0.4235294117647059
3684,9,8,80,0.47058823529411764
3684,8,6,86,0.5058823529411764
3684,7,6,92,0.5411764705882353
3684,6,4,96,0.5647058823529412
3684,5,12,108,0.6352941176470588
3684,4,6,114,0.6705882352941176
3684,3,18,132,0.7764705882352941
3684,2,17,149,0.8764705882352941
3684,1,6,155,0.9117647058823529
3684,0,15,170,1.0
3686,198,1,1,0.007936507936507936
3686,169,1,2,0.015873015873015872
3686,163,2,4,0.031746031746031744
3686,136,1,5,0.03968253968253968
3686,119,2,7,0.05555555555555555
3686,88,1,8,0.06349206349206349
3686,78,1,9,0.07142857142857142
3686,73,1,10,0.07936507936507936
3686,69,1,11,0.0873015873015873
3686,63,1,12,0.09523809523809523
3686,59,1,13,0.10317460317460317
3686,58,1,14,0.1111111111111111
3686,57,2,16,0.12698412698412698
3686,55,2,18,0.14285714285714285
3686,54,1,19,0.15079365079365079
3686,53,1,20,0.15873015873015872
3686,45,2,22,0.1746031746031746
3686,44,3,25,0.1984126984126984
3686,43,3,28,0.2222222222222222
3686,42,7,35,0.2777777777777778
3686,41,3,38,0.30158730158730157
3686,40,2,40,0.31746031746031744
3686,38,1,41,0.3253968253968254
3686,35,1,42,0.3333333333333333
3686,34,1,43,0.3412698412698413
3686,33,1,44,0.3492063492063492
3686,29,2,46,0.36507936507936506
3686,28,1,47,0.373015873015873
3686,27,1,48,0.38095238095238093
3686,25,2,50,0.3968253968253968
3686,24,3,53,0.42063492063492064
3686,23,3,56,0.4444444444444444
3686,22,1,57,0.4523809523809524
3686,21,1,58,0.4603174603174603
3686,20,2,60,0.47619047619047616
3686,19,3,63,0.5
3686,17,1,64,0.5079365079365079
3686,16,2,66,0.5238095238095238
3686,15,3,69,0.5476190476190477
3686,14,2,71,0.5634920634920635
3686,13,3,74,0.5873015873015873
3686,12,1,75,0.5952380952380952
3686,10,4,79,0.626984126984127
3686,9,3,82,0.6507936507936508
3686,8,2,84,0.6666666666666666
3686,7,1,85,0.6746031746031746
3686,6,4,89,0.7063492063492064
3686,5,2,91,0.7222222222222222
3686,4,7,98,0.7777777777777778
3686,3,7,105,0.8333333333333334
3686,2,8,113,0.8968253968253969
3686,1,9,122,0.9682539682539683
3686,0,4,126,1.0
3687,234,1,1,0.0008583690987124463
3687,223,1,2,0.0017167381974248926
3687,218,1,3,0.002575107296137339
3687,206,1,4,0.0034334763948497852
3687,195,1,5,0.004291845493562232
3687,192,1,6,0.005150214592274678
3687,178,2,8,0.0068669527896995704
3687,171,2,10,0.008583690987124463
3687,163,1,11,0.00944206008583691
3687,162,1,12,0.010300429184549357
3687,159,1,13,0.011158798283261802
3687,150,1,14,0.01201716738197425
3687,144,1,15,0.012875536480686695
3687,132,1,16,0.013733905579399141
3687,129,1,17,0.014592274678111588
3687,127,1,18,0.015450643776824034
3687,123,1,19,0.01630901287553648
3687,121,1,20,0.017167381974248927
3687,116,1,21,0.018025751072961373
3687,115,2,23,0.019742489270386267
3687,109,1,24,0.020600858369098713
3687,108,2,26,0.022317596566523604
3687,106,2,28,0.0240343347639485
3687,105,1,29,0.024892703862660945
3687,104,1,30,0.02575107296137339
3687,99,1,31,0.026609442060085836
3687,96,2,33,0.02832618025751073
3687,95,2,35,0.030042918454935622
3687,91,1,36,0.030901287553648068
3687,89,3,39,0.03347639484978541
3687,88,1,40,0.034334763948497854
3687,87,1,41,0.0351931330472103
3687,86,2,43,0.03690987124463519
3687,84,2,45,0.03862660944206009
3687,83,1,46,0.039484978540772535
3687,82,1,47,0.04034334763948498
3687,81,3,50,0.04291845493562232
3687,79,1,51,0.04377682403433476
3687,78,2,53,0.045493562231759654
3687,77,3,56,0.048068669527897
3687,75,4,60,0.05150214592274678
3687,74,2,62,0.05321888412017167
3687,73,1,63,0.05407725321888412
3687,72,3,66,0.05665236051502146
3687,71,1,67,0.05751072961373391
3687,70,3,70,0.060085836909871244
3687,69,2,72,0.061802575107296136
3687,68,2,74,0.06351931330472103
3687,67,5,79,0.06781115879828326
3687,66,4,83,0.07124463519313305
3687,65,2,85,0.07296137339055794
3687,64,4,89,0.07639484978540773
3687,63,8,97,0.08326180257510729
3687,62,6,103,0.08841201716738198
3687,60,7,110,0.0944206008583691
3687,59,6,116,0.09957081545064378
3687,58,3,119,0.10214592274678111
3687,57,5,124,0.10643776824034334
3687,56,5,129,0.11072961373390558
3687,55,7,136,0.1167381974248927
3687,54,8,144,0.12360515021459227
3687,53,15,159,0.13648068669527896
3687,52,16,175,0.15021459227467812
3687,51,16,191,0.16394849785407725
3687,50,48,239,0.20515021459227467
3687,49,75,314,0.26952789699570817
3687,48,8,322,0.27639484978540774
3687,47,1,323,0.2772532188841202
3687,46,6,329,0.28240343347639485
3687,45,4,333,0.28583690987124466
3687,44,8,341,0.2927038626609442
3687,43,3,344,0.2952789699570815
3687,42,3,347,0.2978540772532189
3687,41,7,354,0.303862660944206
3687,40,5,359,0.30815450643776826
3687,39,4,363,0.311587982832618
3687,38,3,366,0.3141630901287554
3687,37,3,369,0.31673819742489273
3687,36,5,374,0.32103004291845494
3687,35,7,381,0.32703862660944205
3687,34,5,386,0.3313304721030043
3687,33,8,394,0.3381974248927039
3687,32,10,404,0.34678111587982835
3687,31,12,416,0.35708154506437767
3687,30,7,423,0.3630901287553648
3687,29,6,429,0.3682403433476395
3687,28,4,433,0.37167381974248925
3687,27,3,436,0.3742489270386266
3687,26,10,446,0.3828326180257511
3687,25,9,455,0.3905579399141631
3687,24,13,468,0.40171673819742487
3687,23,10,478,0.41030042918454934
3687,22,12,490,0.4206008583690987
3687,21,16,506,0.43433476394849785
3687,20,13,519,0.4454935622317597
3687,19,17,536,0.46008583690987126
3687,18,25,561,0.4815450643776824
3687,17,16,577,0.49527896995708154
3687,16,17,594,0.5098712446351932
3687,15,15,609,0.5227467811158798
3687,14,17,626,0.5373390557939914
3687,13,18,644,0.5527896995708155
3687,12,16,660,0.5665236051502146
3687,11,24,684,0.5871244635193134
3687,10,25,709,0.6085836909871245
3687,9,34,743,0.6377682403433477
3687,8,36,779,0.6686695278969957
3687,7,47,826,0.7090128755364807
3687,6,68,894,0.7673819742489271
3687,5,90,984,0.8446351931330472
3687,4,24,1008,0.8652360515021459
3687,3,29,1037,0.8901287553648068
3687,2,57,1094,0.9390557939914163
3687,1,53,1147,0.984549356223176
3687,0,18,1165,1.0
3688,191,1,1,0.007407407407407408
3688,175,1,2,0.014814814814814815
3688,72,1,3,0.022222222222222223
3688,67,1,4,0.02962962962962963
3688,58,1,5,0.037037037037037035
3688,53,2,7,0.05185185185185185
3688,52,2,9,0.06666666666666667
3688,50,1,10,0.07407407407407407
3688,48,3,13,0.0962962962962963
3688,46,5,18,0.13333333333333333
3688,45,3,21,0.15555555555555556
3688,44,2,23,0.17037037037037037
3688,43,5,28,0.2074074074074074
3688,42,16,44,0.32592592592592595
3688,40,1,45,0.3333333333333333
3688,37,1,46,0.34074074074074073
3688,36,3,49,0.362962962962963
3688,35,2,51,0.37777777777777777
3688,33,1,52,0.3851851851851852
3688,31,1,53,0.3925925925925926
3688,30,1,54,0.4
3688,29,5,59,0.43703703703703706
3688,27,1,60,0.4444444444444444
3688,26,1,61,0.45185185185185184
3688,25,1,62,0.45925925925925926
3688,24,2,64,0.4740740740740741
3688,23,1,65,0.48148148148148145
3688,22,2,67,0.4962962962962963
3688,21,1,68,0.5037037037037037
3688,20,3,71,0.5259259259259259
3688,19,1,72,0.5333333333333333
3688,18,2,74,0.5481481481481482
3688,17,2,76,0.562962962962963
3688,16,3,79,0.5851851851851851
3688,15,2,81,0.6
3688,14,1,82,0.6074074074074074
3688,13,2,84,0.6222222222222222
3688,12,4,88,0.6518518518518519
3688,11,1,89,0.6592592592592592
3688,10,3,92,0.6814814814814815
3688,9,1,93,0.6888888888888889
3688,8,1,94,0.6962962962962963
3688,7,1,95,0.7037037037037037
3688,6,5,100,0.7407407407407407
3688,5,4,104,0.7703703703703704
3688,4,6,110,0.8148148148148148
3688,3,8,118,0.8740740740740741
3688,2,8,126,0.9333333333333333
3688,1,5,131,0.9703703703703703
3688,0,4,135,1.0
3720,133,1,1,0.008130081300813009
3720,125,1,2,0.016260162601626018
3720,102,1,3,0.024390243902439025
3720,84,1,4,0.032520325203252036
3720,73,1,5,0.04065040650406504
3720,65,1,6,0.04878048780487805
3720,63,1,7,0.056910569105691054
3720,62,2,9,0.07317073170731707
3720,58,1,10,0.08130081300813008
3720,56,2,12,0.0975609756097561
3720,55,1,13,0.10569105691056911
3720,47,3,16,0.13008130081300814
3720,46,2,18,0.14634146341463414
3720,45,1,19,0.15447154471544716
3720,40,1,20,0.16260162601626016
3720,39,2,22,0.17886178861788618
3720,38,1,23,0.18699186991869918
3720,37,3,26,0.21138211382113822
3720,36,1,27,0.21951219512195122
3720,35,1,28,0.22764227642276422
3720,32,1,29,0.23577235772357724
3720,31,3,32,0.2601626016260163
3720,28,1,33,0.2682926829268293
3720,24,2,35,0.2845528455284553
3720,22,1,36,0.2926829268292683
3720,21,1,37,0.3008130081300813
3720,17,1,38,0.3089430894308943
3720,16,2,40,0.3252032520325203
3720,13,2,42,0.34146341463414637
3720,12,2,44,0.35772357723577236
3720,10,3,47,0.3821138211382114
3720,9,5,52,0.42276422764227645
3720,8,5,57,0.4634146341463415
3720,7,2,59,0.4796747967479675
3720,6,3,62,0.5040650406504065
3720,5,4,66,0.5365853658536586
3720,4,4,70,0.5691056910569106
3720,3,8,78,0.6341463414634146
3720,2,26,104,0.8455284552845529
3720,1,13,117,0.9512195121951219
3720,0,6,123,1.0
3731,60,1,1,0.017543859649122806
3731,59,1,2,0.03508771929824561
3731,53,1,3,0.05263157894736842
3731,43,2,5,0.08771929824561403
3731,42,1,6,0.10526315789473684
3731,41,1,7,0.12280701754385964
3731,38,2,9,0.15789473684210525
3731,37,1,10,0.17543859649122806
3731,36,1,11,0.19298245614035087
3731,28,1,12,0.21052631578947367
3731,26,1,13,0.22807017543859648
3731,25,1,14,0.24561403508771928
3731,24,1,15,0.2631578947368421
3731,21,2,17,0.2982456140350877
3731,19,1,18,0.3157894736842105
3731,16,1,19,0.3333333333333333
3731,12,3,22,0.38596491228070173
3731,10,1,23,0.40350877192982454
3731,8,9,32,0.5614035087719298
3731,7,1,33,0.5789473684210527
3731,6,2,35,0.6140350877192983
3731,5,3,38,0.6666666666666666
3731,4,3,41,0.7192982456140351
3731,3,1,42,0.7368421052631579
3731,2,9,51,0.8947368421052632
3731,1,2,53,0.9298245614035088
3731,0,4,57,1.0
3751,180,1,1,0.003076923076923077
3751,158,1,2,0.006153846153846154
3751,96,1,3,0.009230769230769232
3751,90,1,4,0.012307692307692308
3751,79,1,5,0.015384615384615385
3751,68,1,6,0.018461538461538463
3751,64,2,8,0.024615384615384615
3751,62,1,9,0.027692307692307693
3751,61,1,10,0.03076923076923077
3751,59,2,12,0.036923076923076927
3751,58,1,13,0.04
3751,56,2,15,0.046153846153846156
3751,54,5,20,0.06153846153846154
3751,53,2,22,0.06769230769230769
3751,51,2,24,0.07384615384615385
3751,50,1,25,0.07692307692307693
3751,49,2,27,0.08307692307692308
3751,48,1,28,0.08615384615384615
3751,47,3,31,0.09538461538461539
3751,46,2,33,0.10153846153846154
3751,45,1,34,0.10461538461538461
3751,44,4,38,0.11692307692307692
3751,43,7,45,0.13846153846153847
3751,42,2,47,0.14461538461538462
3751,41,1,48,0.1476923076923077
3751,39,3,51,0.15692307692307692
3751,36,1,52,0.16
3751,35,2,54,0.16615384615384615
3751,34,1,55,0.16923076923076924
3751,33,1,56,0.1723076923076923
3751,32,1,57,0.1753846153846154
3751,30,4,61,0.18769230769230769
3751,29,4,65,0.2
3751,28,1,66,0.20307692307692307
3751,27,3,69,0.2123076923076923
3751,25,2,71,0.21846153846153846
3751,24,3,74,0.2276923076923077
3751,23,3,77,0.23692307692307693
3751,22,3,80,0.24615384615384617
3751,21,1,81,0.24923076923076923
3751,20,3,84,0.25846153846153846
3751,19,3,87,0.2676923076923077
3751,18,2,89,0.27384615384615385
3751,17,3,92,0.28307692307692306
3751,16,3,95,0.2923076923076923
3751,15,4,99,0.3046153846153846
3751,14,2,101,0.31076923076923074
3751,12,4,105,0.3230769230769231
3751,11,5,110,0.3384615384615385
3751,10,10,120,0.36923076923076925
3751,9,5,125,0.38461538461538464
3751,8,12,137,0.42153846153846153
3751,7,9,146,0.4492307692307692
3751,6,13,159,0.48923076923076925
3751,5,15,174,0.5353846153846153
3751,4,31,205,0.6307692307692307
3751,3,49,254,0.7815384615384615
3751,2,37,291,0.8953846153846153
3751,1,17,308,0.9476923076923077
3751,0,17,325,1.0
3752,114,1,1,0.005128205128205128
3752,107,1,2,0.010256410256410256
3752,81,1,3,0.015384615384615385
3752,73,3,6,0.03076923076923077
3752,66,2,8,0.041025641025641026
3752,64,1,9,0.046153846153846156
3752,62,1,10,0.05128205128205128
3752,59,2,12,0.06153846153846154
3752,53,3,15,0.07692307692307693
3752,52,2,17,0.08717948717948718
3752,48,1,18,0.09230769230769231
3752,47,1,19,0.09743589743589744
3752,41,2,21,0.1076923076923077
3752,39,1,22,0.11282051282051282
3752,36,1,23,0.11794871794871795
3752,33,1,24,0.12307692307692308
3752,32,2,26,0.13333333333333333
3752,31,2,28,0.14358974358974358
3752,30,1,29,0.14871794871794872
3752,27,1,30,0.15384615384615385
3752,26,1,31,0.15897435897435896
3752,25,5,36,0.18461538461538463
3752,24,1,37,0.18974358974358974
3752,22,3,40,0.20512820512820512
3752,21,3,43,0.2205128205128205
3752,20,3,46,0.2358974358974359
3752,18,6,52,0.26666666666666666
3752,16,4,56,0.28717948717948716
3752,15,3,59,0.30256410256410254
3752,14,1,60,0.3076923076923077
3752,13,2,62,0.31794871794871793
3752,12,3,65,0.3333333333333333
3752,11,5,70,0.358974358974359
3752,10,1,71,0.3641025641025641
3752,9,3,74,0.37948717948717947
3752,8,11,85,0.4358974358974359
3752,7,2,87,0.4461538461538462
3752,6,8,95,0.48717948717948717
3752,5,12,107,0.5487179487179488
3752,4,12,119,0.6102564102564103
3752,3,23,142,0.7282051282051282
3752,2,35,177,0.9076923076923077
3752,1,7,184,0.9435897435897436
3752,0,11,195,1.0
3798,141,1,1,0.005025125628140704
3798,92,1,2,0.010050251256281407
3798,59,2,4,0.020100502512562814
3798,58,1,5,0.02512562814070352
3798,55,1,6,0.03015075376884422
3798,51,2,8,0.04020100502512563
3798,45,1,9,0.04522613065326633
3798,44,2,11,0.05527638190954774
3798,41,1,12,0.06030150753768844
3798,39,1,13,0.06532663316582915
3798,34,1,14,0.07035175879396985
3798,33,1,15,0.07537688442211055
3798,32,1,16,0.08040201005025126
3798,29,2,18,0.09045226130653267
3798,27,1,19,0.09547738693467336
3798,26,1,20,0.10050251256281408
3798,25,1,21,0.10552763819095477
3798,24,3,24,0.12060301507537688
3798,22,2,26,0.1306532663316583
3798,21,2,28,0.1407035175879397
3798,20,2,30,0.1507537688442211
3798,19,2,32,0.16080402010050251
3798,18,3,35,0.17587939698492464
3798,17,3,38,0.19095477386934673
3798,16,1,39,0.19597989949748743
3798,15,2,41,0.20603015075376885
3798,13,3,44,0.22110552763819097
3798,12,6,50,0.25125628140703515
3798,11,1,51,0.2562814070351759
3798,10,3,54,0.271356783919598
3798,9,2,56,0.2814070351758794
3798,8,6,62,0.31155778894472363
3798,7,8,70,0.35175879396984927
3798,6,8,78,0.39195979899497485
3798,5,14,92,0.4623115577889447
3798,4,13,105,0.5276381909547738
3798,3,27,132,0.6633165829145728
3798,2,36,168,0.8442211055276382
3798,1,10,178,0.8944723618090452
3798,0,21,199,1.0
3832,14,34,34,0.33663366336633666
3832,13,7,41,0.40594059405940597
3832,12,1,42,0.4158415841584158
3832,10,9,51,0.504950495049505
3832,9,15,66,0.6534653465346535
3832,7,4,70,0.693069306930693
3832,6,4,74,0.7326732673267327
3832,3,15,89,0.8811881188118812
3832,2,5,94,0.9306930693069307
3832,1,3,97,0.9603960396039604
3832,0,4,101,1.0
3834,157,1,1,0.005319148936170213
3834,156,1,2,0.010638297872340425
3834,148,1,3,0.015957446808510637
3834,122,1,4,0.02127659574468085
3834,66,1,5,0.026595744680851064
3834,61,1,6,0.031914893617021274
3834,58,1,7,0.03723404255319149
3834,54,1,8,0.0425531914893617
3834,53,1,9,0.047872340425531915
3834,52,2,11,0.05851063829787234
3834,47,2,13,0.06914893617021277
3834,45,1,14,0.07446808510638298
3834,43,1,15,0.0797872340425532
3834,42,2,17,0.09042553191489362
3834,37,3,20,0.10638297872340426
3834,35,2,22,0.11702127659574468
3834,34,3,25,0.13297872340425532
3834,31,1,26,0.13829787234042554
3834,30,1,27,0.14361702127659576
3834,29,2,29,0.15425531914893617
3834,25,4,33,0.17553191489361702
3834,24,2,35,0.18617021276595744
3834,21,4,39,0.2074468085106383
3834,20,4,43,0.22872340425531915
3834,19,2,45,0.2393617021276596
3834,18,2,47,0.25
3834,16,2,49,0.26063829787234044
3834,15,3,52,0.2765957446808511
3834,14,2,54,0.2872340425531915
3834,13,9,63,0.3351063829787234
3834,12,5,68,0.3617021276595745
3834,11,2,70,0.3723404255319149
3834,10,7,77,0.4095744680851064
3834,9,1,78,0.4148936170212766
3834,8,9,87,0.4627659574468085
3834,7,1,88,0.46808510638297873
3834,6,5,93,0.4946808510638298
3834,5,5,98,0.5212765957446809
3834,4,10,108,0.574468085106383
3834,3,22,130,0.6914893617021277
3834,2,31,161,0.8563829787234043
3834,1,11,172,0.9148936170212766
3834,0,16,188,1.0
3835,163,1,1,0.0040650406504065045
3835,110,1,2,0.008130081300813009
3835,71,1,3,0.012195121951219513
3835,60,1,4,0.016260162601626018
3835,54,2,6,0.024390243902439025
3835,51,2,8,0.032520325203252036
3835,43,3,11,0.044715447154471545
3835,40,1,12,0.04878048780487805
3835,34,1,13,0.052845528455284556
3835,33,3,16,0.06504065040650407
3835,32,1,17,0.06910569105691057
3835,30,2,19,0.07723577235772358
3835,29,1,20,0.08130081300813008
3835,28,4,24,0.0975609756097561
3835,27,1,25,0.1016260162601626
3835,25,1,26,0.10569105691056911
3835,23,1,27,0.10975609756097561
3835,21,1,28,0.11382113821138211
3835,20,2,30,0.12195121951219512
3835,19,3,33,0.13414634146341464
3835,18,4,37,0.15040650406504066
3835,17,1,38,0.15447154471544716
3835,16,9,47,0.1910569105691057
3835,15,4,51,0.2073170731707317
3835,14,3,54,0.21951219512195122
3835,13,3,57,0.23170731707317074
3835,11,10,67,0.27235772357723576
3835,10,7,74,0.3008130081300813
3835,9,3,77,0.3130081300813008
3835,8,8,85,0.34552845528455284
3835,7,4,89,0.3617886178861789
3835,6,6,95,0.3861788617886179
3835,5,12,107,0.4349593495934959
3835,4,21,128,0.5203252032520326
3835,3,38,166,0.6747967479674797
3835,2,52,218,0.8861788617886179
3835,1,14,232,0.943089430894309
3835,0,14,246,1.0
3836,108,1,1,0.003401360544217687
3836,106,1,2,0.006802721088435374
3836,61,1,3,0.01020408163265306
3836,59,1,4,0.013605442176870748
3836,53,1,5,0.017006802721088437
3836,52,1,6,0.02040816326530612
3836,49,1,7,0.023809523809523808
3836,47,4,11,0.03741496598639456
3836,43,2,13,0.04421768707482993
3836,33,5,18,0.061224489795918366
3836,32,3,21,0.07142857142857142
3836,31,2,23,0.0782312925170068
3836,30,2,25,0.08503401360544217
3836,29,1,26,0.08843537414965986
3836,28,2,28,0.09523809523809523
3836,26,3,31,0.1054421768707483
3836,25,2,33,0.11224489795918367
3836,24,2,35,0.11904761904761904
3836,23,5,40,0.1360544217687075
3836,22,3,43,0.14625850340136054
3836,21,2,45,0.15306122448979592
3836,19,4,49,0.16666666666666666
3836,18,4,53,0.18027210884353742
3836,17,1,54,0.1836734693877551
3836,16,7,61,0.20748299319727892
3836,15,4,65,0.22108843537414966
3836,14,6,71,0.24149659863945577
3836,13,10,81,0.2755102040816326
3836,12,5,86,0.2925170068027211
3836,11,10,96,0.32653061224489793
3836,10,6,102,0.3469387755102041
3836,9,8,110,0.3741496598639456
3836,8,7,117,0.3979591836734694
3836,7,8,125,0.42517006802721086
3836,6,12,137,0.46598639455782315
3836,5,15,152,0.5170068027210885
3836,4,27,179,0.608843537414966
3836,3,29,208,0.7074829931972789
3836,2,42,250,0.8503401360544217
3836,1,22,272,0.9251700680272109
3836,0,22,294,1.0
3837,122,1,1,0.006578947368421052
3837,62,1,2,0.013157894736842105
3837,55,1,3,0.019736842105263157
3837,53,1,4,0.02631578947368421
3837,52,1,5,0.03289473684210526
3837,50,1,6,0.039473684210526314
3837,48,1,7,0.046052631578947366
3837,47,1,8,0.05263157894736842
3837,46,1,9,0.05921052631578947
3837,40,1,10,0.06578947368421052
3837,35,1,11,0.07236842105263158
3837,33,2,13,0.08552631578947369
3837,30,1,14,0.09210526315789473
3837,27,1,15,0.09868421052631579
3837,26,1,16,0.10526315789473684
3837,25,1,17,0.1118421052631579
3837,23,3,20,0.13157894736842105
3837,22,2,22,0.14473684210526316
3837,21,2,24,0.15789473684210525
3837,20,1,25,0.16447368421052633
3837,18,4,29,0.19078947368421054
3837,17,2,31,0.20394736842105263
3837,16,1,32,0.21052631578947367
3837,15,1,33,0.21710526315789475
3837,13,1,34,0.2236842105263158
3837,12,1,35,0.23026315789473684
3837,11,2,37,0.24342105263157895
3837,10,2,39,0.2565789473684211
3837,9,6,45,0.29605263157894735
3837,8,4,49,0.3223684210526316
3837,7,7,56,0.3684210526315789
3837,6,4,60,0.39473684210526316
3837,5,6,66,0.4342105263157895
3837,4,11,77,0.506578947368421
3837,3,11,88,0.5789473684210527
3837,2,32,120,0.7894736842105263
3837,1,20,140,0.9210526315789473
3837,0,12,152,1.0
3861,171,1,1,0.0025575447570332483
3861,125,1,2,0.005115089514066497
3861,101,1,3,0.0076726342710997444
3861,100,1,4,0.010230179028132993
3861,98,1,5,0.01278772378516624
3861,97,1,6,0.015345268542199489
3861,95,1,7,0.017902813299232736
3861,93,1,8,0.020460358056265986
3861,90,2,10,0.02557544757033248
3861,80,1,11,0.028132992327365727
3861,79,1,12,0.030690537084398978
3861,78,1,13,0.03324808184143223
3861,77,1,14,0.03580562659846547
3861,75,1,15,0.03836317135549872
3861,73,1,16,0.04092071611253197
3861,71,1,17,0.043478260869565216
3861,70,1,18,0.04603580562659847
3861,67,1,19,0.04859335038363171
3861,66,1,20,0.05115089514066496
3861,64,1,21,0.05370843989769821
3861,62,1,22,0.056265984654731455
3861,61,1,23,0.058823529411764705
3861,59,1,24,0.061381074168797956
3861,55,1,25,0.0639386189258312
3861,54,2,27,0.06905370843989769
3861,53,2,29,0.0741687979539642
3861,52,1,30,0.07672634271099744
3861,51,2,32,0.08184143222506395
3861,49,1,33,0.08439897698209718
3861,48,1,34,0.08695652173913043
3861,47,2,36,0.09207161125319693
3861,46,2,38,0.09718670076726342
3861,45,2,40,0.10230179028132992
3861,42,3,43,0.10997442455242967
3861,41,2,45,0.11508951406649616
3861,35,3,48,0.12276214833759591
3861,34,1,49,0.12531969309462915
3861,33,1,50,0.1278772378516624
3861,32,5,55,0.14066496163682865
3861,31,4,59,0.15089514066496162
3861,30,3,62,0.1585677749360614
3861,29,5,67,0.17135549872122763
3861,28,3,70,0.17902813299232737
3861,27,7,77,0.1969309462915601
3861,26,8,85,0.21739130434782608
3861,25,5,90,0.23017902813299232
3861,24,5,95,0.24296675191815856
3861,23,7,102,0.2608695652173913
3861,22,2,104,0.2659846547314578
3861,21,5,109,0.27877237851662406
3861,20,4,113,0.289002557544757
3861,19,1,114,0.2915601023017903
3861,18,8,122,0.31202046035805625
3861,17,2,124,0.3171355498721228
3861,16,5,129,0.329923273657289
3861,15,3,132,0.3375959079283887
3861,14,6,138,0.35294117647058826
3861,13,5,143,0.3657289002557545
3861,12,8,151,0.38618925831202044
3861,11,10,161,0.4117647058823529
3861,10,10,171,0.4373401534526854
3861,9,7,178,0.45524296675191817
3861,8,13,191,0.4884910485933504
3861,7,20,211,0.5396419437340153
3861,6,16,227,0.5805626598465473
3861,5,27,254,0.649616368286445
3861,4,36,290,0.7416879795396419
3861,3,54,344,0.8797953964194374
3861,2,12,356,0.9104859335038363
3861,1,16,372,0.9514066496163683
3861,0,19,391,1.0
3862,174,1,1,0.0037735849056603774
3862,97,1,2,0.007547169811320755
3862,75,1,3,0.011320754716981131
3862,69,1,4,0.01509433962264151
3862,68,2,6,0.022641509433962263
3862,65,1,7,0.026415094339622643
3862,63,2,9,0.033962264150943396
3862,61,2,11,0.04150943396226415
3862,59,1,12,0.045283018867924525
3862,58,1,13,0.04905660377358491
3862,57,1,14,0.052830188679245285
3862,52,1,15,0.05660377358490566
3862,50,1,16,0.06037735849056604
3862,44,2,18,0.06792452830188679
3862,42,2,20,0.07547169811320754
3862,41,1,21,0.07924528301886792
3862,38,1,22,0.0830188679245283
3862,36,1,23,0.08679245283018867
3862,35,1,24,0.09056603773584905
3862,34,1,25,0.09433962264150944
3862,33,2,27,0.1018867924528302
3862,30,1,28,0.10566037735849057
3862,27,1,29,0.10943396226415095
3862,25,1,30,0.11320754716981132
3862,24,1,31,0.1169811320754717
3862,23,2,33,0.12452830188679245
3862,21,1,34,0.12830188679245283
3862,19,5,39,0.1471698113207547
3862,18,5,44,0.1660377358490566
3862,17,5,49,0.18490566037735848
3862,16,5,54,0.2037735849056604
3862,15,5,59,0.22264150943396227
3862,14,2,61,0.23018867924528302
3862,13,4,65,0.24528301886792453
3862,12,7,72,0.27169811320754716
3862,11,5,77,0.29056603773584905
3862,10,4,81,0.30566037735849055
3862,9,8,89,0.33584905660377357
3862,8,7,96,0.3622641509433962
3862,7,9,105,0.39622641509433965
3862,6,8,113,0.42641509433962266
3862,5,15,128,0.4830188679245283
3862,4,44,172,0.6490566037735849
3862,3,48,220,0.8301886792452831
3862,2,23,243,0.9169811320754717
3862,1,15,258,0.9735849056603774
3862,0,7,265,1.0
3863,152,1,1,0.004201680672268907
3863,145,1,2,0.008403361344537815
3863,81,1,3,0.012605042016806723
3863,74,2,5,0.02100840336134454
3863,68,1,6,0.025210084033613446
3863,65,1,7,0.029411764705882353
3863,63,2,9,0.037815126050420166
3863,59,2,11,0.046218487394957986
3863,49,1,12,0.05042016806722689
3863,47,1,13,0.0546218487394958
3863,46,2,15,0.06302521008403361
3863,40,1,16,0.06722689075630252
3863,39,4,20,0.08403361344537816
3863,35,1,21,0.08823529411764706
3863,32,4,25,0.10504201680672269
3863,30,1,26,0.1092436974789916
3863,29,1,27,0.1134453781512605
3863,28,1,28,0.11764705882352941
3863,27,1,29,0.12184873949579832
3863,26,3,32,0.13445378151260504
3863,25,7,39,0.1638655462184874
3863,24,3,42,0.17647058823529413
3863,23,1,43,0.18067226890756302
3863,22,5,48,0.20168067226890757
3863,21,1,49,0.20588235294117646
3863,20,2,51,0.21428571428571427
3863,19,6,57,0.23949579831932774
3863,18,4,61,0.25630252100840334
3863,17,3,64,0.2689075630252101
3863,16,4,68,0.2857142857142857
3863,15,6,74,0.31092436974789917
3863,14,5,79,0.3319327731092437
3863,13,3,82,0.3445378151260504
3863,12,1,83,0.3487394957983193
3863,11,5,88,0.3697478991596639
3863,10,6,94,0.3949579831932773
3863,9,6,100,0.42016806722689076
3863,8,6,106,0.44537815126050423
3863,7,11,117,0.49159663865546216
3863,6,14,131,0.5504201680672269
3863,5,14,145,0.6092436974789915
3863,4,23,168,0.7058823529411765
3863,3,31,199,0.8361344537815126
3863,2,6,205,0.8613445378151261
3863,1,11,216,0.907563025210084
3863,0,22,238,1.0
3864,184,1,1,0.0028735632183908046
3864,153,1,2,0.005747126436781609
3864,116,1,3,0.008620689655172414
3864,113,1,4,0.011494252873563218
3864,110,1,5,0.014367816091954023
3864,105,1,6,0.017241379310344827
3864,93,1,7,0.020114942528735632
3864,75,1,8,0.022988505747126436
3864,70,1,9,0.02586206896551724
3864,69,1,10,0.028735632183908046
3864,68,1,11,0.031609195402298854
3864,67,1,12,0.034482758620689655
3864,62,1,13,0.03735632183908046
3864,61,1,14,0.040229885057471264
3864,58,1,15,0.04310344827586207
3864,56,1,16,0.04597701149425287
3864,55,4,20,0.05747126436781609
3864,54,2,22,0.06321839080459771
3864,53,1,23,0.06609195402298851
3864,48,2,25,0.07183908045977011
3864,47,1,26,0.07471264367816093
3864,45,3,29,0.08333333333333333
3864,44,1,30,0.08620689655172414
3864,42,1,31,0.08908045977011494
3864,41,1,32,0.09195402298850575
3864,38,2,34,0.09770114942528736
3864,37,1,35,0.10057471264367816
3864,34,1,36,0.10344827586206896
3864,33,5,41,0.11781609195402298
3864,31,4,45,0.12931034482758622
3864,30,6,51,0.14655172413793102
3864,29,2,53,0.15229885057471265
3864,28,2,55,0.15804597701149425
3864,27,3,58,0.16666666666666666
3864,26,6,64,0.1839080459770115
3864,25,2,66,0.1896551724137931
3864,24,3,69,0.19827586206896552
3864,23,7,76,0.21839080459770116
3864,22,3,79,0.22701149425287356
3864,21,2,81,0.23275862068965517
3864,20,5,86,0.2471264367816092
3864,19,6,92,0.26436781609195403
3864,18,5,97,0.27873563218390807
3864,17,4,101,0.29022988505747127
3864,16,4,105,0.3017241379310345
3864,15,4,109,0.3132183908045977
3864,14,2,111,0.31896551724137934
3864,13,5,116,0.3333333333333333
3864,12,7,123,0.35344827586206895
3864,11,8,131,0.3764367816091954
3864,10,15,146,0.41954022988505746
3864,9,6,152,0.4367816091954023
3864,8,10,162,0.46551724137931033
3864,7,10,172,0.4942528735632184
3864,6,21,193,0.5545977011494253
3864,5,31,224,0.6436781609195402
3864,4,59,283,0.8132183908045977
3864,3,18,301,0.8649425287356322
3864,2,13,314,0.9022988505747126
3864,1,27,341,0.9798850574712644
3864,0,7,348,1.0
3874,82,1,1,0.013157894736842105
3874,56,1,2,0.02631578947368421
3874,48,1,3,0.039473684210526314
3874,45,7,10,0.13157894736842105
3874,39,1,11,0.14473684210526316
3874,31,4,15,0.19736842105263158
3874,28,1,16,0.21052631578947367
3874,25,2,18,0.23684210526315788
3874,21,3,21,0.27631578947368424
3874,20,1,22,0.2894736842105263
3874,15,2,24,0.3157894736842105
3874,14,3,27,0.35526315789473684
3874,13,2,29,0.3815789473684211
3874,12,3,32,0.42105263157894735
3874,11,1,33,0.4342105263157895
3874,9,2,35,0.4605263157894737
3874,8,1,36,0.47368421052631576
3874,7,4,40,0.5263157894736842
3874,6,4,44,0.5789473684210527
3874,5,6,50,0.6578947368421053
3874,3,4,54,0.7105263157894737
3874,2,3,57,0.75
3874,1,12,69,0.9078947368421053
3874,0,7,76,1.0
3875,81,1,1,0.018518518518518517
3875,60,1,2,0.037037037037037035
3875,58,2,4,0.07407407407407407
3875,56,2,6,0.1111111111111111
3875,53,1,7,0.12962962962962962
3875,45,2,9,0.16666666666666666
3875,43,1,10,0.18518518518518517
3875,39,1,11,0.2037037037037037
3875,31,1,12,0.2222222222222222
3875,28,1,13,0.24074074074074073
3875,22,1,14,0.25925925925925924
3875,16,1,15,0.2777777777777778
3875,15,1,16,0.2962962962962963
3875,14,2,18,0.3333333333333333
3875,11,1,19,0.35185185185185186
3875,9,1,20,0.37037037037037035
3875,7,1,21,0.3888888888888889
3875,6,4,25,0.46296296296296297
3875,5,1,26,0.48148148148148145
3875,3,3,29,0.5370370370370371
3875,2,4,33,0.6111111111111112
3875,1,8,41,0.7592592592592593
3875,0,13,54,1.0
3876,110,1,1,0.022222222222222223
3876,87,1,2,0.044444444444444446
3876,58,1,3,0.06666666666666667
3876,55,1,4,0.08888888888888889
3876,53,1,5,0.1111111111111111
3876,49,1,6,0.13333333333333333
3876,48,1,7,0.15555555555555556
3876,45,1,8,0.17777777777777778
3876,41,1,9,0.2
3876,40,1,10,0.2222222222222222
3876,34,2,12,0.26666666666666666
3876,28,1,13,0.28888888888888886
3876,24,1,14,0.3111111111111111
3876,23,1,15,0.3333333333333333
3876,19,2,17,0.37777777777777777
3876,17,1,18,0.4
3876,13,2,20,0.4444444444444444
3876,11,2,22,0.4888888888888889
3876,9,1,23,0.5111111111111111
3876,8,1,24,0.5333333333333333
3876,6,1,25,0.5555555555555556
3876,5,3,28,0.6222222222222222
3876,4,1,29,0.6444444444444445
3876,3,3,32,0.7111111111111111
3876,2,1,33,0.7333333333333333
3876,1,5,38,0.8444444444444444
3876,0,7,45,1.0
3877,55,1,1,0.06666666666666667
3877,40,1,2,0.13333333333333333
3877,32,1,3,0.2
3877,29,1,4,0.26666666666666666
3877,17,1,5,0.3333333333333333
3877,14,1,6,0.4
3877,9,1,7,0.4666666666666667
3877,7,1,8,0.5333333333333333
3877,6,1,9,0.6
3877,1,1,10,0.6666666666666666
3877,0,5,15,1.0
3900,100,1,1,0.015151515151515152
3900,90,1,2,0.030303030303030304
3900,79,1,3,0.045454545454545456
3900,70,1,4,0.06060606060606061
3900,60,3,7,0.10606060606060606
3900,47,1,8,0.12121212121212122
3900,25,1,9,0.13636363636363635
3900,11,3,12,0.18181818181818182
3900,8,2,14,0.21212121212121213
3900,7,1,15,0.22727272727272727
3900,6,1,16,0.24242424242424243
3900,5,3,19,0.2878787878787879
3900,3,4,23,0.3484848484848485
3900,2,3,26,0.3939393939393939
3900,1,10,36,0.5454545454545454
3900,0,30,66,1.0
3901,104,1,1,0.01098901098901099
3901,94,1,2,0.02197802197802198
3901,26,1,3,0.03296703296703297
3901,14,1,4,0.04395604395604396
3901,8,1,5,0.054945054945054944
3901,6,1,6,0.06593406593406594
3901,5,1,7,0.07692307692307693
3901,4,1,8,0.08791208791208792
3901,3,1,9,0.0989010989010989
3901,2,4,13,0.14285714285714285
3901,1,13,26,0.2857142857142857
3901,0,65,91,1.0
3902,105,1,1,0.005128205128205128
3902,95,1,2,0.010256410256410256
3902,91,1,3,0.015384615384615385
3902,83,1,4,0.020512820512820513
3902,59,1,5,0.02564102564102564
3902,58,1,6,0.03076923076923077
3902,43,1,7,0.035897435897435895
3902,39,1,8,0.041025641025641026
3902,30,1,9,0.046153846153846156
3902,25,1,10,0.05128205128205128
3902,20,1,11,0.05641025641025641
3902,19,1,12,0.06153846153846154
3902,16,1,13,0.06666666666666667
3902,14,1,14,0.07179487179487179
3902,11,1,15,0.07692307692307693
3902,10,1,16,0.08205128205128205
3902,7,1,17,0.08717948717948718
3902,6,5,22,0.11282051282051282
3902,5,4,26,0.13333333333333333
3902,4,2,28,0.14358974358974358
3902,3,1,29,0.14871794871794872
3902,2,10,39,0.2
3902,1,36,75,0.38461538461538464
3902,0,120,195,1.0
3903,111,1,1,0.00558659217877095
3903,104,1,2,0.0111731843575419
3903,93,1,3,0.01675977653631285
3903,92,1,4,0.0223463687150838
3903,73,1,5,0.027932960893854747
3903,71,1,6,0.0335195530726257
3903,66,1,7,0.03910614525139665
3903,61,1,8,0.0446927374301676
3903,60,1,9,0.05027932960893855
3903,56,1,10,0.055865921787709494
3903,55,1,11,0.061452513966480445
3903,45,1,12,0.0670391061452514
3903,43,1,13,0.07262569832402235
3903,40,1,14,0.0782122905027933
3903,39,1,15,0.08379888268156424
3903,34,2,17,0.09497206703910614
3903,33,1,18,0.1005586592178771
3903,31,1,19,0.10614525139664804
3903,27,1,20,0.11173184357541899
3903,26,2,22,0.12290502793296089
3903,24,1,23,0.12849162011173185
3903,21,2,25,0.13966480446927373
3903,20,5,30,0.16759776536312848
3903,18,3,33,0.18435754189944134
3903,17,3,36,0.2011173184357542
3903,16,1,37,0.20670391061452514
3903,15,4,41,0.22905027932960895
3903,14,3,44,0.24581005586592178
3903,13,1,45,0.25139664804469275
3903,12,7,52,0.2905027932960894
3903,11,4,56,0.3128491620111732
3903,10,8,64,0.3575418994413408
3903,9,12,76,0.4245810055865922
3903,8,2,78,0.43575418994413406
3903,7,10,88,0.49162011173184356
3903,6,15,103,0.5754189944134078
3903,5,10,113,0.6312849162011173
3903,4,19,132,0.7374301675977654
3903,3,24,156,0.8715083798882681
3903,2,9,165,0.9217877094972067
3903,1,5,170,0.9497206703910615
3903,0,9,179,1.0
3904,96,1,1,0.0053475935828877
3904,68,1,2,0.0106951871657754
3904,60,1,3,0.016042780748663103
3904,58,2,5,0.026737967914438502
3904,51,1,6,0.03208556149732621
3904,45,1,7,0.0374331550802139
3904,42,1,8,0.0427807486631016
3904,40,1,9,0.0481283422459893
3904,39,1,10,0.053475935828877004
3904,38,2,12,0.06417112299465241
3904,34,1,13,0.06951871657754011
3904,32,3,16,0.0855614973262032
3904,30,3,19,0.10160427807486631
3904,27,1,20,0.10695187165775401
3904,26,1,21,0.11229946524064172
3904,25,1,22,0.11764705882352941
3904,23,2,24,0.12834224598930483
3904,22,2,26,0.13903743315508021
3904,21,2,28,0.1497326203208556
3904,20,1,29,0.15508021390374332
3904,19,1,30,0.16042780748663102
3904,18,2,32,0.1711229946524064
3904,17,2,34,0.18181818181818182
3904,16,1,35,0.18716577540106952
3904,15,6,41,0.2192513368983957
3904,14,1,42,0.22459893048128343
3904,13,5,47,0.25133689839572193
3904,12,5,52,0.27807486631016043
3904,11,2,54,0.2887700534759358
3904,10,3,57,0.3048128342245989
3904,9,8,65,0.34759358288770054
3904,8,6,71,0.37967914438502676
3904,7,8,79,0.42245989304812837
3904,6,9,88,0.47058823529411764
3904,5,16,104,0.5561497326203209
3904,4,22,126,0.6737967914438503
3904,3,40,166,0.8877005347593583
3904,2,9,175,0.9358288770053476
3904,1,2,177,0.946524064171123
3904,0,10,187,1.0
3906,95,1,1,0.012048192771084338
3906,74,1,2,0.024096385542168676
3906,43,1,3,0.03614457831325301
3906,41,2,5,0.060240963855421686
3906,40,2,7,0.08433734939759036
3906,37,2,9,0.10843373493975904
3906,36,1,10,0.12048192771084337
3906,33,1,11,0.13253012048192772
3906,32,2,13,0.1566265060240964
3906,30,2,15,0.18072289156626506
3906,28,1,16,0.1927710843373494
3906,25,1,17,0.20481927710843373
3906,24,2,19,0.2289156626506024
3906,23,1,20,0.24096385542168675
3906,22,1,21,0.25301204819277107
3906,21,3,24,0.2891566265060241
3906,17,1,25,0.30120481927710846
3906,16,2,27,0.3253012048192771
3906,15,1,28,0.3373493975903614
3906,13,1,29,0.3493975903614458
3906,11,1,30,0.3614457831325301
3906,10,1,31,0.37349397590361444
3906,9,1,32,0.3855421686746988
3906,8,2,34,0.40963855421686746
3906,7,3,37,0.4457831325301205
3906,6,1,38,0.4578313253012048
3906,5,1,39,0.46987951807228917
3906,4,8,47,0.5662650602409639
3906,3,7,54,0.6506024096385542
3906,2,5,59,0.7108433734939759
3906,1,15,74,0.891566265060241
3906,0,9,83,1.0
3915,67,2,2,0.016666666666666666
3915,57,1,3,0.025
3915,53,3,6,0.05
3915,50,1,7,0.058333333333333334
3915,49,1,8,0.06666666666666667
3915,40,1,9,0.075
3915,37,1,10,0.08333333333333333
3915,29,1,11,0.09166666666666666
3915,28,1,12,0.1
3915,25,2,14,0.11666666666666667
3915,17,1,15,0.125
3915,16,1,16,0.13333333333333333
3915,14,1,17,0.14166666666666666
3915,13,1,18,0.15
3915,12,1,19,0.15833333333333333
3915,10,1,20,0.16666666666666666
3915,9,1,21,0.175
3915,7,2,23,0.19166666666666668
3915,6,2,25,0.20833333333333334
3915,5,1,26,0.21666666666666667
3915,4,4,30,0.25
3915,3,3,33,0.275
3915,1,4,37,0.30833333333333335
3915,0,83,120,1.0
3973,158,1,1,0.0032679738562091504
3973,121,2,3,0.00980392156862745
3973,99,1,4,0.013071895424836602
3973,94,1,5,0.016339869281045753
3973,68,1,6,0.0196078431372549
3973,50,1,7,0.02287581699346405
3973,48,1,8,0.026143790849673203
3973,46,1,9,0.029411764705882353
3973,44,1,10,0.032679738562091505
3973,43,1,11,0.03594771241830065
3973,42,2,13,0.042483660130718956
3973,40,2,15,0.049019607843137254
3973,39,1,16,0.05228758169934641
3973,37,4,20,0.06535947712418301
3973,35,2,22,0.0718954248366013
3973,33,6,28,0.0915032679738562
3973,32,5,33,0.10784313725490197
3973,31,3,36,0.11764705882352941
3973,30,3,39,0.12745098039215685
3973,29,1,40,0.13071895424836602
3973,27,2,42,0.13725490196078433
3973,26,7,49,0.16013071895424835
3973,25,4,53,0.17320261437908496
3973,24,2,55,0.17973856209150327
3973,23,3,58,0.1895424836601307
3973,22,1,59,0.19281045751633988
3973,21,2,61,0.19934640522875818
3973,20,4,65,0.21241830065359477
3973,19,1,66,0.21568627450980393
3973,18,4,70,0.22875816993464052
3973,17,5,75,0.24509803921568626
3973,16,2,77,0.25163398692810457
3973,15,5,82,0.2679738562091503
3973,14,2,84,0.27450980392156865
3973,13,5,89,0.2908496732026144
3973,12,10,99,0.3235294117647059
3973,11,2,101,0.3300653594771242
3973,10,9,110,0.35947712418300654
3973,9,7,117,0.38235294117647056
3973,8,11,128,0.41830065359477125
3973,7,12,140,0.45751633986928103
3973,6,11,151,0.4934640522875817
3973,5,26,177,0.5784313725490197
3973,4,24,201,0.6568627450980392
3973,3,43,244,0.7973856209150327
3973,2,6,250,0.8169934640522876
3973,1,20,270,0.8823529411764706
3973,0,36,306,1.0
3974,104,1,1,0.005291005291005291
3974,102,1,2,0.010582010582010581
3974,83,1,3,0.015873015873015872
3974,74,1,4,0.021164021164021163
3974,64,1,5,0.026455026455026454
3974,55,1,6,0.031746031746031744
3974,53,1,7,0.037037037037037035
3974,51,1,8,0.042328042328042326
3974,38,1,9,0.047619047619047616
3974,35,1,10,0.05291005291005291
3974,34,2,12,0.06349206349206349
3974,33,1,13,0.06878306878306878
3974,32,2,15,0.07936507936507936
3974,31,1,16,0.08465608465608465
3974,29,2,18,0.09523809523809523
3974,28,1,19,0.10052910052910052
3974,27,3,22,0.1164021164021164
3974,26,1,23,0.12169312169312169
3974,25,4,27,0.14285714285714285
3974,24,1,28,0.14814814814814814
3974,23,1,29,0.15343915343915343
3974,21,1,30,0.15873015873015872
3974,19,3,33,0.1746031746031746
3974,18,1,34,0.17989417989417988
3974,17,2,36,0.19047619047619047
3974,16,1,37,0.19576719576719576
3974,15,1,38,0.20105820105820105
3974,14,1,39,0.20634920634920634
3974,13,2,41,0.21693121693121692
3974,12,1,42,0.2222222222222222
3974,11,5,47,0.24867724867724866
3974,10,5,52,0.2751322751322751
3974,9,6,58,0.30687830687830686
3974,8,6,64,0.3386243386243386
3974,7,9,73,0.3862433862433862
3974,6,5,78,0.4126984126984127
3974,5,21,99,0.5238095238095238
3974,4,12,111,0.5873015873015873
3974,3,35,146,0.7724867724867724
3974,2,14,160,0.8465608465608465
3974,1,9,169,0.8941798941798942
3974,0,20,189,1.0
4006,121,2,2,0.004106776180698152
4006,117,2,4,0.008213552361396304
4006,103,1,5,0.01026694045174538
4006,99,1,6,0.012320328542094456
4006,98,1,7,0.014373716632443531
4006,89,3,10,0.02053388090349076
4006,88,1,11,0.022587268993839837
4006,82,1,12,0.024640657084188913
4006,76,1,13,0.026694045174537988
4006,72,1,14,0.028747433264887063
4006,71,1,15,0.030800821355236138
4006,67,1,16,0.03285420944558522
4006,64,1,17,0.03490759753593429
4006,63,1,18,0.03696098562628337
4006,62,2,20,0.04106776180698152
4006,61,2,22,0.045174537987679675
4006,60,3,25,0.0513347022587269
4006,59,2,27,0.055441478439425054
4006,56,1,28,0.057494866529774126
4006,53,2,30,0.061601642710472276
4006,52,1,31,0.06365503080082136
4006,50,1,32,0.06570841889117043
4006,49,4,36,0.07392197125256673
4006,47,10,46,0.0944558521560575
4006,46,5,51,0.10472279260780287
4006,45,1,52,0.10677618069815195
4006,43,1,53,0.10882956878850103
4006,42,2,55,0.11293634496919917
4006,41,2,57,0.11704312114989733
4006,40,5,62,0.1273100616016427
4006,39,4,66,0.13552361396303902
4006,38,5,71,0.1457905544147844
4006,37,1,72,0.14784394250513347
4006,36,1,73,0.14989733059548255
4006,35,1,74,0.15195071868583163
4006,33,3,77,0.15811088295687886
4006,32,4,81,0.16632443531827515
4006,31,5,86,0.17659137577002054
4006,30,5,91,0.1868583162217659
4006,29,2,93,0.19096509240246407
4006,27,3,96,0.1971252566735113
4006,26,3,99,0.2032854209445585
4006,25,4,103,0.21149897330595482
4006,24,2,105,0.21560574948665298
4006,23,6,111,0.22792607802874743
4006,22,6,117,0.2402464065708419
4006,21,6,123,0.25256673511293637
4006,20,2,125,0.25667351129363447
4006,19,5,130,0.2669404517453799
4006,18,2,132,0.27104722792607805
4006,17,1,133,0.2731006160164271
4006,16,5,138,0.28336755646817247
4006,15,2,140,0.2874743326488706
4006,14,2,142,0.2915811088295688
4006,13,12,154,0.3162217659137577
4006,12,9,163,0.3347022587268994
4006,11,8,171,0.351129363449692
4006,10,12,183,0.3757700205338809
4006,9,13,196,0.4024640657084189
4006,8,23,219,0.44969199178644764
4006,7,11,230,0.4722792607802875
4006,6,27,257,0.5277207392197125
4006,5,34,291,0.5975359342915811
4006,4,68,359,0.7371663244353183
4006,3,66,425,0.8726899383983573
4006,2,14,439,0.9014373716632443
4006,1,17,456,0.9363449691991786
4006,0,31,487,1.0
4007,141,1,1,0.0025188916876574307
4007,135,1,2,0.005037783375314861
4007,122,1,3,0.007556675062972292
4007,99,1,4,0.010075566750629723
4007,98,1,5,0.012594458438287154
4007,91,1,6,0.015113350125944584
4007,85,2,8,0.020151133501259445
4007,81,1,9,0.022670025188916875
4007,76,2,11,0.027707808564231738
4007,75,1,12,0.030226700251889168
4007,70,1,13,0.0327455919395466
4007,69,1,14,0.03526448362720403
4007,68,3,17,0.042821158690176324
4007,67,2,19,0.04785894206549118
4007,66,3,22,0.055415617128463476
4007,64,1,23,0.05793450881612091
4007,63,1,24,0.060453400503778336
4007,60,1,25,0.06297229219143577
4007,59,1,26,0.0654911838790932
4007,58,1,27,0.06801007556675064
4007,57,4,31,0.07808564231738035
4007,55,3,34,0.08564231738035265
4007,52,2,36,0.0906801007556675
4007,51,1,37,0.09319899244332494
4007,50,5,42,0.10579345088161209
4007,49,2,44,0.11083123425692695
4007,48,1,45,0.11335012594458438
4007,46,2,47,0.11838790931989925
4007,45,3,50,0.12594458438287154
4007,44,3,53,0.13350125944584382
4007,43,2,55,0.1385390428211587
4007,42,1,56,0.14105793450881612
4007,41,5,61,0.15365239294710328
4007,40,2,63,0.15869017632241814
4007,39,1,64,0.16120906801007556
4007,38,2,66,0.16624685138539042
4007,37,2,68,0.1712846347607053
4007,36,4,72,0.181360201511335
4007,35,1,73,0.18387909319899245
4007,34,1,74,0.18639798488664988
4007,33,4,78,0.1964735516372796
4007,32,5,83,0.20906801007556675
4007,31,2,85,0.2141057934508816
4007,30,3,88,0.2216624685138539
4007,29,3,91,0.22921914357682618
4007,28,3,94,0.2367758186397985
4007,27,3,97,0.24433249370277077
4007,26,8,105,0.26448362720403024
4007,25,4,109,0.27455919395465994
4007,24,4,113,0.28463476070528965
4007,23,7,120,0.3022670025188917
4007,22,1,121,0.3047858942065491
4007,21,8,129,0.3249370277078086
4007,20,10,139,0.3501259445843829
4007,19,5,144,0.36272040302267
4007,18,5,149,0.37531486146095716
4007,17,3,152,0.38287153652392947
4007,16,5,157,0.3954659949622166
4007,15,4,161,0.40554156171284633
4007,14,4,165,0.4156171284634761
4007,13,3,168,0.42317380352644834
4007,12,5,173,0.4357682619647355
4007,11,9,182,0.45843828715365237
4007,10,10,192,0.4836272040302267
4007,9,8,200,0.5037783375314862
4007,8,10,210,0.5289672544080605
4007,7,14,224,0.5642317380352645
4007,6,19,243,0.6120906801007556
4007,5,34,277,0.6977329974811083
4007,4,43,320,0.8060453400503779
4007,3,27,347,0.8740554156171285
4007,2,9,356,0.8967254408060453
4007,1,19,375,0.9445843828715366
4007,0,22,397,1.0
4008,154,1,1,0.0028089887640449437
4008,142,1,2,0.0056179775280898875
4008,141,1,3,0.008426966292134831
4008,84,2,5,0.014044943820224719
4008,83,2,7,0.019662921348314606
4008,81,1,8,0.02247191011235955
4008,79,1,9,0.025280898876404494
4008,72,1,10,0.028089887640449437
4008,67,1,11,0.03089887640449438
4008,66,1,12,0.033707865168539325
4008,61,2,14,0.03932584269662921
4008,59,1,15,0.042134831460674156
4008,56,1,16,0.0449438202247191
4008,54,2,18,0.05056179775280899
4008,51,1,19,0.05337078651685393
4008,50,1,20,0.056179775280898875
4008,49,1,21,0.05898876404494382
4008,48,1,22,0.06179775280898876
4008,46,2,24,0.06741573033707865
4008,44,1,25,0.0702247191011236
4008,43,1,26,0.07303370786516854
4008,41,4,30,0.08426966292134831
4008,40,3,33,0.09269662921348315
4008,39,1,34,0.09550561797752809
4008,37,1,35,0.09831460674157304
4008,35,4,39,0.10955056179775281
4008,34,1,40,0.11235955056179775
4008,33,1,41,0.1151685393258427
4008,32,2,43,0.12078651685393259
4008,31,1,44,0.12359550561797752
4008,29,1,45,0.12640449438202248
4008,27,3,48,0.1348314606741573
4008,26,4,52,0.14606741573033707
4008,24,2,54,0.15168539325842698
4008,23,5,59,0.16573033707865167
4008,22,3,62,0.17415730337078653
4008,20,1,63,0.17696629213483145
4008,19,7,70,0.19662921348314608
4008,18,2,72,0.20224719101123595
4008,17,1,73,0.2050561797752809
4008,16,6,79,0.22191011235955055
4008,15,5,84,0.23595505617977527
4008,14,2,86,0.24157303370786518
4008,13,6,92,0.25842696629213485
4008,12,6,98,0.2752808988764045
4008,11,5,103,0.2893258426966292
4008,10,8,111,0.31179775280898875
4008,9,8,119,0.3342696629213483
4008,8,11,130,0.3651685393258427
4008,7,9,139,0.3904494382022472
4008,6,11,150,0.42134831460674155
4008,5,39,189,0.5308988764044944
4008,4,47,236,0.6629213483146067
4008,3,56,292,0.8202247191011236
4008,2,12,304,0.8539325842696629
4008,1,26,330,0.9269662921348315
4008,0,26,356,1.0
4019,12,1,1,0.037037037037037035
4019,2,3,4,0.14814814814814814
4019,1,2,6,0.2222222222222222
4019,0,21,27,1.0
4020,146,1,1,0.0014184397163120568
4020,135,1,2,0.0028368794326241137
4020,122,1,3,0.00425531914893617
4020,108,3,6,0.00851063829787234
4020,107,1,7,0.009929078014184398
4020,97,1,8,0.011347517730496455
4020,91,1,9,0.01276595744680851
4020,87,2,11,0.015602836879432624
4020,86,2,13,0.018439716312056736
4020,82,1,14,0.019858156028368795
4020,80,3,17,0.024113475177304965
4020,79,2,19,0.02695035460992908
4020,75,3,22,0.031205673758865248
4020,73,1,23,0.032624113475177303
4020,72,3,26,0.03687943262411347
4020,68,1,27,0.03829787234042553
4020,65,2,29,0.04113475177304964
4020,60,1,30,0.0425531914893617
4020,58,1,31,0.04397163120567376
4020,57,3,34,0.04822695035460993
4020,56,2,36,0.05106382978723404
4020,53,2,38,0.05390070921985816
4020,51,1,39,0.05531914893617021
4020,49,1,40,0.05673758865248227
4020,47,2,42,0.059574468085106386
4020,46,4,46,0.06524822695035461
4020,45,3,49,0.06950354609929078
4020,44,1,50,0.07092198581560284
4020,42,2,52,0.07375886524822695
4020,41,4,56,0.07943262411347518
4020,40,3,59,0.08368794326241134
4020,39,3,62,0.08794326241134752
4020,38,2,64,0.09078014184397164
4020,37,3,67,0.0950354609929078
4020,36,4,71,0.10070921985815603
4020,34,7,78,0.11063829787234042
4020,33,10,88,0.12482269503546099
4020,32,8,96,0.13617021276595745
4020,31,3,99,0.14042553191489363
4020,30,3,102,0.14468085106382977
4020,29,5,107,0.15177304964539007
4020,28,4,111,0.1574468085106383
4020,27,9,120,0.1702127659574468
4020,26,8,128,0.18156028368794327
4020,25,13,141,0.2
4020,24,4,145,0.20567375886524822
4020,23,11,156,0.22127659574468084
4020,22,6,162,0.2297872340425532
4020,21,7,169,0.2397163120567376
4020,20,9,178,0.2524822695035461
4020,19,10,188,0.26666666666666666
4020,18,12,200,0.28368794326241137
4020,17,9,209,0.29645390070921984
4020,16,13,222,0.3148936170212766
4020,15,8,230,0.3262411347517731
4020,14,17,247,0.350354609929078
4020,13,9,256,0.36312056737588655
4020,12,24,280,0.3971631205673759
4020,11,16,296,0.4198581560283688
4020,10,20,316,0.4482269503546099
4020,9,14,330,0.46808510638297873
4020,8,7,337,0.47801418439716314
4020,7,26,363,0.5148936170212766
4020,6,25,388,0.550354609929078
4020,5,45,433,0.6141843971631206
4020,4,110,543,0.7702127659574468
4020,3,99,642,0.9106382978723404
4020,2,20,662,0.9390070921985816
4020,1,24,686,0.9730496453900709
4020,0,19,705,1.0
4021,124,1,1,0.002570694087403599
4021,118,1,2,0.005141388174807198
4021,116,1,3,0.007712082262210797
4021,113,1,4,0.010282776349614395
4021,110,1,5,0.012853470437017995
4021,106,1,6,0.015424164524421594
4021,102,1,7,0.017994858611825194
4021,96,1,8,0.02056555269922879
4021,95,1,9,0.02313624678663239
4021,81,2,11,0.028277634961439587
4021,78,1,12,0.030848329048843187
4021,74,1,13,0.033419023136246784
4021,68,1,14,0.03598971722365039
4021,65,1,15,0.038560411311053984
4021,61,1,16,0.04113110539845758
4021,55,1,17,0.043701799485861184
4021,54,3,20,0.05141388174807198
4021,47,1,21,0.05398457583547558
4021,44,1,22,0.056555269922879174
4021,43,1,23,0.05912596401028278
4021,42,1,24,0.061696658097686374
4021,41,2,26,0.06683804627249357
4021,40,1,27,0.06940874035989718
4021,38,1,28,0.07197943444730077
4021,36,3,31,0.07969151670951156
4021,34,3,34,0.08740359897172237
4021,33,1,35,0.08997429305912596
4021,32,2,37,0.09511568123393316
4021,31,4,41,0.10539845758354756
4021,30,2,43,0.11053984575835475
4021,28,3,46,0.11825192802056556
4021,27,3,49,0.12596401028277635
4021,26,2,51,0.13110539845758354
4021,25,5,56,0.14395886889460155
4021,24,3,59,0.15167095115681234
4021,23,1,60,0.15424164524421594
4021,22,7,67,0.17223650385604114
4021,21,4,71,0.18251928020565553
4021,20,5,76,0.1953727506426735
4021,19,2,78,0.20051413881748073
4021,18,5,83,0.2133676092544987
4021,17,2,85,0.2185089974293059
4021,16,3,88,0.2262210796915167
4021,15,1,89,0.22879177377892032
4021,14,6,95,0.2442159383033419
4021,13,7,102,0.2622107969151671
4021,12,11,113,0.29048843187660667
4021,11,11,124,0.31876606683804626
4021,10,17,141,0.36246786632390743
4021,9,10,151,0.38817480719794345
4021,8,10,161,0.4138817480719794
4021,7,11,172,0.442159383033419
4021,6,27,199,0.5115681233933161
4021,5,28,227,0.583547557840617
4021,4,54,281,0.7223650385604113
4021,3,65,346,0.8894601542416453
4021,2,11,357,0.9177377892030848
4021,1,16,373,0.9588688946015425
4021,0,16,389,1.0
4022,189,2,2,0.0015923566878980893
4022,187,1,3,0.0023885350318471337
4022,184,1,4,0.0031847133757961785
4022,177,1,5,0.003980891719745223
4022,176,1,6,0.004777070063694267
4022,156,3,9,0.007165605095541401
4022,155,1,10,0.007961783439490446
4022,152,1,11,0.00875796178343949
4022,149,1,12,0.009554140127388535
4022,147,1,13,0.010350318471337579
4022,146,1,14,0.011146496815286623
4022,141,1,15,0.01194267515923567
4022,139,4,19,0.015127388535031847
4022,138,2,21,0.016719745222929936
4022,137,2,23,0.018312101910828025
4022,136,1,24,0.01910828025477707
4022,135,1,25,0.019904458598726114
4022,133,1,26,0.020700636942675158
4022,132,1,27,0.021496815286624203
4022,131,2,29,0.02308917197452229
4022,130,3,32,0.025477707006369428
4022,129,1,33,0.026273885350318472
4022,128,3,36,0.028662420382165606
4022,126,2,38,0.030254777070063694
4022,125,4,42,0.03343949044585987
4022,124,5,47,0.037420382165605094
4022,123,1,48,0.03821656050955414
4022,122,4,52,0.041401273885350316
4022,121,1,53,0.04219745222929936
4022,120,1,54,0.042993630573248405
4022,119,4,58,0.04617834394904458
4022,118,1,59,0.046974522292993634
4022,117,7,66,0.052547770700636945
4022,116,1,67,0.05334394904458599
4022,115,2,69,0.05493630573248408
4022,114,6,75,0.059713375796178345
4022,113,6,81,0.06449044585987261
4022,112,3,84,0.06687898089171974
4022,110,4,88,0.07006369426751592
4022,109,3,91,0.07245222929936306
4022,108,6,97,0.07722929936305732
4022,107,3,100,0.07961783439490445
4022,106,8,108,0.08598726114649681
4022,105,4,112,0.08917197452229299
4022,104,9,121,0.0963375796178344
4022,103,12,133,0.10589171974522293
4022,102,14,147,0.11703821656050956
4022,101,14,161,0.12818471337579618
4022,100,12,173,0.1377388535031847
4022,99,21,194,0.15445859872611464
4022,98,41,235,0.18710191082802546
4022,97,71,306,0.24363057324840764
4022,96,4,310,0.24681528662420382
4022,95,2,312,0.2484076433121019
4022,94,4,316,0.2515923566878981
4022,93,2,318,0.2531847133757962
4022,92,4,322,0.25636942675159236
4022,91,2,324,0.25796178343949044
4022,90,2,326,0.25955414012738853
4022,89,1,327,0.2603503184713376
4022,87,7,334,0.2659235668789809
4022,86,1,335,0.26671974522292996
4022,85,4,339,0.26990445859872614
4022,84,1,340,0.27070063694267515
4022,82,3,343,0.2730891719745223
4022,80,3,346,0.2754777070063694
4022,79,2,348,0.2770700636942675
4022,78,1,349,0.2778662420382166
4022,76,5,354,0.2818471337579618
4022,75,2,356,0.28343949044585987
4022,74,2,358,0.28503184713375795
4022,73,4,362,0.28821656050955413
4022,72,4,366,0.2914012738853503
4022,71,2,368,0.2929936305732484
4022,70,3,371,0.29538216560509556
4022,69,1,372,0.2961783439490446
4022,68,1,373,0.29697452229299365
4022,67,3,376,0.29936305732484075
4022,66,5,381,0.303343949044586
4022,65,4,385,0.3065286624203822
4022,64,2,387,0.30812101910828027
4022,63,3,390,0.3105095541401274
4022,62,1,391,0.31130573248407645
4022,61,7,398,0.31687898089171973
4022,60,3,401,0.3192675159235669
4022,59,2,403,0.320859872611465
4022,58,6,409,0.32563694267515925
4022,57,2,411,0.32722929936305734
4022,56,1,412,0.32802547770700635
4022,55,5,417,0.3320063694267516
4022,54,3,420,0.3343949044585987
4022,53,3,423,0.33678343949044587
4022,52,1,424,0.3375796178343949
4022,51,3,427,0.33996815286624205
4022,50,5,432,0.34394904458598724
4022,49,7,439,0.3495222929936306
4022,48,2,441,0.35111464968152867
4022,47,5,446,0.35509554140127386
4022,46,5,451,0.3590764331210191
4022,45,8,459,0.36544585987261147
4022,44,6,465,0.37022292993630573
4022,43,3,468,0.37261146496815284
4022,42,5,473,0.3765923566878981
4022,41,2,475,0.3781847133757962
4022,40,8,483,0.38455414012738853
4022,39,12,495,0.39410828025477707
4022,38,10,505,0.4020700636942675
4022,37,11,516,0.410828025477707
4022,36,6,522,0.4156050955414013
4022,35,7,529,0.4211783439490446
4022,34,1,530,0.42197452229299365
4022,33,9,539,0.429140127388535
4022,32,8,547,0.4355095541401274
4022,31,9,556,0.4426751592356688
4022,30,9,565,0.4498407643312102
4022,29,9,574,0.4570063694267516
4022,28,11,585,0.46576433121019106
4022,27,7,592,0.4713375796178344
4022,26,17,609,0.48487261146496813
4022,25,17,626,0.4984076433121019
4022,24,15,641,0.5103503184713376
4022,23,14,655,0.5214968152866242
4022,22,11,666,0.5302547770700637
4022,21,9,675,0.5374203821656051
4022,20,19,694,0.552547770700637
4022,19,14,708,0.5636942675159236
4022,18,14,722,0.5748407643312102
4022,17,17,739,0.5883757961783439
4022,16,16,755,0.6011146496815286
4022,15,11,766,0.6098726114649682
4022,14,8,774,0.6162420382165605
4022,13,15,789,0.6281847133757962
4022,12,17,806,0.64171974522293
4022,11,28,834,0.6640127388535032
4022,10,14,848,0.6751592356687898
4022,9,19,867,0.6902866242038217
4022,8,19,886,0.7054140127388535
4022,7,23,909,0.7237261146496815
4022,6,41,950,0.7563694267515924
4022,5,59,1009,0.803343949044586
4022,4,79,1088,0.8662420382165605
4022,3,72,1160,0.9235668789808917
4022,2,33,1193,0.9498407643312102
4022,1,33,1226,0.9761146496815286
4022,0,30,1256,1.0
4023,10,1,1,0.125
4023,7,1,2,0.25
4023,1,1,3,0.375
4023,0,5,8,1.0
4024,2,1,1,0.09090909090909091
4024,1,1,2,0.18181818181818182
4024,0,9,11,1.0
4029,190,1,1,0.002785515320334262
4029,179,1,2,0.005571030640668524
4029,109,1,3,0.008356545961002786
4029,89,1,4,0.011142061281337047
4029,81,1,5,0.013927576601671309
4029,80,1,6,0.016713091922005572
4029,79,1,7,0.019498607242339833
4029,71,1,8,0.022284122562674095
4029,68,1,9,0.025069637883008356
4029,67,2,11,0.03064066852367688
4029,66,1,12,0.033426183844011144
4029,65,1,13,0.036211699164345405
4029,62,1,14,0.03899721448467967
4029,61,1,15,0.04178272980501393
4029,50,2,17,0.04735376044568245
4029,48,1,18,0.05013927576601671
4029,47,1,19,0.052924791086350974
4029,44,1,20,0.055710306406685235
4029,43,2,22,0.06128133704735376
4029,42,2,24,0.06685236768802229
4029,41,1,25,0.06963788300835655
4029,40,1,26,0.07242339832869081
4029,39,2,28,0.07799442896935933
4029,37,3,31,0.08635097493036212
4029,35,2,33,0.09192200557103064
4029,34,2,35,0.09749303621169916
4029,33,2,37,0.10306406685236769
4029,32,2,39,0.10863509749303621
4029,31,1,40,0.11142061281337047
4029,30,2,42,0.116991643454039
4029,29,2,44,0.12256267409470752
4029,28,3,47,0.1309192200557103
4029,27,1,48,0.13370473537604458
4029,26,1,49,0.13649025069637882
4029,25,5,54,0.15041782729805014
4029,24,1,55,0.1532033426183844
4029,23,3,58,0.1615598885793872
4029,22,2,60,0.1671309192200557
4029,21,4,64,0.17827298050139276
4029,20,5,69,0.19220055710306408
4029,19,4,73,0.20334261838440112
4029,18,2,75,0.20891364902506965
4029,17,2,77,0.21448467966573817
4029,16,3,80,0.22284122562674094
4029,15,3,83,0.23119777158774374
4029,14,6,89,0.2479108635097493
4029,13,6,95,0.2646239554317549
4029,12,10,105,0.2924791086350975
4029,11,12,117,0.32590529247910865
4029,10,11,128,0.3565459610027855
4029,9,12,140,0.38997214484679665
4029,8,13,153,0.42618384401114207
4029,7,11,164,0.4568245125348189
4029,6,13,177,0.49303621169916434
4029,5,16,193,0.5376044568245125
4029,4,48,241,0.6713091922005571
4029,3,56,297,0.8272980501392758
4029,2,10,307,0.8551532033426184
4029,1,19,326,0.9080779944289693
4029,0,33,359,1.0
4030,186,1,1,0.0035714285714285713
4030,159,2,3,0.010714285714285714
4030,140,1,4,0.014285714285714285
4030,129,1,5,0.017857142857142856
4030,122,1,6,0.02142857142857143
4030,112,1,7,0.025
4030,105,1,8,0.02857142857142857
4030,103,3,11,0.039285714285714285
4030,102,1,12,0.04285714285714286
4030,100,1,13,0.04642857142857143
4030,89,1,14,0.05
4030,60,2,16,0.05714285714285714
4030,49,1,17,0.060714285714285714
4030,45,1,18,0.06428571428571428
4030,41,1,19,0.06785714285714285
4030,38,1,20,0.07142857142857142
4030,31,1,21,0.075
4030,28,1,22,0.07857142857142857
4030,27,1,23,0.08214285714285714
4030,26,2,25,0.08928571428571429
4030,16,3,28,0.1
4030,15,1,29,0.10357142857142858
4030,14,1,30,0.10714285714285714
4030,13,1,31,0.11071428571428571
4030,12,1,32,0.11428571428571428
4030,11,2,34,0.12142857142857143
4030,9,2,36,0.12857142857142856
4030,8,1,37,0.13214285714285715
4030,7,2,39,0.1392857142857143
4030,6,6,45,0.16071428571428573
4030,5,1,46,0.16428571428571428
4030,4,1,47,0.16785714285714284
4030,3,4,51,0.18214285714285713
4030,2,8,59,0.21071428571428572
4030,1,29,88,0.3142857142857143
4030,0,192,280,1.0
4088,151,1,1,0.0017730496453900709
4088,108,1,2,0.0035460992907801418
4088,105,1,3,0.005319148936170213
4088,86,1,4,0.0070921985815602835
4088,82,1,5,0.008865248226950355
4088,81,1,6,0.010638297872340425
4088,79,1,7,0.012411347517730497
4088,75,1,8,0.014184397163120567
4088,67,1,9,0.015957446808510637
4088,61,1,10,0.01773049645390071
4088,56,1,11,0.01950354609929078
4088,55,1,12,0.02127659574468085
4088,52,1,13,0.02304964539007092
4088,51,1,14,0.024822695035460994
4088,50,1,15,0.026595744680851064
4088,49,3,18,0.031914893617021274
4088,48,2,20,0.03546099290780142
4088,47,4,24,0.0425531914893617
4088,45,1,25,0.044326241134751775
4088,44,2,27,0.047872340425531915
4088,41,3,30,0.05319148936170213
4088,40,5,35,0.06205673758865248
4088,39,2,37,0.06560283687943262
4088,38,1,38,0.0673758865248227
4088,37,1,39,0.06914893617021277
4088,36,2,41,0.0726950354609929
4088,35,2,43,0.07624113475177305
4088,34,2,45,0.0797872340425532
4088,32,4,49,0.08687943262411348
4088,31,2,51,0.09042553191489362
4088,30,2,53,0.09397163120567376
4088,28,3,56,0.09929078014184398
4088,27,1,57,0.10106382978723404
4088,26,5,62,0.1099290780141844
4088,25,5,67,0.11879432624113476
4088,24,5,72,0.1276595744680851
4088,23,10,82,0.1453900709219858
4088,22,4,86,0.1524822695035461
4088,21,2,88,0.15602836879432624
4088,20,13,101,0.17907801418439717
4088,19,13,114,0.20212765957446807
4088,18,16,130,0.23049645390070922
4088,17,15,145,0.2570921985815603
4088,16,32,177,0.31382978723404253
4088,15,62,239,0.4237588652482269
4088,14,7,246,0.43617021276595747
4088,13,14,260,0.46099290780141844
4088,12,21,281,0.49822695035460995
4088,11,14,295,0.5230496453900709
4088,10,15,310,0.549645390070922
4088,9,16,326,0.5780141843971631
4088,8,11,337,0.5975177304964538
4088,7,24,361,0.6400709219858156
4088,6,27,388,0.6879432624113475
4088,5,41,429,0.7606382978723404
4088,4,45,474,0.8404255319148937
4088,3,23,497,0.8812056737588653
4088,2,33,530,0.9397163120567376
4088,1,23,553,0.9804964539007093
4088,0,11,564,1.0
4090,119,1,1,0.002583979328165375
4090,102,1,2,0.00516795865633075
4090,100,1,3,0.007751937984496124
4090,88,1,4,0.0103359173126615
4090,80,1,5,0.012919896640826873
4090,76,1,6,0.015503875968992248
4090,67,1,7,0.01808785529715762
4090,59,1,8,0.020671834625323
4090,58,1,9,0.023255813953488372
4090,55,1,10,0.025839793281653745
4090,54,2,12,0.031007751937984496
4090,51,1,13,0.03359173126614987
4090,50,2,15,0.03875968992248062
4090,48,2,17,0.04392764857881137
4090,47,1,18,0.046511627906976744
4090,45,1,19,0.04909560723514212
4090,44,2,21,0.05426356589147287
4090,41,1,22,0.056847545219638244
4090,40,1,23,0.059431524547803614
4090,38,1,24,0.06201550387596899
4090,37,3,27,0.06976744186046512
4090,36,1,28,0.07235142118863049
4090,35,3,31,0.08010335917312661
4090,34,3,34,0.08785529715762273
4090,33,3,37,0.09560723514211886
4090,32,1,38,0.09819121447028424
4090,31,1,39,0.10077519379844961
4090,30,1,40,0.10335917312661498
4090,29,3,43,0.1111111111111111
4090,28,1,44,0.11369509043927649
4090,26,1,45,0.11627906976744186
4090,25,3,48,0.12403100775193798
4090,23,3,51,0.13178294573643412
4090,22,1,52,0.1343669250645995
4090,21,2,54,0.13953488372093023
4090,20,1,55,0.1421188630490956
4090,19,7,62,0.16020671834625322
4090,18,10,72,0.18604651162790697
4090,17,5,77,0.19896640826873385
4090,16,9,86,0.2222222222222222
4090,15,9,95,0.2454780361757106
4090,14,17,112,0.28940568475452194
4090,13,10,122,0.3152454780361757
4090,12,9,131,0.3385012919896641
4090,11,19,150,0.3875968992248062
4090,10,6,156,0.40310077519379844
4090,9,10,166,0.4289405684754522
4090,8,12,178,0.4599483204134367
4090,7,22,200,0.5167958656330749
4090,6,37,237,0.6124031007751938
4090,5,52,289,0.7467700258397932
4090,4,49,338,0.8733850129198967
4090,3,5,343,0.8863049095607235
4090,2,11,354,0.9147286821705426
4090,1,22,376,0.9715762273901809
4090,0,11,387,1.0
4142,168,1,1,0.004784688995215311
4142,115,1,2,0.009569377990430622
4142,109,1,3,0.014354066985645933
4142,86,2,5,0.023923444976076555
4142,65,1,6,0.028708133971291867
4142,57,2,8,0.03827751196172249
4142,56,1,9,0.0430622009569378
4142,54,1,10,0.04784688995215311
4142,53,1,11,0.05263157894736842
4142,52,4,15,0.07177033492822966
4142,51,1,16,0.07655502392344497
4142,48,2,18,0.0861244019138756
4142,46,1,19,0.09090909090909091
4142,45,2,21,0.10047846889952153
4142,44,1,22,0.10526315789473684
4142,43,1,23,0.11004784688995216
4142,40,3,26,0.12440191387559808
4142,39,1,27,0.1291866028708134
4142,37,1,28,0.1339712918660287
4142,36,1,29,0.13875598086124402
4142,35,1,30,0.14354066985645933
4142,32,1,31,0.14832535885167464
4142,31,1,32,0.15311004784688995
4142,30,1,33,0.15789473684210525
4142,27,1,34,0.16267942583732056
4142,26,3,37,0.17703349282296652
4142,25,3,40,0.19138755980861244
4142,23,1,41,0.19617224880382775
4142,22,1,42,0.20095693779904306
4142,21,3,45,0.215311004784689
4142,20,2,47,0.22488038277511962
4142,19,4,51,0.24401913875598086
4142,18,2,53,0.2535885167464115
4142,17,3,56,0.2679425837320574
4142,15,1,57,0.2727272727272727
4142,14,1,58,0.27751196172248804
4142,13,3,61,0.291866028708134
4142,12,4,65,0.31100478468899523
4142,11,4,69,0.33014354066985646
4142,10,7,76,0.36363636363636365
4142,9,9,85,0.40669856459330145
4142,8,5,90,0.430622009569378
4142,7,4,94,0.44976076555023925
4142,6,11,105,0.5023923444976076
4142,5,23,128,0.6124401913875598
4142,4,24,152,0.7272727272727273
4142,3,20,172,0.8229665071770335
4142,2,8,180,0.861244019138756
4142,1,11,191,0.9138755980861244
4142,0,18,209,1.0
4144,0,1,1,1.0
4146,3,1,1,0.16666666666666666
4146,1,2,3,0.5
4146,0,3,6,1.0
4147,150,1,1,0.0020325203252032522
4147,149,2,3,0.006097560975609756
4147,141,1,4,0.008130081300813009
4147,139,1,5,0.01016260162601626
4147,134,1,6,0.012195121951219513
4147,130,1,7,0.014227642276422764
4147,124,1,8,0.016260162601626018
4147,120,1,9,0.018292682926829267
4147,116,1,10,0.02032520325203252
4147,114,1,11,0.022357723577235773
4147,113,1,12,0.024390243902439025
4147,109,1,13,0.026422764227642278
4147,102,1,14,0.028455284552845527
4147,99,2,16,0.032520325203252036
4147,92,1,17,0.034552845528455285
4147,87,1,18,0.036585365853658534
4147,85,1,19,0.03861788617886179
4147,81,2,21,0.042682926829268296
4147,80,1,22,0.044715447154471545
4147,79,2,24,0.04878048780487805
4147,77,4,28,0.056910569105691054
4147,76,1,29,0.05894308943089431
4147,75,1,30,0.06097560975609756
4147,74,1,31,0.06300813008130081
4147,70,1,32,0.06504065040650407
4147,69,1,33,0.06707317073170732
4147,61,2,35,0.07113821138211382
4147,60,1,36,0.07317073170731707
4147,59,2,38,0.07723577235772358
4147,57,2,40,0.08130081300813008
4147,56,2,42,0.08536585365853659
4147,55,1,43,0.08739837398373984
4147,54,2,45,0.09146341463414634
4147,53,2,47,0.09552845528455285
4147,51,1,48,0.0975609756097561
4147,49,2,50,0.1016260162601626
4147,48,1,51,0.10365853658536585
4147,47,4,55,0.11178861788617886
4147,46,3,58,0.11788617886178862
4147,45,2,60,0.12195121951219512
4147,44,6,66,0.13414634146341464
4147,43,1,67,0.13617886178861788
4147,42,4,71,0.1443089430894309
4147,41,2,73,0.1483739837398374
4147,40,8,81,0.16463414634146342
4147,39,4,85,0.17276422764227642
4147,38,3,88,0.17886178861788618
4147,37,3,91,0.18495934959349594
4147,36,4,95,0.19308943089430894
4147,35,1,96,0.1951219512195122
4147,34,2,98,0.1991869918699187
4147,33,3,101,0.20528455284552846
4147,32,6,107,0.21747967479674796
4147,31,2,109,0.22154471544715448
4147,30,3,112,0.22764227642276422
4147,29,9,121,0.2459349593495935
4147,28,6,127,0.258130081300813
4147,27,5,132,0.2682926829268293
4147,26,3,135,0.27439024390243905
4147,25,12,147,0.29878048780487804
4147,24,8,155,0.3150406504065041
4147,23,10,165,0.3353658536585366
4147,22,8,173,0.3516260162601626
4147,21,19,192,0.3902439024390244
4147,20,6,198,0.4024390243902439
4147,19,7,205,0.4166666666666667
4147,18,7,212,0.43089430894308944
4147,17,14,226,0.45934959349593496
4147,16,10,236,0.4796747967479675
4147,15,8,244,0.4959349593495935
4147,14,2,246,0.5
4147,13,10,256,0.5203252032520326
4147,12,16,272,0.5528455284552846
4147,11,19,291,0.5914634146341463
4147,10,14,305,0.6199186991869918
4147,9,14,319,0.6483739837398373
4147,8,17,336,0.6829268292682927
4147,7,19,355,0.7215447154471545
4147,6,15,370,0.7520325203252033
4147,5,25,395,0.8028455284552846
4147,4,24,419,0.8516260162601627
4147,3,23,442,0.8983739837398373
4147,2,25,467,0.9491869918699187
4147,1,16,483,0.9817073170731707
4147,0,9,492,1.0
4179,82,1,1,0.0031446540880503146
4179,78,1,2,0.006289308176100629
4179,73,1,3,0.009433962264150943
4179,66,1,4,0.012578616352201259
4179,65,1,5,0.015723270440251572
4179,62,4,9,0.02830188679245283
4179,61,1,10,0.031446540880503145
4179,59,1,11,0.03459119496855346
4179,58,1,12,0.03773584905660377
4179,56,1,13,0.040880503144654086
4179,55,1,14,0.0440251572327044
4179,54,2,16,0.050314465408805034
4179,53,2,18,0.05660377358490566
4179,49,3,21,0.0660377358490566
4179,48,1,22,0.06918238993710692
4179,46,2,24,0.07547169811320754
4179,45,1,25,0.07861635220125786
4179,44,1,26,0.08176100628930817
4179,43,6,32,0.10062893081761007
4179,42,2,34,0.1069182389937107
4179,41,4,38,0.11949685534591195
4179,40,2,40,0.12578616352201258
4179,39,3,43,0.13522012578616352
4179,38,2,45,0.14150943396226415
4179,37,1,46,0.14465408805031446
4179,36,1,47,0.14779874213836477
4179,34,4,51,0.16037735849056603
4179,32,3,54,0.16981132075471697
4179,31,1,55,0.17295597484276728
4179,30,5,60,0.18867924528301888
4179,28,1,61,0.1918238993710692
4179,27,5,66,0.20754716981132076
4179,26,4,70,0.22012578616352202
4179,25,4,74,0.23270440251572327
4179,24,2,76,0.2389937106918239
4179,22,1,77,0.24213836477987422
4179,21,3,80,0.25157232704402516
4179,20,3,83,0.2610062893081761
4179,19,1,84,0.2641509433962264
4179,18,6,90,0.2830188679245283
4179,17,4,94,0.29559748427672955
4179,15,7,101,0.31761006289308175
4179,14,9,110,0.34591194968553457
4179,12,3,113,0.3553459119496855
4179,11,7,120,0.37735849056603776
4179,10,10,130,0.4088050314465409
4179,9,5,135,0.42452830188679247
4179,8,4,139,0.4371069182389937
4179,7,10,149,0.46855345911949686
4179,6,10,159,0.5
4179,5,34,193,0.6069182389937107
4179,4,45,238,0.7484276729559748
4179,3,34,272,0.8553459119496856
4179,2,16,288,0.9056603773584906
4179,1,14,302,0.949685534591195
4179,0,16,318,1.0
4180,124,1,1,0.005
4180,74,1,2,0.01
4180,70,1,3,0.015
4180,67,2,5,0.025
4180,64,1,6,0.03
4180,63,1,7,0.035
4180,55,3,10,0.05
4180,54,1,11,0.055
4180,48,1,12,0.06
4180,46,1,13,0.065
4180,42,1,14,0.07
4180,41,2,16,0.08
4180,40,1,17,0.085
4180,39,1,18,0.09
4180,38,3,21,0.105
4180,36,1,22,0.11
4180,35,1,23,0.115
4180,31,2,25,0.125
4180,28,2,27,0.135
4180,27,3,30,0.15
4180,26,1,31,0.155
4180,25,2,33,0.165
4180,24,1,34,0.17
4180,23,2,36,0.18
4180,22,2,38,0.19
4180,20,1,39,0.195
4180,19,4,43,0.215
4180,18,9,52,0.26
4180,17,1,53,0.265
4180,16,2,55,0.275
4180,15,1,56,0.28
4180,14,7,63,0.315
4180,13,5,68,0.34
4180,12,3,71,0.355
4180,11,10,81,0.405
4180,10,5,86,0.43
4180,9,8,94,0.47
4180,8,3,97,0.485
4180,7,11,108,0.54
4180,6,2,110,0.55
4180,5,16,126,0.63
4180,4,16,142,0.71
4180,3,15,157,0.785
4180,2,7,164,0.82
4180,1,14,178,0.89
4180,0,22,200,1.0
4181,112,1,1,0.005050505050505051
4181,110,1,2,0.010101010101010102
4181,90,1,3,0.015151515151515152
4181,88,1,4,0.020202020202020204
4181,87,1,5,0.025252525252525252
4181,84,1,6,0.030303030303030304
4181,77,3,9,0.045454545454545456
4181,75,2,11,0.05555555555555555
4181,61,1,12,0.06060606060606061
4181,56,1,13,0.06565656565656566
4181,53,1,14,0.0707070707070707
4181,52,1,15,0.07575757575757576
4181,51,1,16,0.08080808080808081
4181,50,1,17,0.08585858585858586
4181,49,1,18,0.09090909090909091
4181,48,2,20,0.10101010101010101
4181,47,2,22,0.1111111111111111
4181,46,3,25,0.12626262626262627
4181,45,2,27,0.13636363636363635
4181,43,2,29,0.14646464646464646
4181,41,2,31,0.15656565656565657
4181,40,1,32,0.16161616161616163
4181,37,1,33,0.16666666666666666
4181,36,27,60,0.30303030303030304
4181,34,4,64,0.32323232323232326
4181,33,1,65,0.3282828282828283
4181,32,3,68,0.3434343434343434
4181,31,1,69,0.3484848484848485
4181,30,7,76,0.3838383838383838
4181,29,1,77,0.3888888888888889
4181,28,1,78,0.3939393939393939
4181,27,1,79,0.398989898989899
4181,26,6,85,0.4292929292929293
4181,25,21,106,0.5353535353535354
4181,24,4,110,0.5555555555555556
4181,23,4,114,0.5757575757575758
4181,22,4,118,0.5959595959595959
4181,21,8,126,0.6363636363636364
4181,20,9,135,0.6818181818181818
4181,19,5,140,0.7070707070707071
4181,18,3,143,0.7222222222222222
4181,17,2,145,0.7323232323232324
4181,16,2,147,0.7424242424242424
4181,15,1,148,0.7474747474747475
4181,14,1,149,0.7525252525252525
4181,12,3,152,0.7676767676767676
4181,11,6,158,0.797979797979798
4181,10,1,159,0.803030303030303
4181,9,16,175,0.8838383838383839
4181,8,2,177,0.8939393939393939
4181,7,3,180,0.9090909090909091
4181,6,1,181,0.9141414141414141
4181,5,4,185,0.9343434343434344
4181,4,6,191,0.9646464646464646
4181,3,2,193,0.9747474747474747
4181,2,2,195,0.9848484848484849
4181,1,1,196,0.98989898989899
4181,0,2,198,1.0
4182,78,1,1,0.01639344262295082
4182,74,1,2,0.03278688524590164
4182,69,1,3,0.04918032786885246
4182,62,1,4,0.06557377049180328
4182,59,1,5,0.08196721311475409
4182,48,1,6,0.09836065573770492
4182,45,1,7,0.11475409836065574
4182,43,1,8,0.13114754098360656
4182,41,1,9,0.14754098360655737
4182,33,4,13,0.21311475409836064
4182,30,1,14,0.22950819672131148
4182,28,1,15,0.2459016393442623
4182,26,1,16,0.26229508196721313
4182,24,3,19,0.3114754098360656
4182,22,1,20,0.32786885245901637
4182,19,1,21,0.3442622950819672
4182,18,1,22,0.36065573770491804
4182,17,1,23,0.3770491803278688
4182,14,1,24,0.39344262295081966
4182,13,1,25,0.4098360655737705
4182,12,1,26,0.4262295081967213
4182,11,2,28,0.45901639344262296
4182,10,1,29,0.47540983606557374
4182,9,1,30,0.4918032786885246
4182,8,4,34,0.5573770491803278
4182,7,2,36,0.5901639344262295
4182,6,3,39,0.639344262295082
4182,5,3,42,0.6885245901639344
4182,4,2,44,0.7213114754098361
4182,3,8,52,0.8524590163934426
4182,2,2,54,0.8852459016393442
4182,1,2,56,0.9180327868852459
4182,0,5,61,1.0
4183,145,1,1,0.0005704506560182544
4183,142,5,6,0.0034227039361095267
4183,140,3,9,0.00513405590416429
4183,138,1,10,0.005704506560182544
4183,137,2,12,0.0068454078722190535
4183,136,3,15,0.008556759840273816
4183,135,1,16,0.00912721049629207
4183,133,1,17,0.009697661152310326
4183,131,2,19,0.010838562464346835
4183,130,3,22,0.012549914432401598
4183,129,3,25,0.01426126640045636
4183,127,1,26,0.014831717056474614
4183,126,1,27,0.01540216771249287
4183,125,2,29,0.01654306902452938
4183,124,1,30,0.017113519680547633
4183,122,1,31,0.017683970336565887
4183,120,18,49,0.027952082144894468
4183,119,2,51,0.029092983456930975
4183,118,1,52,0.02966343411294923
4183,117,2,54,0.03080433542498574
4183,116,1,55,0.03137478608100399
4183,115,1,56,0.03194523673702225
4183,114,3,59,0.03365658870507701
4183,112,1,60,0.034227039361095266
4183,111,1,61,0.03479749001711352
4183,110,1,62,0.03536794067313177
4183,109,3,65,0.037079292641186534
4183,108,1,66,0.037649743297204795
4183,107,2,68,0.0387906446092413
4183,106,4,72,0.04107244723331432
4183,105,1,73,0.04164289788933257
4183,103,2,75,0.04278379920136908
4183,102,3,78,0.04449515116942385
4183,101,3,81,0.04620650313747861
4183,100,2,83,0.047347404449515115
4183,99,3,86,0.04905875641756988
4183,97,1,87,0.04962920707358814
4183,96,3,90,0.0513405590416429
4183,95,10,100,0.05704506560182544
4183,94,25,125,0.0713063320022818
4183,93,10,135,0.07701083856246435
4183,92,9,144,0.08214489446662863
4183,91,7,151,0.08613804905875641
4183,90,5,156,0.0889903023388477
4183,89,6,162,0.09241300627495722
4183,88,8,170,0.09697661152310325
4183,87,7,177,0.10096976611523104
4183,86,3,180,0.1026811180832858
4183,85,2,182,0.1038220193953223
4183,83,5,187,0.10667427267541357
4183,82,7,194,0.11066742726754136
4183,81,12,206,0.11751283513976041
4183,80,5,211,0.12036508841985168
4183,79,3,214,0.12207644038790645
4183,78,10,224,0.127780946948089
4183,77,6,230,0.13120365088419852
4183,76,5,235,0.13405590416428978
4183,75,4,239,0.1363377067883628
4183,74,8,247,0.14090131203650885
4183,73,4,251,0.14318311466058187
4183,72,4,255,0.14546491728465488
4183,71,3,258,0.14717626925270963
4183,69,1,259,0.1477467199087279
4183,68,4,263,0.1500285225328009
4183,67,3,266,0.1517398745008557
4183,66,7,273,0.15573302909298345
4183,65,3,276,0.15744438106103822
4183,64,8,284,0.16200798630918425
4183,63,5,289,0.16486023958927554
4183,62,6,295,0.16828294352538506
4183,61,10,305,0.1739874500855676
4183,60,19,324,0.18482601254991443
4183,59,28,352,0.20079863091842556
4183,58,30,382,0.21791215059897318
4183,57,41,423,0.24130062749572162
4183,56,44,467,0.26640045636052484
4183,55,20,487,0.2778094694808899
4183,54,24,511,0.291500285225328
4183,53,32,543,0.3097547062179121
4183,52,18,561,0.3200228180262407
4183,51,23,584,0.33314318311466057
4183,50,31,615,0.35082715345122645
4183,49,25,640,0.36508841985168283
4183,48,17,657,0.37478608100399313
4183,47,31,688,0.39247005134055907
4183,46,24,712,0.40616086708499716
4183,45,25,737,0.4204221334854535
4183,44,18,755,0.4306902452937821
4183,43,23,778,0.44381061038220193
4183,42,17,795,0.4535082715345123
4183,41,60,855,0.4877353108956075
4183,40,26,881,0.5025670279520822
4183,39,14,895,0.5105533371363377
4183,38,22,917,0.5231032515687393
4183,37,33,950,0.5419281232173417
4183,36,28,978,0.5579007415858528
4183,35,19,997,0.5687393040501997
4183,34,22,1019,0.5812892184826013
4183,33,49,1068,0.6092413006274957
4183,32,72,1140,0.6503137478608101
4183,31,78,1218,0.6948088990302339
4183,30,70,1288,0.7347404449515117
4183,29,50,1338,0.7632629777524245
4183,28,70,1408,0.8031945236737023
4183,27,56,1464,0.8351397604107245
4183,26,42,1506,0.8590986879634912
4183,25,19,1525,0.869937250427838
4183,24,29,1554,0.8864803194523674
4183,23,15,1569,0.8950370792926412
4183,22,9,1578,0.9001711351968055
4183,21,17,1595,0.9098687963491158
4183,20,8,1603,0.9144324015972618
4183,19,3,1606,0.9161437535653166
4183,18,7,1613,0.9201369081574444
4183,17,6,1619,0.9235596120935539
4183,16,11,1630,0.9298345693097547
4183,15,9,1639,0.934968625213919
4183,14,8,1647,0.939532230462065
4183,13,6,1653,0.9429549343981746
4183,12,7,1660,0.9469480889903024
4183,11,10,1670,0.9526525955504849
4183,10,12,1682,0.959498003422704
4183,9,13,1695,0.9669138619509412
4183,8,8,1703,0.9714774671990872
4183,7,2,1705,0.9726183685111238
4183,6,7,1712,0.9766115231032516
4183,5,7,1719,0.9806046776953794
4183,4,10,1729,0.9863091842555619
4183,3,4,1733,0.9885909868796349
4183,2,12,1745,0.995436394751854
4183,1,4,1749,0.9977181973759269
4183,0,4,1753,1.0
4248,114,1,1,0.03571428571428571
4248,89,3,4,0.14285714285714285
4248,83,1,5,0.17857142857142858
4248,80,1,6,0.21428571428571427
4248,79,1,7,0.25
4248,77,1,8,0.2857142857142857
4248,69,1,9,0.32142857142857145
4248,65,1,10,0.35714285714285715
4248,63,1,11,0.39285714285714285
4248,52,1,12,0.42857142857142855
4248,47,1,13,0.4642857142857143
4248,35,1,14,0.5
4248,29,2,16,0.5714285714285714
4248,26,1,17,0.6071428571428571
4248,23,1,18,0.6428571428571429
4248,19,1,19,0.6785714285714286
4248,12,3,22,0.7857142857142857
4248,9,2,24,0.8571428571428571
4248,2,1,25,0.8928571428571429
4248,1,2,27,0.9642857142857143
4248,0,1,28,1.0
4249,20,1,1,0.5
4249,0,1,2,1.0
4289,88,1,1,0.005128205128205128
4289,80,1,2,0.010256410256410256
4289,67,1,3,0.015384615384615385
4289,63,1,4,0.020512820512820513
4289,60,1,5,0.02564102564102564
4289,57,1,6,0.03076923076923077
4289,50,1,7,0.035897435897435895
4289,49,1,8,0.041025641025641026
4289,43,1,9,0.046153846153846156
4289,42,2,11,0.05641025641025641
4289,40,3,14,0.07179487179487179
4289,39,3,17,0.08717948717948718
4289,38,2,19,0.09743589743589744
4289,37,2,21,0.1076923076923077
4289,34,1,22,0.11282051282051282
4289,32,3,25,0.1282051282051282
4289,31,2,27,0.13846153846153847
4289,29,3,30,0.15384615384615385
4289,28,1,31,0.15897435897435896
4289,27,1,32,0.1641025641025641
4289,26,1,33,0.16923076923076924
4289,25,1,34,0.17435897435897435
4289,24,2,36,0.18461538461538463
4289,21,1,37,0.18974358974358974
4289,20,3,40,0.20512820512820512
4289,19,4,44,0.22564102564102564
4289,18,4,48,0.24615384615384617
4289,17,2,50,0.2564102564102564
4289,16,1,51,0.26153846153846155
4289,15,4,55,0.28205128205128205
4289,14,5,60,0.3076923076923077
4289,13,2,62,0.31794871794871793
4289,12,5,67,0.3435897435897436
4289,11,10,77,0.39487179487179486
4289,10,3,80,0.41025641025641024
4289,9,6,86,0.441025641025641
4289,8,3,89,0.4564102564102564
4289,7,7,96,0.49230769230769234
4289,6,10,106,0.5435897435897435
4289,5,11,117,0.6
4289,4,13,130,0.6666666666666666
4289,3,27,157,0.8051282051282052
4289,2,6,163,0.8358974358974359
4289,1,9,172,0.882051282051282
4289,0,23,195,1.0
4396,0,1,1,1.0
4397,0,1,1,1.0
4405,0,1,1,1.0
4408,0,1,1,1.0
4409,0,1,1,1.0
4178,164,1,1,0.0023584905660377358
4178,135,1,2,0.0047169811320754715
4178,118,1,3,0.007075471698113208
4178,116,1,4,0.009433962264150943
4178,106,1,5,0.01179245283018868
4178,104,1,6,0.014150943396226415
4178,93,1,7,0.01650943396226415
4178,92,2,9,0.02122641509433962
4178,89,1,10,0.02358490566037736
4178,83,1,11,0.025943396226415096
4178,82,1,12,0.02830188679245283
4178,78,1,13,0.030660377358490566
4178,76,2,15,0.03537735849056604
4178,74,1,16,0.03773584905660377
4178,71,3,19,0.04481132075471698
4178,69,1,20,0.04716981132075472
4178,68,2,22,0.05188679245283019
4178,65,2,24,0.05660377358490566
4178,63,1,25,0.0589622641509434
4178,62,2,27,0.06367924528301887
4178,61,2,29,0.06839622641509434
4178,56,1,30,0.07075471698113207
4178,51,1,31,0.07311320754716981
4178,49,2,33,0.07783018867924528
4178,48,1,34,0.08018867924528301
4178,47,3,37,0.08726415094339622
4178,46,1,38,0.08962264150943396
4178,45,1,39,0.09198113207547169
4178,44,3,42,0.09905660377358491
4178,43,3,45,0.10613207547169812
4178,42,2,47,0.11084905660377359
4178,41,1,48,0.11320754716981132
4178,40,1,49,0.11556603773584906
4178,39,2,51,0.12028301886792453
4178,38,1,52,0.12264150943396226
4178,37,2,54,0.12735849056603774
4178,36,3,57,0.13443396226415094
4178,35,5,62,0.14622641509433962
4178,34,3,65,0.15330188679245282
4178,33,6,71,0.16745283018867924
4178,32,4,75,0.17688679245283018
4178,31,7,82,0.19339622641509435
4178,29,1,83,0.1957547169811321
4178,28,5,88,0.20754716981132076
4178,27,9,97,0.22877358490566038
4178,26,6,103,0.2429245283018868
4178,25,6,109,0.25707547169811323
4178,24,3,112,0.2641509433962264
4178,23,8,120,0.2830188679245283
4178,22,12,132,0.3113207547169811
4178,21,7,139,0.3278301886792453
4178,20,8,147,0.3466981132075472
4178,19,1,148,0.3490566037735849
4178,18,10,158,0.37264150943396224
4178,17,14,172,0.4056603773584906
4178,16,6,178,0.419811320754717
4178,15,5,183,0.43160377358490565
4178,14,1,184,0.4339622641509434
4178,13,11,195,0.45990566037735847
4178,12,21,216,0.5094339622641509
4178,11,10,226,0.5330188679245284
4178,10,16,242,0.5707547169811321
4178,9,7,249,0.5872641509433962
4178,8,25,274,0.6462264150943396
4178,7,12,286,0.6745283018867925
4178,6,32,318,0.75
4178,5,72,390,0.9198113207547169
4178,4,10,400,0.9433962264150944
4178,3,11,411,0.9693396226415094
4178,2,10,421,0.9929245283018868
4178,1,3,424,1.0
4178,0,0,424,1.0
4244,180,1,1,0.0010905125408942203
4244,161,1,2,0.0021810250817884407
4244,160,2,4,0.004362050163576881
4244,157,2,6,0.006543075245365322
4244,155,1,7,0.007633587786259542
4244,144,1,8,0.008724100327153763
4244,143,3,11,0.011995637949836423
4244,135,2,13,0.014176663031624863
4244,134,2,15,0.016357688113413305
4244,133,1,16,0.017448200654307525
4244,128,1,17,0.018538713195201745
4244,127,1,18,0.019629225736095966
4244,125,1,19,0.020719738276990186
4244,123,3,22,0.023991275899672846
4244,122,2,24,0.026172300981461286
4244,119,1,25,0.027262813522355506
4244,118,2,27,0.029443838604143947
4244,116,1,28,0.030534351145038167
4244,113,1,29,0.03162486368593239
4244,112,1,30,0.03271537622682661
4244,109,1,31,0.03380588876772083
4244,106,3,34,0.03707742639040349
4244,102,1,35,0.03816793893129771
4244,99,2,37,0.04034896401308615
4244,98,1,38,0.04143947655398037
4244,93,1,39,0.04252998909487459
4244,91,1,40,0.04362050163576881
4244,90,2,42,0.04580152671755725
4244,89,3,45,0.04907306434023991
4244,88,1,46,0.05016357688113413
4244,87,1,47,0.05125408942202835
4244,86,2,49,0.05343511450381679
4244,85,4,53,0.05779716466739367
4244,84,1,54,0.05888767720828789
4244,83,2,56,0.061068702290076333
4244,82,1,57,0.062159214830970554
4244,81,2,59,0.064340239912759
4244,80,2,61,0.06652126499454744
4244,79,2,63,0.06870229007633588
4244,78,2,65,0.07088331515812432
4244,77,3,68,0.07415485278080698
4244,75,3,71,0.07742639040348964
4244,74,2,73,0.07960741548527808
4244,73,4,77,0.08396946564885496
4244,71,6,83,0.09051254089422028
4244,70,14,97,0.10577971646673937
4244,69,15,112,0.12213740458015267
4244,68,28,140,0.15267175572519084
4244,67,33,173,0.18865866957470012
4244,66,6,179,0.19520174482006544
4244,64,1,180,0.19629225736095965
4244,63,0,180,0.19629225736095965
4244,62,3,183,0.19956379498364232
4244,61,0,183,0.19956379498364232
4244,60,0,183,0.19956379498364232
4244,59,6,189,0.20610687022900764
4244,58,5,194,0.21155943293347873
4244,57,8,202,0.2202835332606325
4244,56,2,204,0.22246455834242093
4244,55,5,209,0.22791712104689205
4244,54,3,212,0.2311886586695747
4244,53,2,214,0.23336968375136313
4244,52,4,218,0.23773173391494
4244,51,4,222,0.2420937840785169
4244,50,3,225,0.24536532170119957
4244,49,5,230,0.25081788440567065
4244,48,9,239,0.2606324972737186
4244,47,3,242,0.2639040348964013
4244,46,7,249,0.27153762268266085
4244,45,3,252,0.2748091603053435
4244,44,10,262,0.2857142857142857
4244,43,6,268,0.29225736095965105
4244,42,2,270,0.29443838604143946
4244,41,7,277,0.302071973827699
4244,40,5,282,0.3075245365321701
4244,39,1,283,0.30861504907306436
4244,38,11,294,0.32061068702290074
4244,37,2,296,0.3227917121046892
4244,36,6,302,0.3293347873500545
4244,35,11,313,0.34133042529989094
4244,34,4,317,0.3456924754634678
4244,33,4,321,0.3500545256270447
4244,32,4,325,0.3544165757906216
4244,31,1,326,0.3555070883315158
4244,30,7,333,0.36314067611777534
4244,29,19,352,0.38386041439476554
4244,28,10,362,0.39476553980370777
4244,27,14,376,0.4100327153762268
4244,26,12,388,0.42311886586695746
4244,25,6,394,0.4296619411123228
4244,24,9,403,0.4394765539803708
4244,23,7,410,0.44711014176663033
4244,22,11,421,0.45910577971646677
4244,21,15,436,0.47546346782988
4244,20,7,443,0.4830970556161396
4244,19,11,454,0.495092693565976
4244,18,15,469,0.5114503816793893
4244,17,12,481,0.52453653217012
4244,16,14,495,0.5398037077426391
4244,15,16,511,0.5572519083969466
4244,14,17,528,0.5757906215921483
4244,13,15,543,0.5921483097055616
4244,12,15,558,0.608505997818975
4244,11,25,583,0.6357688113413305
4244,10,15,598,0.6521264994547438
4244,9,31,629,0.6859323882224646
4244,8,35,664,0.7241003271537623
4244,7,69,733,0.7993456924754635
4244,6,87,820,0.8942202835332607
4244,5,28,848,0.9247546346782988
4244,4,18,866,0.9443838604143948
4244,3,35,901,0.9825517993456925
4244,2,16,917,1.0
4244,0,0,917,1.0
4245,180,1,1,0.007462686567164179
4245,175,1,2,0.014925373134328358
4245,86,1,3,0.022388059701492536
4245,67,1,4,0.029850746268656716
4245,64,0,4,0.029850746268656716
4245,63,0,4,0.029850746268656716
4245,62,0,4,0.029850746268656716
4245,61,0,4,0.029850746268656716
4245,60,0,4,0.029850746268656716
4245,59,0,4,0.029850746268656716
4245,58,0,4,0.029850746268656716
4245,57,0,4,0.029850746268656716
4245,56,0,4,0.029850746268656716
4245,55,0,4,0.029850746268656716
4245,54,0,4,0.029850746268656716
4245,53,0,4,0.029850746268656716
4245,52,0,4,0.029850746268656716
4245,51,0,4,0.029850746268656716
4245,50,0,4,0.029850746268656716
4245,49,0,4,0.029850746268656716
4245,48,0,4,0.029850746268656716
4245,47,0,4,0.029850746268656716
4245,46,1,5,0.03731343283582089
4245,45,0,5,0.03731343283582089
4245,44,0,5,0.03731343283582089
4245,43,0,5,0.03731343283582089
4245,42,2,7,0.05223880597014925
4245,41,1,8,0.05970149253731343
4245,40,1,9,0.06716417910447761
4245,39,0,9,0.06716417910447761
4245,38,0,9,0.06716417910447761
4245,37,0,9,0.06716417910447761
4245,36,0,9,0.06716417910447761
4245,35,0,9,0.06716417910447761
4245,34,0,9,0.06716417910447761
4245,33,0,9,0.06716417910447761
4245,32,1,10,0.07462686567164178
4245,31,0,10,0.07462686567164178
4245,30,0,10,0.07462686567164178
4245,29,0,10,0.07462686567164178
4245,28,0,10,0.07462686567164178
4245,27,0,10,0.07462686567164178
4245,26,0,10,0.07462686567164178
4245,25,0,10,0.07462686567164178
4245,24,1,11,0.08208955223880597
4245,23,0,11,0.08208955223880597
4245,22,0,11,0.08208955223880597
4245,21,0,11,0.08208955223880597
4245,20,0,11,0.08208955223880597
4245,19,0,11,0.08208955223880597
4245,18,0,11,0.08208955223880597
4245,17,0,11,0.08208955223880597
4245,16,0,11,0.08208955223880597
4245,15,1,12,0.08955223880597014
4245,14,2,14,0.1044776119402985
4245,13,1,15,0.11194029850746269
4245,12,0,15,0.11194029850746269
4245,11,1,16,0.11940298507462686
4245,10,0,16,0.11940298507462686
4245,9,1,17,0.12686567164179105
4245,8,2,19,0.1417910447761194
4245,7,0,19,0.1417910447761194
4245,6,1,20,0.14925373134328357
4245,5,3,23,0.17164179104477612
4245,4,0,23,0.17164179104477612
4245,3,3,26,0.19402985074626866
4245,2,11,37,0.27611940298507465
4245,0,97,134,1.0
4284,206,1,1,0.009345794392523364
4284,177,1,2,0.018691588785046728
4284,168,1,3,0.028037383177570093
4284,152,1,4,0.037383177570093455
4284,129,1,5,0.04672897196261682
4284,98,0,5,0.04672897196261682
4284,97,0,5,0.04672897196261682
4284,96,0,5,0.04672897196261682
4284,95,0,5,0.04672897196261682
4284,94,0,5,0.04672897196261682
4284,93,0,5,0.04672897196261682
4284,92,0,5,0.04672897196261682
4284,91,0,5,0.04672897196261682
4284,90,0,5,0.04672897196261682
4284,89,0,5,0.04672897196261682
4284,88,1,6,0.056074766355140186
4284,87,0,6,0.056074766355140186
4284,86,0,6,0.056074766355140186
4284,85,0,6,0.056074766355140186
4284,84,0,6,0.056074766355140186
4284,83,1,7,0.06542056074766354
4284,82,0,7,0.06542056074766354
4284,81,0,7,0.06542056074766354
4284,80,0,7,0.06542056074766354
4284,79,1,8,0.07476635514018691
4284,78,0,8,0.07476635514018691
4284,77,0,8,0.07476635514018691
4284,76,0,8,0.07476635514018691
4284,75,0,8,0.07476635514018691
4284,74,0,8,0.07476635514018691
4284,73,1,9,0.08411214953271028
4284,72,0,9,0.08411214953271028
4284,71,0,9,0.08411214953271028
4284,70,0,9,0.08411214953271028
4284,69,1,10,0.09345794392523364
4284,68,0,10,0.09345794392523364
4284,67,0,10,0.09345794392523364
4284,66,0,10,0.09345794392523364
4284,65,0,10,0.09345794392523364
4284,64,0,10,0.09345794392523364
4284,63,0,10,0.09345794392523364
4284,62,0,10,0.09345794392523364
4284,61,0,10,0.09345794392523364
4284,60,1,11,0.102803738317757
4284,59,0,11,0.102803738317757
4284,58,1,12,0.11214953271028037
4284,57,0,12,0.11214953271028037
4284,56,0,12,0.11214953271028037
4284,55,2,14,0.1308411214953271
4284,54,1,15,0.14018691588785046
4284,53,0,15,0.14018691588785046
4284,52,0,15,0.14018691588785046
4284,51,2,17,0.1588785046728972
4284,50,1,18,0.16822429906542055
4284,49,0,18,0.16822429906542055
4284,48,3,21,0.19626168224299065
4284,47,1,22,0.205607476635514
4284,46,7,29,0.27102803738317754
4284,45,7,36,0.3364485981308411
4284,44,7,43,0.40186915887850466
4284,43,0,43,0.40186915887850466
4284,42,1,44,0.411214953271028
4284,41,1,45,0.4205607476635514
4284,40,0,45,0.4205607476635514
4284,39,0,45,0.4205607476635514
4284,38,1,46,0.42990654205607476
4284,37,0,46,0.42990654205607476
4284,36,1,47,0.4392523364485981
4284,34,0,47,0.4392523364485981
4284,33,2,49,0.45794392523364486
4284,32,3,52,0.48598130841121495
4284,31,0,52,0.48598130841121495
4284,30,1,53,0.4953271028037383
4284,29,2,55,0.514018691588785
4284,28,1,56,0.5233644859813084
4284,27,1,57,0.5327102803738317
4284,26,3,60,0.5607476635514018
4284,25,0,60,0.5607476635514018
4284,24,3,63,0.5887850467289719
4284,23,0,63,0.5887850467289719
4284,22,1,64,0.5981308411214953
4284,21,2,66,0.616822429906542
4284,20,2,68,0.6355140186915887
4284,19,2,70,0.6542056074766355
4284,18,0,70,0.6542056074766355
4284,17,2,72,0.6728971962616822
4284,16,0,72,0.6728971962616822
4284,15,0,72,0.6728971962616822
4284,14,2,74,0.6915887850467289
4284,13,2,76,0.7102803738317757
4284,12,0,76,0.7102803738317757
4284,11,5,81,0.7570093457943925
4284,10,6,87,0.8130841121495327
4284,9,0,87,0.8130841121495327
4284,8,4,91,0.8504672897196262
4284,7,6,97,0.9065420560747663
4284,6,3,100,0.9345794392523364
4284,5,2,102,0.9532710280373832
4284,4,4,106,0.9906542056074766
4284,3,1,107,1.0
4284,2,0,107,1.0
4284,1,0,107,1.0
4284,0,0,107,1.0
4349,93,1,1,0.009174311926605505
4349,90,0,1,0.009174311926605505
4349,89,0,1,0.009174311926605505
4349,88,0,1,0.009174311926605505
4349,87,0,1,0.009174311926605505
4349,86,0,1,0.009174311926605505
4349,85,1,2,0.01834862385321101
4349,84,0,2,0.01834862385321101
4349,83,2,4,0.03669724770642202
4349,82,0,4,0.03669724770642202
4349,81,0,4,0.03669724770642202
4349,80,0,4,0.03669724770642202
4349,79,0,4,0.03669724770642202
4349,78,0,4,0.03669724770642202
4349,77,0,4,0.03669724770642202
4349,76,0,4,0.03669724770642202
4349,75,1,5,0.045871559633027525
4349,74,0,5,0.045871559633027525
4349,73,1,6,0.05504587155963303
4349,72,0,6,0.05504587155963303
4349,71,0,6,0.05504587155963303
4349,70,0,6,0.05504587155963303
4349,69,0,6,0.05504587155963303
4349,68,0,6,0.05504587155963303
4349,67,0,6,0.05504587155963303
4349,66,1,7,0.06422018348623854
4349,65,0,7,0.06422018348623854
4349,64,0,7,0.06422018348623854
4349,63,0,7,0.06422018348623854
4349,62,1,8,0.07339449541284404
4349,61,2,10,0.09174311926605505
4349,60,1,11,0.10091743119266056
4349,59,0,11,0.10091743119266056
4349,58,0,11,0.10091743119266056
4349,57,0,11,0.10091743119266056
4349,56,1,12,0.11009174311926606
4349,55,1,13,0.11926605504587157
4349,54,0,13,0.11926605504587157
4349,53,0,13,0.11926605504587157
4349,52,1,14,0.12844036697247707
4349,51,1,15,0.13761467889908258
4349,50,2,17,0.1559633027522936
4349,49,0,17,0.1559633027522936
4349,48,1,18,0.1651376146788991
4349,47,2,20,0.1834862385321101
4349,46,0,20,0.1834862385321101
4349,45,3,23,0.21100917431192662
4349,44,2,25,0.22935779816513763
4349,43,1,26,0.23853211009174313
4349,42,0,26,0.23853211009174313
4349,41,1,27,0.24770642201834864
4349,40,0,27,0.24770642201834864
4349,39,0,27,0.24770642201834864
4349,38,1,28,0.25688073394495414
4349,37,0,28,0.25688073394495414
4349,36,0,28,0.25688073394495414
4349,35,1,29,0.26605504587155965
4349,34,1,30,0.27522935779816515
4349,33,2,32,0.29357798165137616
4349,32,0,32,0.29357798165137616
4349,31,0,32,0.29357798165137616
4349,30,0,32,0.29357798165137616
4349,29,0,32,0.29357798165137616
4349,28,0,32,0.29357798165137616
4349,26,4,36,0.3302752293577982
4349,25,1,37,0.3394495412844037
4349,24,1,38,0.3486238532110092
4349,23,0,38,0.3486238532110092
4349,22,1,39,0.3577981651376147
4349,21,1,40,0.3669724770642202
4349,20,0,40,0.3669724770642202
4349,19,0,40,0.3669724770642202
4349,18,1,41,0.3761467889908257
4349,17,0,41,0.3761467889908257
4349,16,1,42,0.3853211009174312
4349,15,0,42,0.3853211009174312
4349,14,0,42,0.3853211009174312
4349,13,2,44,0.4036697247706422
4349,12,3,47,0.43119266055045874
4349,11,1,48,0.44036697247706424
4349,10,2,50,0.45871559633027525
4349,9,3,53,0.48623853211009177
4349,8,2,55,0.5045871559633027
4349,7,2,57,0.5229357798165137
4349,6,2,59,0.5412844036697247
4349,5,14,73,0.6697247706422018
4349,4,20,93,0.8532110091743119
4349,3,6,99,0.908256880733945
4349,2,4,103,0.944954128440367
4349,1,6,109,1.0
4349,0,0,109,1.0
4351,127,1,1,0.005319148936170213
4351,98,1,2,0.010638297872340425
4351,97,0,2,0.010638297872340425
4351,96,0,2,0.010638297872340425
4351,95,0,2,0.010638297872340425
4351,94,0,2,0.010638297872340425
4351,93,0,2,0.010638297872340425
4351,92,0,2,0.010638297872340425
4351,91,0,2,0.010638297872340425
4351,90,0,2,0.010638297872340425
4351,89,0,2,0.010638297872340425
4351,88,0,2,0.010638297872340425
4351,87,0,2,0.010638297872340425
4351,86,0,2,0.010638297872340425
4351,85,0,2,0.010638297872340425
4351,84,0,2,0.010638297872340425
4351,83,0,2,0.010638297872340425
4351,82,1,3,0.015957446808510637
4351,81,0,3,0.015957446808510637
4351,80,0,3,0.015957446808510637
4351,79,0,3,0.015957446808510637
4351,78,0,3,0.015957446808510637
4351,77,0,3,0.015957446808510637
4351,76,0,3,0.015957446808510637
4351,75,0,3,0.015957446808510637
4351,74,0,3,0.015957446808510637
4351,73,0,3,0.015957446808510637
4351,72,0,3,0.015957446808510637
4351,71,0,3,0.015957446808510637
4351,70,0,3,0.015957446808510637
4351,69,0,3,0.015957446808510637
4351,68,0,3,0.015957446808510637
4351,67,0,3,0.015957446808510637
4351,66,0,3,0.015957446808510637
4351,65,1,4,0.02127659574468085
4351,64,1,5,0.026595744680851064
4351,63,0,5,0.026595744680851064
4351,62,1,6,0.031914893617021274
4351,61,0,6,0.031914893617021274
4351,60,1,7,0.03723404255319149
4351,59,0,7,0.03723404255319149
4351,58,0,7,0.03723404255319149
4351,57,0,7,0.03723404255319149
4351,56,2,9,0.047872340425531915
4351,55,0,9,0.047872340425531915
4351,54,0,9,0.047872340425531915
4351,53,0,9,0.047872340425531915
4351,52,1,10,0.05319148936170213
4351,51,0,10,0.05319148936170213
4351,50,0,10,0.05319148936170213
4351,49,1,11,0.05851063829787234
4351,48,1,12,0.06382978723404255
4351,47,0,12,0.06382978723404255
4351,46,0,12,0.06382978723404255
4351,45,2,14,0.07446808510638298
4351,44,0,14,0.07446808510638298
4351,43,1,15,0.0797872340425532
4351,42,1,16,0.0851063829787234
4351,41,1,17,0.09042553191489362
4351,40,2,19,0.10106382978723404
4351,39,4,23,0.12234042553191489
4351,38,1,24,0.1276595744680851
4351,37,1,25,0.13297872340425532
4351,36,2,27,0.14361702127659576
4351,35,4,31,0.16489361702127658
4351,33,1,32,0.1702127659574468
4351,32,0,32,0.1702127659574468
4351,31,0,32,0.1702127659574468
4351,30,0,32,0.1702127659574468
4351,29,2,34,0.18085106382978725
4351,28,5,39,0.2074468085106383
4351,27,0,39,0.2074468085106383
4351,26,0,39,0.2074468085106383
4351,25,1,40,0.2127659574468085
4351,24,1,41,0.21808510638297873
4351,23,4,45,0.2393617021276596
4351,22,1,46,0.24468085106382978
4351,21,1,47,0.25
4351,20,1,48,0.2553191489361702
4351,19,2,50,0.26595744680851063
4351,18,2,52,0.2765957446808511
4351,17,4,56,0.2978723404255319
4351,16,1,57,0.30319148936170215
4351,15,1,58,0.30851063829787234
4351,14,3,61,0.324468085106383
4351,13,3,64,0.3404255319148936
4351,12,3,67,0.35638297872340424
4351,11,4,71,0.3776595744680851
4351,10,1,72,0.3829787234042553
4351,9,10,82,0.43617021276595747
4351,8,5,87,0.4627659574468085
4351,7,8,95,0.5053191489361702
4351,6,9,104,0.5531914893617021
4351,5,10,114,0.6063829787234043
4351,4,24,138,0.7340425531914894
4351,3,22,160,0.851063829787234
4351,2,12,172,0.9148936170212766
4351,1,12,184,0.9787234042553191
4351,0,4,188,1.0
4404,137,1,1,0.003472222222222222
4404,119,0,1,0.003472222222222222
4404,118,0,1,0.003472222222222222
4404,117,0,1,0.003472222222222222
4404,116,0,1,0.003472222222222222
4404,115,0,1,0.003472222222222222
4404,114,0,1,0.003472222222222222
4404,113,0,1,0.003472222222222222
4404,112,0,1,0.003472222222222222
4404,111,0,1,0.003472222222222222
4404,110,0,1,0.003472222222222222
4404,109,0,1,0.003472222222222222
4404,108,0,1,0.003472222222222222
4404,107,0,1,0.003472222222222222
4404,106,0,1,0.003472222222222222
4404,105,0,1,0.003472222222222222
4404,104,0,1,0.003472222222222222
4404,103,0,1,0.003472222222222222
4404,102,0,1,0.003472222222222222
4404,101,0,1,0.003472222222222222
4404,100,0,1,0.003472222222222222
4404,99,0,1,0.003472222222222222
4404,98,0,1,0.003472222222222222
4404,97,0,1,0.003472222222222222
4404,96,0,1,0.003472222222222222
4404,95,0,1,0.003472222222222222
4404,94,0,1,0.003472222222222222
4404,93,0,1,0.003472222222222222
4404,92,0,1,0.003472222222222222
4404,91,0,1,0.003472222222222222
4404,90,0,1,0.003472222222222222
4404,89,0,1,0.003472222222222222
4404,88,0,1,0.003472222222222222
4404,87,0,1,0.003472222222222222
4404,86,0,1,0.003472222222222222
4404,85,1,2,0.006944444444444444
4404,84,1,3,0.010416666666666666
4404,83,0,3,0.010416666666666666
4404,82,0,3,0.010416666666666666
4404,81,0,3,0.010416666666666666
4404,80,0,3,0.010416666666666666
4404,79,0,3,0.010416666666666666
4404,78,0,3,0.010416666666666666
4404,77,0,3,0.010416666666666666
4404,76,0,3,0.010416666666666666
4404,75,0,3,0.010416666666666666
4404,74,0,3,0.010416666666666666
4404,73,0,3,0.010416666666666666
4404,72,0,3,0.010416666666666666
4404,71,0,3,0.010416666666666666
4404,70,0,3,0.010416666666666666
4404,69,0,3,0.010416666666666666
4404,68,0,3,0.010416666666666666
4404,67,1,4,0.013888888888888888
4404,66,0,4,0.013888888888888888
4404,65,0,4,0.013888888888888888
4404,64,0,4,0.013888888888888888
4404,63,0,4,0.013888888888888888
4404,62,0,4,0.013888888888888888
4404,61,0,4,0.013888888888888888
4404,60,0,4,0.013888888888888888
4404,59,0,4,0.013888888888888888
4404,58,0,4,0.013888888888888888
4404,57,0,4,0.013888888888888888
4404,55,1,5,0.017361111111111112
4404,54,1,6,0.020833333333333332
4404,53,0,6,0.020833333333333332
4404,52,0,6,0.020833333333333332
4404,51,0,6,0.020833333333333332
4404,50,1,7,0.024305555555555556
4404,49,1,8,0.027777777777777776
4404,48,1,9,0.03125
4404,47,2,11,0.03819444444444445
4404,46,1,12,0.041666666666666664
4404,45,0,12,0.041666666666666664
4404,44,1,13,0.04513888888888889
4404,43,0,13,0.04513888888888889
4404,42,1,14,0.04861111111111111
4404,41,3,17,0.059027777777777776
4404,40,1,18,0.0625
4404,39,4,22,0.0763888888888889
4404,38,3,25,0.08680555555555555
4404,37,0,25,0.08680555555555555
4404,36,0,25,0.08680555555555555
4404,35,2,27,0.09375
4404,34,3,30,0.10416666666666667
4404,33,0,30,0.10416666666666667
4404,32,1,31,0.1076388888888889
4404,31,2,33,0.11458333333333333
4404,30,0,33,0.11458333333333333
4404,29,1,34,0.11805555555555555
4404,28,1,35,0.12152777777777778
4404,27,4,39,0.13541666666666666
4404,26,2,41,0.1423611111111111
4404,25,0,41,0.1423611111111111
4404,24,2,43,0.14930555555555555
4404,23,0,43,0.14930555555555555
4404,22,5,48,0.16666666666666666
4404,21,3,51,0.17708333333333334
4404,20,6,57,0.19791666666666666
4404,19,7,64,0.2222222222222222
4404,18,12,76,0.2638888888888889
4404,17,6,82,0.2847222222222222
4404,16,10,92,0.3194444444444444
4404,15,6,98,0.3402777777777778
4404,14,4,102,0.3541666666666667
4404,13,9,111,0.3854166666666667
4404,12,3,114,0.3958333333333333
4404,11,7,121,0.4201388888888889
4404,10,4,125,0.4340277777777778
4404,9,7,132,0.4583333333333333
4404,8,7,139,0.4826388888888889
4404,7,21,160,0.5555555555555556
4404,6,38,198,0.6875
4404,5,49,247,0.8576388888888888
4404,4,9,256,0.8888888888888888
4404,3,18,274,0.9513888888888888
4404,2,12,286,0.9930555555555556
4404,1,2,288,1.0
4404,0,0,288,1.0
4412,158,1,1,0.004830917874396135
4412,138,1,2,0.00966183574879227
4412,124,0,2,0.00966183574879227
4412,123,0,2,0.00966183574879227
4412,122,0,2,0.00966183574879227
4412,121,0,2,0.00966183574879227
4412,120,0,2,0.00966183574879227
4412,119,0,2,0.00966183574879227
4412,118,1,3,0.014492753623188406
4412,117,0,3,0.014492753623188406
4412,116,0,3,0.014492753623188406
4412,115,0,3,0.014492753623188406
4412,114,0,3,0.014492753623188406
4412,113,0,3,0.014492753623188406
4412,112,0,3,0.014492753623188406
4412,111,0,3,0.014492753623188406
4412,110,0,3,0.014492753623188406
4412,109,0,3,0.014492753623188406
4412,108,0,3,0.014492753623188406
4412,107,0,3,0.014492753623188406
4412,106,0,3,0.014492753623188406
4412,105,0,3,0.014492753623188406
4412,104,0,3,0.014492753623188406
4412,103,0,3,0.014492753623188406
4412,102,0,3,0.014492753623188406
4412,101,0,3,0.014492753623188406
4412,100,0,3,0.014492753623188406
4412,99,0,3,0.014492753623188406
4412,98,0,3,0.014492753623188406
4412,97,0,3,0.014492753623188406
4412,96,1,4,0.01932367149758454
4412,95,0,4,0.01932367149758454
4412,94,0,4,0.01932367149758454
4412,93,0,4,0.01932367149758454
4412,92,0,4,0.01932367149758454
4412,91,0,4,0.01932367149758454
4412,90,0,4,0.01932367149758454
4412,89,0,4,0.01932367149758454
4412,88,0,4,0.01932367149758454
4412,87,0,4,0.01932367149758454
4412,86,0,4,0.01932367149758454
4412,85,0,4,0.01932367149758454
4412,84,0,4,0.01932367149758454
4412,83,0,4,0.01932367149758454
4412,82,0,4,0.01932367149758454
4412,81,0,4,0.01932367149758454
4412,80,0,4,0.01932367149758454
4412,79,0,4,0.01932367149758454
4412,78,0,4,0.01932367149758454
4412,77,0,4,0.01932367149758454
4412,76,0,4,0.01932367149758454
4412,75,0,4,0.01932367149758454
4412,74,0,4,0.01932367149758454
4412,73,0,4,0.01932367149758454
4412,72,0,4,0.01932367149758454
4412,71,0,4,0.01932367149758454
4412,70,0,4,0.01932367149758454
4412,69,0,4,0.01932367149758454
4412,68,0,4,0.01932367149758454
4412,67,1,5,0.024154589371980676
4412,66,0,5,0.024154589371980676
4412,65,0,5,0.024154589371980676
4412,64,0,5,0.024154589371980676
4412,63,0,5,0.024154589371980676
4412,62,0,5,0.024154589371980676
4412,60,0,5,0.024154589371980676
4412,59,1,6,0.028985507246376812
4412,58,1,7,0.033816425120772944
4412,57,1,8,0.03864734299516908
4412,56,0,8,0.03864734299516908
4412,55,0,8,0.03864734299516908
4412,54,1,9,0.043478260869565216
4412,53,2,11,0.05314009661835749
4412,52,0,11,0.05314009661835749
4412,51,0,11,0.05314009661835749
4412,50,1,12,0.057971014492753624
4412,49,1,13,0.06280193236714976
4412,48,0,13,0.06280193236714976
4412,47,0,13,0.06280193236714976
4412,46,0,13,0.06280193236714976
4412,45,4,17,0.0821256038647343
4412,44,0,17,0.0821256038647343
4412,43,0,17,0.0821256038647343
4412,42,2,19,0.09178743961352658
4412,41,1,20,0.0966183574879227
4412,40,0,20,0.0966183574879227
4412,39,2,22,0.10628019323671498
4412,38,2,24,0.11594202898550725
4412,37,0,24,0.11594202898550725
4412,36,2,26,0.12560386473429952
4412,35,0,26,0.12560386473429952
4412,34,1,27,0.13043478260869565
4412,33,1,28,0.13526570048309178
4412,32,0,28,0.13526570048309178
4412,31,0,28,0.13526570048309178
4412,30,0,28,0.13526570048309178
4412,29,1,29,0.14009661835748793
4412,28,1,30,0.14492753623188406
4412,27,0,30,0.14492753623188406
4412,26,2,32,0.15458937198067632
4412,25,1,33,0.15942028985507245
4412,24,0,33,0.15942028985507245
4412,23,4,37,0.178743961352657
4412,22,0,37,0.178743961352657
4412,21,2,39,0.18840579710144928
4412,20,2,41,0.19806763285024154
4412,19,2,43,0.20772946859903382
4412,18,1,44,0.21256038647342995
4412,17,3,47,0.22705314009661837
4412,16,6,53,0.2560386473429952
4412,15,3,56,0.27053140096618356
4412,14,3,59,0.28502415458937197
4412,13,5,64,0.30917874396135264
4412,12,2,66,0.3188405797101449
4412,11,2,68,0.3285024154589372
4412,10,7,75,0.36231884057971014
4412,9,5,80,0.3864734299516908
4412,8,4,84,0.4057971014492754
4412,7,9,93,0.4492753623188406
4412,6,4,97,0.46859903381642515
4412,5,11,108,0.5217391304347826
4412,4,27,135,0.6521739130434783
4412,2,55,190,0.9178743961352657
4412,1,7,197,0.9516908212560387
4412,0,10,207,1.0
4413,90,1,1,0.0048543689320388345
4413,79,2,3,0.014563106796116505
4413,76,0,3,0.014563106796116505
4413,75,0,3,0.014563106796116505
4413,74,0,3,0.014563106796116505
4413,73,0,3,0.014563106796116505
4413,72,0,3,0.014563106796116505
4413,71,0,3,0.014563106796116505
4413,70,1,4,0.019417475728155338
4413,69,0,4,0.019417475728155338
4413,68,0,4,0.019417475728155338
4413,67,1,5,0.024271844660194174
4413,66,0,5,0.024271844660194174
4413,65,3,8,0.038834951456310676
4413,64,0,8,0.038834951456310676
4413,63,1,9,0.043689320388349516
4413,62,0,9,0.043689320388349516
4413,61,0,9,0.043689320388349516
4413,60,0,9,0.043689320388349516
4413,59,2,11,0.05339805825242718
4413,58,0,11,0.05339805825242718
4413,57,0,11,0.05339805825242718
4413,56,1,12,0.05825242718446602
4413,55,0,12,0.05825242718446602
4413,54,0,12,0.05825242718446602
4413,53,0,12,0.05825242718446602
4413,52,0,12,0.05825242718446602
4413,51,0,12,0.05825242718446602
4413,50,0,12,0.05825242718446602
4413,49,0,12,0.05825242718446602
4413,48,1,13,0.06310679611650485
4413,47,0,13,0.06310679611650485
4413,46,0,13,0.06310679611650485
4413,45,0,13,0.06310679611650485
4413,44,0,13,0.06310679611650485
4413,43,0,13,0.06310679611650485
4413,42,0,13,0.06310679611650485
4413,41,3,16,0.07766990291262135
4413,40,0,16,0.07766990291262135
4413,39,0,16,0.07766990291262135
4413,38,0,16,0.07766990291262135
4413,37,0,16,0.07766990291262135
4413,36,1,17,0.0825242718446602
4413,35,2,19,0.09223300970873786
4413,34,2,21,0.10194174757281553
4413,33,4,25,0.12135922330097088
4413,32,3,28,0.13592233009708737
4413,31,1,29,0.1407766990291262
4413,30,1,30,0.14563106796116504
4413,29,4,34,0.1650485436893204
4413,28,2,36,0.17475728155339806
4413,27,1,37,0.1796116504854369
4413,26,0,37,0.1796116504854369
4413,25,1,38,0.18446601941747573
4413,24,1,39,0.18932038834951456
4413,23,2,41,0.19902912621359223
4413,22,0,41,0.19902912621359223
4413,21,0,41,0.19902912621359223
4413,20,3,44,0.21359223300970873
4413,19,1,45,0.21844660194174756
4413,18,4,49,0.23786407766990292
4413,17,4,53,0.25728155339805825
4413,16,1,54,0.2621359223300971
4413,15,1,55,0.2669902912621359
4413,14,2,57,0.2766990291262136
4413,12,6,63,0.3058252427184466
4413,11,2,65,0.3155339805825243
4413,10,7,72,0.34951456310679613
4413,9,2,74,0.3592233009708738
4413,8,7,81,0.3932038834951456
4413,7,6,87,0.4223300970873786
4413,6,21,108,0.5242718446601942
4413,5,36,144,0.6990291262135923
4413,4,38,182,0.883495145631068
4413,3,0,182,0.883495145631068
4413,2,14,196,0.9514563106796117
4413,1,10,206,1.0
4413,0,0,206,1.0
4414,148,1,1,0.0058823529411764705
4414,129,1,2,0.011764705882352941
4414,118,0,2,0.011764705882352941
4414,117,0,2,0.011764705882352941
4414,116,0,2,0.011764705882352941
4414,115,0,2,0.011764705882352941
4414,114,0,2,0.011764705882352941
4414,113,0,2,0.011764705882352941
4414,112,0,2,0.011764705882352941
4414,111,0,2,0.011764705882352941
4414,110,0,2,0.011764705882352941
4414,109,0,2,0.011764705882352941
4414,108,1,3,0.01764705882352941
4414,107,0,3,0.01764705882352941
4414,106,0,3,0.01764705882352941
4414,105,0,3,0.01764705882352941
4414,104,0,3,0.01764705882352941
4414,103,0,3,0.01764705882352941
4414,102,0,3,0.01764705882352941
4414,101,0,3,0.01764705882352941
4414,100,0,3,0.01764705882352941
4414,99,0,3,0.01764705882352941
4414,98,0,3,0.01764705882352941
4414,97,0,3,0.01764705882352941
4414,96,0,3,0.01764705882352941
4414,95,0,3,0.01764705882352941
4414,94,0,3,0.01764705882352941
4414,93,0,3,0.01764705882352941
4414,92,0,3,0.01764705882352941
4414,91,0,3,0.01764705882352941
4414,90,0,3,0.01764705882352941
4414,89,0,3,0.01764705882352941
4414,88,0,3,0.01764705882352941
4414,87,0,3,0.01764705882352941
4414,86,0,3,0.01764705882352941
4414,85,0,3,0.01764705882352941
4414,84,0,3,0.01764705882352941
4414,83,2,5,0.029411764705882353
4414,82,0,5,0.029411764705882353
4414,81,0,5,0.029411764705882353
4414,80,0,5,0.029411764705882353
4414,79,0,5,0.029411764705882353
4414,78,0,5,0.029411764705882353
4414,77,0,5,0.029411764705882353
4414,76,0,5,0.029411764705882353
4414,75,0,5,0.029411764705882353
4414,74,0,5,0.029411764705882353
4414,73,0,5,0.029411764705882353
4414,72,0,5,0.029411764705882353
4414,71,0,5,0.029411764705882353
4414,70,1,6,0.03529411764705882
4414,69,2,8,0.047058823529411764
4414,68,0,8,0.047058823529411764
4414,67,0,8,0.047058823529411764
4414,66,1,9,0.052941176470588235
4414,65,0,9,0.052941176470588235
4414,64,0,9,0.052941176470588235
4414,63,0,9,0.052941176470588235
4414,62,0,9,0.052941176470588235
4414,61,1,10,0.058823529411764705
4414,60,0,10,0.058823529411764705
4414,59,1,11,0.06470588235294118
4414,58,0,11,0.06470588235294118
4414,57,0,11,0.06470588235294118
4414,56,0,11,0.06470588235294118
4414,54,2,13,0.07647058823529412
4414,53,1,14,0.08235294117647059
4414,52,1,15,0.08823529411764706
4414,51,1,16,0.09411764705882353
4414,50,0,16,0.09411764705882353
4414,49,2,18,0.10588235294117647
4414,48,0,18,0.10588235294117647
4414,47,0,18,0.10588235294117647
4414,46,1,19,0.11176470588235295
4414,45,0,19,0.11176470588235295
4414,44,1,20,0.11764705882352941
4414,43,1,21,0.12352941176470589
4414,42,0,21,0.12352941176470589
4414,41,4,25,0.14705882352941177
4414,40,0,25,0.14705882352941177
4414,39,1,26,0.15294117647058825
4414,38,0,26,0.15294117647058825
4414,37,1,27,0.1588235294117647
4414,36,1,28,0.16470588235294117
4414,35,1,29,0.17058823529411765
4414,34,2,31,0.18235294117647058
4414,33,1,32,0.18823529411764706
4414,32,0,32,0.18823529411764706
4414,31,1,33,0.19411764705882353
4414,30,0,33,0.19411764705882353
4414,29,0,33,0.19411764705882353
4414,28,2,35,0.20588235294117646
4414,27,2,37,0.21764705882352942
4414,26,0,37,0.21764705882352942
4414,25,0,37,0.21764705882352942
4414,24,1,38,0.2235294117647059
4414,23,1,39,0.22941176470588234
4414,22,2,41,0.2411764705882353
4414,21,0,41,0.2411764705882353
4414,20,1,42,0.24705882352941178
4414,19,1,43,0.2529411764705882
4414,18,3,46,0.27058823529411763
4414,17,0,46,0.27058823529411763
4414,16,4,50,0.29411764705882354
4414,15,1,51,0.3
4414,14,5,56,0.32941176470588235
4414,13,2,58,0.3411764705882353
4414,12,2,60,0.35294117647058826
4414,11,3,63,0.37058823529411766
4414,10,11,74,0.43529411764705883
4414,9,6,80,0.47058823529411764
4414,8,3,83,0.48823529411764705
4414,7,4,87,0.5117647058823529
4414,6,10,97,0.5705882352941176
4414,5,15,112,0.6588235294117647
4414,4,27,139,0.8176470588235294
4414,3,6,145,0.8529411764705882
4414,2,11,156,0.9176470588235294
4414,1,13,169,0.9941176470588236
4414,0,1,170,1.0
4415,143,1,1,0.0045871559633027525
4415,142,1,2,0.009174311926605505
4415,136,1,3,0.013761467889908258
4415,124,0,3,0.013761467889908258
4415,123,0,3,0.013761467889908258
4415,122,0,3,0.013761467889908258
4415,121,0,3,0.013761467889908258
4415,120,0,3,0.013761467889908258
4415,119,0,3,0.013761467889908258
4415,118,1,4,0.01834862385321101
4415,117,0,4,0.01834862385321101
4415,116,0,4,0.01834862385321101
4415,115,0,4,0.01834862385321101
4415,114,0,4,0.01834862385321101
4415,113,0,4,0.01834862385321101
4415,112,0,4,0.01834862385321101
4415,111,0,4,0.01834862385321101
4415,110,0,4,0.01834862385321101
4415,109,0,4,0.01834862385321101
4415,108,0,4,0.01834862385321101
4415,107,0,4,0.01834862385321101
4415,106,0,4,0.01834862385321101
4415,105,0,4,0.01834862385321101
4415,104,0,4,0.01834862385321101
4415,103,0,4,0.01834862385321101
4415,102,0,4,0.01834862385321101
4415,101,0,4,0.01834862385321101
4415,100,1,5,0.022935779816513763
4415,99,1,6,0.027522935779816515
4415,98,0,6,0.027522935779816515
4415,97,0,6,0.027522935779816515
4415,96,1,7,0.03211009174311927
4415,95,0,7,0.03211009174311927
4415,94,0,7,0.03211009174311927
4415,93,0,7,0.03211009174311927
4415,92,0,7,0.03211009174311927
4415,91,0,7,0.03211009174311927
4415,90,0,7,0.03211009174311927
4415,89,0,7,0.03211009174311927
4415,88,0,7,0.03211009174311927
4415,87,1,8,0.03669724770642202
4415,86,0,8,0.03669724770642202
4415,85,1,9,0.04128440366972477
4415,84,0,9,0.04128440366972477
4415,83,0,9,0.04128440366972477
4415,82,0,9,0.04128440366972477
4415,81,0,9,0.04128440366972477
4415,80,0,9,0.04128440366972477
4415,79,0,9,0.04128440366972477
4415,78,0,9,0.04128440366972477
4415,77,0,9,0.04128440366972477
4415,76,0,9,0.04128440366972477
4415,75,1,10,0.045871559633027525
4415,74,0,10,0.045871559633027525
4415,73,0,10,0.045871559633027525
4415,72,1,11,0.05045871559633028
4415,71,0,11,0.05045871559633028
4415,70,0,11,0.05045871559633028
4415,69,1,12,0.05504587155963303
4415,68,0,12,0.05504587155963303
4415,67,0,12,0.05504587155963303
4415,66,0,12,0.05504587155963303
4415,65,0,12,0.05504587155963303
4415,64,0,12,0.05504587155963303
4415,63,0,12,0.05504587155963303
4415,62,1,13,0.05963302752293578
4415,60,2,15,0.06880733944954129
4415,59,1,16,0.07339449541284404
4415,58,1,17,0.0779816513761468
4415,57,2,19,0.0871559633027523
4415,56,0,19,0.0871559633027523
4415,55,1,20,0.09174311926605505
4415,54,0,20,0.09174311926605505
4415,53,1,21,0.0963302752293578
4415,52,0,21,0.0963302752293578
4415,51,1,22,0.10091743119266056
4415,50,0,22,0.10091743119266056
4415,49,0,22,0.10091743119266056
4415,48,0,22,0.10091743119266056
4415,47,2,24,0.11009174311926606
4415,46,0,24,0.11009174311926606
4415,45,0,24,0.11009174311926606
4415,44,1,25,0.11467889908256881
4415,43,1,26,0.11926605504587157
4415,42,1,27,0.12385321100917432
4415,41,1,28,0.12844036697247707
4415,40,1,29,0.13302752293577982
4415,39,0,29,0.13302752293577982
4415,38,4,33,0.15137614678899083
4415,37,0,33,0.15137614678899083
4415,36,0,33,0.15137614678899083
4415,35,2,35,0.16055045871559634
4415,34,0,35,0.16055045871559634
4415,33,1,36,0.1651376146788991
4415,32,1,37,0.16972477064220184
4415,31,2,39,0.17889908256880735
4415,30,1,40,0.1834862385321101
4415,29,2,42,0.1926605504587156
4415,28,0,42,0.1926605504587156
4415,27,5,47,0.21559633027522937
4415,26,1,48,0.22018348623853212
4415,25,1,49,0.22477064220183487
4415,24,1,50,0.22935779816513763
4415,23,2,52,0.23853211009174313
4415,22,1,53,0.24311926605504589
4415,21,3,56,0.25688073394495414
4415,20,1,57,0.26146788990825687
4415,19,1,58,0.26605504587155965
4415,18,3,61,0.2798165137614679
4415,17,5,66,0.30275229357798167
4415,16,1,67,0.3073394495412844
4415,15,3,70,0.3211009174311927
4415,14,6,76,0.3486238532110092
4415,13,2,78,0.3577981651376147
4415,12,4,82,0.3761467889908257
4415,11,11,93,0.42660550458715596
4415,10,5,98,0.44954128440366975
4415,9,6,104,0.47706422018348627
4415,8,7,111,0.5091743119266054
4415,7,11,122,0.5596330275229358
4415,6,11,133,0.6100917431192661
4415,5,13,146,0.6697247706422018
4415,4,7,153,0.7018348623853211
4415,2,32,185,0.8486238532110092
4415,1,14,199,0.9128440366972477
4415,0,19,218,1.0
4417,97,1,1,0.00558659217877095
4417,82,1,2,0.0111731843575419
4417,76,0,2,0.0111731843575419
4417,75,0,2,0.0111731843575419
4417,74,0,2,0.0111731843575419
4417,73,0,2,0.0111731843575419
4417,72,0,2,0.0111731843575419
4417,71,1,3,0.01675977653631285
4417,70,0,3,0.01675977653631285
4417,69,0,3,0.01675977653631285
4417,68,0,3,0.01675977653631285
4417,67,1,4,0.0223463687150838
4417,66,0,4,0.0223463687150838
4417,65,1,5,0.027932960893854747
4417,64,0,5,0.027932960893854747
4417,63,0,5,0.027932960893854747
4417,62,0,5,0.027932960893854747
4417,61,0,5,0.027932960893854747
4417,60,1,6,0.0335195530726257
4417,59,0,6,0.0335195530726257
4417,58,0,6,0.0335195530726257
4417,57,1,7,0.03910614525139665
4417,56,0,7,0.03910614525139665
4417,55,0,7,0.03910614525139665
4417,54,0,7,0.03910614525139665
4417,53,1,8,0.0446927374301676
4417,52,0,8,0.0446927374301676
4417,51,0,8,0.0446927374301676
4417,50,0,8,0.0446927374301676
4417,49,0,8,0.0446927374301676
4417,48,1,9,0.05027932960893855
4417,47,1,10,0.055865921787709494
4417,46,1,11,0.061452513966480445
4417,45,2,13,0.07262569832402235
4417,44,0,13,0.07262569832402235
4417,43,1,14,0.0782122905027933
4417,42,1,15,0.08379888268156424
4417,41,1,16,0.0893854748603352
4417,40,0,16,0.0893854748603352
4417,39,4,20,0.11173184357541899
4417,38,0,20,0.11173184357541899
4417,37,1,21,0.11731843575418995
4417,36,0,21,0.11731843575418995
4417,35,3,24,0.1340782122905028
4417,34,1,25,0.13966480446927373
4417,33,0,25,0.13966480446927373
4417,32,0,25,0.13966480446927373
4417,31,0,25,0.13966480446927373
4417,30,1,26,0.1452513966480447
4417,29,1,27,0.15083798882681565
4417,28,0,27,0.15083798882681565
4417,27,2,29,0.16201117318435754
4417,26,0,29,0.16201117318435754
4417,25,2,31,0.17318435754189945
4417,24,1,32,0.1787709497206704
4417,23,0,32,0.1787709497206704
4417,22,1,33,0.18435754189944134
4417,21,1,34,0.18994413407821228
4417,20,0,34,0.18994413407821228
4417,19,3,37,0.20670391061452514
4417,18,1,38,0.2122905027932961
4417,17,2,40,0.22346368715083798
4417,16,0,40,0.22346368715083798
4417,15,4,44,0.24581005586592178
4417,14,1,45,0.25139664804469275
4417,12,4,49,0.2737430167597765
4417,11,2,51,0.2849162011173184
4417,10,2,53,0.29608938547486036
4417,9,8,61,0.3407821229050279
4417,8,11,72,0.4022346368715084
4417,7,9,81,0.45251396648044695
4417,6,16,97,0.5418994413407822
4417,5,24,121,0.6759776536312849
4417,4,27,148,0.8268156424581006
4417,3,0,148,0.8268156424581006
4417,2,14,162,0.9050279329608939
4417,1,12,174,0.9720670391061452
4417,0,5,179,1.0
