as_of_date,run_ts,origin,published,family,year,event_start,T,days_remaining,status,count,gross_count,withdrawal_count,point,ci_lower,ci_upper,ci_level,route,tier,low_confidence,is_stale,model_label,model_hash,code_commit
2026-03-23,2026-03-23 12:42:18,backfill,1,Chicago Open,2026,2026-05-21,59,59,live,179,,,929,871,987,0.8,,,0,0,N5v4_Final,e3b0c44298fc1c14,5ad255d67089
2026-03-23,2026-03-23 12:42:18,backfill,1,Cleveland Open,2026,2026-06-05,74,74,live,2,,,201,179,225,0.8,,,0,0,N5v4_Final,e3b0c44298fc1c14,5ad255d67089
2026-03-23,2026-03-23 12:42:18,backfill,1,New York State Open,2026,2026-06-19,88,88,live,1,,,79,55,102,0.8,,,0,0,N5v4_Final,e3b0c44298fc1c14,5ad255d67089
2026-03-23,2026-03-23 12:42:18,backfill,1,World Open,2026,2026-07-01,100,100,live,34,,,1706,1588,1954,0.8,,,0,0,N5v4_Final,e3b0c44298fc1c14,5ad255d67089
2026-03-23,2026-03-23 12:42:18,backfill,1,Chicago Class,2026,2026-07-17,116,116,live,1,,,294,274,334,0.8,,,0,0,N5v4_Final,e3b0c44298fc1c14,5ad255d67089
2026-03-23,2026-03-23 12:42:18,backfill,1,Pittsburgh Open,2026,2026-07-17,116,116,live,2,,,176,157,190,0.8,,,0,0,N5v4_Final,e3b0c44298fc1c14,5ad255d67089
2026-03-23,2026-03-23 12:42:18,backfill,1,Bradley Open,2026,2026-07-26,125,125,live,2,,,246,193,264,0.8,,,0,0,N5v4_Final,e3b0c44298fc1c14,5ad255d67089
2026-03-23,2026-03-23 12:42:18,backfill,1,Pacific Coast Open,2026,2026-07-31,130,130,live,3,,,361,275,398,0.8,,,0,0,N5v4_Final,e3b0c44298fc1c14,5ad255d67089
2026-03-23,2026-03-23 12:42:18,backfill,1,Hartford Open,2026,2026-10-15,206,206,live,3,,,198,141,213,0.8,,,0,0,N5v4_Final,e3b0c44298fc1c14,5ad255d67089
2026-03-23,2026-03-23 12:42:18,backfill,1,National Chess Congress,2026,2026-11-28,250,250,live,0,,,623,436,810,0.8,,,0,0,N5v4_Final,e3b0c44298fc1c14,5ad255d67089
2026-03-23,2026-03-23 13:09:08,backfill,1,Atlantic Open,2026,2026-04-01,9,9,live,184,,,408,396,420,0.8,,,0,0,N5v4_Final,e3b0c44298fc1c14,6516aedf13e0
2026-03-23,2026-03-23 13:09:08,backfill,1,Chicago Open,2026,2026-05-21,59,59,live,179,,,929,871,987,0.8,,,0,0,N5v4_Final,e3b0c44298fc1c14,6516aedf13e0
2026-03-23,2026-03-23 13:09:08,backfill,1,Cleveland Open,2026,2026-06-05,74,74,live,2,,,201,179,225,0.8,,,0,0,N5v4_Final,e3b0c44298fc1c14,6516aedf13e0
2026-03-23,2026-03-23 13:09:08,backfill,1,New York State Open,2026,2026-06-19,88,88,live,1,,,79,55,102,0.8,,,0,0,N5v4_Final,e3b0c44298fc1c14,6516aedf13e0
2026-03-23,2026-03-23 13:09:08,backfill,1,World Open,2026,2026-07-01,100,100,live,34,,,1706,1588,1954,0.8,,,0,0,N5v4_Final,e3b0c44298fc1c14,6516aedf13e0
2026-03-23,2026-03-23 13:09:08,backfill,1,Chicago Class,2026,2026-07-17,116,116,live,1,,,294,274,334,0.8,,,0,0,N5v4_Final,e3b0c44298fc1c14,6516aedf13e0
2026-03-23,2026-03-23 13:09:08,backfill,1,Pittsburgh Open,2026,2026-07-17,116,116,live,2,,,176,157,190,0.8,,,0,0,N5v4_Final,e3b0c44298fc1c14,6516aedf13e0
2026-03-23,2026-03-23 13:09:08,backfill,1,Bradley Open,2026,2026-07-26,125,125,live,2,,,246,193,264,0.8,,,0,0,N5v4_Final,e3b0c44298fc1c14,6516aedf13e0
2026-03-23,2026-03-23 13:09:08,backfill,1,Pacific Coast Open,2026,2026-07-31,130,130,live,3,,,361,275,398,0.8,,,0,0,N5v4_Final,e3b0c44298fc1c14,6516aedf13e0
2026-03-23,2026-03-23 13:09:08,backfill,1,Hartford Open,2026,2026-10-15,206,206,live,3,,,198,141,213,0.8,,,0,0,N5v4_Final,e3b0c44298fc1c14,6516aedf13e0
2026-03-23,2026-03-23 13:09:08,backfill,1,National Chess Congress,2026,2026-11-28,250,250,live,0,,,623,436,810,0.8,,,0,0,N5v4_Final,e3b0c44298fc1c14,6516aedf13e0
2026-03-23,2026-03-23 17:43:43,backfill,1,Atlantic Open,2026,2026-04-01,9,9,live,0,,,316,221,411,0.8,,,0,0,N5v4_Final,e3b0c44298fc1c14,66b84e8ea508
2026-03-23,2026-03-23 17:43:43,backfill,1,Chicago Open,2026,2026-05-21,59,59,live,179,,,929,871,987,0.8,,,0,0,N5v4_Final,e3b0c44298fc1c14,66b84e8ea508
2026-03-23,2026-03-23 17:43:43,backfill,1,Cleveland Open,2026,2026-06-05,74,74,live,2,,,201,179,225,0.8,,,0,0,N5v4_Final,e3b0c44298fc1c14,66b84e8ea508
2026-03-23,2026-03-23 17:43:43,backfill,1,New York State Open,2026,2026-06-19,88,88,live,1,,,79,55,102,0.8,,,0,0,N5v4_Final,e3b0c44298fc1c14,66b84e8ea508
2026-03-23,2026-03-23 17:43:43,backfill,1,World Open,2026,2026-07-01,100,100,live,34,,,1706,1588,1954,0.8,,,0,0,N5v4_Final,e3b0c44298fc1c14,66b84e8ea508
2026-03-23,2026-03-23 17:43:43,backfill,1,Chicago Class,2026,2026-07-17,116,116,live,1,,,294,274,334,0.8,,,0,0,N5v4_Final,e3b0c44298fc1c14,66b84e8ea508
2026-03-23,2026-03-23 17:43:43,backfill,1,Pittsburgh Open,2026,2026-07-17,116,116,live,2,,,176,157,190,0.8,,,0,0,N5v4_Final,e3b0c44298fc1c14,66b84e8ea508
2026-03-23,2026-03-23 17:43:43,backfill,1,Bradley Open,2026,2026-07-26,125,125,live,2,,,246,193,264,0.8,,,0,0,N5v4_Final,e3b0c44298fc1c14,66b84e8ea508
2026-03-23,2026-03-23 17:43:43,backfill,1,Pacific Coast Open,2026,2026-07-31,130,130,live,3,,,361,275,398,0.8,,,0,0,N5v4_Final,e3b0c44298fc1c14,66b84e8ea508
2026-03-23,2026-03-23 17:43:43,backfill,1,Hartford Open,2026,2026-10-15,206,206,live,3,,,198,141,213,0.8,,,0,0,N5v4_Final,e3b0c44298fc1c14,66b84e8ea508
2026-03-23,2026-03-23 17:43:43,backfill,1,National Chess Congress,2026,2026-11-28,250,250,live,0,,,623,436,810,0.8,,,0,0,N5v4_Final,e3b0c44298fc1c14,66b84e8ea508
2026-03-23,2026-03-23 17:48:36,backfill,1,Atlantic City Open,2026,2026-04-01,9,9,live,184,,,445,421,470,0.8,,,0,0,N5v4_Final,e3b0c44298fc1c14,983f21a82ae9
2026-03-23,2026-03-23 17:48:36,backfill,1,Atlantic Open,2026,2026-04-01,9,9,live,0,,,316,221,411,0.8,,,0,0,N5v4_Final,e3b0c44298fc1c14,983f21a82ae9
2026-03-23,2026-03-23 17:48:36,backfill,1,Chicago Open,2026,2026-05-21,59,59,live,179,,,929,871,987,0.8,,,0,0,N5v4_Final,e3b0c44298fc1c14,983f21a82ae9
2026-03-23,2026-03-23 17:48:36,backfill,1,Cleveland Open,2026,2026-06-05,74,74,live,2,,,201,179,225,0.8,,,0,0,N5v4_Final,e3b0c44298fc1c14,983f21a82ae9
2026-03-23,2026-03-23 17:48:36,backfill,1,New York State Open,2026,2026-06-19,88,88,live,1,,,79,55,102,0.8,,,0,0,N5v4_Final,e3b0c44298fc1c14,983f21a82ae9
2026-03-23,2026-03-23 17:48:36,backfill,1,World Open,2026,2026-07-01,100,100,live,34,,,1706,1588,1954,0.8,,,0,0,N5v4_Final,e3b0c44298fc1c14,983f21a82ae9
2026-03-23,2026-03-23 17:48:36,backfill,1,Chicago Class,2026,2026-07-17,116,116,live,1,,,294,274,334,0.8,,,0,0,N5v4_Final,e3b0c44298fc1c14,983f21a82ae9
2026-03-23,2026-03-23 17:48:36,backfill,1,Pittsburgh Open,2026,2026-07-17,116,116,live,2,,,176,157,190,0.8,,,0,0,N5v4_Final,e3b0c44298fc1c14,983f21a82ae9
2026-03-23,2026-03-23 17:48:36,backfill,1,Bradley Open,2026,2026-07-26,125,125,live,2,,,246,193,264,0.8,,,0,0,N5v4_Final,e3b0c44298fc1c14,983f21a82ae9
2026-03-23,2026-03-23 17:48:36,backfill,1,Pacific Coast Open,2026,2026-07-31,130,130,live,3,,,361,275,398,0.8,,,0,0,N5v4_Final,e3b0c44298fc1c14,983f21a82ae9
2026-03-23,2026-03-23 17:48:36,backfill,1,Hartford Open,2026,2026-10-15,206,206,live,3,,,198,141,213,0.8,,,0,0,N5v4_Final,e3b0c44298fc1c14,983f21a82ae9
2026-03-23,2026-03-23 17:48:36,backfill,1,National Chess Congress,2026,2026-11-28,250,250,live,0,,,623,436,810,0.8,,,0,0,N5v4_Final,e3b0c44298fc1c14,983f21a82ae9
2026-03-23,2026-03-23 17:51:33,backfill,1,Atlantic City Open,2026,2026-04-01,9,9,live,184,,,445,421,470,0.8,,,0,0,N5v4_Final,e3b0c44298fc1c14,b5dafa96a362
2026-03-23,2026-03-23 17:51:33,backfill,1,Atlantic Open,2026,2026-04-01,9,9,live,0,,,316,221,411,0.8,,,0,0,N5v4_Final,e3b0c44298fc1c14,b5dafa96a362
2026-03-23,2026-03-23 17:51:33,backfill,1,Chicago Open,2026,2026-05-21,59,59,live,179,,,929,871,987,0.8,,,0,0,N5v4_Final,e3b0c44298fc1c14,b5dafa96a362
2026-03-23,2026-03-23 17:51:33,backfill,1,Cleveland Open,2026,2026-06-05,74,74,live,2,,,201,179,225,0.8,,,0,0,N5v4_Final,e3b0c44298fc1c14,b5dafa96a362
2026-03-23,2026-03-23 17:51:33,backfill,1,New York State Open,2026,2026-06-19,88,88,live,1,,,79,55,102,0.8,,,0,0,N5v4_Final,e3b0c44298fc1c14,b5dafa96a362
2026-03-23,2026-03-23 17:51:33,backfill,1,World Open,2026,2026-07-01,100,100,live,34,,,1706,1588,1954,0.8,,,0,0,N5v4_Final,e3b0c44298fc1c14,b5dafa96a362
2026-03-23,2026-03-23 17:51:33,backfill,1,Chicago Class,2026,2026-07-17,116,116,live,1,,,294,274,334,0.8,,,0,0,N5v4_Final,e3b0c44298fc1c14,b5dafa96a362
2026-03-23,2026-03-23 17:51:33,backfill,1,Pittsburgh Open,2026,2026-07-17,116,116,live,2,,,176,157,190,0.8,,,0,0,N5v4_Final,e3b0c44298fc1c14,b5dafa96a362
2026-03-23,2026-03-23 17:51:33,backfill,1,Bradley Open,2026,2026-07-26,125,125,live,2,,,246,193,264,0.8,,,0,0,N5v4_Final,e3b0c44298fc1c14,b5dafa96a362
2026-03-23,2026-03-23 17:51:33,backfill,1,Pacific Coast Open,2026,2026-07-31,130,130,live,3,,,361,275,398,0.8,,,0,0,N5v4_Final,e3b0c44298fc1c14,b5dafa96a362
2026-03-23,2026-03-23 17:51:33,backfill,1,Hartford Open,2026,2026-10-15,206,206,live,3,,,198,141,213,0.8,,,0,0,N5v4_Final,e3b0c44298fc1c14,b5dafa96a362
2026-03-23,2026-03-23 17:51:33,backfill,1,National Chess Congress,2026,2026-11-28,250,250,live,0,,,623,436,810,0.8,,,0,0,N5v4_Final,e3b0c44298fc1c14,b5dafa96a362
2026-03-23,2026-03-23 20:21:04,backfill,1,Atlantic City Open,2026,2026-04-01,9,9,live,195,,,454,423,487,0.8,,,0,0,N5v4_Final,e3b0c44298fc1c14,ddd031cce3ee
2026-03-23,2026-03-23 20:21:04,backfill,1,Atlantic Open,2026,2026-04-01,9,9,live,0,,,316,221,411,0.8,,,0,0,N5v4_Final,e3b0c44298fc1c14,ddd031cce3ee
2026-03-23,2026-03-23 20:21:04,backfill,1,Chicago Open,2026,2026-05-21,59,59,live,180,,,930,847,1021,0.8,,,0,0,N5v4_Final,e3b0c44298fc1c14,ddd031cce3ee
2026-03-23,2026-03-23 20:21:04,backfill,1,Cleveland Open,2026,2026-06-05,74,74,live,2,,,201,179,225,0.8,,,0,0,N5v4_Final,e3b0c44298fc1c14,ddd031cce3ee
2026-03-23,2026-03-23 20:21:04,backfill,1,New York State Open,2026,2026-06-19,88,88,live,1,,,79,55,102,0.8,,,0,0,N5v4_Final,e3b0c44298fc1c14,ddd031cce3ee
2026-03-23,2026-03-23 20:21:04,backfill,1,World Open,2026,2026-07-01,100,100,live,35,,,1706,1588,1954,0.8,,,0,0,N5v4_Final,e3b0c44298fc1c14,ddd031cce3ee
2026-03-23,2026-03-23 20:21:04,backfill,1,Chicago Class,2026,2026-07-17,116,116,live,1,,,294,274,334,0.8,,,0,0,N5v4_Final,e3b0c44298fc1c14,ddd031cce3ee
2026-03-23,2026-03-23 20:21:04,backfill,1,Pittsburgh Open,2026,2026-07-17,116,116,live,2,,,176,157,190,0.8,,,0,0,N5v4_Final,e3b0c44298fc1c14,ddd031cce3ee
2026-03-23,2026-03-23 20:21:04,backfill,1,Bradley Open,2026,2026-07-26,125,125,live,2,,,246,193,264,0.8,,,0,0,N5v4_Final,e3b0c44298fc1c14,ddd031cce3ee
2026-03-23,2026-03-23 20:21:04,backfill,1,Pacific Coast Open,2026,2026-07-31,130,130,live,3,,,361,275,398,0.8,,,0,0,N5v4_Final,e3b0c44298fc1c14,ddd031cce3ee
2026-03-23,2026-03-23 20:21:04,backfill,1,Hartford Open,2026,2026-10-15,206,206,live,3,,,198,141,213,0.8,,,0,0,N5v4_Final,e3b0c44298fc1c14,ddd031cce3ee
2026-03-23,2026-03-23 20:21:04,backfill,1,National Chess Congress,2026,2026-11-28,250,250,live,0,,,623,436,810,0.8,,,0,0,N5v4_Final,e3b0c44298fc1c14,ddd031cce3ee
2026-03-23,2026-03-23 20:56:37,backfill,1,Atlantic City Open,2026,2026-04-01,9,9,live,195,,,454,423,487,0.8,,,0,0,N5v4_Final,e3b0c44298fc1c14,ff14330ec8a3
2026-03-23,2026-03-23 20:56:37,backfill,1,Chicago Open,2026,2026-05-21,59,59,live,180,,,930,847,1021,0.8,,,0,0,N5v4_Final,e3b0c44298fc1c14,ff14330ec8a3
2026-03-23,2026-03-23 20:56:37,backfill,1,Cleveland Open,2026,2026-06-05,74,74,live,2,,,201,179,225,0.8,,,0,0,N5v4_Final,e3b0c44298fc1c14,ff14330ec8a3
2026-03-23,2026-03-23 20:56:37,backfill,1,New York State Open,2026,2026-06-19,88,88,live,1,,,79,55,102,0.8,,,0,0,N5v4_Final,e3b0c44298fc1c14,ff14330ec8a3
2026-03-23,2026-03-23 20:56:37,backfill,1,World Open,2026,2026-07-01,100,100,live,35,,,1706,1588,1954,0.8,,,0,0,N5v4_Final,e3b0c44298fc1c14,ff14330ec8a3
2026-03-23,2026-03-23 20:56:37,backfill,1,Chicago Class,2026,2026-07-17,116,116,live,1,,,294,274,334,0.8,,,0,0,N5v4_Final,e3b0c44298fc1c14,ff14330ec8a3
2026-03-23,2026-03-23 20:56:37,backfill,1,Pittsburgh Open,2026,2026-07-17,116,116,live,2,,,176,157,190,0.8,,,0,0,N5v4_Final,e3b0c44298fc1c14,ff14330ec8a3
2026-03-23,2026-03-23 20:56:37,backfill,1,Bradley Open,2026,2026-07-26,125,125,live,2,,,246,193,264,0.8,,,0,0,N5v4_Final,e3b0c44298fc1c14,ff14330ec8a3
2026-03-23,2026-03-23 20:56:37,backfill,1,Pacific Coast Open,2026,2026-07-31,130,130,live,3,,,361,275,398,0.8,,,0,0,N5v4_Final,e3b0c44298fc1c14,ff14330ec8a3
2026-03-23,2026-03-23 20:56:37,backfill,1,Hartford Open,2026,2026-10-15,206,206,live,3,,,198,141,213,0.8,,,0,0,N5v4_Final,e3b0c44298fc1c14,ff14330ec8a3
2026-03-23,2026-03-23 20:56:37,backfill,1,National Chess Congress,2026,2026-11-28,250,250,live,0,,,623,572,677,0.8,,,0,0,N5v4_Final,e3b0c44298fc1c14,ff14330ec8a3
2026-03-23,2026-03-23 21:08:48,backfill,1,Atlantic City Open,2026,2026-04-01,9,9,live,195,,,454,423,487,0.8,,,0,0,N5v4_Final,e3b0c44298fc1c14,ce0c65f2185a
2026-03-23,2026-03-23 21:08:48,backfill,1,Chicago Open,2026,2026-05-21,59,59,live,180,,,930,847,1021,0.8,,,0,0,N5v4_Final,e3b0c44298fc1c14,ce0c65f2185a
2026-03-23,2026-03-23 21:08:48,backfill,1,Cleveland Open,2026,2026-06-05,74,74,live,2,,,201,179,225,0.8,,,0,0,N5v4_Final,e3b0c44298fc1c14,ce0c65f2185a
2026-03-23,2026-03-23 21:08:48,backfill,1,New York State Open,2026,2026-06-19,88,88,live,1,,,79,55,102,0.8,,,0,0,N5v4_Final,e3b0c44298fc1c14,ce0c65f2185a
2026-03-23,2026-03-23 21:08:48,backfill,1,World Open,2026,2026-07-01,100,100,live,35,,,1706,1588,1954,0.8,,,0,0,N5v4_Final,e3b0c44298fc1c14,ce0c65f2185a
2026-03-23,2026-03-23 21:08:48,backfill,1,Chicago Class,2026,2026-07-17,116,116,live,1,,,294,274,334,0.8,,,0,0,N5v4_Final,e3b0c44298fc1c14,ce0c65f2185a
2026-03-23,2026-03-23 21:08:48,backfill,1,Pittsburgh Open,2026,2026-07-17,116,116,live,2,,,176,157,190,0.8,,,0,0,N5v4_Final,e3b0c44298fc1c14,ce0c65f2185a
2026-03-23,2026-03-23 21:08:48,backfill,1,Bradley Open,2026,2026-07-26,125,125,live,2,,,246,193,264,0.8,,,0,0,N5v4_Final,e3b0c44298fc1c14,ce0c65f2185a
2026-03-23,2026-03-23 21:08:48,backfill,1,Pacific Coast Open,2026,2026-07-31,130,130,live,3,,,361,275,398,0.8,,,0,0,N5v4_Final,e3b0c44298fc1c14,ce0c65f2185a
2026-03-23,2026-03-23 21:08:48,backfill,1,Hartford Open,2026,2026-10-15,206,206,live,3,,,198,141,213,0.8,,,0,0,N5v4_Final,e3b0c44298fc1c14,ce0c65f2185a
2026-03-23,2026-03-23 21:08:48,backfill,1,National Chess Congress,2026,2026-11-28,250,250,live,0,,,623,572,677,0.8,,,0,0,N5v4_Final,e3b0c44298fc1c14,ce0c65f2185a
2026-03-23,2026-03-23 21:15:50,backfill,1,Atlantic City Open,2026,2026-04-01,9,9,live,195,,,454,424,485,0.8,,,0,0,N5v4_Final,e3b0c44298fc1c14,1c9a60a2e3b5
2026-03-23,2026-03-23 21:15:50,backfill,1,Chicago Open,2026,2026-05-21,59,59,live,180,,,930,863,1002,0.8,,,0,0,N5v4_Final,e3b0c44298fc1c14,1c9a60a2e3b5
2026-03-23,2026-03-23 21:15:50,backfill,1,Cleveland Open,2026,2026-06-05,74,74,live,2,,,201,179,225,0.8,,,0,0,N5v4_Final,e3b0c44298fc1c14,1c9a60a2e3b5
2026-03-23,2026-03-23 21:15:50,backfill,1,New York State Open,2026,2026-06-19,88,88,live,1,,,79,55,102,0.8,,,0,0,N5v4_Final,e3b0c44298fc1c14,1c9a60a2e3b5
2026-03-23,2026-03-23 21:15:50,backfill,1,World Open,2026,2026-07-01,100,100,live,35,,,1706,1588,1954,0.8,,,0,0,N5v4_Final,e3b0c44298fc1c14,1c9a60a2e3b5
2026-03-23,2026-03-23 21:15:50,backfill,1,Chicago Class,2026,2026-07-17,116,116,live,1,,,294,274,334,0.8,,,0,0,N5v4_Final,e3b0c44298fc1c14,1c9a60a2e3b5
2026-03-23,2026-03-23 21:15:50,backfill,1,Pittsburgh Open,2026,2026-07-17,116,116,live,2,,,176,157,190,0.8,,,0,0,N5v4_Final,e3b0c44298fc1c14,1c9a60a2e3b5
2026-03-23,2026-03-23 21:15:50,backfill,1,Bradley Open,2026,2026-07-26,125,125,live,2,,,246,193,264,0.8,,,0,0,N5v4_Final,e3b0c44298fc1c14,1c9a60a2e3b5
2026-03-23,2026-03-23 21:15:50,backfill,1,Pacific Coast Open,2026,2026-07-31,130,130,live,3,,,361,275,398,0.8,,,0,0,N5v4_Final,e3b0c44298fc1c14,1c9a60a2e3b5
2026-03-23,2026-03-23 21:15:50,backfill,1,Hartford Open,2026,2026-10-15,206,206,live,3,,,198,141,213,0.8,,,0,0,N5v4_Final,e3b0c44298fc1c14,1c9a60a2e3b5
2026-03-23,2026-03-23 21:15:50,backfill,1,National Chess Congress,2026,2026-11-28,250,250,live,0,,,623,572,677,0.8,,,0,0,N5v4_Final,e3b0c44298fc1c14,1c9a60a2e3b5
2026-03-23,2026-03-23 21:32:04,backfill,1,Atlantic City Open,2026,2026-04-01,9,9,live,195,,,454,423,487,0.8,,,0,0,N5v4_Final,e3b0c44298fc1c14,72829d69398c
2026-03-23,2026-03-23 21:32:04,backfill,1,Chicago Open,2026,2026-05-21,59,59,live,180,,,918,849,993,0.8,,,0,0,N5v4_Final,e3b0c44298fc1c14,72829d69398c
2026-03-23,2026-03-23 21:32:04,backfill,1,Cleveland Open,2026,2026-06-05,74,74,live,2,,,201,179,225,0.8,,,0,0,N5v4_Final,e3b0c44298fc1c14,72829d69398c
2026-03-23,2026-03-23 21:32:04,backfill,1,New York State Open,2026,2026-06-19,88,88,live,1,,,79,55,102,0.8,,,0,0,N5v4_Final,e3b0c44298fc1c14,72829d69398c
2026-03-23,2026-03-23 21:32:04,backfill,1,World Open,2026,2026-07-01,100,100,live,35,,,1706,1588,1954,0.8,,,0,0,N5v4_Final,e3b0c44298fc1c14,72829d69398c
2026-03-23,2026-03-23 21:32:04,backfill,1,Chicago Class,2026,2026-07-17,116,116,live,1,,,294,274,334,0.8,,,0,0,N5v4_Final,e3b0c44298fc1c14,72829d69398c
2026-03-23,2026-03-23 21:32:04,backfill,1,Pittsburgh Open,2026,2026-07-17,116,116,live,2,,,176,157,190,0.8,,,0,0,N5v4_Final,e3b0c44298fc1c14,72829d69398c
2026-03-23,2026-03-23 21:32:04,backfill,1,Bradley Open,2026,2026-07-26,125,125,live,2,,,246,193,264,0.8,,,0,0,N5v4_Final,e3b0c44298fc1c14,72829d69398c
2026-03-23,2026-03-23 21:32:04,backfill,1,Pacific Coast Open,2026,2026-07-31,130,130,live,3,,,361,275,398,0.8,,,0,0,N5v4_Final,e3b0c44298fc1c14,72829d69398c
2026-03-23,2026-03-23 21:32:04,backfill,1,Hartford Open,2026,2026-10-15,206,206,live,3,,,198,141,213,0.8,,,0,0,N5v4_Final,e3b0c44298fc1c14,72829d69398c
2026-03-23,2026-03-23 21:32:04,backfill,1,National Chess Congress,2026,2026-11-28,250,250,live,0,,,623,572,677,0.8,,,0,0,N5v4_Final,e3b0c44298fc1c14,72829d69398c
2026-03-23,2026-03-23 21:46:24,backfill,1,Atlantic City Open,2026,2026-04-01,9,9,live,195,,,439,412,467,0.8,,,0,0,N5v4_Final,e3b0c44298fc1c14,0a4529cde91d
2026-03-23,2026-03-23 21:46:24,backfill,1,Chicago Open,2026,2026-05-21,59,59,live,180,,,918,849,993,0.8,,,0,0,N5v4_Final,e3b0c44298fc1c14,0a4529cde91d
2026-03-23,2026-03-23 21:46:24,backfill,1,Cleveland Open,2026,2026-06-05,74,74,live,2,,,201,179,225,0.8,,,0,0,N5v4_Final,e3b0c44298fc1c14,0a4529cde91d
2026-03-23,2026-03-23 21:46:24,backfill,1,New York State Open,2026,2026-06-19,88,88,live,1,,,79,55,102,0.8,,,0,0,N5v4_Final,e3b0c44298fc1c14,0a4529cde91d
2026-03-23,2026-03-23 21:46:24,backfill,1,World Open,2026,2026-07-01,100,100,live,35,,,1706,1588,1954,0.8,,,0,0,N5v4_Final,e3b0c44298fc1c14,0a4529cde91d
2026-03-23,2026-03-23 21:46:24,backfill,1,Chicago Class,2026,2026-07-17,116,116,live,1,,,294,274,334,0.8,,,0,0,N5v4_Final,e3b0c44298fc1c14,0a4529cde91d
2026-03-23,2026-03-23 21:46:24,backfill,1,Pittsburgh Open,2026,2026-07-17,116,116,live,2,,,176,157,190,0.8,,,0,0,N5v4_Final,e3b0c44298fc1c14,0a4529cde91d
2026-03-23,2026-03-23 21:46:24,backfill,1,Bradley Open,2026,2026-07-26,125,125,live,2,,,246,193,264,0.8,,,0,0,N5v4_Final,e3b0c44298fc1c14,0a4529cde91d
2026-03-23,2026-03-23 21:46:24,backfill,1,Pacific Coast Open,2026,2026-07-31,130,130,live,3,,,361,275,398,0.8,,,0,0,N5v4_Final,e3b0c44298fc1c14,0a4529cde91d
2026-03-23,2026-03-23 21:46:24,backfill,1,Hartford Open,2026,2026-10-15,206,206,live,3,,,198,141,213,0.8,,,0,0,N5v4_Final,e3b0c44298fc1c14,0a4529cde91d
2026-03-23,2026-03-23 21:46:24,backfill,1,National Chess Congress,2026,2026-11-28,250,250,live,0,,,623,572,677,0.8,,,0,0,N5v4_Final,e3b0c44298fc1c14,0a4529cde91d
2026-03-23,2026-03-23 21:59:01,backfill,1,Atlantic City Open,2026,2026-04-01,9,9,live,195,,,439,410,469,0.8,,,0,0,N5v4_Final,e3b0c44298fc1c14,f8f51852a351
2026-03-23,2026-03-23 21:59:01,backfill,1,Chicago Open,2026,2026-05-21,59,59,live,180,,,918,849,993,0.8,,,0,0,N5v4_Final,e3b0c44298fc1c14,f8f51852a351
2026-03-23,2026-03-23 21:59:01,backfill,1,Cleveland Open,2026,2026-06-05,74,74,live,2,,,201,179,225,0.8,,,0,0,N5v4_Final,e3b0c44298fc1c14,f8f51852a351
2026-03-23,2026-03-23 21:59:01,backfill,1,New York State Open,2026,2026-06-19,88,88,live,1,,,79,55,102,0.8,,,0,0,N5v4_Final,e3b0c44298fc1c14,f8f51852a351
2026-03-23,2026-03-23 21:59:01,backfill,1,World Open,2026,2026-07-01,100,100,live,35,,,1706,1588,1954,0.8,,,0,0,N5v4_Final,e3b0c44298fc1c14,f8f51852a351
2026-03-23,2026-03-23 21:59:01,backfill,1,Chicago Class,2026,2026-07-17,116,116,live,1,,,294,274,334,0.8,,,0,0,N5v4_Final,e3b0c44298fc1c14,f8f51852a351
2026-03-23,2026-03-23 21:59:01,backfill,1,Pittsburgh Open,2026,2026-07-17,116,116,live,2,,,176,157,190,0.8,,,0,0,N5v4_Final,e3b0c44298fc1c14,f8f51852a351
2026-03-23,2026-03-23 21:59:01,backfill,1,Bradley Open,2026,2026-07-26,125,125,live,2,,,246,193,264,0.8,,,0,0,N5v4_Final,e3b0c44298fc1c14,f8f51852a351
2026-03-23,2026-03-23 21:59:01,backfill,1,Pacific Coast Open,2026,2026-07-31,130,130,live,3,,,361,275,398,0.8,,,0,0,N5v4_Final,e3b0c44298fc1c14,f8f51852a351
2026-03-23,2026-03-23 21:59:01,backfill,1,Hartford Open,2026,2026-10-15,206,206,live,3,,,198,141,213,0.8,,,0,0,N5v4_Final,e3b0c44298fc1c14,f8f51852a351
2026-03-23,2026-03-23 21:59:01,backfill,1,National Chess Congress,2026,2026-11-28,250,250,live,0,,,623,572,677,0.8,,,0,0,N5v4_Final,e3b0c44298fc1c14,f8f51852a351
2026-03-23,2026-03-23 22:08:24,backfill,1,Atlantic City Open,2026,2026-04-01,9,9,live,195,,,439,410,469,0.8,,,0,0,N5v4_Final,e3b0c44298fc1c14,bb326b01790c
2026-03-23,2026-03-23 22:08:24,backfill,1,Chicago Open,2026,2026-05-21,59,59,live,180,,,918,849,993,0.8,,,0,0,N5v4_Final,e3b0c44298fc1c14,bb326b01790c
2026-03-23,2026-03-23 22:08:24,backfill,1,Cleveland Open,2026,2026-06-05,74,74,live,2,,,201,179,225,0.8,,,0,0,N5v4_Final,e3b0c44298fc1c14,bb326b01790c
2026-03-23,2026-03-23 22:08:24,backfill,1,New York State Open,2026,2026-06-19,88,88,live,1,,,79,55,102,0.8,,,0,0,N5v4_Final,e3b0c44298fc1c14,bb326b01790c
2026-03-23,2026-03-23 22:08:24,backfill,1,World Open,2026,2026-07-01,100,100,live,35,,,1706,1588,1954,0.8,,,0,0,N5v4_Final,e3b0c44298fc1c14,bb326b01790c
2026-03-23,2026-03-23 22:08:24,backfill,1,Chicago Class,2026,2026-07-17,116,116,live,1,,,294,274,334,0.8,,,0,0,N5v4_Final,e3b0c44298fc1c14,bb326b01790c
2026-03-23,2026-03-23 22:08:24,backfill,1,Pittsburgh Open,2026,2026-07-17,116,116,live,2,,,176,157,190,0.8,,,0,0,N5v4_Final,e3b0c44298fc1c14,bb326b01790c
2026-03-23,2026-03-23 22:08:24,backfill,1,Bradley Open,2026,2026-07-26,125,125,live,2,,,246,193,264,0.8,,,0,0,N5v4_Final,e3b0c44298fc1c14,bb326b01790c
2026-03-23,2026-03-23 22:08:24,backfill,1,Pacific Coast Open,2026,2026-07-31,130,130,live,3,,,361,275,398,0.8,,,0,0,N5v4_Final,e3b0c44298fc1c14,bb326b01790c
2026-03-23,2026-03-23 22:08:24,backfill,1,Hartford Open,2026,2026-10-15,206,206,live,3,,,198,141,213,0.8,,,0,0,N5v4_Final,e3b0c44298fc1c14,bb326b01790c
2026-03-23,2026-03-23 22:08:24,backfill,1,National Chess Congress,2026,2026-11-28,250,250,live,0,,,623,572,677,0.8,,,0,0,N5v4_Final,e3b0c44298fc1c14,bb326b01790c
2026-03-23,2026-03-23 22:48:31,backfill,1,Atlantic City Open,2026,2026-04-01,9,9,live,195,,,439,410,469,0.8,,,0,0,N5v4_Final,e3b0c44298fc1c14,e84837981535
2026-03-23,2026-03-23 22:48:31,backfill,1,Chicago Open,2026,2026-05-21,59,59,live,180,,,918,849,993,0.8,,,0,0,N5v4_Final,e3b0c44298fc1c14,e84837981535
2026-03-23,2026-03-23 22:48:31,backfill,1,Cleveland Open,2026,2026-06-05,74,74,live,2,,,193,106,352,0.8,,,0,0,N5v4_Final,e3b0c44298fc1c14,e84837981535
2026-03-23,2026-03-23 22:48:31,backfill,1,New York State Open,2026,2026-06-19,88,88,live,1,,,81,47,140,0.8,,,0,0,N5v4_Final,e3b0c44298fc1c14,e84837981535
2026-03-23,2026-03-23 22:48:31,backfill,1,World Open,2026,2026-07-01,100,100,live,35,,,1385,1134,1691,0.8,,,0,0,N5v4_Final,e3b0c44298fc1c14,e84837981535
2026-03-23,2026-03-23 22:48:31,backfill,1,Chicago Class,2026,2026-07-17,116,116,live,1,,,275,150,502,0.8,,,0,0,N5v4_Final,e3b0c44298fc1c14,e84837981535
2026-03-23,2026-03-23 22:48:31,backfill,1,Pittsburgh Open,2026,2026-07-17,116,116,live,2,,,168,84,337,0.8,,,0,0,N5v4_Final,e3b0c44298fc1c14,e84837981535
2026-03-23,2026-03-23 22:48:31,backfill,1,Bradley Open,2026,2026-07-26,125,125,live,2,,,263,152,455,0.8,,,0,0,N5v4_Final,e3b0c44298fc1c14,e84837981535
2026-03-23,2026-03-23 22:48:31,backfill,1,Pacific Coast Open,2026,2026-07-31,130,130,live,3,,,384,210,700,0.8,,,0,0,N5v4_Final,e3b0c44298fc1c14,e84837981535
2026-03-23,2026-03-23 22:48:31,backfill,1,Hartford Open,2026,2026-10-15,206,206,live,3,,,197,94,415,0.8,,,0,0,N5v4_Final,e3b0c44298fc1c14,e84837981535
2026-03-23,2026-03-23 22:48:31,backfill,1,National Chess Congress,2026,2026-11-28,250,250,live,0,,,623,572,677,0.8,,,0,0,N5v4_Final,e3b0c44298fc1c14,e84837981535
2026-03-23,2026-03-23 23:00:29,backfill,1,Atlantic City Open,2026,2026-04-01,9,9,live,195,,,439,410,469,0.8,,,0,0,N5v4_Final,e3b0c44298fc1c14,32dadc242c74
2026-03-23,2026-03-23 23:00:29,backfill,1,Chicago Open,2026,2026-05-21,59,59,live,180,,,918,863,976,0.8,,,0,0,N5v4_Final,e3b0c44298fc1c14,32dadc242c74
2026-03-23,2026-03-23 23:00:29,backfill,1,Cleveland Open,2026,2026-06-05,74,74,live,2,,,193,108,342,0.8,,,0,0,N5v4_Final,e3b0c44298fc1c14,32dadc242c74
2026-03-23,2026-03-23 23:00:29,backfill,1,New York State Open,2026,2026-06-19,88,88,live,1,,,81,47,140,0.8,,,0,0,N5v4_Final,e3b0c44298fc1c14,32dadc242c74
2026-03-23,2026-03-23 23:00:29,backfill,1,World Open,2026,2026-07-01,100,100,live,35,,,1385,1183,1620,0.8,,,0,0,N5v4_Final,e3b0c44298fc1c14,32dadc242c74
2026-03-23,2026-03-23 23:00:29,backfill,1,Chicago Class,2026,2026-07-17,116,116,live,1,,,275,150,502,0.8,,,0,0,N5v4_Final,e3b0c44298fc1c14,32dadc242c74
2026-03-23,2026-03-23 23:00:29,backfill,1,Pittsburgh Open,2026,2026-07-17,116,116,live,2,,,168,88,321,0.8,,,0,0,N5v4_Final,e3b0c44298fc1c14,32dadc242c74
2026-03-23,2026-03-23 23:00:29,backfill,1,Bradley Open,2026,2026-07-26,125,125,live,2,,,263,152,455,0.8,,,0,0,N5v4_Final,e3b0c44298fc1c14,32dadc242c74
2026-03-23,2026-03-23 23:00:29,backfill,1,Pacific Coast Open,2026,2026-07-31,130,130,live,3,,,384,213,691,0.8,,,0,0,N5v4_Final,e3b0c44298fc1c14,32dadc242c74
2026-03-23,2026-03-23 23:00:29,backfill,1,Hartford Open,2026,2026-10-15,206,206,live,3,,,197,99,395,0.8,,,0,0,N5v4_Final,e3b0c44298fc1c14,32dadc242c74
2026-03-23,2026-03-23 23:00:29,backfill,1,National Chess Congress,2026,2026-11-28,250,250,live,0,,,623,572,677,0.8,,,0,0,N5v4_Final,e3b0c44298fc1c14,32dadc242c74
2026-03-23,2026-03-23 23:07:01,backfill,1,Atlantic City Open,2026,2026-04-01,9,9,live,195,,,439,409,470,0.8,,,0,0,N5v4_Final,e3b0c44298fc1c14,4fc1c3b5293b
2026-03-23,2026-03-23 23:07:01,backfill,1,Chicago Open,2026,2026-05-21,59,59,live,180,,,918,863,976,0.8,,,0,0,N5v4_Final,e3b0c44298fc1c14,4fc1c3b5293b
2026-03-23,2026-03-23 23:07:01,backfill,1,Cleveland Open,2026,2026-06-05,74,74,live,2,,,193,108,342,0.8,,,0,0,N5v4_Final,e3b0c44298fc1c14,4fc1c3b5293b
2026-03-23,2026-03-23 23:07:01,backfill,1,New York State Open,2026,2026-06-19,88,88,live,1,,,81,47,140,0.8,,,0,0,N5v4_Final,e3b0c44298fc1c14,4fc1c3b5293b
2026-03-23,2026-03-23 23:07:01,backfill,1,World Open,2026,2026-07-01,100,100,live,35,,,1385,1183,1620,0.8,,,0,0,N5v4_Final,e3b0c44298fc1c14,4fc1c3b5293b
2026-03-23,2026-03-23 23:07:01,backfill,1,Chicago Class,2026,2026-07-17,116,116,live,1,,,275,150,502,0.8,,,0,0,N5v4_Final,e3b0c44298fc1c14,4fc1c3b5293b
2026-03-23,2026-03-23 23:07:01,backfill,1,Pittsburgh Open,2026,2026-07-17,116,116,live,2,,,168,88,321,0.8,,,0,0,N5v4_Final,e3b0c44298fc1c14,4fc1c3b5293b
2026-03-23,2026-03-23 23:07:01,backfill,1,Bradley Open,2026,2026-07-26,125,125,live,2,,,263,152,455,0.8,,,0,0,N5v4_Final,e3b0c44298fc1c14,4fc1c3b5293b
2026-03-23,2026-03-23 23:07:01,backfill,1,Pacific Coast Open,2026,2026-07-31,130,130,live,3,,,384,213,691,0.8,,,0,0,N5v4_Final,e3b0c44298fc1c14,4fc1c3b5293b
2026-03-23,2026-03-23 23:07:01,backfill,1,Hartford Open,2026,2026-10-15,206,206,live,3,,,197,99,395,0.8,,,0,0,N5v4_Final,e3b0c44298fc1c14,4fc1c3b5293b
2026-03-23,2026-03-23 23:07:01,backfill,1,National Chess Congress,2026,2026-11-28,250,250,live,0,,,623,572,677,0.8,,,0,0,N5v4_Final,e3b0c44298fc1c14,4fc1c3b5293b
2026-03-24,2026-03-24 06:51:44,backfill,1,Atlantic City Open,2026,2026-04-01,8,8,live,195,,,434,407,464,0.8,,,0,0,N5v4_Final,e3b0c44298fc1c14,23a4d1185f92
2026-03-24,2026-03-24 06:51:44,backfill,1,Chicago Open,2026,2026-05-21,58,58,live,180,,,908,856,963,0.8,,,0,0,N5v4_Final,e3b0c44298fc1c14,23a4d1185f92
2026-03-24,2026-03-24 06:51:44,backfill,1,Hartford Open,2026,2026-06-05,73,73,live,3,,,195,111,345,0.8,,,0,0,N5v4_Final,e3b0c44298fc1c14,23a4d1185f92
2026-03-24,2026-03-24 06:51:44,backfill,1,Cleveland Open,2026,2026-06-05,73,73,live,2,,,192,108,343,0.8,,,0,0,N5v4_Final,e3b0c44298fc1c14,23a4d1185f92
2026-03-24,2026-03-24 06:51:44,backfill,1,New York State Open,2026,2026-06-19,87,87,live,1,,,81,47,140,0.8,,,0,0,N5v4_Final,e3b0c44298fc1c14,23a4d1185f92
2026-03-24,2026-03-24 06:51:44,backfill,1,World Open,2026,2026-07-01,99,99,live,35,,,1382,1181,1617,0.8,,,0,0,N5v4_Final,e3b0c44298fc1c14,23a4d1185f92
2026-03-24,2026-03-24 06:51:44,backfill,1,Chicago Class,2026,2026-07-17,115,115,live,1,,,275,150,501,0.8,,,0,0,N5v4_Final,e3b0c44298fc1c14,23a4d1185f92
2026-03-24,2026-03-24 06:51:44,backfill,1,Pittsburgh Open,2026,2026-07-17,115,115,live,2,,,168,88,321,0.8,,,0,0,N5v4_Final,e3b0c44298fc1c14,23a4d1185f92
2026-03-24,2026-03-24 06:51:44,backfill,1,Southern Open,2026,2026-07-17,115,115,live,0,,,232,183,282,0.8,,,0,0,N5v4_Final,e3b0c44298fc1c14,23a4d1185f92
2026-03-24,2026-03-24 06:51:44,backfill,1,Bradley Open,2026,2026-07-24,122,122,live,2,,,262,151,454,0.8,,,0,0,N5v4_Final,e3b0c44298fc1c14,23a4d1185f92
2026-03-24,2026-03-24 06:51:44,backfill,1,Pacific Coast Open,2026,2026-07-31,129,129,live,3,,,383,213,691,0.8,,,0,0,N5v4_Final,e3b0c44298fc1c14,23a4d1185f92
2026-03-24,2026-03-24 06:51:44,backfill,1,National Chess Congress,2026,2026-11-28,249,249,live,0,,,623,572,677,0.8,,,0,0,N5v4_Final,e3b0c44298fc1c14,23a4d1185f92
2026-03-24,2026-03-24 05:57:20,backfill,1,Atlantic City Open,2026,2026-04-01,8,8,live,216,,,448,420,478,0.8,,,0,0,N5v4_Final,e3b0c44298fc1c14,ec72fa720e32
2026-03-24,2026-03-24 05:57:20,backfill,1,Chicago Open,2026,2026-05-21,58,58,live,180,,,908,856,963,0.8,,,0,0,N5v4_Final,e3b0c44298fc1c14,ec72fa720e32
2026-03-24,2026-03-24 05:57:20,backfill,1,Hartford Open,2026,2026-06-05,73,73,live,3,,,195,111,345,0.8,,,0,0,N5v4_Final,e3b0c44298fc1c14,ec72fa720e32
2026-03-24,2026-03-24 05:57:20,backfill,1,Cleveland Open,2026,2026-06-05,73,73,live,2,,,192,108,343,0.8,,,0,0,N5v4_Final,e3b0c44298fc1c14,ec72fa720e32
2026-03-24,2026-03-24 05:57:20,backfill,1,New York State Open,2026,2026-06-19,87,87,live,1,,,81,47,140,0.8,,,0,0,N5v4_Final,e3b0c44298fc1c14,ec72fa720e32
2026-03-24,2026-03-24 05:57:20,backfill,1,World Open G/50 Championship,2026,2026-06-25,93,93,live,0,,,100,70,130,0.8,,,0,0,N5v4_Final,e3b0c44298fc1c14,ec72fa720e32
2026-03-24,2026-03-24 05:57:20,backfill,1,DC International,2026,2026-06-25,93,93,live,0,,,100,70,130,0.8,,,0,0,N5v4_Final,e3b0c44298fc1c14,ec72fa720e32
2026-03-24,2026-03-24 05:57:20,backfill,1,DC Open,2026,2026-06-26,94,94,live,0,,,100,70,130,0.8,,,0,0,N5v4_Final,e3b0c44298fc1c14,ec72fa720e32
2026-03-24,2026-03-24 05:57:20,backfill,1,World Open,2026,2026-07-01,99,99,live,35,,,1382,1181,1617,0.8,,,0,0,N5v4_Final,e3b0c44298fc1c14,ec72fa720e32
2026-03-24,2026-03-24 05:57:20,backfill,1,World Open G/7 Championship,2026,2026-07-01,99,99,live,0,,,100,70,130,0.8,,,0,0,N5v4_Final,e3b0c44298fc1c14,ec72fa720e32
2026-03-24,2026-03-24 05:57:20,backfill,1,World Open G/10 Championship,2026,2026-07-04,102,102,live,0,,,100,70,130,0.8,,,0,0,N5v4_Final,e3b0c44298fc1c14,ec72fa720e32
2026-03-24,2026-03-24 05:57:20,backfill,1,Chicago Class,2026,2026-07-17,115,115,live,1,,,275,150,501,0.8,,,0,0,N5v4_Final,e3b0c44298fc1c14,ec72fa720e32
2026-03-24,2026-03-24 05:57:20,backfill,1,Pittsburgh Open,2026,2026-07-17,115,115,live,2,,,168,88,321,0.8,,,0,0,N5v4_Final,e3b0c44298fc1c14,ec72fa720e32
2026-03-24,2026-03-24 05:57:20,backfill,1,Southern Open,2026,2026-07-17,115,115,live,0,,,232,183,282,0.8,,,0,0,N5v4_Final,e3b0c44298fc1c14,ec72fa720e32
2026-03-24,2026-03-24 05:57:20,backfill,1,Bradley Open,2026,2026-07-24,122,122,live,2,,,262,151,454,0.8,,,0,0,N5v4_Final,e3b0c44298fc1c14,ec72fa720e32
2026-03-24,2026-03-24 05:57:20,backfill,1,Pacific Coast Open,2026,2026-07-31,129,129,live,3,,,383,213,691,0.8,,,0,0,N5v4_Final,e3b0c44298fc1c14,ec72fa720e32
2026-03-24,2026-03-24 05:57:20,backfill,1,National Chess Congress,2026,2026-11-28,249,249,live,0,,,623,572,677,0.8,,,0,0,N5v4_Final,e3b0c44298fc1c14,ec72fa720e32
2026-03-24,2026-03-24 07:07:56,backfill,1,Atlantic City Open,2026,2026-04-01,8,8,live,216,,,448,420,478,0.8,,,0,0,N5v4_Final,e3b0c44298fc1c14,8785ed456084
2026-03-24,2026-03-24 07:07:56,backfill,1,Chicago Open,2026,2026-05-21,58,58,live,180,,,908,856,963,0.8,,,0,0,N5v4_Final,e3b0c44298fc1c14,8785ed456084
2026-03-24,2026-03-24 07:07:56,backfill,1,Hartford Open,2026,2026-06-05,73,73,live,3,,,195,111,345,0.8,,,0,0,N5v4_Final,e3b0c44298fc1c14,8785ed456084
2026-03-24,2026-03-24 07:07:56,backfill,1,Cleveland Open,2026,2026-06-05,73,73,live,2,,,192,108,343,0.8,,,0,0,N5v4_Final,e3b0c44298fc1c14,8785ed456084
2026-03-24,2026-03-24 07:07:56,backfill,1,New York State Open,2026,2026-06-19,87,87,live,1,,,81,47,140,0.8,,,0,0,N5v4_Final,e3b0c44298fc1c14,8785ed456084
2026-03-24,2026-03-24 07:07:56,backfill,1,World Open,2026,2026-07-01,99,99,live,35,,,1382,1181,1617,0.8,,,0,0,N5v4_Final,e3b0c44298fc1c14,8785ed456084
2026-03-24,2026-03-24 07:07:56,backfill,1,Chicago Class,2026,2026-07-17,115,115,live,1,,,275,150,501,0.8,,,0,0,N5v4_Final,e3b0c44298fc1c14,8785ed456084
2026-03-24,2026-03-24 07:07:56,backfill,1,Pittsburgh Open,2026,2026-07-17,115,115,live,2,,,168,88,321,0.8,,,0,0,N5v4_Final,e3b0c44298fc1c14,8785ed456084
2026-03-24,2026-03-24 07:07:56,backfill,1,Southern Open,2026,2026-07-17,115,115,live,0,,,232,183,282,0.8,,,0,0,N5v4_Final,e3b0c44298fc1c14,8785ed456084
2026-03-24,2026-03-24 07:07:56,backfill,1,Bradley Open,2026,2026-07-24,122,122,live,2,,,262,151,454,0.8,,,0,0,N5v4_Final,e3b0c44298fc1c14,8785ed456084
2026-03-24,2026-03-24 07:07:56,backfill,1,Pacific Coast Open,2026,2026-07-31,129,129,live,3,,,383,213,691,0.8,,,0,0,N5v4_Final,e3b0c44298fc1c14,8785ed456084
2026-03-24,2026-03-24 07:07:56,backfill,1,National Chess Congress,2026,2026-11-28,249,249,live,0,,,623,572,677,0.8,,,0,0,N5v4_Final,e3b0c44298fc1c14,8785ed456084
2026-03-24,2026-03-24 11:09:33,backfill,1,Atlantic City Open,2026,2026-04-01,8,8,live,216,,,448,420,478,0.8,,,0,0,N5v4_Final,e3b0c44298fc1c14,5692738c1b3f
2026-03-24,2026-03-24 11:09:33,backfill,1,Chicago Open,2026,2026-05-21,58,58,live,180,,,908,856,963,0.8,,,0,0,N5v4_Final,e3b0c44298fc1c14,5692738c1b3f
2026-03-24,2026-03-24 11:09:33,backfill,1,Hartford Open,2026,2026-06-05,73,73,live,3,,,195,111,345,0.8,,,0,0,N5v4_Final,e3b0c44298fc1c14,5692738c1b3f
2026-03-24,2026-03-24 11:09:33,backfill,1,Cleveland Open,2026,2026-06-05,73,73,live,2,,,192,108,343,0.8,,,0,0,N5v4_Final,e3b0c44298fc1c14,5692738c1b3f
2026-03-24,2026-03-24 11:09:33,backfill,1,New York State Open,2026,2026-06-19,87,87,live,1,,,81,47,140,0.8,,,0,0,N5v4_Final,e3b0c44298fc1c14,5692738c1b3f
2026-03-24,2026-03-24 11:09:33,backfill,1,World Open G/50 Championship,2026,2026-06-25,93,93,live,0,,,100,70,130,0.8,,,0,0,N5v4_Final,e3b0c44298fc1c14,5692738c1b3f
2026-03-24,2026-03-24 11:09:33,backfill,1,DC International,2026,2026-06-25,93,93,live,0,,,100,70,130,0.8,,,0,0,N5v4_Final,e3b0c44298fc1c14,5692738c1b3f
2026-03-24,2026-03-24 11:09:33,backfill,1,DC Open,2026,2026-06-26,94,94,live,0,,,100,70,130,0.8,,,0,0,N5v4_Final,e3b0c44298fc1c14,5692738c1b3f
2026-03-24,2026-03-24 11:09:33,backfill,1,World Open,2026,2026-07-01,99,99,live,35,,,1382,1181,1617,0.8,,,0,0,N5v4_Final,e3b0c44298fc1c14,5692738c1b3f
2026-03-24,2026-03-24 11:09:33,backfill,1,World Open G/7 Championship,2026,2026-07-01,99,99,live,0,,,100,70,130,0.8,,,0,0,N5v4_Final,e3b0c44298fc1c14,5692738c1b3f
2026-03-24,2026-03-24 11:09:33,backfill,1,World Open G/10 Championship,2026,2026-07-04,102,102,live,0,,,100,70,130,0.8,,,0,0,N5v4_Final,e3b0c44298fc1c14,5692738c1b3f
2026-03-24,2026-03-24 11:09:33,backfill,1,Chicago Class,2026,2026-07-17,115,115,live,1,,,275,150,501,0.8,,,0,0,N5v4_Final,e3b0c44298fc1c14,5692738c1b3f
2026-03-24,2026-03-24 11:09:33,backfill,1,Pittsburgh Open,2026,2026-07-17,115,115,live,2,,,168,88,321,0.8,,,0,0,N5v4_Final,e3b0c44298fc1c14,5692738c1b3f
2026-03-24,2026-03-24 11:09:33,backfill,1,Southern Open,2026,2026-07-17,115,115,live,0,,,232,183,282,0.8,,,0,0,N5v4_Final,e3b0c44298fc1c14,5692738c1b3f
2026-03-24,2026-03-24 11:09:33,backfill,1,Bradley Open,2026,2026-07-24,122,122,live,2,,,262,151,454,0.8,,,0,0,N5v4_Final,e3b0c44298fc1c14,5692738c1b3f
2026-03-24,2026-03-24 11:09:33,backfill,1,Pacific Coast Open,2026,2026-07-31,129,129,live,3,,,383,213,691,0.8,,,0,0,N5v4_Final,e3b0c44298fc1c14,5692738c1b3f
2026-03-24,2026-03-24 11:09:33,backfill,1,National Chess Congress,2026,2026-11-28,249,249,live,0,,,623,572,677,0.8,,,0,0,N5v4_Final,e3b0c44298fc1c14,5692738c1b3f
2026-03-24,2026-03-24 15:53:26,backfill,1,Atlantic City Open,2026,2026-04-01,8,8,live,216,,,448,420,478,0.8,,,0,0,N5v4_Final,e3b0c44298fc1c14,f6d340810b55
2026-03-24,2026-03-24 15:53:26,backfill,1,Chicago Open,2026,2026-05-21,58,58,live,180,,,908,856,963,0.8,,,0,0,N5v4_Final,e3b0c44298fc1c14,f6d340810b55
2026-03-24,2026-03-24 15:53:26,backfill,1,Hartford Open,2026,2026-06-05,73,73,live,3,,,195,111,345,0.8,,,0,0,N5v4_Final,e3b0c44298fc1c14,f6d340810b55
2026-03-24,2026-03-24 15:53:26,backfill,1,Cleveland Open,2026,2026-06-05,73,73,live,2,,,192,108,343,0.8,,,0,0,N5v4_Final,e3b0c44298fc1c14,f6d340810b55
2026-03-24,2026-03-24 15:53:26,backfill,1,New York State Open,2026,2026-06-19,87,87,live,1,,,81,47,140,0.8,,,0,0,N5v4_Final,e3b0c44298fc1c14,f6d340810b55
2026-03-24,2026-03-24 15:53:26,backfill,1,World Open,2026,2026-07-01,99,99,live,35,,,1382,1181,1617,0.8,,,0,0,N5v4_Final,e3b0c44298fc1c14,f6d340810b55
2026-03-24,2026-03-24 15:53:26,backfill,1,Chicago Class,2026,2026-07-17,115,115,live,1,,,275,150,501,0.8,,,0,0,N5v4_Final,e3b0c44298fc1c14,f6d340810b55
2026-03-24,2026-03-24 15:53:26,backfill,1,Pittsburgh Open,2026,2026-07-17,115,115,live,2,,,168,88,321,0.8,,,0,0,N5v4_Final,e3b0c44298fc1c14,f6d340810b55
2026-03-24,2026-03-24 15:53:26,backfill,1,Southern Open,2026,2026-07-17,115,115,live,0,,,232,183,282,0.8,,,0,0,N5v4_Final,e3b0c44298fc1c14,f6d340810b55
2026-03-24,2026-03-24 15:53:26,backfill,1,Bradley Open,2026,2026-07-24,122,122,live,2,,,262,151,454,0.8,,,0,0,N5v4_Final,e3b0c44298fc1c14,f6d340810b55
2026-03-24,2026-03-24 15:53:26,backfill,1,Pacific Coast Open,2026,2026-07-31,129,129,live,3,,,383,213,691,0.8,,,0,0,N5v4_Final,e3b0c44298fc1c14,f6d340810b55
2026-03-24,2026-03-24 15:53:26,backfill,1,National Chess Congress,2026,2026-11-28,249,249,live,0,,,623,572,677,0.8,,,0,0,N5v4_Final,e3b0c44298fc1c14,f6d340810b55
2026-03-25,2026-03-25 11:07:18,backfill,1,Atlantic City Open,2026,2026-04-01,7,7,live,226,,,450,423,478,0.8,,,0,0,N5v4_Final,e3b0c44298fc1c14,cd8134d01d0f
2026-03-25,2026-03-25 11:07:18,backfill,1,Chicago Open,2026,2026-05-21,57,57,live,183,,,901,851,953,0.8,,,0,0,N5v4_Final,e3b0c44298fc1c14,cd8134d01d0f
2026-03-25,2026-03-25 11:07:18,backfill,1,Hartford Open,2026,2026-06-05,72,72,live,3,,,195,112,341,0.8,,,0,0,N5v4_Final,e3b0c44298fc1c14,cd8134d01d0f
2026-03-25,2026-03-25 11:07:18,backfill,1,Cleveland Open,2026,2026-06-05,72,72,live,2,,,192,107,344,0.8,,,0,0,N5v4_Final,e3b0c44298fc1c14,cd8134d01d0f
2026-03-25,2026-03-25 11:07:18,backfill,1,New York State Open,2026,2026-06-19,86,86,live,1,,,81,47,140,0.8,,,0,0,N5v4_Final,e3b0c44298fc1c14,cd8134d01d0f
2026-03-25,2026-03-25 11:07:18,backfill,1,World Open G/50 Championship,2026,2026-06-25,92,92,live,0,,,100,70,130,0.8,,,0,0,N5v4_Final,e3b0c44298fc1c14,cd8134d01d0f
2026-03-25,2026-03-25 11:07:18,backfill,1,DC International,2026,2026-06-25,92,92,live,0,,,100,70,130,0.8,,,0,0,N5v4_Final,e3b0c44298fc1c14,cd8134d01d0f
2026-03-25,2026-03-25 11:07:18,backfill,1,DC Open,2026,2026-06-26,93,93,live,0,,,100,70,130,0.8,,,0,0,N5v4_Final,e3b0c44298fc1c14,cd8134d01d0f
2026-03-25,2026-03-25 11:07:18,backfill,1,World Open,2026,2026-07-01,98,98,live,35,,,1379,1178,1613,0.8,,,0,0,N5v4_Final,e3b0c44298fc1c14,cd8134d01d0f
2026-03-25,2026-03-25 11:07:18,backfill,1,World Open G/7 Championship,2026,2026-07-01,98,98,live,0,,,100,70,130,0.8,,,0,0,N5v4_Final,e3b0c44298fc1c14,cd8134d01d0f
2026-03-25,2026-03-25 11:07:18,backfill,1,World Open G/10 Championship,2026,2026-07-04,101,101,live,0,,,100,70,130,0.8,,,0,0,N5v4_Final,e3b0c44298fc1c14,cd8134d01d0f
2026-03-25,2026-03-25 11:07:18,backfill,1,Chicago Class,2026,2026-07-17,114,114,live,1,,,275,150,501,0.8,,,0,0,N5v4_Final,e3b0c44298fc1c14,cd8134d01d0f
2026-03-25,2026-03-25 11:07:18,backfill,1,Pittsburgh Open,2026,2026-07-17,114,114,live,2,,,168,88,321,0.8,,,0,0,N5v4_Final,e3b0c44298fc1c14,cd8134d01d0f
2026-03-25,2026-03-25 11:07:18,backfill,1,Southern Open,2026,2026-07-17,114,114,live,0,,,232,183,282,0.8,,,0,0,N5v4_Final,e3b0c44298fc1c14,cd8134d01d0f
2026-03-25,2026-03-25 11:07:18,backfill,1,Bradley Open,2026,2026-07-24,121,121,live,2,,,262,151,453,0.8,,,0,0,N5v4_Final,e3b0c44298fc1c14,cd8134d01d0f
2026-03-25,2026-03-25 11:07:18,backfill,1,Pacific Coast Open,2026,2026-07-31,128,128,live,3,,,383,213,691,0.8,,,0,0,N5v4_Final,e3b0c44298fc1c14,cd8134d01d0f
2026-03-25,2026-03-25 11:07:18,backfill,1,National Chess Congress,2026,2026-11-28,248,248,live,0,,,623,572,677,0.8,,,0,0,N5v4_Final,e3b0c44298fc1c14,cd8134d01d0f
2026-03-26,2026-03-26 08:03:42,backfill,1,Atlantic City Open,2026,2026-04-01,6,6,live,226,,,445,421,471,0.8,,,0,0,N5v4_Final,e3b0c44298fc1c14,75705600231f
2026-03-26,2026-03-26 08:03:42,backfill,1,Chicago Open,2026,2026-05-21,56,56,live,183,,,892,845,941,0.8,,,0,0,N5v4_Final,e3b0c44298fc1c14,75705600231f
2026-03-26,2026-03-26 08:03:42,backfill,1,Hartford Open,2026,2026-06-05,71,71,live,3,,,195,113,338,0.8,,,0,0,N5v4_Final,e3b0c44298fc1c14,75705600231f
2026-03-26,2026-03-26 08:03:42,backfill,1,Cleveland Open,2026,2026-06-05,71,71,live,2,,,192,107,345,0.8,,,0,0,N5v4_Final,e3b0c44298fc1c14,75705600231f
2026-03-26,2026-03-26 08:03:42,backfill,1,New York State Open,2026,2026-06-19,85,85,live,1,,,81,47,140,0.8,,,0,0,N5v4_Final,e3b0c44298fc1c14,75705600231f
2026-03-26,2026-03-26 08:03:42,backfill,1,World Open,2026,2026-07-01,97,97,live,35,,,1376,1176,1610,0.8,,,0,0,N5v4_Final,e3b0c44298fc1c14,75705600231f
2026-03-26,2026-03-26 08:03:42,backfill,1,Chicago Class,2026,2026-07-17,113,113,live,1,,,275,150,501,0.8,,,0,0,N5v4_Final,e3b0c44298fc1c14,75705600231f
2026-03-26,2026-03-26 08:03:42,backfill,1,Pittsburgh Open,2026,2026-07-17,113,113,live,2,,,168,88,320,0.8,,,0,0,N5v4_Final,e3b0c44298fc1c14,75705600231f
2026-03-26,2026-03-26 08:03:42,backfill,1,Southern Open,2026,2026-07-17,113,113,live,0,,,232,183,282,0.8,,,0,0,N5v4_Final,e3b0c44298fc1c14,75705600231f
2026-03-26,2026-03-26 08:03:42,backfill,1,Bradley Open,2026,2026-07-24,120,120,live,2,,,262,151,453,0.8,,,0,0,N5v4_Final,e3b0c44298fc1c14,75705600231f
2026-03-26,2026-03-26 08:03:42,backfill,1,Pacific Coast Open,2026,2026-07-31,127,127,live,3,,,383,213,690,0.8,,,0,0,N5v4_Final,e3b0c44298fc1c14,75705600231f
2026-03-26,2026-03-26 08:03:42,backfill,1,National Chess Congress,2026,2026-11-28,247,247,live,0,,,623,572,677,0.8,,,0,0,N5v4_Final,e3b0c44298fc1c14,75705600231f
2026-03-26,2026-03-26 11:14:31,backfill,1,Atlantic City Open,2026,2026-04-01,6,6,live,242,,,455,430,481,0.8,,,0,0,N5v4_Final,e3b0c44298fc1c14,f92c7bfa4d0d
2026-03-26,2026-03-26 11:14:31,backfill,1,Chicago Open,2026,2026-05-21,56,56,live,182,,,891,844,941,0.8,,,0,0,N5v4_Final,e3b0c44298fc1c14,f92c7bfa4d0d
2026-03-26,2026-03-26 11:14:31,backfill,1,Hartford Open,2026,2026-06-05,71,71,live,3,,,195,113,338,0.8,,,0,0,N5v4_Final,e3b0c44298fc1c14,f92c7bfa4d0d
2026-03-26,2026-03-26 11:14:31,backfill,1,Cleveland Open,2026,2026-06-05,71,71,live,2,,,192,107,345,0.8,,,0,0,N5v4_Final,e3b0c44298fc1c14,f92c7bfa4d0d
2026-03-26,2026-03-26 11:14:31,backfill,1,New York State Open,2026,2026-06-19,85,85,live,1,,,81,47,140,0.8,,,0,0,N5v4_Final,e3b0c44298fc1c14,f92c7bfa4d0d
2026-03-26,2026-03-26 11:14:31,backfill,1,World Open,2026,2026-07-01,97,97,live,35,,,1376,1176,1610,0.8,,,0,0,N5v4_Final,e3b0c44298fc1c14,f92c7bfa4d0d
2026-03-26,2026-03-26 11:14:31,backfill,1,Chicago Class,2026,2026-07-17,113,113,live,1,,,275,150,501,0.8,,,0,0,N5v4_Final,e3b0c44298fc1c14,f92c7bfa4d0d
2026-03-26,2026-03-26 11:14:31,backfill,1,Pittsburgh Open,2026,2026-07-17,113,113,live,2,,,168,88,320,0.8,,,0,0,N5v4_Final,e3b0c44298fc1c14,f92c7bfa4d0d
2026-03-26,2026-03-26 11:14:31,backfill,1,Southern Open,2026,2026-07-17,113,113,live,0,,,232,183,282,0.8,,,0,0,N5v4_Final,e3b0c44298fc1c14,f92c7bfa4d0d
2026-03-26,2026-03-26 11:14:31,backfill,1,Bradley Open,2026,2026-07-24,120,120,live,2,,,262,151,453,0.8,,,0,0,N5v4_Final,e3b0c44298fc1c14,f92c7bfa4d0d
2026-03-26,2026-03-26 11:14:31,backfill,1,Pacific Coast Open,2026,2026-07-31,127,127,live,3,,,383,213,690,0.8,,,0,0,N5v4_Final,e3b0c44298fc1c14,f92c7bfa4d0d
2026-03-26,2026-03-26 11:14:31,backfill,1,National Chess Congress,2026,2026-11-28,247,247,live,0,,,623,572,677,0.8,,,0,0,N5v4_Final,e3b0c44298fc1c14,f92c7bfa4d0d
2026-03-26,2026-03-26 14:43:41,backfill,1,Atlantic City Open,2026,2026-04-01,6,6,live,242,,,440,410,472,0.8,,,0,0,N5v4_Final,e3b0c44298fc1c14,a163ec0c8130
2026-03-26,2026-03-26 14:43:41,backfill,1,Chicago Open,2026,2026-05-21,56,56,live,182,,,890,838,945,0.8,,,0,0,N5v4_Final,e3b0c44298fc1c14,a163ec0c8130
2026-03-26,2026-03-26 14:43:41,backfill,1,Hartford Open,2026,2026-06-05,71,71,live,3,,,195,119,320,0.8,,,0,0,N5v4_Final,e3b0c44298fc1c14,a163ec0c8130
2026-03-26,2026-03-26 14:43:41,backfill,1,Cleveland Open,2026,2026-06-05,71,71,live,2,,,192,114,324,0.8,,,0,0,N5v4_Final,e3b0c44298fc1c14,a163ec0c8130
2026-03-26,2026-03-26 14:43:41,backfill,1,New York State Open,2026,2026-06-19,85,85,live,1,,,76,46,125,0.8,,,0,0,N5v4_Final,e3b0c44298fc1c14,a163ec0c8130
2026-03-26,2026-03-26 14:43:41,backfill,1,World Open,2026,2026-07-01,97,97,live,35,,,1301,1171,1446,0.8,,,0,0,N5v4_Final,e3b0c44298fc1c14,a163ec0c8130
2026-03-26,2026-03-26 14:43:41,backfill,1,Chicago Class,2026,2026-07-17,113,113,live,1,,,260,151,446,0.8,,,0,0,N5v4_Final,e3b0c44298fc1c14,a163ec0c8130
2026-03-26,2026-03-26 14:43:41,backfill,1,Pittsburgh Open,2026,2026-07-17,113,113,live,2,,,159,95,267,0.8,,,0,0,N5v4_Final,e3b0c44298fc1c14,a163ec0c8130
2026-03-26,2026-03-26 14:43:41,backfill,1,Southern Open,2026,2026-07-17,113,113,live,0,,,232,183,282,0.8,,,0,0,N5v4_Final,e3b0c44298fc1c14,a163ec0c8130
2026-03-26,2026-03-26 14:43:41,backfill,1,Bradley Open,2026,2026-07-24,120,120,live,2,,,247,151,406,0.8,,,0,0,N5v4_Final,e3b0c44298fc1c14,a163ec0c8130
2026-03-26,2026-03-26 14:43:41,backfill,1,Pacific Coast Open,2026,2026-07-31,127,127,live,3,,,362,221,594,0.8,,,0,0,N5v4_Final,e3b0c44298fc1c14,a163ec0c8130
2026-03-26,2026-03-26 14:43:41,backfill,1,National Chess Congress,2026,2026-11-28,247,247,live,0,,,623,572,677,0.8,,,0,0,N5v4_Final,e3b0c44298fc1c14,a163ec0c8130
2026-03-26,2026-03-26 14:47:08,backfill,1,Atlantic City Open,2026,2026-04-01,6,6,live,242,,,461,430,494,0.8,,,0,0,N5v4_Final,e3b0c44298fc1c14,bd65264d8042
2026-03-26,2026-03-26 14:47:08,backfill,1,Chicago Open,2026,2026-05-21,56,56,live,182,,,897,845,953,0.8,,,0,0,N5v4_Final,e3b0c44298fc1c14,bd65264d8042
2026-03-26,2026-03-26 14:47:08,backfill,1,Hartford Open,2026,2026-06-05,71,71,live,3,,,196,120,322,0.8,,,0,0,N5v4_Final,e3b0c44298fc1c14,bd65264d8042
2026-03-26,2026-03-26 14:47:08,backfill,1,Cleveland Open,2026,2026-06-05,71,71,live,2,,,193,115,326,0.8,,,0,0,N5v4_Final,e3b0c44298fc1c14,bd65264d8042
2026-03-26,2026-03-26 14:47:08,backfill,1,New York State Open,2026,2026-06-19,85,85,live,1,,,79,48,130,0.8,,,0,0,N5v4_Final,e3b0c44298fc1c14,bd65264d8042
2026-03-26,2026-03-26 14:47:08,backfill,1,World Open,2026,2026-07-01,97,97,live,35,,,1352,1217,1502,0.8,,,0,0,N5v4_Final,e3b0c44298fc1c14,bd65264d8042
2026-03-26,2026-03-26 14:47:08,backfill,1,Chicago Class,2026,2026-07-17,113,113,live,1,,,270,157,464,0.8,,,0,0,N5v4_Final,e3b0c44298fc1c14,bd65264d8042
2026-03-26,2026-03-26 14:47:08,backfill,1,Pittsburgh Open,2026,2026-07-17,113,113,live,2,,,165,98,277,0.8,,,0,0,N5v4_Final,e3b0c44298fc1c14,bd65264d8042
2026-03-26,2026-03-26 14:47:08,backfill,1,Southern Open,2026,2026-07-17,113,113,live,0,,,232,183,282,0.8,,,0,0,N5v4_Final,e3b0c44298fc1c14,bd65264d8042
2026-03-26,2026-03-26 14:47:08,backfill,1,Bradley Open,2026,2026-07-24,120,120,live,2,,,257,157,421,0.8,,,0,0,N5v4_Final,e3b0c44298fc1c14,bd65264d8042
2026-03-26,2026-03-26 14:47:08,backfill,1,Pacific Coast Open,2026,2026-07-31,127,127,live,3,,,376,230,617,0.8,,,0,0,N5v4_Final,e3b0c44298fc1c14,bd65264d8042
2026-03-26,2026-03-26 14:47:08,backfill,1,National Chess Congress,2026,2026-11-28,247,247,live,0,,,623,572,677,0.8,,,0,0,N5v4_Final,e3b0c44298fc1c14,bd65264d8042
2026-03-27,2026-03-27 11:07:47,backfill,1,Atlantic City Open,2026,2026-04-01,5,5,live,249,,,457,429,486,0.8,,,0,0,N5v4_Final,e3b0c44298fc1c14,1cbfd1b8e1ad
2026-03-27,2026-03-27 11:07:47,backfill,1,Chicago Open,2026,2026-05-21,55,55,live,183,,,892,841,946,0.8,,,0,0,N5v4_Final,e3b0c44298fc1c14,1cbfd1b8e1ad
2026-03-27,2026-03-27 11:07:47,backfill,1,Hartford Open,2026,2026-06-05,70,70,live,3,,,196,119,321,0.8,,,0,0,N5v4_Final,e3b0c44298fc1c14,1cbfd1b8e1ad
2026-03-27,2026-03-27 11:07:47,backfill,1,Cleveland Open,2026,2026-06-05,70,70,live,2,,,193,113,327,0.8,,,0,0,N5v4_Final,e3b0c44298fc1c14,1cbfd1b8e1ad
2026-03-27,2026-03-27 11:07:47,backfill,1,New York State Open,2026,2026-06-19,84,84,live,1,,,79,48,129,0.8,,,0,0,N5v4_Final,e3b0c44298fc1c14,1cbfd1b8e1ad
2026-03-27,2026-03-27 11:07:47,backfill,1,World Open,2026,2026-07-01,96,96,live,35,,,1341,1207,1490,0.8,,,0,0,N5v4_Final,e3b0c44298fc1c14,1cbfd1b8e1ad
2026-03-27,2026-03-27 11:07:47,backfill,1,Chicago Class,2026,2026-07-17,112,112,live,1,,,268,156,461,0.8,,,0,0,N5v4_Final,e3b0c44298fc1c14,1cbfd1b8e1ad
2026-03-27,2026-03-27 11:07:47,backfill,1,Pittsburgh Open,2026,2026-07-17,112,112,live,2,,,164,98,275,0.8,,,0,0,N5v4_Final,e3b0c44298fc1c14,1cbfd1b8e1ad
2026-03-27,2026-03-27 11:07:47,backfill,1,Southern Open,2026,2026-07-17,112,112,live,0,,,232,183,282,0.8,,,0,0,N5v4_Final,e3b0c44298fc1c14,1cbfd1b8e1ad
2026-03-27,2026-03-27 11:07:47,backfill,1,Bradley Open,2026,2026-07-24,119,119,live,2,,,255,156,419,0.8,,,0,0,N5v4_Final,e3b0c44298fc1c14,1cbfd1b8e1ad
2026-03-27,2026-03-27 11:07:47,backfill,1,Pacific Coast Open,2026,2026-07-31,126,126,live,3,,,374,228,613,0.8,,,0,0,N5v4_Final,e3b0c44298fc1c14,1cbfd1b8e1ad
2026-03-27,2026-03-27 11:07:47,backfill,1,National Chess Congress,2026,2026-11-28,246,246,live,0,,,623,572,677,0.8,,,0,0,N5v4_Final,e3b0c44298fc1c14,1cbfd1b8e1ad
2026-03-27,2026-03-27 14:38:54,backfill,1,Atlantic City Open,2026,2026-04-01,5,5,live,249,,,457,429,486,0.8,,,0,0,N5v4_Final,e3b0c44298fc1c14,261f8a0f553d
2026-03-27,2026-03-27 14:38:54,backfill,1,Chicago Open,2026,2026-05-21,55,55,live,183,,,892,841,946,0.8,,,0,0,N5v4_Final,e3b0c44298fc1c14,261f8a0f553d
2026-03-27,2026-03-27 14:38:54,backfill,1,Hartford Open,2026,2026-06-05,70,70,live,3,,,196,119,321,0.8,,,0,0,N5v4_Final,e3b0c44298fc1c14,261f8a0f553d
2026-03-27,2026-03-27 14:38:54,backfill,1,Cleveland Open,2026,2026-06-05,70,70,live,2,,,193,113,327,0.8,,,0,0,N5v4_Final,e3b0c44298fc1c14,261f8a0f553d
2026-03-27,2026-03-27 14:38:54,backfill,1,New York State Open,2026,2026-06-19,84,84,live,1,,,79,48,129,0.8,,,0,0,N5v4_Final,e3b0c44298fc1c14,261f8a0f553d
2026-03-27,2026-03-27 14:38:54,backfill,1,World Open,2026,2026-07-01,96,96,live,35,,,1341,1207,1490,0.8,,,0,0,N5v4_Final,e3b0c44298fc1c14,261f8a0f553d
2026-03-27,2026-03-27 14:38:54,backfill,1,Chicago Class,2026,2026-07-17,112,112,live,1,,,268,156,461,0.8,,,0,0,N5v4_Final,e3b0c44298fc1c14,261f8a0f553d
2026-03-27,2026-03-27 14:38:54,backfill,1,Pittsburgh Open,2026,2026-07-17,112,112,live,2,,,164,98,275,0.8,,,0,0,N5v4_Final,e3b0c44298fc1c14,261f8a0f553d
2026-03-27,2026-03-27 14:38:54,backfill,1,Southern Open,2026,2026-07-17,112,112,live,0,,,232,183,282,0.8,,,0,0,N5v4_Final,e3b0c44298fc1c14,261f8a0f553d
2026-03-27,2026-03-27 14:38:54,backfill,1,Bradley Open,2026,2026-07-24,119,119,live,2,,,255,156,419,0.8,,,0,0,N5v4_Final,e3b0c44298fc1c14,261f8a0f553d
2026-03-27,2026-03-27 14:38:54,backfill,1,Pacific Coast Open,2026,2026-07-31,126,126,live,3,,,374,228,613,0.8,,,0,0,N5v4_Final,e3b0c44298fc1c14,261f8a0f553d
2026-03-27,2026-03-27 14:38:54,backfill,1,National Chess Congress,2026,2026-11-28,246,246,live,0,,,623,572,677,0.8,,,0,0,N5v4_Final,e3b0c44298fc1c14,261f8a0f553d
2026-03-28,2026-03-28 10:13:28,backfill,1,Atlantic City Open,2026,2026-04-01,4,4,live,267,,,461,436,488,0.8,,,0,0,N5v4_Final,e3b0c44298fc1c14,181c74cde72e
2026-03-28,2026-03-28 10:13:28,backfill,1,Chicago Open,2026,2026-05-21,54,54,live,185,,,891,841,944,0.8,,,0,0,N5v4_Final,e3b0c44298fc1c14,181c74cde72e
2026-03-28,2026-03-28 10:13:28,backfill,1,Hartford Open,2026,2026-06-05,69,69,live,3,,,195,119,321,0.8,,,0,0,N5v4_Final,e3b0c44298fc1c14,181c74cde72e
2026-03-28,2026-03-28 10:13:28,backfill,1,Cleveland Open,2026,2026-06-05,69,69,live,2,,,192,113,329,0.8,,,0,0,N5v4_Final,e3b0c44298fc1c14,181c74cde72e
2026-03-28,2026-03-28 10:13:28,backfill,1,New York State Open,2026,2026-06-19,83,83,live,2,,,82,49,138,0.8,,,0,0,N5v4_Final,e3b0c44298fc1c14,181c74cde72e
2026-03-28,2026-03-28 10:13:28,backfill,1,World Open,2026,2026-07-01,95,95,live,35,,,1338,1204,1487,0.8,,,0,0,N5v4_Final,e3b0c44298fc1c14,181c74cde72e
2026-03-28,2026-03-28 10:13:28,backfill,1,Chicago Class,2026,2026-07-17,111,111,live,1,,,268,156,461,0.8,,,0,0,N5v4_Final,e3b0c44298fc1c14,181c74cde72e
2026-03-28,2026-03-28 10:13:28,backfill,1,Pittsburgh Open,2026,2026-07-17,111,111,live,2,,,164,98,275,0.8,,,0,0,N5v4_Final,e3b0c44298fc1c14,181c74cde72e
2026-03-28,2026-03-28 10:13:28,backfill,1,Southern Open,2026,2026-07-17,111,111,live,0,,,232,183,282,0.8,,,0,0,N5v4_Final,e3b0c44298fc1c14,181c74cde72e
2026-03-28,2026-03-28 10:13:28,backfill,1,Bradley Open,2026,2026-07-24,118,118,live,2,,,255,156,418,0.8,,,0,0,N5v4_Final,e3b0c44298fc1c14,181c74cde72e
2026-03-28,2026-03-28 10:13:28,backfill,1,Pacific Coast Open,2026,2026-07-31,125,125,live,3,,,374,228,613,0.8,,,0,0,N5v4_Final,e3b0c44298fc1c14,181c74cde72e
2026-03-28,2026-03-28 10:13:28,backfill,1,Central California Open,2026,2026-08-14,139,139,live,0,,,175,144,203,0.8,,,0,0,N5v4_Final,e3b0c44298fc1c14,181c74cde72e
2026-03-28,2026-03-28 10:13:28,backfill,1,Atlantic Open,2026,2026-08-21,146,146,live,0,,,316,251,395,0.8,,,0,0,N5v4_Final,e3b0c44298fc1c14,181c74cde72e
2026-03-28,2026-03-28 10:13:28,backfill,1,New York State Championship,2026,2026-09-04,160,160,live,0,,,304,237,347,0.8,,,0,0,N5v4_Final,e3b0c44298fc1c14,181c74cde72e
2026-03-28,2026-03-28 10:13:28,backfill,1,National Chess Congress,2026,2026-11-28,245,245,live,0,,,623,572,677,0.8,,,0,0,N5v4_Final,e3b0c44298fc1c14,181c74cde72e
2026-03-28,2026-03-28 15:16:53,backfill,1,Atlantic City Open,2026,2026-04-01,4,4,live,265,274,9,460,435,487,0.8,,,0,0,N5v4_Final,e3b0c44298fc1c14,e4b0a0046633
2026-03-28,2026-03-28 15:16:53,backfill,1,Chicago Open,2026,2026-05-21,54,54,live,185,189,4,891,841,944,0.8,,,0,0,N5v4_Final,e3b0c44298fc1c14,e4b0a0046633
2026-03-28,2026-03-28 15:16:53,backfill,1,Hartford Open,2026,2026-06-05,69,69,live,3,3,0,195,119,321,0.8,,,0,0,N5v4_Final,e3b0c44298fc1c14,e4b0a0046633
2026-03-28,2026-03-28 15:16:53,backfill,1,Cleveland Open,2026,2026-06-05,69,69,live,2,3,0,192,113,329,0.8,,,0,0,N5v4_Final,e3b0c44298fc1c14,e4b0a0046633
2026-03-28,2026-03-28 15:16:53,backfill,1,New York State Open,2026,2026-06-19,83,83,live,2,2,0,82,49,138,0.8,,,0,0,N5v4_Final,e3b0c44298fc1c14,e4b0a0046633
2026-03-28,2026-03-28 15:16:53,backfill,1,DC International,2026,2026-06-25,89,89,live,0,,,100,70,130,0.8,,,0,0,N5v4_Final,e3b0c44298fc1c14,e4b0a0046633
2026-03-28,2026-03-28 15:16:53,backfill,1,Philadelphia International,2026,2026-06-25,89,89,live,0,,,122,96,145,0.8,,,0,0,N5v4_Final,e3b0c44298fc1c14,e4b0a0046633
2026-03-28,2026-03-28 15:16:53,backfill,1,DC Open,2026,2026-06-26,90,90,live,0,,,100,70,130,0.8,,,0,0,N5v4_Final,e3b0c44298fc1c14,e4b0a0046633
2026-03-28,2026-03-28 15:16:53,backfill,1,Philadelphia Open,2026,2026-06-26,90,90,live,0,,,286,251,319,0.8,,,0,0,N5v4_Final,e3b0c44298fc1c14,e4b0a0046633
2026-03-28,2026-03-28 15:16:53,backfill,1,"World Open, lower sections",2026,2026-06-27,91,91,live,0,,,100,70,130,0.8,,,0,0,N5v4_Final,e3b0c44298fc1c14,e4b0a0046633
2026-03-28,2026-03-28 15:16:53,backfill,1,"World Open, top 6 sections",2026,2026-07-01,95,95,live,0,,,100,70,130,0.8,,,0,0,N5v4_Final,e3b0c44298fc1c14,e4b0a0046633
2026-03-28,2026-03-28 15:16:53,backfill,1,Chicago Class,2026,2026-07-17,111,111,live,1,1,0,268,156,461,0.8,,,0,0,N5v4_Final,e3b0c44298fc1c14,e4b0a0046633
2026-03-28,2026-03-28 15:16:53,backfill,1,Pittsburgh Open,2026,2026-07-17,111,111,live,2,2,0,164,98,275,0.8,,,0,0,N5v4_Final,e3b0c44298fc1c14,e4b0a0046633
2026-03-28,2026-03-28 15:16:53,backfill,1,Southern Open,2026,2026-07-17,111,111,live,0,,,232,183,282,0.8,,,0,0,N5v4_Final,e3b0c44298fc1c14,e4b0a0046633
2026-03-28,2026-03-28 15:16:53,backfill,1,Bradley Open,2026,2026-07-24,118,118,live,2,2,0,255,156,418,0.8,,,0,0,N5v4_Final,e3b0c44298fc1c14,e4b0a0046633
2026-03-28,2026-03-28 15:16:53,backfill,1,Pacific Coast Open,2026,2026-07-31,125,125,live,3,3,0,374,228,613,0.8,,,0,0,N5v4_Final,e3b0c44298fc1c14,e4b0a0046633
2026-03-28,2026-03-28 15:16:53,backfill,1,Central California Open,2026,2026-08-14,139,139,live,0,,,175,144,203,0.8,,,0,0,N5v4_Final,e3b0c44298fc1c14,e4b0a0046633
2026-03-28,2026-03-28 15:16:53,backfill,1,Atlantic Open,2026,2026-08-21,146,146,live,0,,,316,251,395,0.8,,,0,0,N5v4_Final,e3b0c44298fc1c14,e4b0a0046633
2026-03-28,2026-03-28 15:16:53,backfill,1,New York State Championship,2026,2026-09-04,160,160,live,0,,,304,237,347,0.8,,,0,0,N5v4_Final,e3b0c44298fc1c14,e4b0a0046633
2026-03-28,2026-03-28 15:16:53,backfill,1,National Chess Congress,2026,2026-11-28,245,245,live,0,,,623,572,677,0.8,,,0,0,N5v4_Final,e3b0c44298fc1c14,e4b0a0046633
2026-03-29,2026-03-29 22:29:44,backfill,1,Atlantic City Open,2026,2026-04-01,3,3,live,277,286,9,458,436,482,0.8,,,0,0,N5v4_Final,e3b0c44298fc1c14,6a4a62f4a4ae
2026-03-29,2026-03-29 22:29:44,backfill,1,Chicago Open,2026,2026-05-21,53,53,live,190,194,4,892,843,944,0.8,,,0,0,N5v4_Final,e3b0c44298fc1c14,6a4a62f4a4ae
2026-03-29,2026-03-29 22:29:44,backfill,1,Hartford Open,2026,2026-06-05,68,68,live,4,4,0,199,116,341,0.8,,,0,0,N5v4_Final,e3b0c44298fc1c14,6a4a62f4a4ae
2026-03-29,2026-03-29 22:29:44,backfill,1,Cleveland Open,2026,2026-06-05,68,68,live,3,3,0,195,119,320,0.8,,,0,0,N5v4_Final,e3b0c44298fc1c14,6a4a62f4a4ae
2026-03-29,2026-03-29 22:29:44,backfill,1,New York State Open,2026,2026-06-19,82,82,live,2,2,0,82,49,138,0.8,,,0,0,N5v4_Final,e3b0c44298fc1c14,6a4a62f4a4ae
2026-03-29,2026-03-29 22:29:44,backfill,1,DC International,2026,2026-06-25,88,88,live,0,,,100,70,130,0.8,,,0,0,N5v4_Final,e3b0c44298fc1c14,6a4a62f4a4ae
2026-03-29,2026-03-29 22:29:44,backfill,1,Philadelphia International,2026,2026-06-25,88,88,live,0,,,122,96,145,0.8,,,0,0,N5v4_Final,e3b0c44298fc1c14,6a4a62f4a4ae
2026-03-29,2026-03-29 22:29:44,backfill,1,DC Open,2026,2026-06-26,89,89,live,0,,,100,70,130,0.8,,,0,0,N5v4_Final,e3b0c44298fc1c14,6a4a62f4a4ae
2026-03-29,2026-03-29 22:29:44,backfill,1,Philadelphia Open,2026,2026-06-26,89,89,live,0,,,286,251,319,0.8,,,0,0,N5v4_Final,e3b0c44298fc1c14,6a4a62f4a4ae
2026-03-29,2026-03-29 22:29:44,backfill,1,"World Open, lower sections",2026,2026-06-27,90,90,live,0,,,100,70,130,0.8,,,0,0,N5v4_Final,e3b0c44298fc1c14,6a4a62f4a4ae
2026-03-29,2026-03-29 22:29:44,backfill,1,"World Open, top 6 sections",2026,2026-07-01,94,94,live,0,,,100,70,130,0.8,,,0,0,N5v4_Final,e3b0c44298fc1c14,6a4a62f4a4ae
2026-03-29,2026-03-29 22:29:44,backfill,1,Chicago Class,2026,2026-07-17,110,110,live,1,1,0,268,156,460,0.8,,,0,0,N5v4_Final,e3b0c44298fc1c14,6a4a62f4a4ae
2026-03-29,2026-03-29 22:29:44,backfill,1,Pittsburgh Open,2026,2026-07-17,110,110,live,2,2,0,164,98,275,0.8,,,0,0,N5v4_Final,e3b0c44298fc1c14,6a4a62f4a4ae
2026-03-29,2026-03-29 22:29:44,backfill,1,Southern Open,2026,2026-07-17,110,110,live,0,,,232,183,282,0.8,,,0,0,N5v4_Final,e3b0c44298fc1c14,6a4a62f4a4ae
2026-03-29,2026-03-29 22:29:44,backfill,1,Bradley Open,2026,2026-07-24,117,117,live,3,3,0,261,159,428,0.8,,,0,0,N5v4_Final,e3b0c44298fc1c14,6a4a62f4a4ae
2026-03-29,2026-03-29 22:29:44,backfill,1,Pacific Coast Open,2026,2026-07-31,124,124,live,3,4,0,373,228,612,0.8,,,0,0,N5v4_Final,e3b0c44298fc1c14,6a4a62f4a4ae
2026-03-29,2026-03-29 22:29:44,backfill,1,Central California Open,2026,2026-08-14,138,138,live,0,,,175,144,203,0.8,,,0,0,N5v4_Final,e3b0c44298fc1c14,6a4a62f4a4ae
2026-03-29,2026-03-29 22:29:44,backfill,1,Atlantic Open,2026,2026-08-21,145,145,live,0,,,316,251,395,0.8,,,0,0,N5v4_Final,e3b0c44298fc1c14,6a4a62f4a4ae
2026-03-29,2026-03-29 22:29:44,backfill,1,New York State Championship,2026,2026-09-04,159,159,live,0,,,304,237,347,0.8,,,0,0,N5v4_Final,e3b0c44298fc1c14,6a4a62f4a4ae
2026-03-29,2026-03-29 22:29:44,backfill,1,National Chess Congress,2026,2026-11-28,244,244,live,0,,,623,572,677,0.8,,,0,0,N5v4_Final,e3b0c44298fc1c14,6a4a62f4a4ae
2026-03-29,2026-03-29 22:53:03,backfill,1,Atlantic City Open,2026,2026-04-01,3,3,live,277,286,9,458,436,482,0.8,,,0,0,N5v4_Final,e3b0c44298fc1c14,dc0a0cf43af4
2026-03-29,2026-03-29 22:53:03,backfill,1,Chicago Open,2026,2026-05-21,53,53,live,190,194,4,892,843,944,0.8,,,0,0,N5v4_Final,e3b0c44298fc1c14,dc0a0cf43af4
2026-03-29,2026-03-29 22:53:03,backfill,1,Hartford Open,2026,2026-06-05,68,68,live,4,4,0,199,116,341,0.8,,,0,0,N5v4_Final,e3b0c44298fc1c14,dc0a0cf43af4
2026-03-29,2026-03-29 22:53:03,backfill,1,Cleveland Open,2026,2026-06-05,68,68,live,3,3,0,195,119,320,0.8,,,0,0,N5v4_Final,e3b0c44298fc1c14,dc0a0cf43af4
2026-03-29,2026-03-29 22:53:03,backfill,1,New York State Open,2026,2026-06-19,82,82,live,2,2,0,82,49,138,0.8,,,0,0,N5v4_Final,e3b0c44298fc1c14,dc0a0cf43af4
2026-03-29,2026-03-29 22:53:03,backfill,1,DC International,2026,2026-06-25,88,88,live,0,,,100,70,130,0.8,,,0,0,N5v4_Final,e3b0c44298fc1c14,dc0a0cf43af4
2026-03-29,2026-03-29 22:53:03,backfill,1,DC Open,2026,2026-06-26,89,89,live,0,,,100,70,130,0.8,,,0,0,N5v4_Final,e3b0c44298fc1c14,dc0a0cf43af4
2026-03-29,2026-03-29 22:53:03,backfill,1,"World Open, lower sections",2026,2026-06-27,90,90,live,0,,,100,70,130,0.8,,,0,0,N5v4_Final,e3b0c44298fc1c14,dc0a0cf43af4
2026-03-29,2026-03-29 22:53:03,backfill,1,"World Open, top 6 sections",2026,2026-07-01,94,94,live,0,,,100,70,130,0.8,,,0,0,N5v4_Final,e3b0c44298fc1c14,dc0a0cf43af4
2026-03-29,2026-03-29 22:53:03,backfill,1,Chicago Class,2026,2026-07-17,110,110,live,1,1,0,268,156,460,0.8,,,0,0,N5v4_Final,e3b0c44298fc1c14,dc0a0cf43af4
2026-03-29,2026-03-29 22:53:03,backfill,1,Pittsburgh Open,2026,2026-07-17,110,110,live,2,2,0,164,98,275,0.8,,,0,0,N5v4_Final,e3b0c44298fc1c14,dc0a0cf43af4
2026-03-29,2026-03-29 22:53:03,backfill,1,Southern Open,2026,2026-07-17,110,110,live,0,,,232,183,282,0.8,,,0,0,N5v4_Final,e3b0c44298fc1c14,dc0a0cf43af4
2026-03-29,2026-03-29 22:53:03,backfill,1,Bradley Open,2026,2026-07-24,117,117,live,3,3,0,261,159,428,0.8,,,0,0,N5v4_Final,e3b0c44298fc1c14,dc0a0cf43af4
2026-03-29,2026-03-29 22:53:03,backfill,1,Pacific Coast Open,2026,2026-07-31,124,124,live,3,4,0,373,228,612,0.8,,,0,0,N5v4_Final,e3b0c44298fc1c14,dc0a0cf43af4
2026-03-29,2026-03-29 22:53:03,backfill,1,Central California Open,2026,2026-08-14,138,138,live,0,,,175,144,203,0.8,,,0,0,N5v4_Final,e3b0c44298fc1c14,dc0a0cf43af4
2026-03-29,2026-03-29 22:53:03,backfill,1,Atlantic Open,2026,2026-08-21,145,145,live,0,,,316,251,395,0.8,,,0,0,N5v4_Final,e3b0c44298fc1c14,dc0a0cf43af4
2026-03-29,2026-03-29 22:53:03,backfill,1,New York State Championship,2026,2026-09-04,159,159,live,0,,,304,237,347,0.8,,,0,0,N5v4_Final,e3b0c44298fc1c14,dc0a0cf43af4
2026-03-29,2026-03-29 22:53:03,backfill,1,National Chess Congress,2026,2026-11-28,244,244,live,0,,,623,572,677,0.8,,,0,0,N5v4_Final,e3b0c44298fc1c14,dc0a0cf43af4
2026-03-30,2026-03-30 09:57:57,backfill,1,Atlantic City Open,2026,2026-04-01,2,2,live,306,318,12,468,446,491,0.8,,,0,0,N5v4_Final,e3b0c44298fc1c14,7a4b74912970
2026-03-30,2026-03-30 09:57:57,backfill,1,Chicago Open,2026,2026-05-21,52,52,live,198,202,4,896,848,946,0.8,,,0,0,N5v4_Final,e3b0c44298fc1c14,7a4b74912970
2026-03-30,2026-03-30 09:57:57,backfill,1,Hartford Open,2026,2026-06-05,67,67,live,4,4,0,199,117,339,0.8,,,0,0,N5v4_Final,e3b0c44298fc1c14,7a4b74912970
2026-03-30,2026-03-30 09:57:57,backfill,1,Cleveland Open,2026,2026-06-05,67,67,live,3,3,0,195,119,320,0.8,,,0,0,N5v4_Final,e3b0c44298fc1c14,7a4b74912970
2026-03-30,2026-03-30 09:57:57,backfill,1,New York State Open,2026,2026-06-19,81,81,live,4,4,0,79,42,147,0.8,,,0,0,N5v4_Final,e3b0c44298fc1c14,7a4b74912970
2026-03-30,2026-03-30 09:57:57,backfill,1,DC International,2026,2026-06-25,87,87,live,0,,,100,70,130,0.8,,,0,0,N5v4_Final,e3b0c44298fc1c14,7a4b74912970
2026-03-30,2026-03-30 09:57:57,backfill,1,Philadelphia International,2026,2026-06-25,87,87,live,0,,,122,96,145,0.8,,,0,0,N5v4_Final,e3b0c44298fc1c14,7a4b74912970
2026-03-30,2026-03-30 09:57:57,backfill,1,DC Open,2026,2026-06-26,88,88,live,0,,,100,70,130,0.8,,,0,0,N5v4_Final,e3b0c44298fc1c14,7a4b74912970
2026-03-30,2026-03-30 09:57:57,backfill,1,Philadelphia Open,2026,2026-06-26,88,88,live,0,,,286,251,319,0.8,,,0,0,N5v4_Final,e3b0c44298fc1c14,7a4b74912970
2026-03-30,2026-03-30 09:57:57,backfill,1,"World Open, lower sections",2026,2026-06-27,89,89,live,0,,,100,70,130,0.8,,,0,0,N5v4_Final,e3b0c44298fc1c14,7a4b74912970
2026-03-30,2026-03-30 09:57:57,backfill,1,"World Open, top 6 sections",2026,2026-07-01,93,93,live,0,,,100,70,130,0.8,,,0,0,N5v4_Final,e3b0c44298fc1c14,7a4b74912970
2026-03-30,2026-03-30 09:57:57,backfill,1,Chicago Class,2026,2026-07-17,109,109,live,1,1,0,268,156,460,0.8,,,0,0,N5v4_Final,e3b0c44298fc1c14,7a4b74912970
2026-03-30,2026-03-30 09:57:57,backfill,1,Pittsburgh Open,2026,2026-07-17,109,109,live,2,2,0,164,98,275,0.8,,,0,0,N5v4_Final,e3b0c44298fc1c14,7a4b74912970
2026-03-30,2026-03-30 09:57:57,backfill,1,Southern Open,2026,2026-07-17,109,109,live,0,,,232,183,282,0.8,,,0,0,N5v4_Final,e3b0c44298fc1c14,7a4b74912970
2026-03-30,2026-03-30 09:57:57,backfill,1,Bradley Open,2026,2026-07-24,116,116,live,3,3,0,261,159,427,0.8,,,0,0,N5v4_Final,e3b0c44298fc1c14,7a4b74912970
2026-03-30,2026-03-30 09:57:57,backfill,1,Pacific Coast Open,2026,2026-07-31,123,123,live,4,4,0,377,230,619,0.8,,,0,0,N5v4_Final,e3b0c44298fc1c14,7a4b74912970
2026-03-30,2026-03-30 09:57:57,backfill,1,Central California Open,2026,2026-08-14,137,137,live,0,,,175,144,203,0.8,,,0,0,N5v4_Final,e3b0c44298fc1c14,7a4b74912970
2026-03-30,2026-03-30 09:57:57,backfill,1,Atlantic Open,2026,2026-08-21,144,144,live,0,,,316,251,395,0.8,,,0,0,N5v4_Final,e3b0c44298fc1c14,7a4b74912970
2026-03-30,2026-03-30 09:57:57,backfill,1,New York State Championship,2026,2026-09-04,158,158,live,0,,,304,237,347,0.8,,,0,0,N5v4_Final,e3b0c44298fc1c14,7a4b74912970
2026-03-30,2026-03-30 09:57:57,backfill,1,National Chess Congress,2026,2026-11-28,243,243,live,0,,,623,572,677,0.8,,,0,0,N5v4_Final,e3b0c44298fc1c14,7a4b74912970
2026-03-30,2026-03-30 10:05:01,backfill,1,Atlantic City Open,2026,2026-04-01,2,2,live,306,318,12,468,446,491,0.8,,,0,0,N5v4_Final,e3b0c44298fc1c14,163b2cd1b64f
2026-03-30,2026-03-30 10:05:01,backfill,1,Chicago Open,2026,2026-05-21,52,52,live,198,202,4,896,848,946,0.8,,,0,0,N5v4_Final,e3b0c44298fc1c14,163b2cd1b64f
2026-03-30,2026-03-30 10:05:01,backfill,1,Hartford Open,2026,2026-06-05,67,67,live,4,4,0,199,117,339,0.8,,,0,0,N5v4_Final,e3b0c44298fc1c14,163b2cd1b64f
2026-03-30,2026-03-30 10:05:01,backfill,1,Cleveland Open,2026,2026-06-05,67,67,live,3,3,0,195,119,320,0.8,,,0,0,N5v4_Final,e3b0c44298fc1c14,163b2cd1b64f
2026-03-30,2026-03-30 10:05:01,backfill,1,New York State Open,2026,2026-06-19,81,81,live,4,4,0,79,42,147,0.8,,,0,0,N5v4_Final,e3b0c44298fc1c14,163b2cd1b64f
2026-03-30,2026-03-30 10:05:01,backfill,1,DC International,2026,2026-06-25,87,87,live,0,,,100,70,130,0.8,,,0,0,N5v4_Final,e3b0c44298fc1c14,163b2cd1b64f
2026-03-30,2026-03-30 10:05:01,backfill,1,Philadelphia International,2026,2026-06-25,87,87,live,0,,,122,96,145,0.8,,,0,0,N5v4_Final,e3b0c44298fc1c14,163b2cd1b64f
2026-03-30,2026-03-30 10:05:01,backfill,1,DC Open,2026,2026-06-26,88,88,live,0,,,100,70,130,0.8,,,0,0,N5v4_Final,e3b0c44298fc1c14,163b2cd1b64f
2026-03-30,2026-03-30 10:05:01,backfill,1,Philadelphia Open,2026,2026-06-26,88,88,live,0,,,286,251,319,0.8,,,0,0,N5v4_Final,e3b0c44298fc1c14,163b2cd1b64f
2026-03-30,2026-03-30 10:05:01,backfill,1,"World Open, lower sections",2026,2026-06-27,89,89,live,0,,,100,70,130,0.8,,,0,0,N5v4_Final,e3b0c44298fc1c14,163b2cd1b64f
2026-03-30,2026-03-30 10:05:01,backfill,1,"World Open, top 6 sections",2026,2026-07-01,93,93,live,0,,,100,70,130,0.8,,,0,0,N5v4_Final,e3b0c44298fc1c14,163b2cd1b64f
2026-03-30,2026-03-30 10:05:01,backfill,1,Chicago Class,2026,2026-07-17,109,109,live,1,1,0,268,156,460,0.8,,,0,0,N5v4_Final,e3b0c44298fc1c14,163b2cd1b64f
2026-03-30,2026-03-30 10:05:01,backfill,1,Pittsburgh Open,2026,2026-07-17,109,109,live,2,2,0,164,98,275,0.8,,,0,0,N5v4_Final,e3b0c44298fc1c14,163b2cd1b64f
2026-03-30,2026-03-30 10:05:01,backfill,1,Southern Open,2026,2026-07-17,109,109,live,0,,,232,183,282,0.8,,,0,0,N5v4_Final,e3b0c44298fc1c14,163b2cd1b64f
2026-03-30,2026-03-30 10:05:01,backfill,1,Bradley Open,2026,2026-07-24,116,116,live,3,3,0,261,159,427,0.8,,,0,0,N5v4_Final,e3b0c44298fc1c14,163b2cd1b64f
2026-03-30,2026-03-30 10:05:01,backfill,1,Pacific Coast Open,2026,2026-07-31,123,123,live,4,4,0,377,230,619,0.8,,,0,0,N5v4_Final,e3b0c44298fc1c14,163b2cd1b64f
2026-03-30,2026-03-30 10:05:01,backfill,1,Central California Open,2026,2026-08-14,137,137,live,0,,,175,144,203,0.8,,,0,0,N5v4_Final,e3b0c44298fc1c14,163b2cd1b64f
2026-03-30,2026-03-30 10:05:01,backfill,1,Atlantic Open,2026,2026-08-21,144,144,live,0,,,316,251,395,0.8,,,0,0,N5v4_Final,e3b0c44298fc1c14,163b2cd1b64f
2026-03-30,2026-03-30 10:05:01,backfill,1,New York State Championship,2026,2026-09-04,158,158,live,0,,,304,237,347,0.8,,,0,0,N5v4_Final,e3b0c44298fc1c14,163b2cd1b64f
2026-03-30,2026-03-30 10:05:01,backfill,1,National Chess Congress,2026,2026-11-28,243,243,live,0,,,623,572,677,0.8,,,0,0,N5v4_Final,e3b0c44298fc1c14,163b2cd1b64f
2026-03-30,2026-03-30 10:09:28,backfill,1,Atlantic City Open,2026,2026-04-01,2,2,live,306,318,12,468,446,491,0.8,,,0,0,N5v4_Final,e3b0c44298fc1c14,7a338e98cdc7
2026-03-30,2026-03-30 10:09:28,backfill,1,Chicago Open,2026,2026-05-21,52,52,live,198,202,4,896,848,946,0.8,,,0,0,N5v4_Final,e3b0c44298fc1c14,7a338e98cdc7
2026-03-30,2026-03-30 10:09:28,backfill,1,Hartford Open,2026,2026-06-05,67,67,live,4,4,0,199,117,339,0.8,,,0,0,N5v4_Final,e3b0c44298fc1c14,7a338e98cdc7
2026-03-30,2026-03-30 10:09:28,backfill,1,Cleveland Open,2026,2026-06-05,67,67,live,3,3,0,195,119,320,0.8,,,0,0,N5v4_Final,e3b0c44298fc1c14,7a338e98cdc7
2026-03-30,2026-03-30 10:09:28,backfill,1,New York State Open,2026,2026-06-19,81,81,live,4,4,0,79,42,147,0.8,,,0,0,N5v4_Final,e3b0c44298fc1c14,7a338e98cdc7
2026-03-30,2026-03-30 10:09:28,backfill,1,DC International,2026,2026-06-25,87,87,live,0,,,100,70,130,0.8,,,0,0,N5v4_Final,e3b0c44298fc1c14,7a338e98cdc7
2026-03-30,2026-03-30 10:09:28,backfill,1,DC Open,2026,2026-06-26,88,88,live,0,,,100,70,130,0.8,,,0,0,N5v4_Final,e3b0c44298fc1c14,7a338e98cdc7
2026-03-30,2026-03-30 10:09:28,backfill,1,"World Open, lower sections",2026,2026-06-27,89,89,live,0,,,100,70,130,0.8,,,0,0,N5v4_Final,e3b0c44298fc1c14,7a338e98cdc7
2026-03-30,2026-03-30 10:09:28,backfill,1,"World Open, top 6 sections",2026,2026-07-01,93,93,live,0,,,100,70,130,0.8,,,0,0,N5v4_Final,e3b0c44298fc1c14,7a338e98cdc7
2026-03-30,2026-03-30 10:09:28,backfill,1,Chicago Class,2026,2026-07-17,109,109,live,1,1,0,268,156,460,0.8,,,0,0,N5v4_Final,e3b0c44298fc1c14,7a338e98cdc7
2026-03-30,2026-03-30 10:09:28,backfill,1,Pittsburgh Open,2026,2026-07-17,109,109,live,2,2,0,164,98,275,0.8,,,0,0,N5v4_Final,e3b0c44298fc1c14,7a338e98cdc7
2026-03-30,2026-03-30 10:09:28,backfill,1,Southern Open,2026,2026-07-17,109,109,live,0,,,232,183,282,0.8,,,0,0,N5v4_Final,e3b0c44298fc1c14,7a338e98cdc7
2026-03-30,2026-03-30 10:09:28,backfill,1,Bradley Open,2026,2026-07-24,116,116,live,3,3,0,261,159,427,0.8,,,0,0,N5v4_Final,e3b0c44298fc1c14,7a338e98cdc7
2026-03-30,2026-03-30 10:09:28,backfill,1,Pacific Coast Open,2026,2026-07-31,123,123,live,4,4,0,377,230,619,0.8,,,0,0,N5v4_Final,e3b0c44298fc1c14,7a338e98cdc7
2026-03-30,2026-03-30 10:09:28,backfill,1,Central California Open,2026,2026-08-14,137,137,live,0,,,175,144,203,0.8,,,0,0,N5v4_Final,e3b0c44298fc1c14,7a338e98cdc7
2026-03-30,2026-03-30 10:09:28,backfill,1,Atlantic Open,2026,2026-08-21,144,144,live,0,,,316,251,395,0.8,,,0,0,N5v4_Final,e3b0c44298fc1c14,7a338e98cdc7
2026-03-30,2026-03-30 10:09:28,backfill,1,New York State Championship,2026,2026-09-04,158,158,live,0,,,304,237,347,0.8,,,0,0,N5v4_Final,e3b0c44298fc1c14,7a338e98cdc7
2026-03-30,2026-03-30 10:09:28,backfill,1,National Chess Congress,2026,2026-11-28,243,243,live,0,,,623,572,677,0.8,,,0,0,N5v4_Final,e3b0c44298fc1c14,7a338e98cdc7
2026-03-30,2026-03-30 10:44:53,backfill,1,Atlantic City Open,2026,2026-04-01,2,2,live,306,318,12,468,446,491,0.8,,,0,0,N5v4_Final,e3b0c44298fc1c14,1cd8ce05252b
2026-03-30,2026-03-30 10:44:53,backfill,1,Chicago Open,2026,2026-05-21,52,52,live,198,202,4,896,848,946,0.8,,,0,0,N5v4_Final,e3b0c44298fc1c14,1cd8ce05252b
2026-03-30,2026-03-30 10:44:53,backfill,1,Hartford Open,2026,2026-06-05,67,67,live,4,4,0,199,117,339,0.8,,,0,0,N5v4_Final,e3b0c44298fc1c14,1cd8ce05252b
2026-03-30,2026-03-30 10:44:53,backfill,1,Cleveland Open,2026,2026-06-05,67,67,live,3,3,0,195,119,320,0.8,,,0,0,N5v4_Final,e3b0c44298fc1c14,1cd8ce05252b
2026-03-30,2026-03-30 10:44:53,backfill,1,New York State Open,2026,2026-06-19,81,81,live,4,4,0,79,42,147,0.8,,,0,0,N5v4_Final,e3b0c44298fc1c14,1cd8ce05252b
2026-03-30,2026-03-30 10:44:53,backfill,1,DC International,2026,2026-06-25,87,87,live,0,,,100,70,130,0.8,,,0,0,N5v4_Final,e3b0c44298fc1c14,1cd8ce05252b
2026-03-30,2026-03-30 10:44:53,backfill,1,DC Open,2026,2026-06-26,88,88,live,0,,,100,70,130,0.8,,,0,0,N5v4_Final,e3b0c44298fc1c14,1cd8ce05252b
2026-03-30,2026-03-30 10:44:53,backfill,1,"World Open, lower sections",2026,2026-06-27,89,89,live,0,,,100,70,130,0.8,,,0,0,N5v4_Final,e3b0c44298fc1c14,1cd8ce05252b
2026-03-30,2026-03-30 10:44:53,backfill,1,"World Open, top 6 sections",2026,2026-07-01,93,93,live,0,,,100,70,130,0.8,,,0,0,N5v4_Final,e3b0c44298fc1c14,1cd8ce05252b
2026-03-30,2026-03-30 10:44:53,backfill,1,Chicago Class,2026,2026-07-17,109,109,live,1,1,0,268,156,460,0.8,,,0,0,N5v4_Final,e3b0c44298fc1c14,1cd8ce05252b
2026-03-30,2026-03-30 10:44:53,backfill,1,Pittsburgh Open,2026,2026-07-17,109,109,live,2,2,0,164,98,275,0.8,,,0,0,N5v4_Final,e3b0c44298fc1c14,1cd8ce05252b
2026-03-30,2026-03-30 10:44:53,backfill,1,Southern Open,2026,2026-07-17,109,109,live,0,,,232,183,282,0.8,,,0,0,N5v4_Final,e3b0c44298fc1c14,1cd8ce05252b
2026-03-30,2026-03-30 10:44:53,backfill,1,Bradley Open,2026,2026-07-24,116,116,live,3,3,0,261,159,427,0.8,,,0,0,N5v4_Final,e3b0c44298fc1c14,1cd8ce05252b
2026-03-30,2026-03-30 10:44:53,backfill,1,Pacific Coast Open,2026,2026-07-31,123,123,live,4,4,0,377,230,619,0.8,,,0,0,N5v4_Final,e3b0c44298fc1c14,1cd8ce05252b
2026-03-30,2026-03-30 10:44:53,backfill,1,Central California Open,2026,2026-08-14,137,137,live,0,,,175,144,203,0.8,,,0,0,N5v4_Final,e3b0c44298fc1c14,1cd8ce05252b
2026-03-30,2026-03-30 10:44:53,backfill,1,Atlantic Open,2026,2026-08-21,144,144,live,0,,,316,251,395,0.8,,,0,0,N5v4_Final,e3b0c44298fc1c14,1cd8ce05252b
2026-03-30,2026-03-30 10:44:53,backfill,1,New York State Championship,2026,2026-09-04,158,158,live,0,,,304,237,347,0.8,,,0,0,N5v4_Final,e3b0c44298fc1c14,1cd8ce05252b
2026-03-30,2026-03-30 10:44:53,backfill,1,National Chess Congress,2026,2026-11-28,243,243,live,0,,,623,572,677,0.8,,,0,0,N5v4_Final,e3b0c44298fc1c14,1cd8ce05252b
2026-03-31,2026-03-31 04:09:06,backfill,1,Atlantic City Open,2026,2026-04-01,1,1,live,376,390,14,502,481,524,0.8,,,0,0,N5v4_Final,e3b0c44298fc1c14,c8dc6a62c824
2026-03-31,2026-03-31 04:09:06,backfill,1,Chicago Open,2026,2026-05-21,51,51,live,200,204,4,895,848,944,0.8,,,0,0,N5v4_Final,e3b0c44298fc1c14,c8dc6a62c824
2026-03-31,2026-03-31 04:09:06,backfill,1,Hartford Open,2026,2026-06-05,66,66,live,4,4,0,199,118,336,0.8,,,0,0,N5v4_Final,e3b0c44298fc1c14,c8dc6a62c824
2026-03-31,2026-03-31 04:09:06,backfill,1,Cleveland Open,2026,2026-06-05,66,66,live,3,3,0,195,119,319,0.8,,,0,0,N5v4_Final,e3b0c44298fc1c14,c8dc6a62c824
2026-03-31,2026-03-31 04:09:06,backfill,1,New York State Open,2026,2026-06-19,80,80,live,4,4,0,79,42,147,0.8,,,0,0,N5v4_Final,e3b0c44298fc1c14,c8dc6a62c824
2026-03-31,2026-03-31 04:09:06,backfill,1,DC International,2026,2026-06-25,86,86,live,0,,,100,70,130,0.8,,,0,0,N5v4_Final,e3b0c44298fc1c14,c8dc6a62c824
2026-03-31,2026-03-31 04:09:06,backfill,1,DC Open,2026,2026-06-26,87,87,live,0,,,100,70,130,0.8,,,0,0,N5v4_Final,e3b0c44298fc1c14,c8dc6a62c824
2026-03-31,2026-03-31 04:09:06,backfill,1,"World Open, lower sections",2026,2026-06-27,88,88,live,0,,,100,70,130,0.8,,,0,0,N5v4_Final,e3b0c44298fc1c14,c8dc6a62c824
2026-03-31,2026-03-31 04:09:06,backfill,1,"World Open, top 6 sections",2026,2026-07-01,92,92,live,0,,,100,70,130,0.8,,,0,0,N5v4_Final,e3b0c44298fc1c14,c8dc6a62c824
2026-03-31,2026-03-31 04:09:06,backfill,1,Chicago Class,2026,2026-07-17,108,108,live,1,1,0,268,156,460,0.8,,,0,0,N5v4_Final,e3b0c44298fc1c14,c8dc6a62c824
2026-03-31,2026-03-31 04:09:06,backfill,1,Pittsburgh Open,2026,2026-07-17,108,108,live,2,2,0,164,98,275,0.8,,,0,0,N5v4_Final,e3b0c44298fc1c14,c8dc6a62c824
2026-03-31,2026-03-31 04:09:06,backfill,1,Southern Open,2026,2026-07-17,108,108,live,0,,,232,183,282,0.8,,,0,0,N5v4_Final,e3b0c44298fc1c14,c8dc6a62c824
2026-03-31,2026-03-31 04:09:06,backfill,1,Bradley Open,2026,2026-07-24,115,115,live,3,3,0,261,159,427,0.8,,,0,0,N5v4_Final,e3b0c44298fc1c14,c8dc6a62c824
2026-03-31,2026-03-31 04:09:06,backfill,1,Pacific Coast Open,2026,2026-07-31,122,122,live,4,4,0,377,230,619,0.8,,,0,0,N5v4_Final,e3b0c44298fc1c14,c8dc6a62c824
2026-03-31,2026-03-31 04:09:06,backfill,1,Central California Open,2026,2026-08-14,136,136,live,0,,,175,144,203,0.8,,,0,0,N5v4_Final,e3b0c44298fc1c14,c8dc6a62c824
2026-03-31,2026-03-31 04:09:06,backfill,1,Atlantic Open,2026,2026-08-21,143,143,live,0,,,316,251,395,0.8,,,0,0,N5v4_Final,e3b0c44298fc1c14,c8dc6a62c824
2026-03-31,2026-03-31 04:09:06,backfill,1,New York State Championship,2026,2026-09-04,157,157,live,0,,,304,237,347,0.8,,,0,0,N5v4_Final,e3b0c44298fc1c14,c8dc6a62c824
2026-03-31,2026-03-31 04:09:06,backfill,1,National Chess Congress,2026,2026-11-28,242,242,live,0,,,623,572,677,0.8,,,0,0,N5v4_Final,e3b0c44298fc1c14,c8dc6a62c824
2026-04-01,2026-04-01 04:22:00,backfill,1,Chicago Open,2026,2026-05-21,50,50,live,205,209,4,896,850,944,0.8,,,0,0,N5v4_Final,e3b0c44298fc1c14,06ef27db478d
2026-04-01,2026-04-01 04:22:00,backfill,1,Hartford Open,2026,2026-06-05,65,65,live,5,5,0,202,114,358,0.8,,,0,0,N5v4_Final,e3b0c44298fc1c14,06ef27db478d
2026-04-01,2026-04-01 04:22:00,backfill,1,Cleveland Open,2026,2026-06-05,65,65,live,4,4,0,197,120,324,0.8,,,0,0,N5v4_Final,e3b0c44298fc1c14,06ef27db478d
2026-04-01,2026-04-01 04:22:00,backfill,1,New York State Open,2026,2026-06-19,79,79,live,4,4,0,79,42,147,0.8,,,0,0,N5v4_Final,e3b0c44298fc1c14,06ef27db478d
2026-04-01,2026-04-01 04:22:00,backfill,1,DC International,2026,2026-06-25,85,85,live,0,,,100,70,130,0.8,,,0,0,N5v4_Final,e3b0c44298fc1c14,06ef27db478d
2026-04-01,2026-04-01 04:22:00,backfill,1,DC Open,2026,2026-06-26,86,86,live,0,,,100,70,130,0.8,,,0,0,N5v4_Final,e3b0c44298fc1c14,06ef27db478d
2026-04-01,2026-04-01 04:22:00,backfill,1,"World Open, lower sections",2026,2026-06-27,87,87,live,0,,,100,70,130,0.8,,,0,0,N5v4_Final,e3b0c44298fc1c14,06ef27db478d
2026-04-01,2026-04-01 04:22:00,backfill,1,"World Open, top 6 sections",2026,2026-07-01,91,91,live,0,,,100,70,130,0.8,,,0,0,N5v4_Final,e3b0c44298fc1c14,06ef27db478d
2026-04-01,2026-04-01 04:22:00,backfill,1,Chicago Class,2026,2026-07-17,107,107,live,1,1,0,268,156,460,0.8,,,0,0,N5v4_Final,e3b0c44298fc1c14,06ef27db478d
2026-04-01,2026-04-01 04:22:00,backfill,1,Pittsburgh Open,2026,2026-07-17,107,107,live,2,2,0,164,98,275,0.8,,,0,0,N5v4_Final,e3b0c44298fc1c14,06ef27db478d
2026-04-01,2026-04-01 04:22:00,backfill,1,Southern Open,2026,2026-07-17,107,107,live,0,,,232,183,282,0.8,,,0,0,N5v4_Final,e3b0c44298fc1c14,06ef27db478d
2026-04-01,2026-04-01 04:22:00,backfill,1,Bradley Open,2026,2026-07-24,114,114,live,3,3,0,261,159,427,0.8,,,0,0,N5v4_Final,e3b0c44298fc1c14,06ef27db478d
2026-04-01,2026-04-01 04:22:00,backfill,1,Pacific Coast Open,2026,2026-07-31,121,121,live,4,4,0,377,230,619,0.8,,,0,0,N5v4_Final,e3b0c44298fc1c14,06ef27db478d
2026-04-01,2026-04-01 04:22:00,backfill,1,Central California Open,2026,2026-08-14,135,135,live,0,,,175,144,203,0.8,,,0,0,N5v4_Final,e3b0c44298fc1c14,06ef27db478d
2026-04-01,2026-04-01 04:22:00,backfill,1,Atlantic Open,2026,2026-08-21,142,142,live,0,,,316,251,395,0.8,,,0,0,N5v4_Final,e3b0c44298fc1c14,06ef27db478d
2026-04-01,2026-04-01 04:22:00,backfill,1,New York State Championship,2026,2026-09-04,156,156,live,0,,,304,237,347,0.8,,,0,0,N5v4_Final,e3b0c44298fc1c14,06ef27db478d
2026-04-01,2026-04-01 04:22:00,backfill,1,National Chess Congress,2026,2026-11-28,241,241,live,0,,,623,572,677,0.8,,,0,0,N5v4_Final,e3b0c44298fc1c14,06ef27db478d
2026-04-01,2026-04-01 21:19:39,backfill,1,Atlantic City Open,2026,2026-04-01,0,0,live,383,400,17,383,383,383,0.8,live_scrape,,0,0,N5v4_Final,e3b0c44298fc1c14,151129f89ea1
2026-04-01,2026-04-01 21:19:39,backfill,1,Chicago Open,2026,2026-05-21,50,50,live,205,209,4,900,852,952,0.8,model,,0,0,N5v4_Final,e3b0c44298fc1c14,151129f89ea1
2026-04-01,2026-04-01 21:19:39,backfill,1,Hartford Open,2026,2026-06-05,65,65,live,5,5,0,199,112,354,0.8,model,,0,0,N5v4_Final,e3b0c44298fc1c14,151129f89ea1
2026-04-01,2026-04-01 21:19:39,backfill,1,Cleveland Open,2026,2026-06-05,65,65,live,4,4,0,206,119,357,0.8,model,,0,0,N5v4_Final,e3b0c44298fc1c14,151129f89ea1
2026-04-01,2026-04-01 21:19:39,backfill,1,New York State Open,2026,2026-06-19,79,79,live,4,4,0,78,42,146,0.8,model,,0,0,N5v4_Final,e3b0c44298fc1c14,151129f89ea1
2026-04-01,2026-04-01 21:19:39,backfill,1,DC International,2026,2026-06-25,85,85,live,0,,,100,70,130,0.8,,,0,0,N5v4_Final,e3b0c44298fc1c14,151129f89ea1
2026-04-01,2026-04-01 21:19:39,backfill,1,DC Open,2026,2026-06-26,86,86,live,0,,,100,70,130,0.8,,,0,0,N5v4_Final,e3b0c44298fc1c14,151129f89ea1
2026-04-01,2026-04-01 21:19:39,backfill,1,"World Open, lower sections",2026,2026-06-27,87,87,live,0,,,100,70,130,0.8,,,0,0,N5v4_Final,e3b0c44298fc1c14,151129f89ea1
2026-04-01,2026-04-01 21:19:39,backfill,1,"World Open, top 6 sections",2026,2026-07-01,91,91,live,0,,,100,70,130,0.8,,,0,0,N5v4_Final,e3b0c44298fc1c14,151129f89ea1
2026-04-01,2026-04-01 21:19:39,backfill,1,Chicago Class,2026,2026-07-17,107,107,live,1,1,0,268,156,461,0.8,model,,0,0,N5v4_Final,e3b0c44298fc1c14,151129f89ea1
2026-04-01,2026-04-01 21:19:39,backfill,1,Pittsburgh Open,2026,2026-07-17,107,107,live,2,2,0,168,99,286,0.8,model,,0,0,N5v4_Final,e3b0c44298fc1c14,151129f89ea1
2026-04-01,2026-04-01 21:19:39,backfill,1,Southern Open,2026,2026-07-17,107,107,live,0,,,232,183,282,0.8,,,0,0,N5v4_Final,e3b0c44298fc1c14,151129f89ea1
2026-04-01,2026-04-01 21:19:39,backfill,1,Bradley Open,2026,2026-07-24,114,114,live,3,3,0,261,159,429,0.8,model,,0,0,N5v4_Final,e3b0c44298fc1c14,151129f89ea1
2026-04-01,2026-04-01 21:19:39,backfill,1,Pacific Coast Open,2026,2026-07-31,121,121,live,4,4,0,382,233,626,0.8,model,,0,0,N5v4_Final,e3b0c44298fc1c14,151129f89ea1
2026-04-01,2026-04-01 21:19:39,backfill,1,Central California Open,2026,2026-08-14,135,135,live,0,,,175,144,203,0.8,,,0,0,N5v4_Final,e3b0c44298fc1c14,151129f89ea1
2026-04-01,2026-04-01 21:19:39,backfill,1,Atlantic Open,2026,2026-08-21,142,142,live,0,,,316,251,395,0.8,,,0,0,N5v4_Final,e3b0c44298fc1c14,151129f89ea1
2026-04-01,2026-04-01 21:19:39,backfill,1,New York State Championship,2026,2026-09-04,156,156,live,0,,,304,237,347,0.8,,,0,0,N5v4_Final,e3b0c44298fc1c14,151129f89ea1
2026-04-01,2026-04-01 21:19:39,backfill,1,National Chess Congress,2026,2026-11-28,241,241,live,0,,,623,572,677,0.8,,,0,0,N5v4_Final,e3b0c44298fc1c14,151129f89ea1
2026-04-02,2026-04-02 03:54:41,backfill,1,Atlantic City Open,2026,2026-04-01,-1,0,live,393,411,18,393,393,393,0.8,live_scrape,,0,0,N5v4_Final,e3b0c44298fc1c14,10cd2e6e3d80
2026-04-02,2026-04-02 03:54:41,backfill,1,Chicago Open,2026,2026-05-21,49,49,live,208,212,4,900,853,949,0.8,model,,0,0,N5v4_Final,e3b0c44298fc1c14,10cd2e6e3d80
2026-04-02,2026-04-02 03:54:41,backfill,1,Hartford Open,2026,2026-06-05,64,64,live,5,5,0,199,113,351,0.8,model,,0,0,N5v4_Final,e3b0c44298fc1c14,10cd2e6e3d80
2026-04-02,2026-04-02 03:54:41,backfill,1,Cleveland Open,2026,2026-06-05,64,64,live,4,4,0,206,120,352,0.8,model,,0,0,N5v4_Final,e3b0c44298fc1c14,10cd2e6e3d80
2026-04-02,2026-04-02 03:54:41,backfill,1,New York State Open,2026,2026-06-19,78,78,live,4,4,0,78,42,146,0.8,model,,0,0,N5v4_Final,e3b0c44298fc1c14,10cd2e6e3d80
2026-04-02,2026-04-02 03:54:41,backfill,1,DC International,2026,2026-06-25,84,84,live,0,,,100,70,130,0.8,,,0,0,N5v4_Final,e3b0c44298fc1c14,10cd2e6e3d80
2026-04-02,2026-04-02 03:54:41,backfill,1,DC Open,2026,2026-06-26,85,85,live,0,,,100,70,130,0.8,,,0,0,N5v4_Final,e3b0c44298fc1c14,10cd2e6e3d80
2026-04-02,2026-04-02 03:54:41,backfill,1,"World Open, lower sections",2026,2026-06-27,86,86,live,0,,,100,70,130,0.8,,,0,0,N5v4_Final,e3b0c44298fc1c14,10cd2e6e3d80
2026-04-02,2026-04-02 03:54:41,backfill,1,"World Open, top 6 sections",2026,2026-07-01,90,90,live,0,,,100,70,130,0.8,,,0,0,N5v4_Final,e3b0c44298fc1c14,10cd2e6e3d80
2026-04-02,2026-04-02 03:54:41,backfill,1,Chicago Class,2026,2026-07-17,106,106,live,1,1,0,268,156,461,0.8,model,,0,0,N5v4_Final,e3b0c44298fc1c14,10cd2e6e3d80
2026-04-02,2026-04-02 03:54:41,backfill,1,Pittsburgh Open,2026,2026-07-17,106,106,live,2,3,0,168,99,285,0.8,model,,0,0,N5v4_Final,e3b0c44298fc1c14,10cd2e6e3d80
2026-04-02,2026-04-02 03:54:41,backfill,1,Southern Open,2026,2026-07-17,106,106,live,0,,,232,183,282,0.8,,,0,0,N5v4_Final,e3b0c44298fc1c14,10cd2e6e3d80
2026-04-02,2026-04-02 03:54:41,backfill,1,Bradley Open,2026,2026-07-24,113,113,live,3,3,0,261,159,428,0.8,model,,0,0,N5v4_Final,e3b0c44298fc1c14,10cd2e6e3d80
2026-04-02,2026-04-02 03:54:41,backfill,1,Pacific Coast Open,2026,2026-07-31,120,120,live,4,4,0,382,233,626,0.8,model,,0,0,N5v4_Final,e3b0c44298fc1c14,10cd2e6e3d80
2026-04-02,2026-04-02 03:54:41,backfill,1,Central California Open,2026,2026-08-14,134,134,live,0,,,175,144,203,0.8,,,0,0,N5v4_Final,e3b0c44298fc1c14,10cd2e6e3d80
2026-04-02,2026-04-02 03:54:41,backfill,1,Atlantic Open,2026,2026-08-21,141,141,live,0,,,316,251,395,0.8,,,0,0,N5v4_Final,e3b0c44298fc1c14,10cd2e6e3d80
2026-04-02,2026-04-02 03:54:41,backfill,1,New York State Championship,2026,2026-09-04,155,155,live,0,,,304,237,347,0.8,,,0,0,N5v4_Final,e3b0c44298fc1c14,10cd2e6e3d80
2026-04-02,2026-04-02 03:54:41,backfill,1,National Chess Congress,2026,2026-11-28,240,240,live,0,,,623,572,677,0.8,,,0,0,N5v4_Final,e3b0c44298fc1c14,10cd2e6e3d80
2026-04-02,2026-04-02 18:12:07,backfill,1,Atlantic City Open,2026,2026-04-01,-1,0,live,383,400,17,383,383,383,0.8,live_scrape,,0,0,N5v4_Final,e3b0c44298fc1c14,919cfb0a5e09
2026-04-02,2026-04-02 18:12:07,backfill,1,Chicago Open,2026,2026-05-21,49,49,live,205,209,4,897,851,946,0.8,model,,0,0,N5v4_Final,e3b0c44298fc1c14,919cfb0a5e09
2026-04-02,2026-04-02 18:12:07,backfill,1,Hartford Open,2026,2026-06-05,64,64,live,5,5,0,199,113,351,0.8,model,,0,0,N5v4_Final,e3b0c44298fc1c14,919cfb0a5e09
2026-04-02,2026-04-02 18:12:07,backfill,1,Cleveland Open,2026,2026-06-05,64,64,live,4,4,0,206,120,352,0.8,model,,0,0,N5v4_Final,e3b0c44298fc1c14,919cfb0a5e09
2026-04-02,2026-04-02 18:12:07,backfill,1,New York State Open,2026,2026-06-19,78,78,live,4,4,0,78,42,146,0.8,model,,0,0,N5v4_Final,e3b0c44298fc1c14,919cfb0a5e09
2026-04-02,2026-04-02 18:12:07,backfill,1,DC International,2026,2026-06-25,84,84,live,0,,,100,70,130,0.8,,,0,0,N5v4_Final,e3b0c44298fc1c14,919cfb0a5e09
2026-04-02,2026-04-02 18:12:07,backfill,1,DC Open,2026,2026-06-26,85,85,live,0,,,100,70,130,0.8,,,0,0,N5v4_Final,e3b0c44298fc1c14,919cfb0a5e09
2026-04-02,2026-04-02 18:12:07,backfill,1,"World Open, lower sections",2026,2026-06-27,86,86,live,0,,,100,70,130,0.8,,,0,0,N5v4_Final,e3b0c44298fc1c14,919cfb0a5e09
2026-04-02,2026-04-02 18:12:07,backfill,1,"World Open, top 6 sections",2026,2026-07-01,90,90,live,0,,,100,70,130,0.8,,,0,0,N5v4_Final,e3b0c44298fc1c14,919cfb0a5e09
2026-04-02,2026-04-02 18:12:07,backfill,1,Chicago Class,2026,2026-07-17,106,106,live,1,1,0,268,156,461,0.8,model,,0,0,N5v4_Final,e3b0c44298fc1c14,919cfb0a5e09
2026-04-02,2026-04-02 18:12:07,backfill,1,Pittsburgh Open,2026,2026-07-17,106,106,live,2,2,0,168,99,285,0.8,model,,0,0,N5v4_Final,e3b0c44298fc1c14,919cfb0a5e09
2026-04-02,2026-04-02 18:12:07,backfill,1,Southern Open,2026,2026-07-17,106,106,live,0,,,232,183,282,0.8,,,0,0,N5v4_Final,e3b0c44298fc1c14,919cfb0a5e09
2026-04-02,2026-04-02 18:12:07,backfill,1,Bradley Open,2026,2026-07-24,113,113,live,3,3,0,261,159,428,0.8,model,,0,0,N5v4_Final,e3b0c44298fc1c14,919cfb0a5e09
2026-04-02,2026-04-02 18:12:07,backfill,1,Pacific Coast Open,2026,2026-07-31,120,120,live,4,4,0,382,233,626,0.8,model,,0,0,N5v4_Final,e3b0c44298fc1c14,919cfb0a5e09
2026-04-02,2026-04-02 18:12:07,backfill,1,Central California Open,2026,2026-08-14,134,134,live,0,,,175,144,203,0.8,,,0,0,N5v4_Final,e3b0c44298fc1c14,919cfb0a5e09
2026-04-02,2026-04-02 18:12:07,backfill,1,Atlantic Open,2026,2026-08-21,141,141,live,0,,,316,251,395,0.8,,,0,0,N5v4_Final,e3b0c44298fc1c14,919cfb0a5e09
2026-04-02,2026-04-02 18:12:07,backfill,1,New York State Championship,2026,2026-09-04,155,155,live,0,,,304,237,347,0.8,,,0,0,N5v4_Final,e3b0c44298fc1c14,919cfb0a5e09
2026-04-02,2026-04-02 18:12:07,backfill,1,National Chess Congress,2026,2026-11-28,240,240,live,0,,,623,572,677,0.8,,,0,0,N5v4_Final,e3b0c44298fc1c14,919cfb0a5e09
2026-04-02,2026-04-02 18:13:53,backfill,1,Atlantic City Open,2026,2026-04-01,-1,0,live,393,411,18,393,393,393,0.8,live_scrape,,0,0,N5v4_Final,e3b0c44298fc1c14,fc2bad2b2ab5
2026-04-02,2026-04-02 18:13:53,backfill,1,Chicago Open,2026,2026-05-21,49,49,live,208,212,4,900,853,949,0.8,model,,0,0,N5v4_Final,e3b0c44298fc1c14,fc2bad2b2ab5
2026-04-02,2026-04-02 18:13:53,backfill,1,Hartford Open,2026,2026-06-05,64,64,live,5,5,0,199,113,351,0.8,model,,0,0,N5v4_Final,e3b0c44298fc1c14,fc2bad2b2ab5
2026-04-02,2026-04-02 18:13:53,backfill,1,Cleveland Open,2026,2026-06-05,64,64,live,4,4,0,206,120,352,0.8,model,,0,0,N5v4_Final,e3b0c44298fc1c14,fc2bad2b2ab5
2026-04-02,2026-04-02 18:13:53,backfill,1,New York State Open,2026,2026-06-19,78,78,live,4,4,0,78,42,146,0.8,model,,0,0,N5v4_Final,e3b0c44298fc1c14,fc2bad2b2ab5
2026-04-02,2026-04-02 18:13:53,backfill,1,DC International,2026,2026-06-25,84,84,live,0,,,100,70,130,0.8,,,0,0,N5v4_Final,e3b0c44298fc1c14,fc2bad2b2ab5
2026-04-02,2026-04-02 18:13:53,backfill,1,DC Open,2026,2026-06-26,85,85,live,0,,,100,70,130,0.8,,,0,0,N5v4_Final,e3b0c44298fc1c14,fc2bad2b2ab5
2026-04-02,2026-04-02 18:13:53,backfill,1,"World Open, lower sections",2026,2026-06-27,86,86,live,0,,,100,70,130,0.8,,,0,0,N5v4_Final,e3b0c44298fc1c14,fc2bad2b2ab5
2026-04-02,2026-04-02 18:13:53,backfill,1,"World Open, top 6 sections",2026,2026-07-01,90,90,live,0,,,100,70,130,0.8,,,0,0,N5v4_Final,e3b0c44298fc1c14,fc2bad2b2ab5
2026-04-02,2026-04-02 18:13:53,backfill,1,Chicago Class,2026,2026-07-17,106,106,live,1,1,0,268,156,461,0.8,model,,0,0,N5v4_Final,e3b0c44298fc1c14,fc2bad2b2ab5
2026-04-02,2026-04-02 18:13:53,backfill,1,Pittsburgh Open,2026,2026-07-17,106,106,live,2,3,0,168,99,285,0.8,model,,0,0,N5v4_Final,e3b0c44298fc1c14,fc2bad2b2ab5
2026-04-02,2026-04-02 18:13:53,backfill,1,Southern Open,2026,2026-07-17,106,106,live,0,,,232,183,282,0.8,,,0,0,N5v4_Final,e3b0c44298fc1c14,fc2bad2b2ab5
2026-04-02,2026-04-02 18:13:53,backfill,1,Bradley Open,2026,2026-07-24,113,113,live,3,3,0,261,159,428,0.8,model,,0,0,N5v4_Final,e3b0c44298fc1c14,fc2bad2b2ab5
2026-04-02,2026-04-02 18:13:53,backfill,1,Pacific Coast Open,2026,2026-07-31,120,120,live,4,4,0,382,233,626,0.8,model,,0,0,N5v4_Final,e3b0c44298fc1c14,fc2bad2b2ab5
2026-04-02,2026-04-02 18:13:53,backfill,1,Central California Open,2026,2026-08-14,134,134,live,0,,,175,144,203,0.8,,,0,0,N5v4_Final,e3b0c44298fc1c14,fc2bad2b2ab5
2026-04-02,2026-04-02 18:13:53,backfill,1,Atlantic Open,2026,2026-08-21,141,141,live,0,,,316,251,395,0.8,,,0,0,N5v4_Final,e3b0c44298fc1c14,fc2bad2b2ab5
2026-04-02,2026-04-02 18:13:53,backfill,1,New York State Championship,2026,2026-09-04,155,155,live,0,,,304,237,347,0.8,,,0,0,N5v4_Final,e3b0c44298fc1c14,fc2bad2b2ab5
2026-04-02,2026-04-02 18:13:53,backfill,1,National Chess Congress,2026,2026-11-28,240,240,live,0,,,623,572,677,0.8,,,0,0,N5v4_Final,e3b0c44298fc1c14,fc2bad2b2ab5
2026-04-02,2026-04-02 18:28:38,backfill,1,Atlantic City Open,2026,2026-04-01,-1,0,live,393,411,18,393,393,393,0.8,live_scrape,,0,0,N5v4_Final,e3b0c44298fc1c14,477b108e20f9
2026-04-02,2026-04-02 18:28:38,backfill,1,Chicago Open,2026,2026-05-21,49,49,live,208,212,4,900,853,949,0.8,model,,0,0,N5v4_Final,e3b0c44298fc1c14,477b108e20f9
2026-04-02,2026-04-02 18:28:38,backfill,1,Hartford Open,2026,2026-06-05,64,64,live,5,5,0,199,113,351,0.8,model,,0,0,N5v4_Final,e3b0c44298fc1c14,477b108e20f9
2026-04-02,2026-04-02 18:28:38,backfill,1,Cleveland Open,2026,2026-06-05,64,64,live,4,4,0,206,120,352,0.8,model,,0,0,N5v4_Final,e3b0c44298fc1c14,477b108e20f9
2026-04-02,2026-04-02 18:28:38,backfill,1,New York State Open,2026,2026-06-19,78,78,live,4,4,0,78,42,146,0.8,model,,0,0,N5v4_Final,e3b0c44298fc1c14,477b108e20f9
2026-04-02,2026-04-02 18:28:38,backfill,1,DC International,2026,2026-06-25,84,84,live,0,,,100,70,130,0.8,,,0,0,N5v4_Final,e3b0c44298fc1c14,477b108e20f9
2026-04-02,2026-04-02 18:28:38,backfill,1,DC Open,2026,2026-06-26,85,85,live,0,,,100,70,130,0.8,,,0,0,N5v4_Final,e3b0c44298fc1c14,477b108e20f9
2026-04-02,2026-04-02 18:28:38,backfill,1,"World Open, lower sections",2026,2026-06-27,86,86,live,0,,,100,70,130,0.8,,,0,0,N5v4_Final,e3b0c44298fc1c14,477b108e20f9
2026-04-02,2026-04-02 18:28:38,backfill,1,"World Open, top 6 sections",2026,2026-07-01,90,90,live,0,,,100,70,130,0.8,,,0,0,N5v4_Final,e3b0c44298fc1c14,477b108e20f9
2026-04-02,2026-04-02 18:28:38,backfill,1,Chicago Class,2026,2026-07-17,106,106,live,1,1,0,268,156,461,0.8,model,,0,0,N5v4_Final,e3b0c44298fc1c14,477b108e20f9
2026-04-02,2026-04-02 18:28:38,backfill,1,Pittsburgh Open,2026,2026-07-17,106,106,live,2,3,0,168,99,285,0.8,model,,0,0,N5v4_Final,e3b0c44298fc1c14,477b108e20f9
2026-04-02,2026-04-02 18:28:38,backfill,1,Southern Open,2026,2026-07-17,106,106,live,0,,,232,183,282,0.8,,,0,0,N5v4_Final,e3b0c44298fc1c14,477b108e20f9
2026-04-02,2026-04-02 18:28:38,backfill,1,Bradley Open,2026,2026-07-24,113,113,live,3,3,0,261,159,428,0.8,model,,0,0,N5v4_Final,e3b0c44298fc1c14,477b108e20f9
2026-04-02,2026-04-02 18:28:38,backfill,1,Pacific Coast Open,2026,2026-07-31,120,120,live,4,4,0,382,233,626,0.8,model,,0,0,N5v4_Final,e3b0c44298fc1c14,477b108e20f9
2026-04-02,2026-04-02 18:28:38,backfill,1,Central California Open,2026,2026-08-14,134,134,live,0,,,175,144,203,0.8,,,0,0,N5v4_Final,e3b0c44298fc1c14,477b108e20f9
2026-04-02,2026-04-02 18:28:38,backfill,1,Atlantic Open,2026,2026-08-21,141,141,live,0,,,316,251,395,0.8,,,0,0,N5v4_Final,e3b0c44298fc1c14,477b108e20f9
2026-04-02,2026-04-02 18:28:38,backfill,1,New York State Championship,2026,2026-09-04,155,155,live,0,,,304,237,347,0.8,,,0,0,N5v4_Final,e3b0c44298fc1c14,477b108e20f9
2026-04-02,2026-04-02 18:28:38,backfill,1,National Chess Congress,2026,2026-11-28,240,240,live,0,,,623,572,677,0.8,,,0,0,N5v4_Final,e3b0c44298fc1c14,477b108e20f9
2026-04-02,2026-04-02 18:33:24,backfill,1,Atlantic City Open,2026,2026-04-01,-1,0,live,393,411,18,393,393,393,0.8,live_scrape,,0,0,N5v4_Final,e3b0c44298fc1c14,a0df652cbb50
2026-04-02,2026-04-02 18:33:24,backfill,1,Chicago Open,2026,2026-05-21,49,49,live,208,212,4,900,853,949,0.8,model,,0,0,N5v4_Final,e3b0c44298fc1c14,a0df652cbb50
2026-04-02,2026-04-02 18:33:24,backfill,1,Hartford Open,2026,2026-06-05,64,64,live,5,5,0,199,113,351,0.8,model,,0,0,N5v4_Final,e3b0c44298fc1c14,a0df652cbb50
2026-04-02,2026-04-02 18:33:24,backfill,1,Cleveland Open,2026,2026-06-05,64,64,live,4,4,0,206,120,352,0.8,model,,0,0,N5v4_Final,e3b0c44298fc1c14,a0df652cbb50
2026-04-02,2026-04-02 18:33:24,backfill,1,New York State Open,2026,2026-06-19,78,78,live,4,4,0,78,42,146,0.8,model,,0,0,N5v4_Final,e3b0c44298fc1c14,a0df652cbb50
2026-04-02,2026-04-02 18:33:24,backfill,1,DC International,2026,2026-06-25,84,84,live,0,,,100,70,130,0.8,,,0,0,N5v4_Final,e3b0c44298fc1c14,a0df652cbb50
2026-04-02,2026-04-02 18:33:24,backfill,1,DC Open,2026,2026-06-26,85,85,live,0,,,100,70,130,0.8,,,0,0,N5v4_Final,e3b0c44298fc1c14,a0df652cbb50
2026-04-02,2026-04-02 18:33:24,backfill,1,"World Open, lower sections",2026,2026-06-27,86,86,live,0,,,100,70,130,0.8,,,0,0,N5v4_Final,e3b0c44298fc1c14,a0df652cbb50
2026-04-02,2026-04-02 18:33:24,backfill,1,"World Open, top 6 sections",2026,2026-07-01,90,90,live,0,,,100,70,130,0.8,,,0,0,N5v4_Final,e3b0c44298fc1c14,a0df652cbb50
2026-04-02,2026-04-02 18:33:24,backfill,1,Chicago Class,2026,2026-07-17,106,106,live,1,1,0,268,156,461,0.8,model,,0,0,N5v4_Final,e3b0c44298fc1c14,a0df652cbb50
2026-04-02,2026-04-02 18:33:24,backfill,1,Pittsburgh Open,2026,2026-07-17,106,106,live,2,3,0,168,99,285,0.8,model,,0,0,N5v4_Final,e3b0c44298fc1c14,a0df652cbb50
2026-04-02,2026-04-02 18:33:24,backfill,1,Southern Open,2026,2026-07-17,106,106,live,0,,,232,183,282,0.8,,,0,0,N5v4_Final,e3b0c44298fc1c14,a0df652cbb50
2026-04-02,2026-04-02 18:33:24,backfill,1,Bradley Open,2026,2026-07-24,113,113,live,3,3,0,261,159,428,0.8,model,,0,0,N5v4_Final,e3b0c44298fc1c14,a0df652cbb50
2026-04-02,2026-04-02 18:33:24,backfill,1,Pacific Coast Open,2026,2026-07-31,120,120,live,4,4,0,382,233,626,0.8,model,,0,0,N5v4_Final,e3b0c44298fc1c14,a0df652cbb50
2026-04-02,2026-04-02 18:33:24,backfill,1,Central California Open,2026,2026-08-14,134,134,live,0,,,175,144,203,0.8,,,0,0,N5v4_Final,e3b0c44298fc1c14,a0df652cbb50
2026-04-02,2026-04-02 18:33:24,backfill,1,Atlantic Open,2026,2026-08-21,141,141,live,0,,,316,251,395,0.8,,,0,0,N5v4_Final,e3b0c44298fc1c14,a0df652cbb50
2026-04-02,2026-04-02 18:33:24,backfill,1,New York State Championship,2026,2026-09-04,155,155,live,0,,,304,237,347,0.8,,,0,0,N5v4_Final,e3b0c44298fc1c14,a0df652cbb50
2026-04-02,2026-04-02 18:33:24,backfill,1,National Chess Congress,2026,2026-11-28,240,240,live,0,,,623,572,677,0.8,,,0,0,N5v4_Final,e3b0c44298fc1c14,a0df652cbb50
2026-04-03,2026-04-03 04:03:51,backfill,1,Atlantic City Open,2026,2026-04-01,-2,0,live,398,421,23,398,398,398,0.8,live_scrape,,0,0,N5v4_Final,e3b0c44298fc1c14,241688524300
2026-04-03,2026-04-03 04:03:51,backfill,1,Chicago Open,2026,2026-05-21,48,48,live,210,214,4,898,854,945,0.8,model,,0,0,N5v4_Final,e3b0c44298fc1c14,241688524300
2026-04-03,2026-04-03 04:03:51,backfill,1,Hartford Open,2026,2026-06-05,63,63,live,8,8,0,208,111,388,0.8,model,,0,0,N5v4_Final,e3b0c44298fc1c14,241688524300
2026-04-03,2026-04-03 04:03:51,backfill,1,Cleveland Open,2026,2026-06-05,63,63,live,5,5,0,209,118,373,0.8,model,,0,0,N5v4_Final,e3b0c44298fc1c14,241688524300
2026-04-03,2026-04-03 04:03:51,backfill,1,New York State Open,2026,2026-06-19,77,77,live,4,4,0,78,42,146,0.8,model,,0,0,N5v4_Final,e3b0c44298fc1c14,241688524300
2026-04-03,2026-04-03 04:03:51,backfill,1,DC International,2026,2026-06-25,83,83,live,0,,,100,70,130,0.8,,,0,0,N5v4_Final,e3b0c44298fc1c14,241688524300
2026-04-03,2026-04-03 04:03:51,backfill,1,DC Open,2026,2026-06-26,84,84,live,0,,,100,70,130,0.8,,,0,0,N5v4_Final,e3b0c44298fc1c14,241688524300
2026-04-03,2026-04-03 04:03:51,backfill,1,"World Open, lower sections",2026,2026-06-27,85,85,live,0,,,100,70,130,0.8,,,0,0,N5v4_Final,e3b0c44298fc1c14,241688524300
2026-04-03,2026-04-03 04:03:51,backfill,1,"World Open, top 6 sections",2026,2026-07-01,89,89,live,0,,,100,70,130,0.8,,,0,0,N5v4_Final,e3b0c44298fc1c14,241688524300
2026-04-03,2026-04-03 04:03:51,backfill,1,Chicago Class,2026,2026-07-17,105,105,live,1,1,0,268,156,461,0.8,model,,0,0,N5v4_Final,e3b0c44298fc1c14,241688524300
2026-04-03,2026-04-03 04:03:51,backfill,1,Pittsburgh Open,2026,2026-07-17,105,105,live,3,3,0,174,94,323,0.8,model,,0,0,N5v4_Final,e3b0c44298fc1c14,241688524300
2026-04-03,2026-04-03 04:03:51,backfill,1,Southern Open,2026,2026-07-17,105,105,live,0,,,232,183,282,0.8,,,0,0,N5v4_Final,e3b0c44298fc1c14,241688524300
2026-04-03,2026-04-03 04:03:51,backfill,1,Bradley Open,2026,2026-07-24,112,112,live,3,3,0,261,159,428,0.8,model,,0,0,N5v4_Final,e3b0c44298fc1c14,241688524300
2026-04-03,2026-04-03 04:03:51,backfill,1,Pacific Coast Open,2026,2026-07-31,119,119,live,4,4,0,382,233,626,0.8,model,,0,0,N5v4_Final,e3b0c44298fc1c14,241688524300
2026-04-03,2026-04-03 04:03:51,backfill,1,Central California Open,2026,2026-08-14,133,133,live,0,,,175,144,203,0.8,,,0,0,N5v4_Final,e3b0c44298fc1c14,241688524300
2026-04-03,2026-04-03 04:03:51,backfill,1,Atlantic Open,2026,2026-08-21,140,140,live,0,,,316,251,395,0.8,,,0,0,N5v4_Final,e3b0c44298fc1c14,241688524300
2026-04-03,2026-04-03 04:03:51,backfill,1,New York State Championship,2026,2026-09-04,154,154,live,0,,,304,237,347,0.8,,,0,0,N5v4_Final,e3b0c44298fc1c14,241688524300
2026-04-03,2026-04-03 04:03:51,backfill,1,National Chess Congress,2026,2026-11-28,239,239,live,0,,,623,572,677,0.8,,,0,0,N5v4_Final,e3b0c44298fc1c14,241688524300
2026-04-04,2026-04-04 03:44:09,backfill,1,Atlantic City Open,2026,2026-04-01,-3,0,live,401,424,23,401,401,401,0.8,live_scrape,,0,0,N5v4_Final,e3b0c44298fc1c14,12bc115205a5
2026-04-04,2026-04-04 03:44:09,backfill,1,Chicago Open,2026,2026-05-21,47,47,live,214,218,4,898,856,942,0.8,model,,0,0,N5v4_Final,e3b0c44298fc1c14,12bc115205a5
2026-04-04,2026-04-04 03:44:09,backfill,1,Hartford Open,2026,2026-06-05,62,62,live,8,8,0,207,111,387,0.8,model,,0,0,N5v4_Final,e3b0c44298fc1c14,12bc115205a5
2026-04-04,2026-04-04 03:44:09,backfill,1,Cleveland Open,2026,2026-06-05,62,62,live,5,5,0,209,119,368,0.8,model,,0,0,N5v4_Final,e3b0c44298fc1c14,12bc115205a5
2026-04-04,2026-04-04 03:44:09,backfill,1,New York State Open,2026,2026-06-19,76,76,live,4,4,0,78,42,146,0.8,model,,0,0,N5v4_Final,e3b0c44298fc1c14,12bc115205a5
2026-04-04,2026-04-04 03:44:09,backfill,1,DC International,2026,2026-06-25,82,82,live,0,,,100,70,130,0.8,,,0,0,N5v4_Final,e3b0c44298fc1c14,12bc115205a5
2026-04-04,2026-04-04 03:44:09,backfill,1,DC Open,2026,2026-06-26,83,83,live,0,,,100,70,130,0.8,,,0,0,N5v4_Final,e3b0c44298fc1c14,12bc115205a5
2026-04-04,2026-04-04 03:44:09,backfill,1,"World Open, lower sections",2026,2026-06-27,84,84,live,0,,,100,70,130,0.8,,,0,0,N5v4_Final,e3b0c44298fc1c14,12bc115205a5
2026-04-04,2026-04-04 03:44:09,backfill,1,"World Open, top 6 sections",2026,2026-07-01,88,88,live,0,,,100,70,130,0.8,,,0,0,N5v4_Final,e3b0c44298fc1c14,12bc115205a5
2026-04-04,2026-04-04 03:44:09,backfill,1,Chicago Class,2026,2026-07-17,104,104,live,1,1,0,268,156,461,0.8,model,,0,0,N5v4_Final,e3b0c44298fc1c14,12bc115205a5
2026-04-04,2026-04-04 03:44:09,backfill,1,Pittsburgh Open,2026,2026-07-17,104,104,live,3,3,0,174,94,322,0.8,model,,0,0,N5v4_Final,e3b0c44298fc1c14,12bc115205a5
2026-04-04,2026-04-04 03:44:09,backfill,1,Southern Open,2026,2026-07-17,104,104,live,0,,,232,183,282,0.8,,,0,0,N5v4_Final,e3b0c44298fc1c14,12bc115205a5
2026-04-04,2026-04-04 03:44:09,backfill,1,Bradley Open,2026,2026-07-24,111,111,live,3,3,0,261,159,428,0.8,model,,0,0,N5v4_Final,e3b0c44298fc1c14,12bc115205a5
2026-04-04,2026-04-04 03:44:09,backfill,1,Pacific Coast Open,2026,2026-07-31,118,118,live,4,4,0,381,233,625,0.8,model,,0,0,N5v4_Final,e3b0c44298fc1c14,12bc115205a5
2026-04-04,2026-04-04 03:44:09,backfill,1,Central California Open,2026,2026-08-14,132,132,live,0,,,175,144,203,0.8,,,0,0,N5v4_Final,e3b0c44298fc1c14,12bc115205a5
2026-04-04,2026-04-04 03:44:09,backfill,1,Atlantic Open,2026,2026-08-21,139,139,live,0,,,316,251,395,0.8,,,0,0,N5v4_Final,e3b0c44298fc1c14,12bc115205a5
2026-04-04,2026-04-04 03:44:09,backfill,1,New York State Championship,2026,2026-09-04,153,153,live,0,,,304,237,347,0.8,,,0,0,N5v4_Final,e3b0c44298fc1c14,12bc115205a5
2026-04-04,2026-04-04 03:44:09,backfill,1,National Chess Congress,2026,2026-11-28,238,238,live,0,,,623,572,677,0.8,,,0,0,N5v4_Final,e3b0c44298fc1c14,12bc115205a5
2026-04-05,2026-04-05 04:11:33,backfill,1,Atlantic City Open,2026,2026-04-01,-4,0,live,401,424,23,401,401,401,0.8,live_scrape,,0,0,N5v4_Final,e3b0c44298fc1c14,fb5f510cdfdb
2026-04-05,2026-04-05 04:11:33,backfill,1,Chicago Open,2026,2026-05-21,46,46,live,218,222,4,898,858,940,0.8,model,,0,0,N5v4_Final,e3b0c44298fc1c14,fb5f510cdfdb
2026-04-05,2026-04-05 04:11:33,backfill,1,Hartford Open,2026,2026-06-05,61,61,live,9,9,0,210,112,392,0.8,model,,0,0,N5v4_Final,e3b0c44298fc1c14,fb5f510cdfdb
2026-04-05,2026-04-05 04:11:33,backfill,1,Cleveland Open,2026,2026-06-05,61,61,live,5,5,0,208,120,363,0.8,model,,0,0,N5v4_Final,e3b0c44298fc1c14,fb5f510cdfdb
2026-04-05,2026-04-05 04:11:33,backfill,1,New York State Open,2026,2026-06-19,75,75,live,4,4,0,80,43,150,0.8,model,,0,0,N5v4_Final,e3b0c44298fc1c14,fb5f510cdfdb
2026-04-05,2026-04-05 04:11:33,backfill,1,DC International,2026,2026-06-25,81,81,live,0,,,100,70,130,0.8,,,0,0,N5v4_Final,e3b0c44298fc1c14,fb5f510cdfdb
2026-04-05,2026-04-05 04:11:33,backfill,1,DC Open,2026,2026-06-26,82,82,live,0,,,100,70,130,0.8,,,0,0,N5v4_Final,e3b0c44298fc1c14,fb5f510cdfdb
2026-04-05,2026-04-05 04:11:33,backfill,1,"World Open, lower sections",2026,2026-06-27,83,83,live,0,,,100,70,130,0.8,,,0,0,N5v4_Final,e3b0c44298fc1c14,fb5f510cdfdb
2026-04-05,2026-04-05 04:11:33,backfill,1,"World Open, top 6 sections",2026,2026-07-01,87,87,live,0,,,100,70,130,0.8,,,0,0,N5v4_Final,e3b0c44298fc1c14,fb5f510cdfdb
2026-04-05,2026-04-05 04:11:33,backfill,1,Chicago Class,2026,2026-07-17,103,103,live,1,1,0,268,156,461,0.8,model,,0,0,N5v4_Final,e3b0c44298fc1c14,fb5f510cdfdb
2026-04-05,2026-04-05 04:11:33,backfill,1,Pittsburgh Open,2026,2026-07-17,103,103,live,3,3,0,174,93,322,0.8,model,,0,0,N5v4_Final,e3b0c44298fc1c14,fb5f510cdfdb
2026-04-05,2026-04-05 04:11:33,backfill,1,Southern Open,2026,2026-07-17,103,103,live,0,,,232,183,282,0.8,,,0,0,N5v4_Final,e3b0c44298fc1c14,fb5f510cdfdb
2026-04-05,2026-04-05 04:11:33,backfill,1,Bradley Open,2026,2026-07-24,110,110,live,3,3,0,261,159,427,0.8,model,,0,0,N5v4_Final,e3b0c44298fc1c14,fb5f510cdfdb
2026-04-05,2026-04-05 04:11:33,backfill,1,Pacific Coast Open,2026,2026-07-31,117,117,live,4,4,0,381,232,625,0.8,model,,0,0,N5v4_Final,e3b0c44298fc1c14,fb5f510cdfdb
2026-04-05,2026-04-05 04:11:33,backfill,1,Central California Open,2026,2026-08-14,131,131,live,0,,,175,144,203,0.8,,,0,0,N5v4_Final,e3b0c44298fc1c14,fb5f510cdfdb
2026-04-05,2026-04-05 04:11:33,backfill,1,Atlantic Open,2026,2026-08-21,138,138,live,0,,,316,251,395,0.8,,,0,0,N5v4_Final,e3b0c44298fc1c14,fb5f510cdfdb
2026-04-05,2026-04-05 04:11:33,backfill,1,New York State Championship,2026,2026-09-04,152,152,live,0,,,304,237,347,0.8,,,0,0,N5v4_Final,e3b0c44298fc1c14,fb5f510cdfdb
2026-04-05,2026-04-05 04:11:33,backfill,1,National Chess Congress,2026,2026-11-28,237,237,live,0,,,623,572,677,0.8,,,0,0,N5v4_Final,e3b0c44298fc1c14,fb5f510cdfdb
2026-04-06,2026-04-06 04:17:48,backfill,1,Chicago Open,2026,2026-05-21,45,45,live,221,225,4,897,859,937,0.8,model,,0,0,N5v4_Final,e3b0c44298fc1c14,290019eca408
2026-04-06,2026-04-06 04:17:48,backfill,1,Hartford Open,2026,2026-06-05,60,60,live,9,9,0,209,112,390,0.8,model,,0,0,N5v4_Final,e3b0c44298fc1c14,290019eca408
2026-04-06,2026-04-06 04:17:48,backfill,1,Cleveland Open,2026,2026-06-05,60,60,live,5,5,0,208,121,357,0.8,model,,0,0,N5v4_Final,e3b0c44298fc1c14,290019eca408
2026-04-06,2026-04-06 04:17:48,backfill,1,New York State Open,2026,2026-06-19,74,74,live,4,4,0,80,43,150,0.8,model,,0,0,N5v4_Final,e3b0c44298fc1c14,290019eca408
2026-04-06,2026-04-06 04:17:48,backfill,1,DC International,2026,2026-06-25,80,80,live,0,,,100,70,130,0.8,,,0,0,N5v4_Final,e3b0c44298fc1c14,290019eca408
2026-04-06,2026-04-06 04:17:48,backfill,1,DC Open,2026,2026-06-26,81,81,live,0,,,100,70,130,0.8,,,0,0,N5v4_Final,e3b0c44298fc1c14,290019eca408
2026-04-06,2026-04-06 04:17:48,backfill,1,"World Open, lower sections",2026,2026-06-27,82,82,live,0,,,100,70,130,0.8,,,0,0,N5v4_Final,e3b0c44298fc1c14,290019eca408
2026-04-06,2026-04-06 04:17:48,backfill,1,"World Open, top 6 sections",2026,2026-07-01,86,86,live,0,,,100,70,130,0.8,,,0,0,N5v4_Final,e3b0c44298fc1c14,290019eca408
2026-04-06,2026-04-06 04:17:48,backfill,1,Chicago Class,2026,2026-07-17,102,102,live,1,1,0,268,156,461,0.8,model,,0,0,N5v4_Final,e3b0c44298fc1c14,290019eca408
2026-04-06,2026-04-06 04:17:48,backfill,1,Pittsburgh Open,2026,2026-07-17,102,102,live,3,3,0,173,93,322,0.8,model,,0,0,N5v4_Final,e3b0c44298fc1c14,290019eca408
2026-04-06,2026-04-06 04:17:48,backfill,1,Southern Open,2026,2026-07-17,102,102,live,0,,,232,183,282,0.8,,,0,0,N5v4_Final,e3b0c44298fc1c14,290019eca408
2026-04-06,2026-04-06 04:17:48,backfill,1,Bradley Open,2026,2026-07-24,109,109,live,3,3,0,261,159,427,0.8,model,,0,0,N5v4_Final,e3b0c44298fc1c14,290019eca408
2026-04-06,2026-04-06 04:17:48,backfill,1,Pacific Coast Open,2026,2026-07-31,116,116,live,4,4,0,381,232,624,0.8,model,,0,0,N5v4_Final,e3b0c44298fc1c14,290019eca408
2026-04-06,2026-04-06 04:17:48,backfill,1,Central California Open,2026,2026-08-14,130,130,live,0,,,175,144,203,0.8,,,0,0,N5v4_Final,e3b0c44298fc1c14,290019eca408
2026-04-06,2026-04-06 04:17:48,backfill,1,Atlantic Open,2026,2026-08-21,137,137,live,0,,,316,251,395,0.8,,,0,0,N5v4_Final,e3b0c44298fc1c14,290019eca408
2026-04-06,2026-04-06 04:17:48,backfill,1,New York State Championship,2026,2026-09-04,151,151,live,0,,,304,237,347,0.8,,,0,0,N5v4_Final,e3b0c44298fc1c14,290019eca408
2026-04-06,2026-04-06 04:17:48,backfill,1,National Chess Congress,2026,2026-11-28,236,236,live,0,,,623,572,677,0.8,,,0,0,N5v4_Final,e3b0c44298fc1c14,290019eca408
2026-04-06,2026-04-06 15:48:54,backfill,1,Chicago Open,2026,2026-05-21,45,45,live,221,225,4,897,859,937,0.8,model,,0,0,N5v4_Final,e3b0c44298fc1c14,5a60dc48ed70
2026-04-06,2026-04-06 15:48:54,backfill,1,Hartford Open,2026,2026-06-05,60,60,live,9,9,0,209,112,390,0.8,model,,0,0,N5v4_Final,e3b0c44298fc1c14,5a60dc48ed70
2026-04-06,2026-04-06 15:48:54,backfill,1,Cleveland Open,2026,2026-06-05,60,60,live,5,5,0,208,121,357,0.8,model,,0,0,N5v4_Final,e3b0c44298fc1c14,5a60dc48ed70
2026-04-06,2026-04-06 15:48:54,backfill,1,New York State Open,2026,2026-06-19,74,74,live,4,4,0,80,43,150,0.8,model,,0,0,N5v4_Final,e3b0c44298fc1c14,5a60dc48ed70
2026-04-06,2026-04-06 15:48:54,backfill,1,DC International,2026,2026-06-25,80,80,live,0,,,100,70,130,0.8,,,0,0,N5v4_Final,e3b0c44298fc1c14,5a60dc48ed70
2026-04-06,2026-04-06 15:48:54,backfill,1,DC Open,2026,2026-06-26,81,81,live,0,,,100,70,130,0.8,,,0,0,N5v4_Final,e3b0c44298fc1c14,5a60dc48ed70
2026-04-06,2026-04-06 15:48:54,backfill,1,"World Open, lower sections",2026,2026-06-27,82,82,live,0,,,100,70,130,0.8,,,0,0,N5v4_Final,e3b0c44298fc1c14,5a60dc48ed70
2026-04-06,2026-04-06 15:48:54,backfill,1,"World Open, top 6 sections",2026,2026-07-01,86,86,live,0,,,100,70,130,0.8,,,0,0,N5v4_Final,e3b0c44298fc1c14,5a60dc48ed70
2026-04-06,2026-04-06 15:48:54,backfill,1,Chicago Class,2026,2026-07-17,102,102,live,1,1,0,268,156,461,0.8,model,,0,0,N5v4_Final,e3b0c44298fc1c14,5a60dc48ed70
2026-04-06,2026-04-06 15:48:54,backfill,1,Pittsburgh Open,2026,2026-07-17,102,102,live,3,3,0,173,93,322,0.8,model,,0,0,N5v4_Final,e3b0c44298fc1c14,5a60dc48ed70
2026-04-06,2026-04-06 15:48:54,backfill,1,Southern Open,2026,2026-07-17,102,102,live,0,,,232,183,282,0.8,,,0,0,N5v4_Final,e3b0c44298fc1c14,5a60dc48ed70
2026-04-06,2026-04-06 15:48:54,backfill,1,Bradley Open,2026,2026-07-24,109,109,live,3,3,0,261,159,427,0.8,model,,0,0,N5v4_Final,e3b0c44298fc1c14,5a60dc48ed70
2026-04-06,2026-04-06 15:48:54,backfill,1,Pacific Coast Open,2026,2026-07-31,116,116,live,4,4,0,381,232,624,0.8,model,,0,0,N5v4_Final,e3b0c44298fc1c14,5a60dc48ed70
2026-04-06,2026-04-06 15:48:54,backfill,1,Central California Open,2026,2026-08-14,130,130,live,0,,,175,144,203,0.8,,,0,0,N5v4_Final,e3b0c44298fc1c14,5a60dc48ed70
2026-04-06,2026-04-06 15:48:54,backfill,1,Atlantic Open,2026,2026-08-21,137,137,live,0,,,316,251,395,0.8,,,0,0,N5v4_Final,e3b0c44298fc1c14,5a60dc48ed70
2026-04-06,2026-04-06 15:48:54,backfill,1,New York State Championship,2026,2026-09-04,151,151,live,0,,,304,237,347,0.8,,,0,0,N5v4_Final,e3b0c44298fc1c14,5a60dc48ed70
2026-04-06,2026-04-06 15:48:54,backfill,1,National Chess Congress,2026,2026-11-28,236,236,live,0,,,623,572,677,0.8,,,0,0,N5v4_Final,e3b0c44298fc1c14,5a60dc48ed70
2026-04-06,2026-04-06 15:52:26,backfill,1,Chicago Open,2026,2026-05-21,45,45,live,221,225,4,897,859,937,0.8,model,,0,0,N5v4_Final,e3b0c44298fc1c14,c609e7b3d0b6
2026-04-06,2026-04-06 15:52:26,backfill,1,Hartford Open,2026,2026-06-05,60,60,live,9,9,0,209,112,390,0.8,model,,0,0,N5v4_Final,e3b0c44298fc1c14,c609e7b3d0b6
2026-04-06,2026-04-06 15:52:26,backfill,1,Cleveland Open,2026,2026-06-05,60,60,live,5,5,0,208,121,357,0.8,model,,0,0,N5v4_Final,e3b0c44298fc1c14,c609e7b3d0b6
2026-04-06,2026-04-06 15:52:26,backfill,1,New York State Open,2026,2026-06-19,74,74,live,4,4,0,80,43,150,0.8,model,,0,0,N5v4_Final,e3b0c44298fc1c14,c609e7b3d0b6
2026-04-06,2026-04-06 15:52:26,backfill,1,DC International,2026,2026-06-25,80,80,live,0,,,100,70,130,0.8,,,0,0,N5v4_Final,e3b0c44298fc1c14,c609e7b3d0b6
2026-04-06,2026-04-06 15:52:26,backfill,1,DC Open,2026,2026-06-26,81,81,live,0,,,100,70,130,0.8,,,0,0,N5v4_Final,e3b0c44298fc1c14,c609e7b3d0b6
2026-04-06,2026-04-06 15:52:26,backfill,1,"World Open, lower sections",2026,2026-06-27,82,82,live,0,,,100,70,130,0.8,,,0,0,N5v4_Final,e3b0c44298fc1c14,c609e7b3d0b6
2026-04-06,2026-04-06 15:52:26,backfill,1,"World Open, top 6 sections",2026,2026-07-01,86,86,live,0,,,100,70,130,0.8,,,0,0,N5v4_Final,e3b0c44298fc1c14,c609e7b3d0b6
2026-04-06,2026-04-06 15:52:26,backfill,1,Chicago Class,2026,2026-07-17,102,102,live,1,1,0,268,156,461,0.8,model,,0,0,N5v4_Final,e3b0c44298fc1c14,c609e7b3d0b6
2026-04-06,2026-04-06 15:52:26,backfill,1,Pittsburgh Open,2026,2026-07-17,102,102,live,3,3,0,173,93,322,0.8,model,,0,0,N5v4_Final,e3b0c44298fc1c14,c609e7b3d0b6
2026-04-06,2026-04-06 15:52:26,backfill,1,Southern Open,2026,2026-07-17,102,102,live,0,,,232,183,282,0.8,,,0,0,N5v4_Final,e3b0c44298fc1c14,c609e7b3d0b6
2026-04-06,2026-04-06 15:52:26,backfill,1,Bradley Open,2026,2026-07-24,109,109,live,3,3,0,261,159,427,0.8,model,,0,0,N5v4_Final,e3b0c44298fc1c14,c609e7b3d0b6
2026-04-06,2026-04-06 15:52:26,backfill,1,Pacific Coast Open,2026,2026-07-31,116,116,live,4,4,0,381,232,624,0.8,model,,0,0,N5v4_Final,e3b0c44298fc1c14,c609e7b3d0b6
2026-04-06,2026-04-06 15:52:26,backfill,1,Central California Open,2026,2026-08-14,130,130,live,0,,,175,144,203,0.8,,,0,0,N5v4_Final,e3b0c44298fc1c14,c609e7b3d0b6
2026-04-06,2026-04-06 15:52:26,backfill,1,Atlantic Open,2026,2026-08-21,137,137,live,0,,,316,251,395,0.8,,,0,0,N5v4_Final,e3b0c44298fc1c14,c609e7b3d0b6
2026-04-06,2026-04-06 15:52:26,backfill,1,New York State Championship,2026,2026-09-04,151,151,live,0,,,304,237,347,0.8,,,0,0,N5v4_Final,e3b0c44298fc1c14,c609e7b3d0b6
2026-04-06,2026-04-06 15:52:26,backfill,1,National Chess Congress,2026,2026-11-28,236,236,live,0,,,623,572,677,0.8,,,0,0,N5v4_Final,e3b0c44298fc1c14,c609e7b3d0b6
2026-04-06,2026-04-06 16:03:55,backfill,1,Chicago Open,2026,2026-05-21,45,45,live,221,225,4,897,859,937,0.8,model,,0,0,N5v4_Final,e3b0c44298fc1c14,51be916b9192
2026-04-06,2026-04-06 16:03:55,backfill,1,Hartford Open,2026,2026-06-05,60,60,live,9,9,0,209,112,390,0.8,model,,0,0,N5v4_Final,e3b0c44298fc1c14,51be916b9192
2026-04-06,2026-04-06 16:03:55,backfill,1,Cleveland Open,2026,2026-06-05,60,60,live,5,5,0,208,121,357,0.8,model,,0,0,N5v4_Final,e3b0c44298fc1c14,51be916b9192
2026-04-06,2026-04-06 16:03:55,backfill,1,New York State Open,2026,2026-06-19,74,74,live,4,4,0,80,43,150,0.8,model,,0,0,N5v4_Final,e3b0c44298fc1c14,51be916b9192
2026-04-06,2026-04-06 16:03:55,backfill,1,DC International,2026,2026-06-25,80,80,live,0,,,100,70,130,0.8,,,0,0,N5v4_Final,e3b0c44298fc1c14,51be916b9192
2026-04-06,2026-04-06 16:03:55,backfill,1,DC Open,2026,2026-06-26,81,81,live,0,,,100,70,130,0.8,,,0,0,N5v4_Final,e3b0c44298fc1c14,51be916b9192
2026-04-06,2026-04-06 16:03:55,backfill,1,"World Open, lower sections",2026,2026-06-27,82,82,live,0,,,100,70,130,0.8,,,0,0,N5v4_Final,e3b0c44298fc1c14,51be916b9192
2026-04-06,2026-04-06 16:03:55,backfill,1,"World Open, top 6 sections",2026,2026-07-01,86,86,live,0,,,100,70,130,0.8,,,0,0,N5v4_Final,e3b0c44298fc1c14,51be916b9192
2026-04-06,2026-04-06 16:03:55,backfill,1,Chicago Class,2026,2026-07-17,102,102,live,1,1,0,268,156,461,0.8,model,,0,0,N5v4_Final,e3b0c44298fc1c14,51be916b9192
2026-04-06,2026-04-06 16:03:55,backfill,1,Pittsburgh Open,2026,2026-07-17,102,102,live,3,3,0,173,93,322,0.8,model,,0,0,N5v4_Final,e3b0c44298fc1c14,51be916b9192
2026-04-06,2026-04-06 16:03:55,backfill,1,Southern Open,2026,2026-07-17,102,102,live,0,,,232,183,282,0.8,,,0,0,N5v4_Final,e3b0c44298fc1c14,51be916b9192
2026-04-06,2026-04-06 16:03:55,backfill,1,Bradley Open,2026,2026-07-24,109,109,live,3,3,0,261,159,427,0.8,model,,0,0,N5v4_Final,e3b0c44298fc1c14,51be916b9192
2026-04-06,2026-04-06 16:03:55,backfill,1,Pacific Coast Open,2026,2026-07-31,116,116,live,4,4,0,381,232,624,0.8,model,,0,0,N5v4_Final,e3b0c44298fc1c14,51be916b9192
2026-04-06,2026-04-06 16:03:55,backfill,1,Central California Open,2026,2026-08-14,130,130,live,0,,,175,144,203,0.8,,,0,0,N5v4_Final,e3b0c44298fc1c14,51be916b9192
2026-04-06,2026-04-06 16:03:55,backfill,1,Atlantic Open,2026,2026-08-21,137,137,live,0,,,316,251,395,0.8,,,0,0,N5v4_Final,e3b0c44298fc1c14,51be916b9192
2026-04-06,2026-04-06 16:03:55,backfill,1,New York State Championship,2026,2026-09-04,151,151,live,0,,,304,237,347,0.8,,,0,0,N5v4_Final,e3b0c44298fc1c14,51be916b9192
2026-04-06,2026-04-06 16:03:55,backfill,1,National Chess Congress,2026,2026-11-28,236,236,live,0,,,623,572,677,0.8,,,0,0,N5v4_Final,e3b0c44298fc1c14,51be916b9192
2026-04-06,2026-04-06 16:22:11,backfill,1,Chicago Open,2026,2026-05-21,45,45,live,221,225,4,901,863,940,0.8,model,,0,0,N5v4_Final,e3b0c44298fc1c14,8676bec39af0
2026-04-06,2026-04-06 16:22:11,backfill,1,Hartford Open,2026,2026-06-05,60,60,live,9,9,0,209,112,390,0.8,model,,0,0,N5v4_Final,e3b0c44298fc1c14,8676bec39af0
2026-04-06,2026-04-06 16:22:11,backfill,1,Cleveland Open,2026,2026-06-05,60,60,live,5,5,0,207,121,356,0.8,model,,0,0,N5v4_Final,e3b0c44298fc1c14,8676bec39af0
2026-04-06,2026-04-06 16:22:11,backfill,1,New York State Open,2026,2026-06-19,74,74,live,4,4,0,80,43,149,0.8,model,,0,0,N5v4_Final,e3b0c44298fc1c14,8676bec39af0
2026-04-06,2026-04-06 16:22:11,backfill,1,DC International,2026,2026-06-25,80,80,live,0,,,100,70,130,0.8,,,0,0,N5v4_Final,e3b0c44298fc1c14,8676bec39af0
2026-04-06,2026-04-06 16:22:11,backfill,1,World Open lower sections,2026,2026-06-26,81,81,live,2,2,0,134,73,249,0.8,model,,0,0,N5v4_Final,e3b0c44298fc1c14,8676bec39af0
2026-04-06,2026-04-06 16:22:11,backfill,1,DC Open,2026,2026-06-26,81,81,live,0,,,100,70,130,0.8,,,0,0,N5v4_Final,e3b0c44298fc1c14,8676bec39af0
2026-04-06,2026-04-06 16:22:11,backfill,1,"World Open, lower sections",2026,2026-06-27,82,82,live,0,,,100,70,130,0.8,,,0,0,N5v4_Final,e3b0c44298fc1c14,8676bec39af0
2026-04-06,2026-04-06 16:22:11,backfill,1,World Open Under 13 Championship,2026,2026-06-29,84,84,live,0,,,100,70,130,0.8,,,0,0,N5v4_Final,e3b0c44298fc1c14,8676bec39af0
2026-04-06,2026-04-06 16:22:11,backfill,1,"World Open, top 6 sections",2026,2026-07-01,86,86,live,0,,,100,70,130,0.8,,,0,0,N5v4_Final,e3b0c44298fc1c14,8676bec39af0
2026-04-06,2026-04-06 16:22:11,backfill,1,World Open top 6 sections,2026,2026-07-04,89,89,live,28,28,0,1095,668,1796,0.8,model,,0,0,N5v4_Final,e3b0c44298fc1c14,8676bec39af0
2026-04-06,2026-04-06 16:22:11,backfill,1,Chicago Class,2026,2026-07-17,102,102,live,1,1,0,269,157,463,0.8,model,,0,0,N5v4_Final,e3b0c44298fc1c14,8676bec39af0
2026-04-06,2026-04-06 16:22:11,backfill,1,Pittsburgh Open,2026,2026-07-17,102,102,live,3,3,0,174,94,323,0.8,model,,0,0,N5v4_Final,e3b0c44298fc1c14,8676bec39af0
2026-04-06,2026-04-06 16:22:11,backfill,1,Southern Open,2026,2026-07-17,102,102,live,0,,,232,183,282,0.8,,,0,0,N5v4_Final,e3b0c44298fc1c14,8676bec39af0
2026-04-06,2026-04-06 16:22:11,backfill,1,Bradley Open,2026,2026-07-24,109,109,live,3,3,0,262,160,429,0.8,model,,0,0,N5v4_Final,e3b0c44298fc1c14,8676bec39af0
2026-04-06,2026-04-06 16:22:11,backfill,1,Pacific Coast Open,2026,2026-07-31,116,116,live,4,4,0,382,233,627,0.8,model,,0,0,N5v4_Final,e3b0c44298fc1c14,8676bec39af0
2026-04-06,2026-04-06 16:22:11,backfill,1,Central California Open,2026,2026-08-14,130,130,live,0,,,175,144,203,0.8,,,0,0,N5v4_Final,e3b0c44298fc1c14,8676bec39af0
2026-04-06,2026-04-06 16:22:11,backfill,1,Atlantic Open,2026,2026-08-21,137,137,live,0,,,316,251,395,0.8,,,0,0,N5v4_Final,e3b0c44298fc1c14,8676bec39af0
2026-04-06,2026-04-06 16:22:11,backfill,1,New York State Championship,2026,2026-09-04,151,151,live,0,,,304,237,347,0.8,,,0,0,N5v4_Final,e3b0c44298fc1c14,8676bec39af0
2026-04-06,2026-04-06 16:22:11,backfill,1,National Chess Congress,2026,2026-11-28,236,236,live,0,,,623,572,677,0.8,,,0,0,N5v4_Final,e3b0c44298fc1c14,8676bec39af0
2026-04-06,2026-04-06 16:30:44,backfill,1,Chicago Open,2026,2026-05-21,45,45,live,221,225,4,901,863,940,0.8,model,,0,0,N5v4_Final,e3b0c44298fc1c14,a0d852006945
2026-04-06,2026-04-06 16:30:44,backfill,1,Hartford Open,2026,2026-06-05,60,60,live,9,9,0,209,112,390,0.8,model,,0,0,N5v4_Final,e3b0c44298fc1c14,a0d852006945
2026-04-06,2026-04-06 16:30:44,backfill,1,Cleveland Open,2026,2026-06-05,60,60,live,5,5,0,207,121,356,0.8,model,,0,0,N5v4_Final,e3b0c44298fc1c14,a0d852006945
2026-04-06,2026-04-06 16:30:44,backfill,1,New York State Open,2026,2026-06-19,74,74,live,4,4,0,80,43,149,0.8,model,,0,0,N5v4_Final,e3b0c44298fc1c14,a0d852006945
2026-04-06,2026-04-06 16:30:44,backfill,1,DC International,2026,2026-06-25,80,80,live,0,,,100,70,130,0.8,,,0,0,N5v4_Final,e3b0c44298fc1c14,a0d852006945
2026-04-06,2026-04-06 16:30:44,backfill,1,World Open lower sections,2026,2026-06-26,81,81,live,2,2,0,134,73,249,0.8,model,,0,0,N5v4_Final,e3b0c44298fc1c14,a0d852006945
2026-04-06,2026-04-06 16:30:44,backfill,1,DC Open,2026,2026-06-26,81,81,live,0,,,100,70,130,0.8,,,0,0,N5v4_Final,e3b0c44298fc1c14,a0d852006945
2026-04-06,2026-04-06 16:30:44,backfill,1,World Open Under 13 Championship,2026,2026-06-29,84,84,live,0,,,100,70,130,0.8,,,0,0,N5v4_Final,e3b0c44298fc1c14,a0d852006945
2026-04-06,2026-04-06 16:30:44,backfill,1,World Open top 6 sections,2026,2026-07-04,89,89,live,28,28,0,1095,668,1796,0.8,model,,0,0,N5v4_Final,e3b0c44298fc1c14,a0d852006945
2026-04-06,2026-04-06 16:30:44,backfill,1,Chicago Class,2026,2026-07-17,102,102,live,1,1,0,269,157,463,0.8,model,,0,0,N5v4_Final,e3b0c44298fc1c14,a0d852006945
2026-04-06,2026-04-06 16:30:44,backfill,1,Pittsburgh Open,2026,2026-07-17,102,102,live,3,3,0,174,94,323,0.8,model,,0,0,N5v4_Final,e3b0c44298fc1c14,a0d852006945
2026-04-06,2026-04-06 16:30:44,backfill,1,Southern Open,2026,2026-07-17,102,102,live,0,,,232,183,282,0.8,,,0,0,N5v4_Final,e3b0c44298fc1c14,a0d852006945
2026-04-06,2026-04-06 16:30:44,backfill,1,Bradley Open,2026,2026-07-24,109,109,live,3,3,0,262,160,429,0.8,model,,0,0,N5v4_Final,e3b0c44298fc1c14,a0d852006945
2026-04-06,2026-04-06 16:30:44,backfill,1,Pacific Coast Open,2026,2026-07-31,116,116,live,4,4,0,382,233,627,0.8,model,,0,0,N5v4_Final,e3b0c44298fc1c14,a0d852006945
2026-04-06,2026-04-06 16:30:44,backfill,1,Central California Open,2026,2026-08-14,130,130,live,0,,,175,144,203,0.8,,,0,0,N5v4_Final,e3b0c44298fc1c14,a0d852006945
2026-04-06,2026-04-06 16:30:44,backfill,1,Atlantic Open,2026,2026-08-21,137,137,live,0,,,316,251,395,0.8,,,0,0,N5v4_Final,e3b0c44298fc1c14,a0d852006945
2026-04-06,2026-04-06 16:30:44,backfill,1,New York State Championship,2026,2026-09-04,151,151,live,0,,,304,237,347,0.8,,,0,0,N5v4_Final,e3b0c44298fc1c14,a0d852006945
2026-04-06,2026-04-06 16:30:44,backfill,1,National Chess Congress,2026,2026-11-28,236,236,live,0,,,623,572,677,0.8,,,0,0,N5v4_Final,e3b0c44298fc1c14,a0d852006945
2026-04-06,2026-04-06 16:42:26,backfill,1,Chicago Open,2026,2026-05-21,45,45,live,221,225,4,901,863,940,0.8,model,,0,0,N5v4_Final,e3b0c44298fc1c14,af41d2946413
2026-04-06,2026-04-06 16:42:26,backfill,1,Hartford Open,2026,2026-06-05,60,60,live,9,9,0,209,112,390,0.8,model,,0,0,N5v4_Final,e3b0c44298fc1c14,af41d2946413
2026-04-06,2026-04-06 16:42:26,backfill,1,Cleveland Open,2026,2026-06-05,60,60,live,5,5,0,207,121,356,0.8,model,,0,0,N5v4_Final,e3b0c44298fc1c14,af41d2946413
2026-04-06,2026-04-06 16:42:26,backfill,1,New York State Open,2026,2026-06-19,74,74,live,4,4,0,80,43,149,0.8,model,,0,0,N5v4_Final,e3b0c44298fc1c14,af41d2946413
2026-04-06,2026-04-06 16:42:26,backfill,1,DC International,2026,2026-06-25,80,80,live,0,,,100,70,130,0.8,,,0,0,N5v4_Final,e3b0c44298fc1c14,af41d2946413
2026-04-06,2026-04-06 16:42:26,backfill,1,World Open lower sections,2026,2026-06-26,81,81,live,2,2,0,134,73,249,0.8,model,,0,0,N5v4_Final,e3b0c44298fc1c14,af41d2946413
2026-04-06,2026-04-06 16:42:26,backfill,1,DC Open,2026,2026-06-26,81,81,live,0,,,100,70,130,0.8,,,0,0,N5v4_Final,e3b0c44298fc1c14,af41d2946413
2026-04-06,2026-04-06 16:42:26,backfill,1,World Open Under 13 Championship,2026,2026-06-29,84,84,live,0,,,100,70,130,0.8,,,0,0,N5v4_Final,e3b0c44298fc1c14,af41d2946413
2026-04-06,2026-04-06 16:42:26,backfill,1,World Open top 6 sections,2026,2026-07-04,89,89,live,28,28,0,1095,668,1796,0.8,model,,0,0,N5v4_Final,e3b0c44298fc1c14,af41d2946413
2026-04-06,2026-04-06 16:42:26,backfill,1,Chicago Class,2026,2026-07-17,102,102,live,1,1,0,269,157,463,0.8,model,,0,0,N5v4_Final,e3b0c44298fc1c14,af41d2946413
2026-04-06,2026-04-06 16:42:26,backfill,1,Pittsburgh Open,2026,2026-07-17,102,102,live,3,3,0,174,94,323,0.8,model,,0,0,N5v4_Final,e3b0c44298fc1c14,af41d2946413
2026-04-06,2026-04-06 16:42:26,backfill,1,Southern Open,2026,2026-07-17,102,102,live,0,,,232,183,282,0.8,,,0,0,N5v4_Final,e3b0c44298fc1c14,af41d2946413
2026-04-06,2026-04-06 16:42:26,backfill,1,Bradley Open,2026,2026-07-24,109,109,live,3,3,0,262,160,429,0.8,model,,0,0,N5v4_Final,e3b0c44298fc1c14,af41d2946413
2026-04-06,2026-04-06 16:42:26,backfill,1,Pacific Coast Open,2026,2026-07-31,116,116,live,4,4,0,382,233,627,0.8,model,,0,0,N5v4_Final,e3b0c44298fc1c14,af41d2946413
2026-04-06,2026-04-06 16:42:26,backfill,1,Central California Open,2026,2026-08-14,130,130,live,0,,,175,144,203,0.8,,,0,0,N5v4_Final,e3b0c44298fc1c14,af41d2946413
2026-04-06,2026-04-06 16:42:26,backfill,1,Atlantic Open,2026,2026-08-21,137,137,live,0,,,316,251,395,0.8,,,0,0,N5v4_Final,e3b0c44298fc1c14,af41d2946413
2026-04-06,2026-04-06 16:42:26,backfill,1,New York State Championship,2026,2026-09-04,151,151,live,0,,,304,237,347,0.8,,,0,0,N5v4_Final,e3b0c44298fc1c14,af41d2946413
2026-04-06,2026-04-06 16:42:26,backfill,1,National Chess Congress,2026,2026-11-28,236,236,live,0,,,623,572,677,0.8,,,0,0,N5v4_Final,e3b0c44298fc1c14,af41d2946413
2026-04-06,2026-04-06 21:44:26,backfill,1,Chicago Open,2026,2026-05-21,45,45,live,221,225,4,901,863,940,0.8,model,,0,0,N5v4_Final,e3b0c44298fc1c14,fbd5b02044ac
2026-04-06,2026-04-06 21:44:26,backfill,1,Hartford Open,2026,2026-06-05,60,60,live,9,9,0,209,112,390,0.8,model,,0,0,N5v4_Final,e3b0c44298fc1c14,fbd5b02044ac
2026-04-06,2026-04-06 21:44:26,backfill,1,Cleveland Open,2026,2026-06-05,60,60,live,5,5,0,207,121,356,0.8,model,,0,0,N5v4_Final,e3b0c44298fc1c14,fbd5b02044ac
2026-04-06,2026-04-06 21:44:26,backfill,1,New York State Open,2026,2026-06-19,74,74,live,4,4,0,80,43,149,0.8,model,,0,0,N5v4_Final,e3b0c44298fc1c14,fbd5b02044ac
2026-04-06,2026-04-06 21:44:26,backfill,1,DC International,2026,2026-06-25,80,80,live,0,,,100,70,130,0.8,,,0,0,N5v4_Final,e3b0c44298fc1c14,fbd5b02044ac
2026-04-06,2026-04-06 21:44:26,backfill,1,World Open lower sections,2026,2026-06-26,81,81,live,2,2,0,134,73,249,0.8,model,,0,0,N5v4_Final,e3b0c44298fc1c14,fbd5b02044ac
2026-04-06,2026-04-06 21:44:26,backfill,1,DC Open,2026,2026-06-26,81,81,live,0,,,100,70,130,0.8,,,0,0,N5v4_Final,e3b0c44298fc1c14,fbd5b02044ac
2026-04-06,2026-04-06 21:44:26,backfill,1,World Open Under 13 Championship,2026,2026-06-29,84,84,live,0,,,100,70,130,0.8,,,0,0,N5v4_Final,e3b0c44298fc1c14,fbd5b02044ac
2026-04-06,2026-04-06 21:44:26,backfill,1,World Open top 6 sections,2026,2026-07-04,89,89,live,28,28,0,1095,668,1796,0.8,model,,0,0,N5v4_Final,e3b0c44298fc1c14,fbd5b02044ac
2026-04-06,2026-04-06 21:44:26,backfill,1,Chicago Class,2026,2026-07-17,102,102,live,1,1,0,269,157,463,0.8,model,,0,0,N5v4_Final,e3b0c44298fc1c14,fbd5b02044ac
2026-04-06,2026-04-06 21:44:26,backfill,1,Pittsburgh Open,2026,2026-07-17,102,102,live,3,3,0,174,94,323,0.8,model,,0,0,N5v4_Final,e3b0c44298fc1c14,fbd5b02044ac
2026-04-06,2026-04-06 21:44:26,backfill,1,Southern Open,2026,2026-07-17,102,102,live,0,,,232,183,282,0.8,,,0,0,N5v4_Final,e3b0c44298fc1c14,fbd5b02044ac
2026-04-06,2026-04-06 21:44:26,backfill,1,Bradley Open,2026,2026-07-24,109,109,live,3,3,0,262,160,429,0.8,model,,0,0,N5v4_Final,e3b0c44298fc1c14,fbd5b02044ac
2026-04-06,2026-04-06 21:44:26,backfill,1,Pacific Coast Open,2026,2026-07-31,116,116,live,4,4,0,382,233,627,0.8,model,,0,0,N5v4_Final,e3b0c44298fc1c14,fbd5b02044ac
2026-04-06,2026-04-06 21:44:26,backfill,1,Central California Open,2026,2026-08-14,130,130,live,0,,,175,144,203,0.8,,,0,0,N5v4_Final,e3b0c44298fc1c14,fbd5b02044ac
2026-04-06,2026-04-06 21:44:26,backfill,1,Atlantic Open,2026,2026-08-21,137,137,live,0,,,316,251,395,0.8,,,0,0,N5v4_Final,e3b0c44298fc1c14,fbd5b02044ac
2026-04-06,2026-04-06 21:44:26,backfill,1,New York State Championship,2026,2026-09-04,151,151,live,0,,,304,237,347,0.8,,,0,0,N5v4_Final,e3b0c44298fc1c14,fbd5b02044ac
2026-04-06,2026-04-06 21:44:26,backfill,1,National Chess Congress,2026,2026-11-28,236,236,live,0,,,623,572,677,0.8,,,0,0,N5v4_Final,e3b0c44298fc1c14,fbd5b02044ac
2026-04-07,2026-04-07 04:07:14,backfill,1,Chicago Open,2026,2026-05-21,44,44,live,226,230,4,901,865,939,0.8,model,,0,0,N5v4_Final,e3b0c44298fc1c14,57a8081ca6d4
2026-04-07,2026-04-07 04:07:14,backfill,1,Hartford Open,2026,2026-06-05,59,59,live,9,9,0,214,120,381,0.8,model,,0,0,N5v4_Final,e3b0c44298fc1c14,57a8081ca6d4
2026-04-07,2026-04-07 04:07:14,backfill,1,Cleveland Open,2026,2026-06-05,59,59,live,5,5,0,206,122,347,0.8,model,,0,0,N5v4_Final,e3b0c44298fc1c14,57a8081ca6d4
2026-04-07,2026-04-07 04:07:14,backfill,1,New York State Open,2026,2026-06-19,73,73,live,5,5,0,80,43,149,0.8,model,,0,0,N5v4_Final,e3b0c44298fc1c14,57a8081ca6d4
2026-04-07,2026-04-07 04:07:14,backfill,1,DC International,2026,2026-06-25,79,79,live,0,,,100,70,130,0.8,,,0,0,N5v4_Final,e3b0c44298fc1c14,57a8081ca6d4
2026-04-07,2026-04-07 04:07:14,backfill,1,World Open lower sections,2026,2026-06-26,80,80,live,2,2,0,134,73,247,0.8,model,,0,0,N5v4_Final,e3b0c44298fc1c14,57a8081ca6d4
2026-04-07,2026-04-07 04:07:14,backfill,1,DC Open,2026,2026-06-26,80,80,live,0,,,100,70,130,0.8,,,0,0,N5v4_Final,e3b0c44298fc1c14,57a8081ca6d4
2026-04-07,2026-04-07 04:07:14,backfill,1,World Open Under 13 Championship,2026,2026-06-29,83,83,live,0,,,100,70,130,0.8,,,0,0,N5v4_Final,e3b0c44298fc1c14,57a8081ca6d4
2026-04-07,2026-04-07 04:07:14,backfill,1,World Open top 6 sections,2026,2026-07-04,88,88,live,28,28,0,1080,659,1770,0.8,model,,0,0,N5v4_Final,e3b0c44298fc1c14,57a8081ca6d4
2026-04-07,2026-04-07 04:07:14,backfill,1,Chicago Class,2026,2026-07-17,101,101,live,1,1,0,269,156,462,0.8,model,,0,0,N5v4_Final,e3b0c44298fc1c14,57a8081ca6d4
2026-04-07,2026-04-07 04:07:14,backfill,1,Pittsburgh Open,2026,2026-07-17,101,101,live,3,3,0,174,94,323,0.8,model,,0,0,N5v4_Final,e3b0c44298fc1c14,57a8081ca6d4
2026-04-07,2026-04-07 04:07:14,backfill,1,Southern Open,2026,2026-07-17,101,101,live,0,,,232,183,282,0.8,,,0,0,N5v4_Final,e3b0c44298fc1c14,57a8081ca6d4
2026-04-07,2026-04-07 04:07:14,backfill,1,Bradley Open,2026,2026-07-24,108,108,live,3,3,0,261,159,429,0.8,model,,0,0,N5v4_Final,e3b0c44298fc1c14,57a8081ca6d4
2026-04-07,2026-04-07 04:07:14,backfill,1,Pacific Coast Open,2026,2026-07-31,115,115,live,4,4,0,382,233,627,0.8,model,,0,0,N5v4_Final,e3b0c44298fc1c14,57a8081ca6d4
2026-04-07,2026-04-07 04:07:14,backfill,1,Central California Open,2026,2026-08-14,129,129,live,0,,,175,144,203,0.8,,,0,0,N5v4_Final,e3b0c44298fc1c14,57a8081ca6d4
2026-04-07,2026-04-07 04:07:14,backfill,1,Atlantic Open,2026,2026-08-21,136,136,live,0,,,316,251,395,0.8,,,0,0,N5v4_Final,e3b0c44298fc1c14,57a8081ca6d4
2026-04-07,2026-04-07 04:07:14,backfill,1,New York State Championship,2026,2026-09-04,150,150,live,0,,,304,237,347,0.8,,,0,0,N5v4_Final,e3b0c44298fc1c14,57a8081ca6d4
2026-04-07,2026-04-07 04:07:14,backfill,1,National Chess Congress,2026,2026-11-28,235,235,live,0,,,623,572,677,0.8,,,0,0,N5v4_Final,e3b0c44298fc1c14,57a8081ca6d4
2026-04-08,2026-04-08 04:09:26,backfill,1,Chicago Open,2026,2026-05-21,43,43,live,234,239,5,904,870,940,0.8,model,,0,0,N5v4_Final,e3b0c44298fc1c14,43b0088630ac
2026-04-08,2026-04-08 04:09:26,backfill,1,Hartford Open,2026,2026-06-05,58,58,live,9,9,0,212,121,373,0.8,model,,0,0,N5v4_Final,e3b0c44298fc1c14,43b0088630ac
2026-04-08,2026-04-08 04:09:26,backfill,1,Cleveland Open,2026,2026-06-05,58,58,live,6,6,0,208,121,359,0.8,model,,0,0,N5v4_Final,e3b0c44298fc1c14,43b0088630ac
2026-04-08,2026-04-08 04:09:26,backfill,1,New York State Open,2026,2026-06-19,72,72,live,5,5,0,80,43,149,0.8,model,,0,0,N5v4_Final,e3b0c44298fc1c14,43b0088630ac
2026-04-08,2026-04-08 04:09:26,backfill,1,DC International,2026,2026-06-25,78,78,live,0,,,100,70,130,0.8,,,0,0,N5v4_Final,e3b0c44298fc1c14,43b0088630ac
2026-04-08,2026-04-08 04:09:26,backfill,1,World Open lower sections,2026,2026-06-26,79,79,live,2,2,0,134,74,244,0.8,model,,0,0,N5v4_Final,e3b0c44298fc1c14,43b0088630ac
2026-04-08,2026-04-08 04:09:26,backfill,1,DC Open,2026,2026-06-26,79,79,live,0,,,100,70,130,0.8,,,0,0,N5v4_Final,e3b0c44298fc1c14,43b0088630ac
2026-04-08,2026-04-08 04:09:26,backfill,1,World Open Under 13 Championship,2026,2026-06-29,82,82,live,0,,,100,70,130,0.8,,,0,0,N5v4_Final,e3b0c44298fc1c14,43b0088630ac
2026-04-08,2026-04-08 04:09:26,backfill,1,World Open top 6 sections,2026,2026-07-04,87,87,live,28,28,0,1151,702,1886,0.8,model,,0,0,N5v4_Final,e3b0c44298fc1c14,43b0088630ac
2026-04-08,2026-04-08 04:09:26,backfill,1,Chicago Class,2026,2026-07-17,100,100,live,1,1,0,269,156,462,0.8,model,,0,0,N5v4_Final,e3b0c44298fc1c14,43b0088630ac
2026-04-08,2026-04-08 04:09:26,backfill,1,Pittsburgh Open,2026,2026-07-17,100,100,live,3,3,0,174,94,323,0.8,model,,0,0,N5v4_Final,e3b0c44298fc1c14,43b0088630ac
2026-04-08,2026-04-08 04:09:26,backfill,1,Southern Open,2026,2026-07-17,100,100,live,0,,,232,183,282,0.8,,,0,0,N5v4_Final,e3b0c44298fc1c14,43b0088630ac
2026-04-08,2026-04-08 04:09:26,backfill,1,Bradley Open,2026,2026-07-24,107,107,live,3,3,0,261,159,428,0.8,model,,0,0,N5v4_Final,e3b0c44298fc1c14,43b0088630ac
2026-04-08,2026-04-08 04:09:26,backfill,1,Pacific Coast Open,2026,2026-07-31,114,114,live,4,4,0,382,233,626,0.8,model,,0,0,N5v4_Final,e3b0c44298fc1c14,43b0088630ac
2026-04-08,2026-04-08 04:09:26,backfill,1,Central California Open,2026,2026-08-14,128,128,live,0,,,175,144,203,0.8,,,0,0,N5v4_Final,e3b0c44298fc1c14,43b0088630ac
2026-04-08,2026-04-08 04:09:26,backfill,1,Atlantic Open,2026,2026-08-21,135,135,live,0,,,316,251,395,0.8,,,0,0,N5v4_Final,e3b0c44298fc1c14,43b0088630ac
2026-04-08,2026-04-08 04:09:26,backfill,1,New York State Championship,2026,2026-09-04,149,149,live,0,,,304,237,347,0.8,,,0,0,N5v4_Final,e3b0c44298fc1c14,43b0088630ac
2026-04-08,2026-04-08 04:09:26,backfill,1,National Chess Congress,2026,2026-11-28,234,234,live,0,,,623,572,677,0.8,,,0,0,N5v4_Final,e3b0c44298fc1c14,43b0088630ac
2026-04-09,2026-04-09 04:05:24,backfill,1,Chicago Open,2026,2026-05-21,42,42,live,237,242,5,903,871,936,0.8,model,,0,0,N5v4_Final,e3b0c44298fc1c14,360322791b52
2026-04-09,2026-04-09 04:05:24,backfill,1,Hartford Open,2026,2026-06-05,57,57,live,11,11,0,223,132,379,0.8,model,,0,0,N5v4_Final,e3b0c44298fc1c14,360322791b52
2026-04-09,2026-04-09 04:05:24,backfill,1,Cleveland Open,2026,2026-06-05,57,57,live,6,6,0,207,122,350,0.8,model,,0,0,N5v4_Final,e3b0c44298fc1c14,360322791b52
2026-04-09,2026-04-09 04:05:24,backfill,1,New York State Open,2026,2026-06-19,71,71,live,6,6,0,80,43,149,0.8,model,,0,0,N5v4_Final,e3b0c44298fc1c14,360322791b52
2026-04-09,2026-04-09 04:05:24,backfill,1,DC International,2026,2026-06-25,77,77,live,0,,,100,70,130,0.8,,,0,0,N5v4_Final,e3b0c44298fc1c14,360322791b52
2026-04-09,2026-04-09 04:05:24,backfill,1,World Open lower sections,2026,2026-06-26,78,78,live,2,2,0,134,75,242,0.8,model,,0,0,N5v4_Final,e3b0c44298fc1c14,360322791b52
2026-04-09,2026-04-09 04:05:24,backfill,1,DC Open,2026,2026-06-26,78,78,live,0,,,100,70,130,0.8,,,0,0,N5v4_Final,e3b0c44298fc1c14,360322791b52
2026-04-09,2026-04-09 04:05:24,backfill,1,World Open Under 13 Championship,2026,2026-06-29,81,81,live,0,,,100,70,130,0.8,,,0,0,N5v4_Final,e3b0c44298fc1c14,360322791b52
2026-04-09,2026-04-09 04:05:24,backfill,1,World Open top 6 sections,2026,2026-07-04,86,86,live,28,28,0,1137,694,1865,0.8,model,,0,0,N5v4_Final,e3b0c44298fc1c14,360322791b52
2026-04-09,2026-04-09 04:05:24,backfill,1,Chicago Class,2026,2026-07-17,99,99,live,1,1,0,269,156,462,0.8,model,,0,0,N5v4_Final,e3b0c44298fc1c14,360322791b52
2026-04-09,2026-04-09 04:05:24,backfill,1,Pittsburgh Open,2026,2026-07-17,99,99,live,3,3,0,174,94,322,0.8,model,,0,0,N5v4_Final,e3b0c44298fc1c14,360322791b52
2026-04-09,2026-04-09 04:05:24,backfill,1,Southern Open,2026,2026-07-17,99,99,live,0,,,232,183,282,0.8,,,0,0,N5v4_Final,e3b0c44298fc1c14,360322791b52
2026-04-09,2026-04-09 04:05:24,backfill,1,Bradley Open,2026,2026-07-24,106,106,live,3,3,0,261,159,428,0.8,model,,0,0,N5v4_Final,e3b0c44298fc1c14,360322791b52
2026-04-09,2026-04-09 04:05:24,backfill,1,Pacific Coast Open,2026,2026-07-31,113,113,live,4,4,0,382,233,626,0.8,model,,0,0,N5v4_Final,e3b0c44298fc1c14,360322791b52
2026-04-09,2026-04-09 04:05:24,backfill,1,Central California Open,2026,2026-08-14,127,127,live,0,,,175,144,203,0.8,,,0,0,N5v4_Final,e3b0c44298fc1c14,360322791b52
2026-04-09,2026-04-09 04:05:24,backfill,1,Atlantic Open,2026,2026-08-21,134,134,live,0,,,316,251,395,0.8,,,0,0,N5v4_Final,e3b0c44298fc1c14,360322791b52
2026-04-09,2026-04-09 04:05:24,backfill,1,New York State Championship,2026,2026-09-04,148,148,live,0,,,304,237,347,0.8,,,0,0,N5v4_Final,e3b0c44298fc1c14,360322791b52
2026-04-09,2026-04-09 04:05:24,backfill,1,National Chess Congress,2026,2026-11-28,233,233,live,0,,,623,572,677,0.8,,,0,0,N5v4_Final,e3b0c44298fc1c14,360322791b52
2026-04-10,2026-04-10 04:19:03,backfill,1,Chicago Open,2026,2026-05-21,41,41,live,244,249,5,905,873,937,0.8,model,,0,0,N5v4_Final,e3b0c44298fc1c14,de36096911c9
2026-04-10,2026-04-10 04:19:03,backfill,1,Hartford Open,2026,2026-06-05,56,56,live,11,11,0,221,132,370,0.8,model,,0,0,N5v4_Final,e3b0c44298fc1c14,de36096911c9
2026-04-10,2026-04-10 04:19:03,backfill,1,Cleveland Open,2026,2026-06-05,56,56,live,6,6,0,205,123,341,0.8,model,,0,0,N5v4_Final,e3b0c44298fc1c14,de36096911c9
2026-04-10,2026-04-10 04:19:03,backfill,1,New York State Open,2026,2026-06-19,70,70,live,6,6,0,80,43,149,0.8,model,,0,0,N5v4_Final,e3b0c44298fc1c14,de36096911c9
2026-04-10,2026-04-10 04:19:03,backfill,1,DC International,2026,2026-06-25,76,76,live,0,,,100,70,130,0.8,,,0,0,N5v4_Final,e3b0c44298fc1c14,de36096911c9
2026-04-10,2026-04-10 04:19:03,backfill,1,World Open lower sections,2026,2026-06-26,77,77,live,2,2,0,134,76,239,0.8,model,,0,0,N5v4_Final,e3b0c44298fc1c14,de36096911c9
2026-04-10,2026-04-10 04:19:03,backfill,1,DC Open,2026,2026-06-26,77,77,live,0,,,100,70,130,0.8,,,0,0,N5v4_Final,e3b0c44298fc1c14,de36096911c9
2026-04-10,2026-04-10 04:19:03,backfill,1,World Open Under 13 Championship,2026,2026-06-29,80,80,live,0,,,100,70,130,0.8,,,0,0,N5v4_Final,e3b0c44298fc1c14,de36096911c9
2026-04-10,2026-04-10 04:19:03,backfill,1,World Open top 6 sections,2026,2026-07-04,85,85,live,28,28,0,1124,686,1843,0.8,model,,0,0,N5v4_Final,e3b0c44298fc1c14,de36096911c9
2026-04-10,2026-04-10 04:19:03,backfill,1,Chicago Class,2026,2026-07-17,98,98,live,1,1,0,269,156,462,0.8,model,,0,0,N5v4_Final,e3b0c44298fc1c14,de36096911c9
2026-04-10,2026-04-10 04:19:03,backfill,1,Pittsburgh Open,2026,2026-07-17,98,98,live,3,3,0,173,93,322,0.8,model,,0,0,N5v4_Final,e3b0c44298fc1c14,de36096911c9
2026-04-10,2026-04-10 04:19:03,backfill,1,Southern Open,2026,2026-07-17,98,98,live,0,,,232,183,282,0.8,,,0,0,N5v4_Final,e3b0c44298fc1c14,de36096911c9
2026-04-10,2026-04-10 04:19:03,backfill,1,Bradley Open,2026,2026-07-24,105,105,live,3,3,0,261,159,428,0.8,model,,0,0,N5v4_Final,e3b0c44298fc1c14,de36096911c9
2026-04-10,2026-04-10 04:19:03,backfill,1,Pacific Coast Open,2026,2026-07-31,112,112,live,4,4,0,382,233,625,0.8,model,,0,0,N5v4_Final,e3b0c44298fc1c14,de36096911c9
2026-04-10,2026-04-10 04:19:03,backfill,1,Continental Open,2026,2026-08-13,125,125,live,0,,,283,252,317,0.8,,,0,0,N5v4_Final,e3b0c44298fc1c14,de36096911c9
2026-04-10,2026-04-10 04:19:03,backfill,1,Central California Open,2026,2026-08-14,126,126,live,0,,,175,144,203,0.8,,,0,0,N5v4_Final,e3b0c44298fc1c14,de36096911c9
2026-04-10,2026-04-10 04:19:03,backfill,1,Atlantic Open,2026,2026-08-21,133,133,live,0,,,316,251,395,0.8,,,0,0,N5v4_Final,e3b0c44298fc1c14,de36096911c9
2026-04-10,2026-04-10 04:19:03,backfill,1,New York State Championship,2026,2026-09-04,147,147,live,0,,,304,237,347,0.8,,,0,0,N5v4_Final,e3b0c44298fc1c14,de36096911c9
2026-04-10,2026-04-10 04:19:03,backfill,1,National Chess Congress,2026,2026-11-28,232,232,live,0,,,623,572,677,0.8,,,0,0,N5v4_Final,e3b0c44298fc1c14,de36096911c9
2026-04-11,2026-04-11 03:48:25,backfill,1,Chicago Open,2026,2026-05-21,40,40,live,247,252,5,903,872,935,0.8,model,,0,0,N5v4_Final,e3b0c44298fc1c14,c403f9755b82
2026-04-11,2026-04-11 03:48:25,backfill,1,Hartford Open,2026,2026-06-05,55,55,live,11,11,0,219,132,362,0.8,model,,0,0,N5v4_Final,e3b0c44298fc1c14,c403f9755b82
2026-04-11,2026-04-11 03:48:25,backfill,1,Cleveland Open,2026,2026-06-05,55,55,live,7,7,0,208,125,346,0.8,model,,0,0,N5v4_Final,e3b0c44298fc1c14,c403f9755b82
2026-04-11,2026-04-11 03:48:25,backfill,1,New York State Open,2026,2026-06-19,69,69,live,6,6,0,80,43,149,0.8,model,,0,0,N5v4_Final,e3b0c44298fc1c14,c403f9755b82
2026-04-11,2026-04-11 03:48:25,backfill,1,DC International,2026,2026-06-25,75,75,live,0,,,100,70,130,0.8,,,0,0,N5v4_Final,e3b0c44298fc1c14,c403f9755b82
2026-04-11,2026-04-11 03:48:25,backfill,1,World Open lower sections,2026,2026-06-26,76,76,live,2,2,0,134,76,237,0.8,model,,0,0,N5v4_Final,e3b0c44298fc1c14,c403f9755b82
2026-04-11,2026-04-11 03:48:25,backfill,1,DC Open,2026,2026-06-26,76,76,live,0,,,100,70,130,0.8,,,0,0,N5v4_Final,e3b0c44298fc1c14,c403f9755b82
2026-04-11,2026-04-11 03:48:25,backfill,1,World Open Under 13 Championship,2026,2026-06-29,79,79,live,0,,,100,70,130,0.8,,,0,0,N5v4_Final,e3b0c44298fc1c14,c403f9755b82
2026-04-11,2026-04-11 03:48:25,backfill,1,World Open top 6 sections,2026,2026-07-04,84,84,live,28,28,0,1111,678,1821,0.8,model,,0,0,N5v4_Final,e3b0c44298fc1c14,c403f9755b82
2026-04-11,2026-04-11 03:48:25,backfill,1,Chicago Class,2026,2026-07-17,97,97,live,1,1,0,269,156,462,0.8,model,,0,0,N5v4_Final,e3b0c44298fc1c14,c403f9755b82
2026-04-11,2026-04-11 03:48:25,backfill,1,Pittsburgh Open,2026,2026-07-17,97,97,live,3,3,0,173,93,322,0.8,model,,0,0,N5v4_Final,e3b0c44298fc1c14,c403f9755b82
2026-04-11,2026-04-11 03:48:25,backfill,1,Southern Open,2026,2026-07-17,97,97,live,0,,,232,183,282,0.8,,,0,0,N5v4_Final,e3b0c44298fc1c14,c403f9755b82
2026-04-11,2026-04-11 03:48:25,backfill,1,Bradley Open,2026,2026-07-24,104,104,live,3,3,0,261,159,427,0.8,model,,0,0,N5v4_Final,e3b0c44298fc1c14,c403f9755b82
2026-04-11,2026-04-11 03:48:25,backfill,1,Pacific Coast Open,2026,2026-07-31,111,111,live,4,4,0,381,233,625,0.8,model,,0,0,N5v4_Final,e3b0c44298fc1c14,c403f9755b82
2026-04-11,2026-04-11 03:48:25,backfill,1,Continental Open,2026,2026-08-13,124,124,live,0,,,283,252,317,0.8,,,0,0,N5v4_Final,e3b0c44298fc1c14,c403f9755b82
2026-04-11,2026-04-11 03:48:25,backfill,1,Central California Open,2026,2026-08-14,125,125,live,0,,,175,144,203,0.8,,,0,0,N5v4_Final,e3b0c44298fc1c14,c403f9755b82
2026-04-11,2026-04-11 03:48:25,backfill,1,Atlantic Open,2026,2026-08-21,132,132,live,0,,,316,251,395,0.8,,,0,0,N5v4_Final,e3b0c44298fc1c14,c403f9755b82
2026-04-11,2026-04-11 03:48:25,backfill,1,New York State Championship,2026,2026-09-04,146,146,live,0,,,304,237,347,0.8,,,0,0,N5v4_Final,e3b0c44298fc1c14,c403f9755b82
2026-04-11,2026-04-11 03:48:25,backfill,1,National Chess Congress,2026,2026-11-28,231,231,live,0,,,623,572,677,0.8,,,0,0,N5v4_Final,e3b0c44298fc1c14,c403f9755b82
2026-04-12,2026-04-12 04:20:51,backfill,1,Chicago Open,2026,2026-05-21,39,39,live,257,262,5,907,876,938,0.8,model,,0,0,N5v4_Final,e3b0c44298fc1c14,6ebd09147705
2026-04-12,2026-04-12 04:20:51,backfill,1,Hartford Open,2026,2026-06-05,54,54,live,12,12,0,223,136,365,0.8,model,,0,0,N5v4_Final,e3b0c44298fc1c14,6ebd09147705
2026-04-12,2026-04-12 04:20:51,backfill,1,Cleveland Open,2026,2026-06-05,54,54,live,7,7,0,206,126,338,0.8,model,,0,0,N5v4_Final,e3b0c44298fc1c14,6ebd09147705
2026-04-12,2026-04-12 04:20:51,backfill,1,New York State Open,2026,2026-06-19,68,68,live,6,6,0,80,43,149,0.8,model,,0,0,N5v4_Final,e3b0c44298fc1c14,6ebd09147705
2026-04-12,2026-04-12 04:20:51,backfill,1,DC International,2026,2026-06-25,74,74,live,0,,,100,70,130,0.8,,,0,0,N5v4_Final,e3b0c44298fc1c14,6ebd09147705
2026-04-12,2026-04-12 04:20:51,backfill,1,World Open lower sections,2026,2026-06-26,75,75,live,2,2,0,137,78,238,0.8,model,,0,0,N5v4_Final,e3b0c44298fc1c14,6ebd09147705
2026-04-12,2026-04-12 04:20:51,backfill,1,DC Open,2026,2026-06-26,75,75,live,0,,,100,70,130,0.8,,,0,0,N5v4_Final,e3b0c44298fc1c14,6ebd09147705
2026-04-12,2026-04-12 04:20:51,backfill,1,World Open Under 13 Championship,2026,2026-06-29,78,78,live,0,,,100,70,130,0.8,,,0,0,N5v4_Final,e3b0c44298fc1c14,6ebd09147705
2026-04-12,2026-04-12 04:20:51,backfill,1,World Open top 6 sections,2026,2026-07-04,83,83,live,28,28,0,1098,669,1799,0.8,model,,0,0,N5v4_Final,e3b0c44298fc1c14,6ebd09147705
2026-04-12,2026-04-12 04:20:51,backfill,1,Chicago Class,2026,2026-07-17,96,96,live,1,1,0,269,156,462,0.8,model,,0,0,N5v4_Final,e3b0c44298fc1c14,6ebd09147705
2026-04-12,2026-04-12 04:20:51,backfill,1,Pittsburgh Open,2026,2026-07-17,96,96,live,3,3,0,173,93,321,0.8,model,,0,0,N5v4_Final,e3b0c44298fc1c14,6ebd09147705
2026-04-12,2026-04-12 04:20:51,backfill,1,Southern Open,2026,2026-07-17,96,96,live,0,,,232,183,282,0.8,,,0,0,N5v4_Final,e3b0c44298fc1c14,6ebd09147705
2026-04-12,2026-04-12 04:20:51,backfill,1,Bradley Open,2026,2026-07-24,103,103,live,3,3,0,261,159,427,0.8,model,,0,0,N5v4_Final,e3b0c44298fc1c14,6ebd09147705
2026-04-12,2026-04-12 04:20:51,backfill,1,Pacific Coast Open,2026,2026-07-31,110,110,live,4,4,0,381,232,625,0.8,model,,0,0,N5v4_Final,e3b0c44298fc1c14,6ebd09147705
2026-04-12,2026-04-12 04:20:51,backfill,1,Continental Open,2026,2026-08-13,123,123,live,0,,,283,252,317,0.8,,,0,0,N5v4_Final,e3b0c44298fc1c14,6ebd09147705
2026-04-12,2026-04-12 04:20:51,backfill,1,Central California Open,2026,2026-08-14,124,124,live,0,,,175,144,203,0.8,,,0,0,N5v4_Final,e3b0c44298fc1c14,6ebd09147705
2026-04-12,2026-04-12 04:20:51,backfill,1,Atlantic Open,2026,2026-08-21,131,131,live,0,,,316,251,395,0.8,,,0,0,N5v4_Final,e3b0c44298fc1c14,6ebd09147705
2026-04-12,2026-04-12 04:20:51,backfill,1,New York State Championship,2026,2026-09-04,145,145,live,0,,,304,237,347,0.8,,,0,0,N5v4_Final,e3b0c44298fc1c14,6ebd09147705
2026-04-12,2026-04-12 04:20:51,backfill,1,National Chess Congress,2026,2026-11-28,230,230,live,0,,,623,572,677,0.8,,,0,0,N5v4_Final,e3b0c44298fc1c14,6ebd09147705
2026-04-13,2026-04-13 04:30:48,backfill,1,Chicago Open,2026,2026-05-21,38,38,live,260,265,5,905,875,936,0.8,model,,0,0,N5v4_Final,e3b0c44298fc1c14,7aaccd7b28fc
2026-04-13,2026-04-13 04:30:48,backfill,1,Hartford Open,2026,2026-06-05,53,53,live,12,12,0,220,134,361,0.8,model,,0,0,N5v4_Final,e3b0c44298fc1c14,7aaccd7b28fc
2026-04-13,2026-04-13 04:30:48,backfill,1,Cleveland Open,2026,2026-06-05,53,53,live,7,7,0,205,125,336,0.8,model,,0,0,N5v4_Final,e3b0c44298fc1c14,7aaccd7b28fc
2026-04-13,2026-04-13 04:30:48,backfill,1,New York State Open,2026,2026-06-19,67,67,live,6,6,0,80,43,149,0.8,model,,0,0,N5v4_Final,e3b0c44298fc1c14,7aaccd7b28fc
2026-04-13,2026-04-13 04:30:48,backfill,1,DC International,2026,2026-06-25,73,73,live,0,,,100,70,130,0.8,,,0,0,N5v4_Final,e3b0c44298fc1c14,7aaccd7b28fc
2026-04-13,2026-04-13 04:30:48,backfill,1,World Open lower sections,2026,2026-06-26,74,74,live,2,2,0,137,79,236,0.8,model,,0,0,N5v4_Final,e3b0c44298fc1c14,7aaccd7b28fc
2026-04-13,2026-04-13 04:30:48,backfill,1,DC Open,2026,2026-06-26,74,74,live,0,,,100,70,130,0.8,,,0,0,N5v4_Final,e3b0c44298fc1c14,7aaccd7b28fc
2026-04-13,2026-04-13 04:30:48,backfill,1,World Open Under 13 Championship,2026,2026-06-29,77,77,live,0,,,100,70,130,0.8,,,0,0,N5v4_Final,e3b0c44298fc1c14,7aaccd7b28fc
2026-04-13,2026-04-13 04:30:48,backfill,1,World Open top 6 sections,2026,2026-07-04,82,82,live,28,28,0,1084,661,1778,0.8,model,,0,0,N5v4_Final,e3b0c44298fc1c14,7aaccd7b28fc
2026-04-13,2026-04-13 04:30:48,backfill,1,Chicago Class,2026,2026-07-17,95,95,live,1,1,0,269,156,462,0.8,model,,0,0,N5v4_Final,e3b0c44298fc1c14,7aaccd7b28fc
2026-04-13,2026-04-13 04:30:48,backfill,1,Pittsburgh Open,2026,2026-07-17,95,95,live,3,3,0,173,93,321,0.8,model,,0,0,N5v4_Final,e3b0c44298fc1c14,7aaccd7b28fc
2026-04-13,2026-04-13 04:30:48,backfill,1,Southern Open,2026,2026-07-17,95,95,live,0,,,232,183,282,0.8,,,0,0,N5v4_Final,e3b0c44298fc1c14,7aaccd7b28fc
2026-04-13,2026-04-13 04:30:48,backfill,1,Bradley Open,2026,2026-07-24,102,102,live,3,3,0,260,159,427,0.8,model,,0,0,N5v4_Final,e3b0c44298fc1c14,7aaccd7b28fc
2026-04-13,2026-04-13 04:30:48,backfill,1,Pacific Coast Open,2026,2026-07-31,109,109,live,4,4,0,381,232,624,0.8,model,,0,0,N5v4_Final,e3b0c44298fc1c14,7aaccd7b28fc
2026-04-13,2026-04-13 04:30:48,backfill,1,Continental Open,2026,2026-08-13,122,122,live,0,,,283,252,317,0.8,,,0,0,N5v4_Final,e3b0c44298fc1c14,7aaccd7b28fc
2026-04-13,2026-04-13 04:30:48,backfill,1,Central California Open,2026,2026-08-14,123,123,live,0,,,175,144,203,0.8,,,0,0,N5v4_Final,e3b0c44298fc1c14,7aaccd7b28fc
2026-04-13,2026-04-13 04:30:48,backfill,1,Atlantic Open,2026,2026-08-21,130,130,live,0,,,316,251,395,0.8,,,0,0,N5v4_Final,e3b0c44298fc1c14,7aaccd7b28fc
2026-04-13,2026-04-13 04:30:48,backfill,1,New York State Championship,2026,2026-09-04,144,144,live,0,,,304,237,347,0.8,,,0,0,N5v4_Final,e3b0c44298fc1c14,7aaccd7b28fc
2026-04-13,2026-04-13 04:30:48,backfill,1,National Chess Congress,2026,2026-11-28,229,229,live,0,,,623,572,677,0.8,,,0,0,N5v4_Final,e3b0c44298fc1c14,7aaccd7b28fc
2026-04-13,2026-04-13 18:03:54,backfill,1,Chicago Open,2026,2026-05-21,38,38,live,221,225,4,878,848,908,0.8,model,,0,0,N5v4_Final,e3b0c44298fc1c14,889e53876656
2026-04-13,2026-04-13 18:03:54,backfill,1,Hartford Open,2026,2026-06-05,53,53,live,9,9,0,205,125,336,0.8,model,,0,0,N5v4_Final,e3b0c44298fc1c14,889e53876656
2026-04-13,2026-04-13 18:03:54,backfill,1,Cleveland Open,2026,2026-06-05,53,53,live,5,5,0,198,121,325,0.8,model,,0,0,N5v4_Final,e3b0c44298fc1c14,889e53876656
2026-04-13,2026-04-13 18:03:54,backfill,1,New York State Open,2026,2026-06-19,67,67,live,4,4,0,85,46,159,0.8,model,,0,0,N5v4_Final,e3b0c44298fc1c14,889e53876656
2026-04-13,2026-04-13 18:03:54,backfill,1,DC International,2026,2026-06-25,73,73,live,6,6,0,113,100,127,0.8,model,,0,0,N5v4_Final,e3b0c44298fc1c14,889e53876656
2026-04-13,2026-04-13 18:03:54,backfill,1,DC Open,2026,2026-06-26,74,74,live,2,2,0,299,248,362,0.8,model,,0,0,N5v4_Final,e3b0c44298fc1c14,889e53876656
2026-04-13,2026-04-13 18:03:54,backfill,1,"World Open, lower sections",2026,2026-06-27,75,75,live,39,41,2,100,70,130,0.8,,,0,0,N5v4_Final,e3b0c44298fc1c14,889e53876656
2026-04-13,2026-04-13 18:03:54,backfill,1,World Open Under 13 Championship,2026,2026-06-29,77,77,live,0,0,0,110,77,145,0.8,,,0,0,N5v4_Final,e3b0c44298fc1c14,889e53876656
2026-04-13,2026-04-13 18:03:54,backfill,1,"World Open, top 6 sections",2026,2026-07-01,79,79,live,39,39,2,100,70,130,0.8,,,0,0,N5v4_Final,e3b0c44298fc1c14,889e53876656
2026-04-13,2026-04-13 18:03:54,backfill,1,Chicago Class,2026,2026-07-17,95,95,live,1,1,0,269,156,462,0.8,model,,0,0,N5v4_Final,e3b0c44298fc1c14,889e53876656
2026-04-13,2026-04-13 18:03:54,backfill,1,Pittsburgh Open,2026,2026-07-17,95,95,live,3,3,0,173,93,321,0.8,model,,0,0,N5v4_Final,e3b0c44298fc1c14,889e53876656
2026-04-13,2026-04-13 18:03:54,backfill,1,Southern Open,2026,2026-07-17,95,95,live,0,0,0,232,183,282,0.8,,,0,0,N5v4_Final,e3b0c44298fc1c14,889e53876656
2026-04-13,2026-04-13 18:03:54,backfill,1,Bradley Open,2026,2026-07-24,102,102,live,3,3,0,260,159,427,0.8,model,,0,0,N5v4_Final,e3b0c44298fc1c14,889e53876656
2026-04-13,2026-04-13 18:03:54,backfill,1,Pacific Coast Open,2026,2026-07-31,109,109,live,4,4,0,381,232,624,0.8,model,,0,0,N5v4_Final,e3b0c44298fc1c14,889e53876656
2026-04-13,2026-04-13 18:03:54,backfill,1,Central California Open,2026,2026-08-14,123,123,live,1,1,0,175,144,203,0.8,,,0,0,N5v4_Final,e3b0c44298fc1c14,889e53876656
2026-04-13,2026-04-13 18:03:54,backfill,1,Atlantic Open,2026,2026-08-21,130,130,live,0,0,0,316,251,395,0.8,,,0,0,N5v4_Final,e3b0c44298fc1c14,889e53876656
2026-04-13,2026-04-13 18:03:54,backfill,1,New York State Championship,2026,2026-09-04,144,144,live,0,0,0,304,237,347,0.8,,,0,0,N5v4_Final,e3b0c44298fc1c14,889e53876656
2026-04-13,2026-04-13 18:03:54,backfill,1,National Chess Congress,2026,2026-11-28,229,229,live,0,0,0,623,572,677,0.8,,,0,0,N5v4_Final,e3b0c44298fc1c14,889e53876656
2026-04-13,2026-04-13 18:08:23,backfill,1,Chicago Open,2026,2026-05-21,38,38,live,263,268,5,907,877,938,0.8,model,,0,0,N5v4_Final,e3b0c44298fc1c14,1fc97f005c84
2026-04-13,2026-04-13 18:08:23,backfill,1,Hartford Open,2026,2026-06-05,53,53,live,12,12,0,220,134,361,0.8,model,,0,0,N5v4_Final,e3b0c44298fc1c14,1fc97f005c84
2026-04-13,2026-04-13 18:08:23,backfill,1,Cleveland Open,2026,2026-06-05,53,53,live,7,7,0,205,125,336,0.8,model,,0,0,N5v4_Final,e3b0c44298fc1c14,1fc97f005c84
2026-04-13,2026-04-13 18:08:23,backfill,1,New York State Open,2026,2026-06-19,67,67,live,6,6,0,80,43,149,0.8,model,,0,0,N5v4_Final,e3b0c44298fc1c14,1fc97f005c84
2026-04-13,2026-04-13 18:08:23,backfill,1,DC International,2026,2026-06-25,73,73,live,7,8,1,116,103,130,0.8,model,,0,0,N5v4_Final,e3b0c44298fc1c14,1fc97f005c84
2026-04-13,2026-04-13 18:08:23,backfill,1,DC Open,2026,2026-06-26,74,74,live,2,3,1,299,248,362,0.8,model,,0,0,N5v4_Final,e3b0c44298fc1c14,1fc97f005c84
2026-04-13,2026-04-13 18:08:23,backfill,1,"World Open, lower sections",2026,2026-06-26,74,74,live,56,59,3,100,70,130,0.8,,,0,0,N5v4_Final,e3b0c44298fc1c14,1fc97f005c84
2026-04-13,2026-04-13 18:08:23,backfill,1,World Open Under 13 Championship,2026,2026-06-29,77,77,live,2,2,0,110,77,145,0.8,,,0,0,N5v4_Final,e3b0c44298fc1c14,1fc97f005c84
2026-04-13,2026-04-13 18:08:23,backfill,1,"World Open, top 6 sections",2026,2026-07-01,79,79,live,56,56,0,100,70,130,0.8,,,0,0,N5v4_Final,e3b0c44298fc1c14,1fc97f005c84
2026-04-13,2026-04-13 18:08:23,backfill,1,Chicago Class,2026,2026-07-17,95,95,live,1,1,0,269,156,462,0.8,model,,0,0,N5v4_Final,e3b0c44298fc1c14,1fc97f005c84
2026-04-13,2026-04-13 18:08:23,backfill,1,Pittsburgh Open,2026,2026-07-17,95,95,live,3,3,0,173,93,321,0.8,model,,0,0,N5v4_Final,e3b0c44298fc1c14,1fc97f005c84
2026-04-13,2026-04-13 18:08:23,backfill,1,Southern Open,2026,2026-07-17,95,95,live,0,0,0,232,183,282,0.8,,,0,0,N5v4_Final,e3b0c44298fc1c14,1fc97f005c84
2026-04-13,2026-04-13 18:08:23,backfill,1,Bradley Open,2026,2026-07-24,102,102,live,3,3,0,260,159,427,0.8,model,,0,0,N5v4_Final,e3b0c44298fc1c14,1fc97f005c84
2026-04-13,2026-04-13 18:08:23,backfill,1,Pacific Coast Open,2026,2026-07-31,109,109,live,4,4,0,381,232,624,0.8,model,,0,0,N5v4_Final,e3b0c44298fc1c14,1fc97f005c84
2026-04-13,2026-04-13 18:08:23,backfill,1,Continental Open,2026,2026-08-13,122,122,live,0,0,0,283,252,317,0.8,,,0,0,N5v4_Final,e3b0c44298fc1c14,1fc97f005c84
2026-04-13,2026-04-13 18:08:23,backfill,1,Central California Open,2026,2026-08-14,123,123,live,1,1,0,175,144,203,0.8,,,0,0,N5v4_Final,e3b0c44298fc1c14,1fc97f005c84
2026-04-13,2026-04-13 18:08:23,backfill,1,Atlantic Open,2026,2026-08-21,130,130,live,1,1,0,316,251,395,0.8,,,0,0,N5v4_Final,e3b0c44298fc1c14,1fc97f005c84
2026-04-13,2026-04-13 18:08:23,backfill,1,New York State Championship,2026,2026-09-04,144,144,live,3,3,0,304,237,347,0.8,,,0,0,N5v4_Final,e3b0c44298fc1c14,1fc97f005c84
2026-04-13,2026-04-13 18:08:23,backfill,1,National Chess Congress,2026,2026-11-28,229,229,live,0,0,0,623,572,677,0.8,,,0,0,N5v4_Final,e3b0c44298fc1c14,1fc97f005c84
2026-04-13,2026-04-13 18:26:15,backfill,1,Chicago Open,2026,2026-05-21,38,38,live,263,268,5,903,872,934,0.8,model,,0,0,N5v4_Final,2a5781e445446e0e,4201aac620db
2026-04-13,2026-04-13 18:26:15,backfill,1,Hartford Open,2026,2026-06-05,53,53,live,12,12,0,220,134,361,0.8,model,,0,0,N5v4_Final,2a5781e445446e0e,4201aac620db
2026-04-13,2026-04-13 18:26:15,backfill,1,Cleveland Open,2026,2026-06-05,53,53,live,7,7,0,205,125,336,0.8,model,,0,0,N5v4_Final,2a5781e445446e0e,4201aac620db
2026-04-13,2026-04-13 18:26:15,backfill,1,New York State Open,2026,2026-06-19,67,67,live,6,6,0,80,43,149,0.8,model,,0,0,N5v4_Final,2a5781e445446e0e,4201aac620db
2026-04-13,2026-04-13 18:26:15,backfill,1,DC International,2026,2026-06-25,73,73,live,7,8,1,116,103,130,0.8,model,,0,0,N5v4_Final,2a5781e445446e0e,4201aac620db
2026-04-13,2026-04-13 18:26:15,backfill,1,World Open G/50 Championship,2026,2026-06-25,73,73,live,0,0,0,100,70,130,0.8,,,0,0,N5v4_Final,2a5781e445446e0e,4201aac620db
2026-04-13,2026-04-13 18:26:15,backfill,1,DC Open,2026,2026-06-26,74,74,live,2,3,1,299,248,362,0.8,model,,0,0,N5v4_Final,2a5781e445446e0e,4201aac620db
2026-04-13,2026-04-13 18:26:15,backfill,1,"World Open, lower sections",2026,2026-06-26,74,74,live,56,59,3,145,135,151,0.8,,,0,0,N5v4_Final,2a5781e445446e0e,4201aac620db
2026-04-13,2026-04-13 18:26:15,backfill,1,World Open Under 13 Championship,2026,2026-06-29,77,77,live,2,2,0,110,77,145,0.8,,,0,0,N5v4_Final,2a5781e445446e0e,4201aac620db
2026-04-13,2026-04-13 18:26:15,backfill,1,World Open G/7 Championship,2026,2026-07-01,79,79,live,0,0,0,100,70,130,0.8,,,0,0,N5v4_Final,2a5781e445446e0e,4201aac620db
2026-04-13,2026-04-13 18:26:15,backfill,1,"World Open, top 6 sections",2026,2026-07-01,79,79,live,56,56,0,1288,1177,1424,0.8,,,0,0,N5v4_Final,2a5781e445446e0e,4201aac620db
2026-04-13,2026-04-13 18:26:15,backfill,1,World Open G/10 Championship,2026,2026-07-04,82,82,live,0,0,0,100,70,130,0.8,,,0,0,N5v4_Final,2a5781e445446e0e,4201aac620db
2026-04-13,2026-04-13 18:26:15,backfill,1,Chicago Class,2026,2026-07-17,95,95,live,1,1,0,269,157,463,0.8,model,,0,0,N5v4_Final,2a5781e445446e0e,4201aac620db
2026-04-13,2026-04-13 18:26:15,backfill,1,Pittsburgh Open,2026,2026-07-17,95,95,live,3,3,0,173,93,322,0.8,model,,0,0,N5v4_Final,2a5781e445446e0e,4201aac620db
2026-04-13,2026-04-13 18:26:15,backfill,1,Southern Open,2026,2026-07-17,95,95,live,0,0,0,232,183,282,0.8,,,0,0,N5v4_Final,2a5781e445446e0e,4201aac620db
2026-04-13,2026-04-13 18:26:15,backfill,1,Bradley Open,2026,2026-07-24,102,102,live,3,3,0,261,159,428,0.8,model,,0,0,N5v4_Final,2a5781e445446e0e,4201aac620db
2026-04-13,2026-04-13 18:26:15,backfill,1,Pacific Coast Open,2026,2026-07-31,109,109,live,4,4,0,382,233,626,0.8,model,,0,0,N5v4_Final,2a5781e445446e0e,4201aac620db
2026-04-13,2026-04-13 18:26:15,backfill,1,Continental Open,2026,2026-08-13,122,122,live,0,0,0,283,252,317,0.8,,,0,0,N5v4_Final,2a5781e445446e0e,4201aac620db
2026-04-13,2026-04-13 18:26:15,backfill,1,Central California Open,2026,2026-08-14,123,123,live,1,1,0,175,144,203,0.8,,,0,0,N5v4_Final,2a5781e445446e0e,4201aac620db
2026-04-13,2026-04-13 18:26:15,backfill,1,Atlantic Open,2026,2026-08-21,130,130,live,1,1,0,316,251,395,0.8,,,0,0,N5v4_Final,2a5781e445446e0e,4201aac620db
2026-04-13,2026-04-13 18:26:15,backfill,1,New York State Championship,2026,2026-09-04,144,144,live,3,3,0,304,237,347,0.8,,,0,0,N5v4_Final,2a5781e445446e0e,4201aac620db
2026-04-13,2026-04-13 18:26:15,backfill,1,National Chess Congress,2026,2026-11-28,229,229,live,0,0,0,623,572,677,0.8,,,0,0,N5v4_Final,2a5781e445446e0e,4201aac620db
2026-04-13,2026-04-13 18:30:54,backfill,1,Chicago Open,2026,2026-05-21,38,38,live,263,268,5,903,872,934,0.8,model,,0,0,N5v4_Final,2a5781e445446e0e,783bfbcdfb65
2026-04-13,2026-04-13 18:30:54,backfill,1,Hartford Open,2026,2026-06-05,53,53,live,12,12,0,220,134,361,0.8,model,,0,0,N5v4_Final,2a5781e445446e0e,783bfbcdfb65
2026-04-13,2026-04-13 18:30:54,backfill,1,Cleveland Open,2026,2026-06-05,53,53,live,7,7,0,205,125,336,0.8,model,,0,0,N5v4_Final,2a5781e445446e0e,783bfbcdfb65
2026-04-13,2026-04-13 18:30:54,backfill,1,New York State Open,2026,2026-06-19,67,67,live,6,6,0,80,43,149,0.8,model,,0,0,N5v4_Final,2a5781e445446e0e,783bfbcdfb65
2026-04-13,2026-04-13 18:30:54,backfill,1,DC International,2026,2026-06-25,73,73,live,7,8,1,116,103,130,0.8,model,,0,0,N5v4_Final,2a5781e445446e0e,783bfbcdfb65
2026-04-13,2026-04-13 18:30:54,backfill,1,DC Open,2026,2026-06-26,74,74,live,2,3,1,299,248,362,0.8,model,,0,0,N5v4_Final,2a5781e445446e0e,783bfbcdfb65
2026-04-13,2026-04-13 18:30:54,backfill,1,"World Open, lower sections",2026,2026-06-26,74,74,live,56,59,3,145,135,151,0.8,,,0,0,N5v4_Final,2a5781e445446e0e,783bfbcdfb65
2026-04-13,2026-04-13 18:30:54,backfill,1,World Open Under 13 Championship,2026,2026-06-29,77,77,live,2,2,0,110,77,145,0.8,,,0,0,N5v4_Final,2a5781e445446e0e,783bfbcdfb65
2026-04-13,2026-04-13 18:30:54,backfill,1,"World Open, top 6 sections",2026,2026-07-01,79,79,live,56,56,0,1288,1177,1424,0.8,,,0,0,N5v4_Final,2a5781e445446e0e,783bfbcdfb65
2026-04-13,2026-04-13 18:30:54,backfill,1,Chicago Class,2026,2026-07-17,95,95,live,1,1,0,269,157,463,0.8,model,,0,0,N5v4_Final,2a5781e445446e0e,783bfbcdfb65
2026-04-13,2026-04-13 18:30:54,backfill,1,Pittsburgh Open,2026,2026-07-17,95,95,live,3,3,0,173,93,322,0.8,model,,0,0,N5v4_Final,2a5781e445446e0e,783bfbcdfb65
2026-04-13,2026-04-13 18:30:54,backfill,1,Southern Open,2026,2026-07-17,95,95,live,0,0,0,232,183,282,0.8,,,0,0,N5v4_Final,2a5781e445446e0e,783bfbcdfb65
2026-04-13,2026-04-13 18:30:54,backfill,1,Bradley Open,2026,2026-07-24,102,102,live,3,3,0,261,159,428,0.8,model,,0,0,N5v4_Final,2a5781e445446e0e,783bfbcdfb65
2026-04-13,2026-04-13 18:30:54,backfill,1,Pacific Coast Open,2026,2026-07-31,109,109,live,4,4,0,382,233,626,0.8,model,,0,0,N5v4_Final,2a5781e445446e0e,783bfbcdfb65
2026-04-13,2026-04-13 18:30:54,backfill,1,Continental Open,2026,2026-08-13,122,122,live,0,0,0,283,252,317,0.8,,,0,0,N5v4_Final,2a5781e445446e0e,783bfbcdfb65
2026-04-13,2026-04-13 18:30:54,backfill,1,Central California Open,2026,2026-08-14,123,123,live,1,1,0,175,144,203,0.8,,,0,0,N5v4_Final,2a5781e445446e0e,783bfbcdfb65
2026-04-13,2026-04-13 18:30:54,backfill,1,Atlantic Open,2026,2026-08-21,130,130,live,1,1,0,316,251,395,0.8,,,0,0,N5v4_Final,2a5781e445446e0e,783bfbcdfb65
2026-04-13,2026-04-13 18:30:54,backfill,1,New York State Championship,2026,2026-09-04,144,144,live,3,3,0,304,237,347,0.8,,,0,0,N5v4_Final,2a5781e445446e0e,783bfbcdfb65
2026-04-13,2026-04-13 18:30:54,backfill,1,National Chess Congress,2026,2026-11-28,229,229,live,0,0,0,623,572,677,0.8,,,0,0,N5v4_Final,2a5781e445446e0e,783bfbcdfb65
2026-04-14,2026-04-14 04:20:15,backfill,1,Chicago Open,2026,2026-05-21,37,37,live,265,270,5,901,871,931,0.8,model,,0,0,N5v4_Final,2a5781e445446e0e,5727a63279f3
2026-04-14,2026-04-14 04:20:15,backfill,1,Hartford Open,2026,2026-06-05,52,52,live,12,12,0,218,133,357,0.8,model,,0,0,N5v4_Final,2a5781e445446e0e,5727a63279f3
2026-04-14,2026-04-14 04:20:15,backfill,1,Cleveland Open,2026,2026-06-05,52,52,live,7,7,0,203,124,333,0.8,model,,0,0,N5v4_Final,2a5781e445446e0e,5727a63279f3
2026-04-14,2026-04-14 04:20:15,backfill,1,New York State Open,2026,2026-06-19,66,66,live,6,6,0,80,43,149,0.8,model,,0,0,N5v4_Final,2a5781e445446e0e,5727a63279f3
2026-04-14,2026-04-14 04:20:15,backfill,1,DC International,2026,2026-06-25,72,72,live,7,8,1,114,102,128,0.8,model,,0,0,N5v4_Final,2a5781e445446e0e,5727a63279f3
2026-04-14,2026-04-14 04:20:15,backfill,1,DC Open,2026,2026-06-26,73,73,live,2,3,1,299,247,363,0.8,model,,0,0,N5v4_Final,2a5781e445446e0e,5727a63279f3
2026-04-14,2026-04-14 04:20:15,backfill,1,"World Open, lower sections",2026,2026-06-26,73,73,live,56,59,3,145,135,151,0.8,,,0,0,N5v4_Final,2a5781e445446e0e,5727a63279f3
2026-04-14,2026-04-14 04:20:15,backfill,1,World Open Under 13 Championship,2026,2026-06-29,76,76,live,2,2,0,110,77,145,0.8,,,0,0,N5v4_Final,2a5781e445446e0e,5727a63279f3
2026-04-14,2026-04-14 04:20:15,backfill,1,"World Open, top 6 sections",2026,2026-07-01,78,78,live,56,56,0,1288,1177,1424,0.8,,,0,0,N5v4_Final,2a5781e445446e0e,5727a63279f3
2026-04-14,2026-04-14 04:20:15,backfill,1,Chicago Class,2026,2026-07-17,94,94,live,1,1,0,269,157,463,0.8,model,,0,0,N5v4_Final,2a5781e445446e0e,5727a63279f3
2026-04-14,2026-04-14 04:20:15,backfill,1,Pittsburgh Open,2026,2026-07-17,94,94,live,3,3,0,190,100,361,0.8,model,,0,0,N5v4_Final,2a5781e445446e0e,5727a63279f3
2026-04-14,2026-04-14 04:20:15,backfill,1,Southern Open,2026,2026-07-17,94,94,live,0,0,0,232,183,282,0.8,,,0,0,N5v4_Final,2a5781e445446e0e,5727a63279f3
2026-04-14,2026-04-14 04:20:15,backfill,1,Bradley Open,2026,2026-07-24,101,101,live,3,3,0,261,159,428,0.8,model,,0,0,N5v4_Final,2a5781e445446e0e,5727a63279f3
2026-04-14,2026-04-14 04:20:15,backfill,1,Pacific Coast Open,2026,2026-07-31,108,108,live,4,4,0,382,233,626,0.8,model,,0,0,N5v4_Final,2a5781e445446e0e,5727a63279f3
2026-04-14,2026-04-14 04:20:15,backfill,1,Continental Open,2026,2026-08-13,121,121,live,0,0,0,283,252,317,0.8,,,0,0,N5v4_Final,2a5781e445446e0e,5727a63279f3
2026-04-14,2026-04-14 04:20:15,backfill,1,Central California Open,2026,2026-08-14,122,122,live,1,1,0,175,144,203,0.8,,,0,0,N5v4_Final,2a5781e445446e0e,5727a63279f3
2026-04-14,2026-04-14 04:20:15,backfill,1,Atlantic Open,2026,2026-08-21,129,129,live,1,1,0,316,251,395,0.8,,,0,0,N5v4_Final,2a5781e445446e0e,5727a63279f3
2026-04-14,2026-04-14 04:20:15,backfill,1,New York State Championship,2026,2026-09-04,143,143,live,3,3,0,304,237,347,0.8,,,0,0,N5v4_Final,2a5781e445446e0e,5727a63279f3
2026-04-14,2026-04-14 04:20:15,backfill,1,National Chess Congress,2026,2026-11-28,228,228,live,0,0,0,623,572,677,0.8,,,0,0,N5v4_Final,2a5781e445446e0e,5727a63279f3
2026-04-15,2026-04-15 04:18:05,backfill,1,Chicago Open,2026,2026-05-21,36,36,live,272,277,5,902,872,932,0.8,model,,0,0,N5v4_Final,2a5781e445446e0e,ba3c9de6ded0
2026-04-15,2026-04-15 04:18:05,backfill,1,Hartford Open,2026,2026-06-05,51,51,live,12,12,0,219,134,359,0.8,model,,0,0,N5v4_Final,2a5781e445446e0e,ba3c9de6ded0
2026-04-15,2026-04-15 04:18:05,backfill,1,Cleveland Open,2026,2026-06-05,51,51,live,8,8,0,209,127,342,0.8,model,,0,0,N5v4_Final,2a5781e445446e0e,ba3c9de6ded0
2026-04-15,2026-04-15 04:18:05,backfill,1,New York State Open,2026,2026-06-19,65,65,live,6,6,0,80,43,149,0.8,model,,0,0,N5v4_Final,2a5781e445446e0e,ba3c9de6ded0
2026-04-15,2026-04-15 04:18:05,backfill,1,DC International,2026,2026-06-25,71,71,live,7,8,1,113,100,126,0.8,model,,0,0,N5v4_Final,2a5781e445446e0e,ba3c9de6ded0
2026-04-15,2026-04-15 04:18:05,backfill,1,DC Open,2026,2026-06-26,72,72,live,2,3,1,299,246,363,0.8,model,,0,0,N5v4_Final,2a5781e445446e0e,ba3c9de6ded0
2026-04-15,2026-04-15 04:18:05,backfill,1,"World Open, lower sections",2026,2026-06-26,72,72,live,57,60,3,145,135,151,0.8,,,0,0,N5v4_Final,2a5781e445446e0e,ba3c9de6ded0
2026-04-15,2026-04-15 04:18:05,backfill,1,World Open Under 13 Championship,2026,2026-06-29,75,75,live,3,3,0,110,77,145,0.8,,,0,0,N5v4_Final,2a5781e445446e0e,ba3c9de6ded0
2026-04-15,2026-04-15 04:18:05,backfill,1,"World Open, top 6 sections",2026,2026-07-01,77,77,live,57,57,0,1288,1177,1424,0.8,,,0,0,N5v4_Final,2a5781e445446e0e,ba3c9de6ded0
2026-04-15,2026-04-15 04:18:05,backfill,1,Chicago Class,2026,2026-07-17,93,93,live,1,1,0,269,157,463,0.8,model,,0,0,N5v4_Final,2a5781e445446e0e,ba3c9de6ded0
2026-04-15,2026-04-15 04:18:05,backfill,1,Pittsburgh Open,2026,2026-07-17,93,93,live,3,3,0,190,100,361,0.8,model,,0,0,N5v4_Final,2a5781e445446e0e,ba3c9de6ded0
2026-04-15,2026-04-15 04:18:05,backfill,1,Southern Open,2026,2026-07-17,93,93,live,0,0,0,232,183,282,0.8,,,0,0,N5v4_Final,2a5781e445446e0e,ba3c9de6ded0
2026-04-15,2026-04-15 04:18:05,backfill,1,Bradley Open,2026,2026-07-24,100,100,live,3,3,0,261,159,428,0.8,model,,0,0,N5v4_Final,2a5781e445446e0e,ba3c9de6ded0
2026-04-15,2026-04-15 04:18:05,backfill,1,Pacific Coast Open,2026,2026-07-31,107,107,live,4,4,0,381,233,625,0.8,model,,0,0,N5v4_Final,2a5781e445446e0e,ba3c9de6ded0
2026-04-15,2026-04-15 04:18:05,backfill,1,Continental Open,2026,2026-08-13,120,120,live,0,0,0,283,252,317,0.8,,,0,0,N5v4_Final,2a5781e445446e0e,ba3c9de6ded0
2026-04-15,2026-04-15 04:18:05,backfill,1,Central California Open,2026,2026-08-14,121,121,live,1,1,0,175,144,203,0.8,,,0,0,N5v4_Final,2a5781e445446e0e,ba3c9de6ded0
2026-04-15,2026-04-15 04:18:05,backfill,1,Atlantic Open,2026,2026-08-21,128,128,live,1,1,0,316,251,395,0.8,,,0,0,N5v4_Final,2a5781e445446e0e,ba3c9de6ded0
2026-04-15,2026-04-15 04:18:05,backfill,1,New York State Championship,2026,2026-09-04,142,142,live,3,3,0,304,237,347,0.8,,,0,0,N5v4_Final,2a5781e445446e0e,ba3c9de6ded0
2026-04-15,2026-04-15 04:18:05,backfill,1,National Chess Congress,2026,2026-11-28,227,227,live,0,0,0,623,572,677,0.8,,,0,0,N5v4_Final,2a5781e445446e0e,ba3c9de6ded0
2026-04-15,2026-04-15 23:22:25,backfill,1,Chicago Open,2026,2026-05-21,36,36,live,272,277,5,884,855,913,0.8,model,,0,0,N5v4_Final,62a6c37e0cb5e74c,ef7ecb132b29
2026-04-15,2026-04-15 23:22:25,backfill,1,Hartford Open,2026,2026-06-05,51,51,live,12,12,0,219,134,359,0.8,model,,0,0,N5v4_Final,62a6c37e0cb5e74c,ef7ecb132b29
2026-04-15,2026-04-15 23:22:25,backfill,1,Cleveland Open,2026,2026-06-05,51,51,live,8,8,0,209,127,342,0.8,model,,0,0,N5v4_Final,62a6c37e0cb5e74c,ef7ecb132b29
2026-04-15,2026-04-15 23:22:25,backfill,1,New York State Open,2026,2026-06-19,65,65,live,6,6,0,80,43,149,0.8,model,,0,0,N5v4_Final,62a6c37e0cb5e74c,ef7ecb132b29
2026-04-15,2026-04-15 23:22:25,backfill,1,DC International,2026,2026-06-25,71,71,live,7,8,1,111,99,125,0.8,model,,0,0,N5v4_Final,62a6c37e0cb5e74c,ef7ecb132b29
2026-04-15,2026-04-15 23:22:25,backfill,1,DC Open,2026,2026-06-26,72,72,live,2,3,1,296,244,359,0.8,model,,0,0,N5v4_Final,62a6c37e0cb5e74c,ef7ecb132b29
2026-04-15,2026-04-15 23:22:25,backfill,1,"World Open, lower sections",2026,2026-06-26,72,72,live,57,60,3,145,135,151,0.8,,,0,0,N5v4_Final,62a6c37e0cb5e74c,ef7ecb132b29
2026-04-15,2026-04-15 23:22:25,backfill,1,World Open Under 13 Championship,2026,2026-06-29,75,75,live,3,3,0,110,77,145,0.8,,,0,0,N5v4_Final,62a6c37e0cb5e74c,ef7ecb132b29
2026-04-15,2026-04-15 23:22:25,backfill,1,"World Open, top 6 sections",2026,2026-07-01,77,77,live,57,57,0,1288,1177,1424,0.8,,,0,0,N5v4_Final,62a6c37e0cb5e74c,ef7ecb132b29
2026-04-15,2026-04-15 23:22:25,backfill,1,Chicago Class,2026,2026-07-17,93,93,live,1,1,0,269,157,463,0.8,model,,0,0,N5v4_Final,62a6c37e0cb5e74c,ef7ecb132b29
2026-04-15,2026-04-15 23:22:25,backfill,1,Pittsburgh Open,2026,2026-07-17,93,93,live,3,3,0,177,95,328,0.8,model,,0,0,N5v4_Final,62a6c37e0cb5e74c,ef7ecb132b29
2026-04-15,2026-04-15 23:22:25,backfill,1,Southern Open,2026,2026-07-17,93,93,live,0,0,0,232,183,282,0.8,,,0,0,N5v4_Final,62a6c37e0cb5e74c,ef7ecb132b29
2026-04-15,2026-04-15 23:22:25,backfill,1,Bradley Open,2026,2026-07-24,100,100,live,3,3,0,261,159,428,0.8,model,,0,0,N5v4_Final,62a6c37e0cb5e74c,ef7ecb132b29
2026-04-15,2026-04-15 23:22:25,backfill,1,Pacific Coast Open,2026,2026-07-31,107,107,live,4,4,0,381,233,625,0.8,model,,0,0,N5v4_Final,62a6c37e0cb5e74c,ef7ecb132b29
2026-04-15,2026-04-15 23:22:25,backfill,1,Continental Open,2026,2026-08-13,120,120,live,0,0,0,283,252,317,0.8,,,0,0,N5v4_Final,62a6c37e0cb5e74c,ef7ecb132b29
2026-04-15,2026-04-15 23:22:25,backfill,1,Central California Open,2026,2026-08-14,121,121,live,1,1,0,175,144,203,0.8,,,0,0,N5v4_Final,62a6c37e0cb5e74c,ef7ecb132b29
2026-04-15,2026-04-15 23:22:25,backfill,1,Atlantic Open,2026,2026-08-21,128,128,live,1,1,0,316,251,395,0.8,,,0,0,N5v4_Final,62a6c37e0cb5e74c,ef7ecb132b29
2026-04-15,2026-04-15 23:22:25,backfill,1,New York State Championship,2026,2026-09-04,142,142,live,3,3,0,304,237,347,0.8,,,0,0,N5v4_Final,62a6c37e0cb5e74c,ef7ecb132b29
2026-04-15,2026-04-15 23:22:25,backfill,1,National Chess Congress,2026,2026-11-28,227,227,live,0,0,0,623,572,677,0.8,,,0,0,N5v4_Final,62a6c37e0cb5e74c,ef7ecb132b29
2026-04-16,2026-04-16 04:24:21,backfill,1,Chicago Open,2026,2026-05-21,35,35,live,276,282,6,889,856,924,0.8,model,,0,0,N5v4_Final,62a6c37e0cb5e74c,90fa87f42b18
2026-04-16,2026-04-16 04:24:21,backfill,1,Hartford Open,2026,2026-06-05,50,50,live,12,12,0,217,132,356,0.8,model,,0,0,N5v4_Final,62a6c37e0cb5e74c,90fa87f42b18
2026-04-16,2026-04-16 04:24:21,backfill,1,Cleveland Open,2026,2026-06-05,50,50,live,8,8,0,207,126,339,0.8,model,,0,0,N5v4_Final,62a6c37e0cb5e74c,90fa87f42b18
2026-04-16,2026-04-16 04:24:21,backfill,1,New York State Open,2026,2026-06-19,64,64,live,7,7,0,80,43,149,0.8,model,,0,0,N5v4_Final,62a6c37e0cb5e74c,90fa87f42b18
2026-04-16,2026-04-16 04:24:21,backfill,1,DC International,2026,2026-06-25,70,70,live,7,8,1,110,98,123,0.8,model,,0,0,N5v4_Final,62a6c37e0cb5e74c,90fa87f42b18
2026-04-16,2026-04-16 04:24:21,backfill,1,DC Open,2026,2026-06-26,71,71,live,2,3,1,296,243,360,0.8,model,,0,0,N5v4_Final,62a6c37e0cb5e74c,90fa87f42b18
2026-04-16,2026-04-16 04:24:21,backfill,1,"World Open, lower sections",2026,2026-06-26,71,71,live,58,61,3,145,135,151,0.8,,,0,0,N5v4_Final,62a6c37e0cb5e74c,90fa87f42b18
2026-04-16,2026-04-16 04:24:21,backfill,1,World Open Under 13 Championship,2026,2026-06-29,74,74,live,3,3,0,110,77,145,0.8,,,0,0,N5v4_Final,62a6c37e0cb5e74c,90fa87f42b18
2026-04-16,2026-04-16 04:24:21,backfill,1,"World Open, top 6 sections",2026,2026-07-01,76,76,live,58,58,0,1288,1177,1424,0.8,,,0,0,N5v4_Final,62a6c37e0cb5e74c,90fa87f42b18
2026-04-16,2026-04-16 04:24:21,backfill,1,Chicago Class,2026,2026-07-17,92,92,live,1,1,0,269,157,463,0.8,model,,0,0,N5v4_Final,62a6c37e0cb5e74c,90fa87f42b18
2026-04-16,2026-04-16 04:24:21,backfill,1,Pittsburgh Open,2026,2026-07-17,92,92,live,3,3,0,180,97,334,0.8,model,,0,0,N5v4_Final,62a6c37e0cb5e74c,90fa87f42b18
2026-04-16,2026-04-16 04:24:21,backfill,1,Southern Open,2026,2026-07-17,92,92,live,0,0,0,232,183,282,0.8,,,0,0,N5v4_Final,62a6c37e0cb5e74c,90fa87f42b18
2026-04-16,2026-04-16 04:24:21,backfill,1,Bradley Open,2026,2026-07-24,99,99,live,3,3,0,261,159,427,0.8,model,,0,0,N5v4_Final,62a6c37e0cb5e74c,90fa87f42b18
2026-04-16,2026-04-16 04:24:21,backfill,1,Pacific Coast Open,2026,2026-07-31,106,106,live,5,5,0,386,236,633,0.8,model,,0,0,N5v4_Final,62a6c37e0cb5e74c,90fa87f42b18
2026-04-16,2026-04-16 04:24:21,backfill,1,Continental Open,2026,2026-08-13,119,119,live,0,0,0,283,252,317,0.8,,,0,0,N5v4_Final,62a6c37e0cb5e74c,90fa87f42b18
2026-04-16,2026-04-16 04:24:21,backfill,1,Central California Open,2026,2026-08-14,120,120,live,1,1,0,175,144,203,0.8,,,0,0,N5v4_Final,62a6c37e0cb5e74c,90fa87f42b18
2026-04-16,2026-04-16 04:24:21,backfill,1,Atlantic Open,2026,2026-08-21,127,127,live,1,1,0,316,251,395,0.8,,,0,0,N5v4_Final,62a6c37e0cb5e74c,90fa87f42b18
2026-04-16,2026-04-16 04:24:21,backfill,1,New York State Championship,2026,2026-09-04,141,141,live,3,3,0,304,237,347,0.8,,,0,0,N5v4_Final,62a6c37e0cb5e74c,90fa87f42b18
2026-04-16,2026-04-16 04:24:21,backfill,1,National Chess Congress,2026,2026-11-28,226,226,live,0,0,0,623,572,677,0.8,,,0,0,N5v4_Final,62a6c37e0cb5e74c,90fa87f42b18
2026-04-17,2026-04-17 04:21:26,backfill,1,Chicago Open,2026,2026-05-21,34,34,live,277,283,6,886,853,921,0.8,model,,0,0,N5v4_Final,62a6c37e0cb5e74c,b9bc844cf7da
2026-04-17,2026-04-17 04:21:26,backfill,1,Hartford Open,2026,2026-06-05,49,49,live,12,12,0,215,131,352,0.8,model,,0,0,N5v4_Final,62a6c37e0cb5e74c,b9bc844cf7da
2026-04-17,2026-04-17 04:21:26,backfill,1,Cleveland Open,2026,2026-06-05,49,49,live,8,8,0,205,125,336,0.8,model,,0,0,N5v4_Final,62a6c37e0cb5e74c,b9bc844cf7da
2026-04-17,2026-04-17 04:21:26,backfill,1,New York State Open,2026,2026-06-19,63,63,live,7,7,0,80,43,149,0.8,model,,0,0,N5v4_Final,62a6c37e0cb5e74c,b9bc844cf7da
2026-04-17,2026-04-17 04:21:26,backfill,1,DC International,2026,2026-06-25,69,69,live,8,9,1,111,100,124,0.8,model,,0,0,N5v4_Final,62a6c37e0cb5e74c,b9bc844cf7da
2026-04-17,2026-04-17 04:21:26,backfill,1,DC Open,2026,2026-06-26,70,70,live,2,3,1,295,242,360,0.8,model,,0,0,N5v4_Final,62a6c37e0cb5e74c,b9bc844cf7da
2026-04-17,2026-04-17 04:21:26,backfill,1,"World Open, lower sections",2026,2026-06-26,70,70,live,59,62,3,145,135,151,0.8,,,0,0,N5v4_Final,62a6c37e0cb5e74c,b9bc844cf7da
2026-04-17,2026-04-17 04:21:26,backfill,1,World Open Under 13 Championship,2026,2026-06-29,73,73,live,3,3,0,110,77,145,0.8,,,0,0,N5v4_Final,62a6c37e0cb5e74c,b9bc844cf7da
2026-04-17,2026-04-17 04:21:26,backfill,1,"World Open, top 6 sections",2026,2026-07-01,75,75,live,59,59,0,1288,1177,1424,0.8,,,0,0,N5v4_Final,62a6c37e0cb5e74c,b9bc844cf7da
2026-04-17,2026-04-17 04:21:26,backfill,1,Chicago Class,2026,2026-07-17,91,91,live,1,1,0,269,157,463,0.8,model,,0,0,N5v4_Final,62a6c37e0cb5e74c,b9bc844cf7da
2026-04-17,2026-04-17 04:21:26,backfill,1,Pittsburgh Open,2026,2026-07-17,91,91,live,3,3,0,180,97,334,0.8,model,,0,0,N5v4_Final,62a6c37e0cb5e74c,b9bc844cf7da
2026-04-17,2026-04-17 04:21:26,backfill,1,Southern Open,2026,2026-07-17,91,91,live,0,0,0,232,183,282,0.8,,,0,0,N5v4_Final,62a6c37e0cb5e74c,b9bc844cf7da
2026-04-17,2026-04-17 04:21:26,backfill,1,Bradley Open,2026,2026-07-24,98,98,live,3,3,0,260,159,427,0.8,model,,0,0,N5v4_Final,62a6c37e0cb5e74c,b9bc844cf7da
2026-04-17,2026-04-17 04:21:26,backfill,1,Pacific Coast Open,2026,2026-07-31,105,105,live,6,6,0,391,238,641,0.8,model,,0,0,N5v4_Final,62a6c37e0cb5e74c,b9bc844cf7da
2026-04-17,2026-04-17 04:21:26,backfill,1,Continental Open,2026,2026-08-13,118,118,live,0,0,0,283,252,317,0.8,,,0,0,N5v4_Final,62a6c37e0cb5e74c,b9bc844cf7da
2026-04-17,2026-04-17 04:21:26,backfill,1,Central California Open,2026,2026-08-14,119,119,live,1,1,0,175,144,203,0.8,,,0,0,N5v4_Final,62a6c37e0cb5e74c,b9bc844cf7da
2026-04-17,2026-04-17 04:21:26,backfill,1,Atlantic Open,2026,2026-08-21,126,126,live,1,1,0,316,251,395,0.8,,,0,0,N5v4_Final,62a6c37e0cb5e74c,b9bc844cf7da
2026-04-17,2026-04-17 04:21:26,backfill,1,Indianapolis Open,2026,2026-08-21,126,126,live,0,0,0,186,175,198,0.8,,,0,0,N5v4_Final,62a6c37e0cb5e74c,b9bc844cf7da
2026-04-17,2026-04-17 04:21:26,backfill,1,New York State Championship,2026,2026-09-04,140,140,live,3,3,0,304,237,347,0.8,,,0,0,N5v4_Final,62a6c37e0cb5e74c,b9bc844cf7da
2026-04-17,2026-04-17 04:21:26,backfill,1,National Chess Congress,2026,2026-11-28,225,225,live,0,0,0,623,572,677,0.8,,,0,0,N5v4_Final,62a6c37e0cb5e74c,b9bc844cf7da
2026-04-18,2026-04-18 04:05:10,backfill,1,Chicago Open,2026,2026-05-21,33,33,live,288,294,6,890,858,924,0.8,model,,0,0,N5v4_Final,62a6c37e0cb5e74c,bd3e31ce8991
2026-04-18,2026-04-18 04:05:10,backfill,1,Hartford Open,2026,2026-06-05,48,48,live,12,12,0,213,130,349,0.8,model,,0,0,N5v4_Final,62a6c37e0cb5e74c,bd3e31ce8991
2026-04-18,2026-04-18 04:05:10,backfill,1,Cleveland Open,2026,2026-06-05,48,48,live,8,8,0,204,124,334,0.8,model,,0,0,N5v4_Final,62a6c37e0cb5e74c,bd3e31ce8991
2026-04-18,2026-04-18 04:05:10,backfill,1,New York State Open,2026,2026-06-19,62,62,live,7,7,0,80,43,149,0.8,model,,0,0,N5v4_Final,62a6c37e0cb5e74c,bd3e31ce8991
2026-04-18,2026-04-18 04:05:10,backfill,1,DC International,2026,2026-06-25,68,68,live,8,9,1,110,98,122,0.8,model,,0,0,N5v4_Final,62a6c37e0cb5e74c,bd3e31ce8991
2026-04-18,2026-04-18 04:05:10,backfill,1,DC Open,2026,2026-06-26,69,69,live,2,3,1,295,242,361,0.8,model,,0,0,N5v4_Final,62a6c37e0cb5e74c,bd3e31ce8991
2026-04-18,2026-04-18 04:05:10,backfill,1,"World Open, lower sections",2026,2026-06-26,69,69,live,64,67,3,145,135,151,0.8,,,0,0,N5v4_Final,62a6c37e0cb5e74c,bd3e31ce8991
2026-04-18,2026-04-18 04:05:10,backfill,1,World Open Under 13 Championship,2026,2026-06-29,72,72,live,4,4,0,110,77,145,0.8,,,0,0,N5v4_Final,62a6c37e0cb5e74c,bd3e31ce8991
2026-04-18,2026-04-18 04:05:10,backfill,1,"World Open, top 6 sections",2026,2026-07-01,74,74,live,65,65,0,1288,1177,1424,0.8,,,0,0,N5v4_Final,62a6c37e0cb5e74c,bd3e31ce8991
2026-04-18,2026-04-18 04:05:10,backfill,1,Chicago Class,2026,2026-07-17,90,90,live,1,1,0,269,156,462,0.8,model,,0,0,N5v4_Final,62a6c37e0cb5e74c,bd3e31ce8991
2026-04-18,2026-04-18 04:05:10,backfill,1,Pittsburgh Open,2026,2026-07-17,90,90,live,3,3,0,180,97,333,0.8,model,,0,0,N5v4_Final,62a6c37e0cb5e74c,bd3e31ce8991
2026-04-18,2026-04-18 04:05:10,backfill,1,Southern Open,2026,2026-07-17,90,90,live,0,0,0,232,183,282,0.8,,,0,0,N5v4_Final,62a6c37e0cb5e74c,bd3e31ce8991
2026-04-18,2026-04-18 04:05:10,backfill,1,Bradley Open,2026,2026-07-24,97,97,live,3,3,0,260,159,427,0.8,model,,0,0,N5v4_Final,62a6c37e0cb5e74c,bd3e31ce8991
2026-04-18,2026-04-18 04:05:10,backfill,1,Pacific Coast Open,2026,2026-07-31,104,104,live,6,6,0,391,238,640,0.8,model,,0,0,N5v4_Final,62a6c37e0cb5e74c,bd3e31ce8991
2026-04-18,2026-04-18 04:05:10,backfill,1,Continental Open,2026,2026-08-13,117,117,live,0,0,0,283,252,317,0.8,,,0,0,N5v4_Final,62a6c37e0cb5e74c,bd3e31ce8991
2026-04-18,2026-04-18 04:05:10,backfill,1,Central California Open,2026,2026-08-14,118,118,live,1,1,0,175,144,203,0.8,,,0,0,N5v4_Final,62a6c37e0cb5e74c,bd3e31ce8991
2026-04-18,2026-04-18 04:05:10,backfill,1,Atlantic Open,2026,2026-08-21,125,125,live,1,1,0,316,251,395,0.8,,,0,0,N5v4_Final,62a6c37e0cb5e74c,bd3e31ce8991
2026-04-18,2026-04-18 04:05:10,backfill,1,Indianapolis Open,2026,2026-08-21,125,125,live,0,0,0,186,175,198,0.8,,,0,0,N5v4_Final,62a6c37e0cb5e74c,bd3e31ce8991
2026-04-18,2026-04-18 04:05:10,backfill,1,New York State Championship,2026,2026-09-04,139,139,live,5,5,0,304,237,347,0.8,,,0,0,N5v4_Final,62a6c37e0cb5e74c,bd3e31ce8991
2026-04-18,2026-04-18 04:05:10,backfill,1,National Chess Congress,2026,2026-11-28,224,224,live,0,0,0,623,572,677,0.8,,,0,0,N5v4_Final,62a6c37e0cb5e74c,bd3e31ce8991
2026-04-19,2026-04-19 04:22:59,backfill,1,Chicago Open,2026,2026-05-21,32,32,live,290,296,6,888,856,921,0.8,model,,0,0,N5v4_Final,62a6c37e0cb5e74c,3d998fdd6fd0
2026-04-19,2026-04-19 04:22:59,backfill,1,Hartford Open,2026,2026-06-05,47,47,live,12,12,0,211,129,346,0.8,model,,0,0,N5v4_Final,62a6c37e0cb5e74c,3d998fdd6fd0
2026-04-19,2026-04-19 04:22:59,backfill,1,Cleveland Open,2026,2026-06-05,47,47,live,8,8,0,202,123,331,0.8,model,,0,0,N5v4_Final,62a6c37e0cb5e74c,3d998fdd6fd0
2026-04-19,2026-04-19 04:22:59,backfill,1,New York State Open,2026,2026-06-19,61,61,live,7,7,0,80,43,149,0.8,model,,0,0,N5v4_Final,62a6c37e0cb5e74c,3d998fdd6fd0
2026-04-19,2026-04-19 04:22:59,backfill,1,DC International,2026,2026-06-25,67,67,live,8,9,1,108,97,120,0.8,model,,0,0,N5v4_Final,62a6c37e0cb5e74c,3d998fdd6fd0
2026-04-19,2026-04-19 04:22:59,backfill,1,DC Open,2026,2026-06-26,68,68,live,2,3,1,295,241,361,0.8,model,,0,0,N5v4_Final,62a6c37e0cb5e74c,3d998fdd6fd0
2026-04-19,2026-04-19 04:22:59,backfill,1,"World Open, lower sections",2026,2026-06-26,68,68,live,68,71,3,145,135,151,0.8,,,0,0,N5v4_Final,62a6c37e0cb5e74c,3d998fdd6fd0
2026-04-19,2026-04-19 04:22:59,backfill,1,World Open Under 13 Championship,2026,2026-06-29,71,71,live,4,4,0,110,77,145,0.8,,,0,0,N5v4_Final,62a6c37e0cb5e74c,3d998fdd6fd0
2026-04-19,2026-04-19 04:22:59,backfill,1,"World Open, top 6 sections",2026,2026-07-01,73,73,live,68,68,0,1288,1177,1424,0.8,,,0,0,N5v4_Final,62a6c37e0cb5e74c,3d998fdd6fd0
2026-04-19,2026-04-19 04:22:59,backfill,1,Chicago Class,2026,2026-07-17,89,89,live,1,1,0,269,156,462,0.8,model,,0,0,N5v4_Final,62a6c37e0cb5e74c,3d998fdd6fd0
2026-04-19,2026-04-19 04:22:59,backfill,1,Pittsburgh Open,2026,2026-07-17,89,89,live,3,3,0,182,99,336,0.8,model,,0,0,N5v4_Final,62a6c37e0cb5e74c,3d998fdd6fd0
2026-04-19,2026-04-19 04:22:59,backfill,1,Southern Open,2026,2026-07-17,89,89,live,0,0,0,232,183,282,0.8,,,0,0,N5v4_Final,62a6c37e0cb5e74c,3d998fdd6fd0
2026-04-19,2026-04-19 04:22:59,backfill,1,Bradley Open,2026,2026-07-24,96,96,live,3,3,0,260,159,426,0.8,model,,0,0,N5v4_Final,62a6c37e0cb5e74c,3d998fdd6fd0
2026-04-19,2026-04-19 04:22:59,backfill,1,Pacific Coast Open,2026,2026-07-31,103,103,live,6,6,0,390,238,640,0.8,model,,0,0,N5v4_Final,62a6c37e0cb5e74c,3d998fdd6fd0
2026-04-19,2026-04-19 04:22:59,backfill,1,Continental Open,2026,2026-08-13,116,116,live,1,1,0,283,252,317,0.8,,,0,0,N5v4_Final,62a6c37e0cb5e74c,3d998fdd6fd0
2026-04-19,2026-04-19 04:22:59,backfill,1,Central California Open,2026,2026-08-14,117,117,live,1,1,0,175,144,203,0.8,,,0,0,N5v4_Final,62a6c37e0cb5e74c,3d998fdd6fd0
2026-04-19,2026-04-19 04:22:59,backfill,1,Atlantic Open,2026,2026-08-21,124,124,live,1,1,0,316,251,395,0.8,,,0,0,N5v4_Final,62a6c37e0cb5e74c,3d998fdd6fd0
2026-04-19,2026-04-19 04:22:59,backfill,1,Indianapolis Open,2026,2026-08-21,124,124,live,0,0,0,186,175,198,0.8,,,0,0,N5v4_Final,62a6c37e0cb5e74c,3d998fdd6fd0
2026-04-19,2026-04-19 04:22:59,backfill,1,New York State Championship,2026,2026-09-04,138,138,live,5,5,0,304,237,347,0.8,,,0,0,N5v4_Final,62a6c37e0cb5e74c,3d998fdd6fd0
2026-04-19,2026-04-19 04:22:59,backfill,1,National Chess Congress,2026,2026-11-28,223,223,live,0,0,0,623,572,677,0.8,,,0,0,N5v4_Final,62a6c37e0cb5e74c,3d998fdd6fd0
2026-04-20,2026-04-20 04:29:29,backfill,1,Chicago Open,2026,2026-05-21,31,31,live,296,302,6,888,857,920,0.8,model,,0,0,N5v4_Final,62a6c37e0cb5e74c,4074283fa258
2026-04-20,2026-04-20 04:29:29,backfill,1,Hartford Open,2026,2026-06-05,46,46,live,13,13,0,212,129,348,0.8,model,,0,0,N5v4_Final,62a6c37e0cb5e74c,4074283fa258
2026-04-20,2026-04-20 04:29:29,backfill,1,Cleveland Open,2026,2026-06-05,46,46,live,9,9,0,204,124,334,0.8,model,,0,0,N5v4_Final,62a6c37e0cb5e74c,4074283fa258
2026-04-20,2026-04-20 04:29:29,backfill,1,New York State Open,2026,2026-06-19,60,60,live,8,8,0,80,43,149,0.8,model,,0,0,N5v4_Final,62a6c37e0cb5e74c,4074283fa258
2026-04-20,2026-04-20 04:29:29,backfill,1,DC International,2026,2026-06-25,66,66,live,8,9,1,107,96,118,0.8,model,,0,0,N5v4_Final,62a6c37e0cb5e74c,4074283fa258
2026-04-20,2026-04-20 04:29:29,backfill,1,DC Open,2026,2026-06-26,67,67,live,2,3,1,295,240,362,0.8,model,,0,0,N5v4_Final,62a6c37e0cb5e74c,4074283fa258
2026-04-20,2026-04-20 04:29:29,backfill,1,"World Open, lower sections",2026,2026-06-26,67,67,live,69,72,3,145,135,151,0.8,,,0,0,N5v4_Final,62a6c37e0cb5e74c,4074283fa258
2026-04-20,2026-04-20 04:29:29,backfill,1,World Open Under 13 Championship,2026,2026-06-29,70,70,live,4,4,0,110,77,145,0.8,,,0,0,N5v4_Final,62a6c37e0cb5e74c,4074283fa258
2026-04-20,2026-04-20 04:29:29,backfill,1,"World Open, top 6 sections",2026,2026-07-01,72,72,live,69,69,0,1288,1177,1424,0.8,,,0,0,N5v4_Final,62a6c37e0cb5e74c,4074283fa258
2026-04-20,2026-04-20 04:29:29,backfill,1,Chicago Class,2026,2026-07-17,88,88,live,1,1,0,268,156,461,0.8,model,,0,0,N5v4_Final,62a6c37e0cb5e74c,4074283fa258
2026-04-20,2026-04-20 04:29:29,backfill,1,Pittsburgh Open,2026,2026-07-17,88,88,live,3,3,0,182,99,333,0.8,model,,0,0,N5v4_Final,62a6c37e0cb5e74c,4074283fa258
2026-04-20,2026-04-20 04:29:29,backfill,1,Southern Open,2026,2026-07-17,88,88,live,0,0,0,232,183,282,0.8,,,0,0,N5v4_Final,62a6c37e0cb5e74c,4074283fa258
2026-04-20,2026-04-20 04:29:29,backfill,1,Bradley Open,2026,2026-07-24,95,95,live,3,4,1,260,159,426,0.8,model,,0,0,N5v4_Final,62a6c37e0cb5e74c,4074283fa258
2026-04-20,2026-04-20 04:29:29,backfill,1,Pacific Coast Open,2026,2026-07-31,102,102,live,7,7,0,395,236,662,0.8,model,,0,0,N5v4_Final,62a6c37e0cb5e74c,4074283fa258
2026-04-20,2026-04-20 04:29:29,backfill,1,Continental Open,2026,2026-08-13,115,115,live,1,1,0,283,252,317,0.8,,,0,0,N5v4_Final,62a6c37e0cb5e74c,4074283fa258
2026-04-20,2026-04-20 04:29:29,backfill,1,Central California Open,2026,2026-08-14,116,116,live,1,1,0,175,144,203,0.8,,,0,0,N5v4_Final,62a6c37e0cb5e74c,4074283fa258
2026-04-20,2026-04-20 04:29:29,backfill,1,Atlantic Open,2026,2026-08-21,123,123,live,1,1,0,316,251,395,0.8,,,0,0,N5v4_Final,62a6c37e0cb5e74c,4074283fa258
2026-04-20,2026-04-20 04:29:29,backfill,1,Indianapolis Open,2026,2026-08-21,123,123,live,0,0,0,186,175,198,0.8,,,0,0,N5v4_Final,62a6c37e0cb5e74c,4074283fa258
2026-04-20,2026-04-20 04:29:29,backfill,1,New York State Championship,2026,2026-09-04,137,137,live,5,5,0,304,237,347,0.8,,,0,0,N5v4_Final,62a6c37e0cb5e74c,4074283fa258
2026-04-20,2026-04-20 04:29:29,backfill,1,National Chess Congress,2026,2026-11-28,222,222,live,0,0,0,623,572,677,0.8,,,0,0,N5v4_Final,62a6c37e0cb5e74c,4074283fa258
2026-04-21,2026-04-21 04:21:21,backfill,1,Chicago Open,2026,2026-05-21,30,30,live,306,313,7,891,860,922,0.8,model,,0,0,N5v4_Final,62a6c37e0cb5e74c,2496eed5452f
2026-04-21,2026-04-21 04:21:21,backfill,1,Hartford Open,2026,2026-06-05,45,45,live,13,13,0,210,128,345,0.8,model,,0,0,N5v4_Final,62a6c37e0cb5e74c,2496eed5452f
2026-04-21,2026-04-21 04:21:21,backfill,1,Cleveland Open,2026,2026-06-05,45,45,live,10,10,0,205,125,336,0.8,model,,0,0,N5v4_Final,62a6c37e0cb5e74c,2496eed5452f
2026-04-21,2026-04-21 04:21:21,backfill,1,New York State Open,2026,2026-06-19,59,59,live,10,10,0,102,57,182,0.8,model,,0,0,N5v4_Final,62a6c37e0cb5e74c,2496eed5452f
2026-04-21,2026-04-21 04:21:21,backfill,1,DC International,2026,2026-06-25,65,65,live,9,10,1,108,97,119,0.8,model,,0,0,N5v4_Final,62a6c37e0cb5e74c,2496eed5452f
2026-04-21,2026-04-21 04:21:21,backfill,1,DC Open,2026,2026-06-26,66,66,live,2,3,1,295,239,362,0.8,model,,0,0,N5v4_Final,62a6c37e0cb5e74c,2496eed5452f
2026-04-21,2026-04-21 04:21:21,backfill,1,"World Open, lower sections",2026,2026-06-26,66,66,live,74,77,3,145,135,151,0.8,,,0,0,N5v4_Final,62a6c37e0cb5e74c,2496eed5452f
2026-04-21,2026-04-21 04:21:21,backfill,1,World Open Under 13 Championship,2026,2026-06-29,69,69,live,4,4,0,110,77,145,0.8,,,0,0,N5v4_Final,62a6c37e0cb5e74c,2496eed5452f
2026-04-21,2026-04-21 04:21:21,backfill,1,"World Open, top 6 sections",2026,2026-07-01,71,71,live,74,74,0,1288,1177,1424,0.8,,,0,0,N5v4_Final,62a6c37e0cb5e74c,2496eed5452f
2026-04-21,2026-04-21 04:21:21,backfill,1,Chicago Class,2026,2026-07-17,87,87,live,1,1,0,268,156,461,0.8,model,,0,0,N5v4_Final,62a6c37e0cb5e74c,2496eed5452f
2026-04-21,2026-04-21 04:21:21,backfill,1,Pittsburgh Open,2026,2026-07-17,87,87,live,3,3,0,167,92,305,0.8,model,,0,0,N5v4_Final,62a6c37e0cb5e74c,2496eed5452f
2026-04-21,2026-04-21 04:21:21,backfill,1,Southern Open,2026,2026-07-17,87,87,live,0,0,0,232,183,282,0.8,,,0,0,N5v4_Final,62a6c37e0cb5e74c,2496eed5452f
2026-04-21,2026-04-21 04:21:21,backfill,1,Bradley Open,2026,2026-07-24,94,94,live,4,4,0,266,153,462,0.8,model,,0,0,N5v4_Final,62a6c37e0cb5e74c,2496eed5452f
2026-04-21,2026-04-21 04:21:21,backfill,1,Pacific Coast Open,2026,2026-07-31,101,101,live,7,7,0,395,236,662,0.8,model,,0,0,N5v4_Final,62a6c37e0cb5e74c,2496eed5452f
2026-04-21,2026-04-21 04:21:21,backfill,1,Continental Open,2026,2026-08-13,114,114,live,1,1,0,283,252,317,0.8,,,0,0,N5v4_Final,62a6c37e0cb5e74c,2496eed5452f
2026-04-21,2026-04-21 04:21:21,backfill,1,Central California Open,2026,2026-08-14,115,115,live,1,1,0,175,144,203,0.8,,,0,0,N5v4_Final,62a6c37e0cb5e74c,2496eed5452f
2026-04-21,2026-04-21 04:21:21,backfill,1,Atlantic Open,2026,2026-08-21,122,122,live,1,1,0,316,251,395,0.8,,,0,0,N5v4_Final,62a6c37e0cb5e74c,2496eed5452f
2026-04-21,2026-04-21 04:21:21,backfill,1,Indianapolis Open,2026,2026-08-21,122,122,live,0,0,0,186,175,198,0.8,,,0,0,N5v4_Final,62a6c37e0cb5e74c,2496eed5452f
2026-04-21,2026-04-21 04:21:21,backfill,1,New York State Championship,2026,2026-09-04,136,136,live,5,5,0,304,237,347,0.8,,,0,0,N5v4_Final,62a6c37e0cb5e74c,2496eed5452f
2026-04-21,2026-04-21 04:21:21,backfill,1,National Chess Congress,2026,2026-11-28,221,221,live,0,0,0,623,572,677,0.8,,,0,0,N5v4_Final,62a6c37e0cb5e74c,2496eed5452f
2026-04-22,2026-04-22 04:17:05,backfill,1,Chicago Open,2026,2026-05-21,29,29,live,310,317,7,889,860,920,0.8,model,,0,0,N5v4_Final,62a6c37e0cb5e74c,ce32e2de2976
2026-04-22,2026-04-22 04:17:05,backfill,1,Hartford Open,2026,2026-06-05,44,44,live,13,13,0,209,127,342,0.8,model,,0,0,N5v4_Final,62a6c37e0cb5e74c,ce32e2de2976
2026-04-22,2026-04-22 04:17:05,backfill,1,Cleveland Open,2026,2026-06-05,44,44,live,11,11,0,207,126,339,0.8,model,,0,0,N5v4_Final,62a6c37e0cb5e74c,ce32e2de2976
2026-04-22,2026-04-22 04:17:05,backfill,1,New York State Open,2026,2026-06-19,58,58,live,11,11,0,106,60,189,0.8,model,,0,0,N5v4_Final,62a6c37e0cb5e74c,ce32e2de2976
2026-04-22,2026-04-22 04:17:05,backfill,1,DC International,2026,2026-06-25,64,64,live,9,10,1,106,96,117,0.8,model,,0,0,N5v4_Final,62a6c37e0cb5e74c,ce32e2de2976
2026-04-22,2026-04-22 04:17:05,backfill,1,DC Open,2026,2026-06-26,65,65,live,2,3,1,294,239,363,0.8,model,,0,0,N5v4_Final,62a6c37e0cb5e74c,ce32e2de2976
2026-04-22,2026-04-22 04:17:05,backfill,1,"World Open, lower sections",2026,2026-06-26,65,65,live,77,80,3,145,135,151,0.8,,,0,0,N5v4_Final,62a6c37e0cb5e74c,ce32e2de2976
2026-04-22,2026-04-22 04:17:05,backfill,1,World Open Under 13 Championship,2026,2026-06-29,68,68,live,4,4,0,110,77,145,0.8,,,0,0,N5v4_Final,62a6c37e0cb5e74c,ce32e2de2976
2026-04-22,2026-04-22 04:17:05,backfill,1,"World Open, top 6 sections",2026,2026-07-01,70,70,live,77,77,0,1288,1177,1424,0.8,,,0,0,N5v4_Final,62a6c37e0cb5e74c,ce32e2de2976
2026-04-22,2026-04-22 04:17:05,backfill,1,Chicago Class,2026,2026-07-17,86,86,live,1,1,0,268,156,461,0.8,model,,0,0,N5v4_Final,62a6c37e0cb5e74c,ce32e2de2976
2026-04-22,2026-04-22 04:17:05,backfill,1,Pittsburgh Open,2026,2026-07-17,86,86,live,3,3,0,167,92,301,0.8,model,,0,0,N5v4_Final,62a6c37e0cb5e74c,ce32e2de2976
2026-04-22,2026-04-22 04:17:05,backfill,1,Southern Open,2026,2026-07-17,86,86,live,0,0,0,232,183,282,0.8,,,0,0,N5v4_Final,62a6c37e0cb5e74c,ce32e2de2976
2026-04-22,2026-04-22 04:17:05,backfill,1,Bradley Open,2026,2026-07-24,93,93,live,4,4,0,265,152,462,0.8,model,,0,0,N5v4_Final,62a6c37e0cb5e74c,ce32e2de2976
2026-04-22,2026-04-22 04:17:05,backfill,1,Pacific Coast Open,2026,2026-07-31,100,100,live,7,7,0,395,235,661,0.8,model,,0,0,N5v4_Final,62a6c37e0cb5e74c,ce32e2de2976
2026-04-22,2026-04-22 04:17:05,backfill,1,Continental Open,2026,2026-08-13,113,113,live,1,1,0,283,252,317,0.8,,,0,0,N5v4_Final,62a6c37e0cb5e74c,ce32e2de2976
2026-04-22,2026-04-22 04:17:05,backfill,1,Central California Open,2026,2026-08-14,114,114,live,1,1,0,175,144,203,0.8,,,0,0,N5v4_Final,62a6c37e0cb5e74c,ce32e2de2976
2026-04-22,2026-04-22 04:17:05,backfill,1,Atlantic Open,2026,2026-08-21,121,121,live,1,1,0,316,251,395,0.8,,,0,0,N5v4_Final,62a6c37e0cb5e74c,ce32e2de2976
2026-04-22,2026-04-22 04:17:05,backfill,1,Indianapolis Open,2026,2026-08-21,121,121,live,0,0,0,186,175,198,0.8,,,0,0,N5v4_Final,62a6c37e0cb5e74c,ce32e2de2976
2026-04-22,2026-04-22 04:17:05,backfill,1,New York State Championship,2026,2026-09-04,135,135,live,5,5,0,304,237,347,0.8,,,0,0,N5v4_Final,62a6c37e0cb5e74c,ce32e2de2976
2026-04-22,2026-04-22 04:17:05,backfill,1,National Chess Congress,2026,2026-11-28,220,220,live,0,0,0,623,572,677,0.8,,,0,0,N5v4_Final,62a6c37e0cb5e74c,ce32e2de2976
2026-04-23,2026-04-23 04:21:23,backfill,1,Chicago Open,2026,2026-05-21,28,28,live,313,321,8,888,859,918,0.8,model,,0,0,N5v4_Final,62a6c37e0cb5e74c,d9bc7a525368
2026-04-23,2026-04-23 04:21:23,backfill,1,Hartford Open,2026,2026-06-05,43,43,live,13,13,0,207,126,339,0.8,model,,0,0,N5v4_Final,62a6c37e0cb5e74c,d9bc7a525368
2026-04-23,2026-04-23 04:21:23,backfill,1,Cleveland Open,2026,2026-06-05,43,43,live,13,13,0,211,129,346,0.8,model,,0,0,N5v4_Final,62a6c37e0cb5e74c,d9bc7a525368
2026-04-23,2026-04-23 04:21:23,backfill,1,New York State Open,2026,2026-06-19,57,57,live,11,11,0,104,59,186,0.8,model,,0,0,N5v4_Final,62a6c37e0cb5e74c,d9bc7a525368
2026-04-23,2026-04-23 04:21:23,backfill,1,DC International,2026,2026-06-25,63,63,live,9,10,1,105,95,115,0.8,model,,0,0,N5v4_Final,62a6c37e0cb5e74c,d9bc7a525368
2026-04-23,2026-04-23 04:21:23,backfill,1,DC Open,2026,2026-06-26,64,64,live,2,3,1,294,238,363,0.8,model,,0,0,N5v4_Final,62a6c37e0cb5e74c,d9bc7a525368
2026-04-23,2026-04-23 04:21:23,backfill,1,"World Open, lower sections",2026,2026-06-26,64,64,live,81,84,3,145,135,151,0.8,,,0,0,N5v4_Final,62a6c37e0cb5e74c,d9bc7a525368
2026-04-23,2026-04-23 04:21:23,backfill,1,World Open Under 13 Championship,2026,2026-06-29,67,67,live,4,4,0,110,77,145,0.8,,,0,0,N5v4_Final,62a6c37e0cb5e74c,d9bc7a525368
2026-04-23,2026-04-23 04:21:23,backfill,1,"World Open, top 6 sections",2026,2026-07-01,69,69,live,81,81,0,1288,1177,1424,0.8,,,0,0,N5v4_Final,62a6c37e0cb5e74c,d9bc7a525368
2026-04-23,2026-04-23 04:21:23,backfill,1,Chicago Class,2026,2026-07-17,85,85,live,1,1,0,268,156,460,0.8,model,,0,0,N5v4_Final,62a6c37e0cb5e74c,d9bc7a525368
2026-04-23,2026-04-23 04:21:23,backfill,1,Pittsburgh Open,2026,2026-07-17,85,85,live,3,3,0,166,93,298,0.8,model,,0,0,N5v4_Final,62a6c37e0cb5e74c,d9bc7a525368
2026-04-23,2026-04-23 04:21:23,backfill,1,Southern Open,2026,2026-07-17,85,85,live,0,0,0,232,183,282,0.8,,,0,0,N5v4_Final,62a6c37e0cb5e74c,d9bc7a525368
2026-04-23,2026-04-23 04:21:23,backfill,1,Bradley Open,2026,2026-07-24,92,92,live,4,4,0,265,152,462,0.8,model,,0,0,N5v4_Final,62a6c37e0cb5e74c,d9bc7a525368
2026-04-23,2026-04-23 04:21:23,backfill,1,Pacific Coast Open,2026,2026-07-31,99,99,live,7,7,0,394,235,661,0.8,model,,0,0,N5v4_Final,62a6c37e0cb5e74c,d9bc7a525368
2026-04-23,2026-04-23 04:21:23,backfill,1,Continental Open,2026,2026-08-13,112,112,live,1,1,0,283,252,317,0.8,,,0,0,N5v4_Final,62a6c37e0cb5e74c,d9bc7a525368
2026-04-23,2026-04-23 04:21:23,backfill,1,Central California Open,2026,2026-08-14,113,113,live,1,1,0,175,144,203,0.8,,,0,0,N5v4_Final,62a6c37e0cb5e74c,d9bc7a525368
2026-04-23,2026-04-23 04:21:23,backfill,1,Atlantic Open,2026,2026-08-21,120,120,live,1,1,0,316,251,395,0.8,,,0,0,N5v4_Final,62a6c37e0cb5e74c,d9bc7a525368
2026-04-23,2026-04-23 04:21:23,backfill,1,Indianapolis Open,2026,2026-08-21,120,120,live,0,0,0,186,175,198,0.8,,,0,0,N5v4_Final,62a6c37e0cb5e74c,d9bc7a525368
2026-04-23,2026-04-23 04:21:23,backfill,1,New York State Championship,2026,2026-09-04,134,134,live,5,5,0,304,237,347,0.8,,,0,0,N5v4_Final,62a6c37e0cb5e74c,d9bc7a525368
2026-04-23,2026-04-23 04:21:23,backfill,1,Midwest Class Championships,2026,2026-10-09,169,169,live,0,0,0,313,296,338,0.8,,,0,0,N5v4_Final,62a6c37e0cb5e74c,d9bc7a525368
2026-04-23,2026-04-23 04:21:23,backfill,1,Eastern Class Championships (in Connecticut),2026,2026-10-16,176,176,live,0,0,0,100,70,130,0.8,,,0,0,N5v4_Final,62a6c37e0cb5e74c,d9bc7a525368
2026-04-23,2026-04-23 04:21:23,backfill,1,Eastern Chess Congress (in New Jersey),2026,2026-10-23,183,183,live,0,0,0,100,70,130,0.8,,,0,0,N5v4_Final,62a6c37e0cb5e74c,d9bc7a525368
2026-04-23,2026-04-23 04:21:23,backfill,1,National Chess Congress,2026,2026-11-28,219,219,live,0,0,0,623,572,677,0.8,,,0,0,N5v4_Final,62a6c37e0cb5e74c,d9bc7a525368
2026-04-23,2026-04-23 21:22:35,backfill,1,Chicago Open,2026,2026-05-21,28,28,live,313,321,8,888,859,918,0.8,model,,0,0,N5v4_Final,2d4f0a9c96715539,b51888bb5919
2026-04-23,2026-04-23 21:22:35,backfill,1,Hartford Open,2026,2026-06-05,43,43,live,13,13,0,207,126,339,0.8,model,,0,0,N5v4_Final,2d4f0a9c96715539,b51888bb5919
2026-04-23,2026-04-23 21:22:35,backfill,1,Cleveland Open,2026,2026-06-05,43,43,live,13,13,0,211,129,346,0.8,model,,0,0,N5v4_Final,2d4f0a9c96715539,b51888bb5919
2026-04-23,2026-04-23 21:22:35,backfill,1,New York State Open,2026,2026-06-19,57,57,live,11,11,0,104,59,186,0.8,model,,0,0,N5v4_Final,2d4f0a9c96715539,b51888bb5919
2026-04-23,2026-04-23 21:22:35,backfill,1,DC International,2026,2026-06-25,63,63,live,9,10,1,105,95,115,0.8,model,,0,0,N5v4_Final,2d4f0a9c96715539,b51888bb5919
2026-04-23,2026-04-23 21:22:35,backfill,1,World Open lower sections,2026,2026-06-26,64,64,live,81,81,0,142,99,204,0.8,model,,0,0,N5v4_Final,2d4f0a9c96715539,b51888bb5919
2026-04-23,2026-04-23 21:22:35,backfill,1,DC Open,2026,2026-06-26,64,64,live,2,3,1,294,238,363,0.8,model,,0,0,N5v4_Final,2d4f0a9c96715539,b51888bb5919
2026-04-23,2026-04-23 21:22:35,backfill,1,World Open Under 13 Championship,2026,2026-06-29,67,67,live,4,4,0,110,77,145,0.8,,,0,0,N5v4_Final,2d4f0a9c96715539,b51888bb5919
2026-04-23,2026-04-23 21:22:35,backfill,1,World Open top 6 sections,2026,2026-07-01,69,69,live,81,81,0,1113,880,1409,0.8,model,,0,0,N5v4_Final,2d4f0a9c96715539,b51888bb5919
2026-04-23,2026-04-23 21:22:35,backfill,1,Chicago Class,2026,2026-07-17,85,85,live,1,1,0,268,156,460,0.8,model,,0,0,N5v4_Final,2d4f0a9c96715539,b51888bb5919
2026-04-23,2026-04-23 21:22:35,backfill,1,Pittsburgh Open,2026,2026-07-17,85,85,live,3,3,0,166,93,298,0.8,model,,0,0,N5v4_Final,2d4f0a9c96715539,b51888bb5919
2026-04-23,2026-04-23 21:22:35,backfill,1,Southern Open,2026,2026-07-17,85,85,live,0,0,0,232,183,282,0.8,,,0,0,N5v4_Final,2d4f0a9c96715539,b51888bb5919
2026-04-23,2026-04-23 21:22:35,backfill,1,Bradley Open,2026,2026-07-24,92,92,live,4,4,0,265,152,462,0.8,model,,0,0,N5v4_Final,2d4f0a9c96715539,b51888bb5919
2026-04-23,2026-04-23 21:22:35,backfill,1,Pacific Coast Open,2026,2026-07-31,99,99,live,7,7,0,394,235,661,0.8,model,,0,0,N5v4_Final,2d4f0a9c96715539,b51888bb5919
2026-04-23,2026-04-23 21:22:35,backfill,1,Continental Open,2026,2026-08-13,112,112,live,1,1,0,283,252,317,0.8,,,0,0,N5v4_Final,2d4f0a9c96715539,b51888bb5919
2026-04-23,2026-04-23 21:22:35,backfill,1,Central California Open,2026,2026-08-14,113,113,live,1,1,0,175,144,203,0.8,,,0,0,N5v4_Final,2d4f0a9c96715539,b51888bb5919
2026-04-23,2026-04-23 21:22:35,backfill,1,Atlantic Open,2026,2026-08-21,120,120,live,1,1,0,316,251,395,0.8,,,0,0,N5v4_Final,2d4f0a9c96715539,b51888bb5919
2026-04-23,2026-04-23 21:22:35,backfill,1,Indianapolis Open,2026,2026-08-21,120,120,live,0,0,0,186,175,198,0.8,,,0,0,N5v4_Final,2d4f0a9c96715539,b51888bb5919
2026-04-23,2026-04-23 21:22:35,backfill,1,New York State Championship,2026,2026-09-04,134,134,live,5,5,0,304,237,347,0.8,,,0,0,N5v4_Final,2d4f0a9c96715539,b51888bb5919
2026-04-23,2026-04-23 21:22:35,backfill,1,Midwest Class Championships,2026,2026-10-09,169,169,live,0,0,0,313,296,338,0.8,,,0,0,N5v4_Final,2d4f0a9c96715539,b51888bb5919
2026-04-23,2026-04-23 21:22:35,backfill,1,Eastern Class Championships (in Connecticut),2026,2026-10-16,176,176,live,0,0,0,100,70,130,0.8,,,0,0,N5v4_Final,2d4f0a9c96715539,b51888bb5919
2026-04-23,2026-04-23 21:22:35,backfill,1,Eastern Chess Congress (in New Jersey),2026,2026-10-23,183,183,live,0,0,0,100,70,130,0.8,,,0,0,N5v4_Final,2d4f0a9c96715539,b51888bb5919
2026-04-23,2026-04-23 21:22:35,backfill,1,National Chess Congress,2026,2026-11-28,219,219,live,0,0,0,623,572,677,0.8,,,0,0,N5v4_Final,2d4f0a9c96715539,b51888bb5919
2026-04-24,2026-04-24 04:26:21,backfill,1,Chicago Open,2026,2026-05-21,27,27,live,317,325,8,885,855,915,0.8,model,,0,0,N5v4_Final,2d4f0a9c96715539,dab14fbf51f9
2026-04-24,2026-04-24 04:26:21,backfill,1,Hartford Open,2026,2026-06-05,42,42,live,13,13,0,205,125,337,0.8,model,,0,0,N5v4_Final,2d4f0a9c96715539,dab14fbf51f9
2026-04-24,2026-04-24 04:26:21,backfill,1,Cleveland Open,2026,2026-06-05,42,42,live,13,13,0,209,127,342,0.8,model,,0,0,N5v4_Final,2d4f0a9c96715539,dab14fbf51f9
2026-04-24,2026-04-24 04:26:21,backfill,1,New York State Open,2026,2026-06-19,56,56,live,11,11,0,103,58,183,0.8,model,,0,0,N5v4_Final,2d4f0a9c96715539,dab14fbf51f9
2026-04-24,2026-04-24 04:26:21,backfill,1,DC International,2026,2026-06-25,62,62,live,9,10,1,103,94,113,0.8,model,,0,0,N5v4_Final,2d4f0a9c96715539,dab14fbf51f9
2026-04-24,2026-04-24 04:26:21,backfill,1,World Open lower sections,2026,2026-06-26,63,63,live,81,81,0,142,99,204,0.8,model,,0,0,N5v4_Final,2d4f0a9c96715539,dab14fbf51f9
2026-04-24,2026-04-24 04:26:21,backfill,1,DC Open,2026,2026-06-26,63,63,live,3,4,1,294,237,364,0.8,model,,0,0,N5v4_Final,2d4f0a9c96715539,dab14fbf51f9
2026-04-24,2026-04-24 04:26:21,backfill,1,World Open Under 13 Championship,2026,2026-06-29,66,66,live,4,4,0,110,77,145,0.8,,,0,0,N5v4_Final,2d4f0a9c96715539,dab14fbf51f9
2026-04-24,2026-04-24 04:26:21,backfill,1,World Open top 6 sections,2026,2026-07-01,68,68,live,81,81,0,1106,874,1400,0.8,model,,0,0,N5v4_Final,2d4f0a9c96715539,dab14fbf51f9
2026-04-24,2026-04-24 04:26:21,backfill,1,Chicago Class,2026,2026-07-17,84,84,live,1,1,0,267,156,460,0.8,model,,0,0,N5v4_Final,2d4f0a9c96715539,dab14fbf51f9
2026-04-24,2026-04-24 04:26:21,backfill,1,Pittsburgh Open,2026,2026-07-17,84,84,live,3,3,0,166,93,295,0.8,model,,0,0,N5v4_Final,2d4f0a9c96715539,dab14fbf51f9
2026-04-24,2026-04-24 04:26:21,backfill,1,Southern Open,2026,2026-07-17,84,84,live,0,0,0,232,183,282,0.8,,,0,0,N5v4_Final,2d4f0a9c96715539,dab14fbf51f9
2026-04-24,2026-04-24 04:26:21,backfill,1,Bradley Open,2026,2026-07-24,91,91,live,4,4,0,265,152,462,0.8,model,,0,0,N5v4_Final,2d4f0a9c96715539,dab14fbf51f9
2026-04-24,2026-04-24 04:26:21,backfill,1,Pacific Coast Open,2026,2026-07-31,98,98,live,7,7,0,394,235,661,0.8,model,,0,0,N5v4_Final,2d4f0a9c96715539,dab14fbf51f9
2026-04-24,2026-04-24 04:26:21,backfill,1,Continental Open,2026,2026-08-13,111,111,live,1,1,0,283,252,317,0.8,,,0,0,N5v4_Final,2d4f0a9c96715539,dab14fbf51f9
2026-04-24,2026-04-24 04:26:21,backfill,1,Central California Open,2026,2026-08-14,112,112,live,1,1,0,175,144,203,0.8,,,0,0,N5v4_Final,2d4f0a9c96715539,dab14fbf51f9
2026-04-24,2026-04-24 04:26:21,backfill,1,Atlantic Open,2026,2026-08-21,119,119,live,1,1,0,316,251,395,0.8,,,0,0,N5v4_Final,2d4f0a9c96715539,dab14fbf51f9
2026-04-24,2026-04-24 04:26:21,backfill,1,Indianapolis Open,2026,2026-08-21,119,119,live,0,0,0,186,175,198,0.8,,,0,0,N5v4_Final,2d4f0a9c96715539,dab14fbf51f9
2026-04-24,2026-04-24 04:26:21,backfill,1,New York State Championship,2026,2026-09-04,133,133,live,5,5,0,304,237,347,0.8,,,0,0,N5v4_Final,2d4f0a9c96715539,dab14fbf51f9
2026-04-24,2026-04-24 04:26:21,backfill,1,Midwest Class Championships,2026,2026-10-09,168,168,live,0,0,0,313,296,338,0.8,,,0,0,N5v4_Final,2d4f0a9c96715539,dab14fbf51f9
2026-04-24,2026-04-24 04:26:21,backfill,1,Eastern Class Championships (in Connecticut),2026,2026-10-16,175,175,live,1,1,0,100,70,130,0.8,,,0,0,N5v4_Final,2d4f0a9c96715539,dab14fbf51f9
2026-04-24,2026-04-24 04:26:21,backfill,1,Eastern Chess Congress (in New Jersey),2026,2026-10-23,182,182,live,1,1,0,100,70,130,0.8,,,0,0,N5v4_Final,2d4f0a9c96715539,dab14fbf51f9
2026-04-24,2026-04-24 04:26:21,backfill,1,National Chess Congress,2026,2026-11-28,218,218,live,0,0,0,623,572,677,0.8,,,0,0,N5v4_Final,2d4f0a9c96715539,dab14fbf51f9
2026-04-25,2026-04-25 04:08:08,backfill,1,Chicago Open,2026,2026-05-21,26,26,live,317,326,9,878,849,909,0.8,model,,0,0,N5v4_Final,2d4f0a9c96715539,84a237d69f4f
2026-04-25,2026-04-25 04:08:08,backfill,1,Hartford Open,2026,2026-06-05,41,41,live,13,13,0,206,196,215,0.8,model,,0,0,N5v4_Final,2d4f0a9c96715539,84a237d69f4f
2026-04-25,2026-04-25 04:08:08,backfill,1,Cleveland Open,2026,2026-06-05,41,41,live,14,14,0,212,197,229,0.8,model,,0,0,N5v4_Final,2d4f0a9c96715539,84a237d69f4f
2026-04-25,2026-04-25 04:08:08,backfill,1,New York State Open,2026,2026-06-19,55,55,live,11,11,0,102,57,181,0.8,model,,0,0,N5v4_Final,2d4f0a9c96715539,84a237d69f4f
2026-04-25,2026-04-25 04:08:08,backfill,1,DC International,2026,2026-06-25,61,61,live,9,10,1,102,93,112,0.8,model,,0,0,N5v4_Final,2d4f0a9c96715539,84a237d69f4f
2026-04-25,2026-04-25 04:08:08,backfill,1,World Open lower sections,2026,2026-06-26,62,62,live,84,84,0,142,99,203,0.8,model,,0,0,N5v4_Final,2d4f0a9c96715539,84a237d69f4f
2026-04-25,2026-04-25 04:08:08,backfill,1,DC Open,2026,2026-06-26,62,62,live,4,5,1,294,237,365,0.8,model,,0,0,N5v4_Final,2d4f0a9c96715539,84a237d69f4f
2026-04-25,2026-04-25 04:08:08,backfill,1,World Open Under 13 Championship,2026,2026-06-29,65,65,live,5,5,0,110,77,145,0.8,,,0,0,N5v4_Final,2d4f0a9c96715539,84a237d69f4f
2026-04-25,2026-04-25 04:08:08,backfill,1,World Open top 6 sections,2026,2026-07-01,67,67,live,84,84,0,1105,873,1398,0.8,model,,0,0,N5v4_Final,2d4f0a9c96715539,84a237d69f4f
2026-04-25,2026-04-25 04:08:08,backfill,1,Chicago Class,2026,2026-07-17,83,83,live,1,1,0,267,155,459,0.8,model,,0,0,N5v4_Final,2d4f0a9c96715539,84a237d69f4f
2026-04-25,2026-04-25 04:08:08,backfill,1,Pittsburgh Open,2026,2026-07-17,83,83,live,3,3,0,165,93,292,0.8,model,,0,0,N5v4_Final,2d4f0a9c96715539,84a237d69f4f
2026-04-25,2026-04-25 04:08:08,backfill,1,Southern Open,2026,2026-07-17,83,83,live,0,0,0,232,183,282,0.8,,,0,0,N5v4_Final,2d4f0a9c96715539,84a237d69f4f
2026-04-25,2026-04-25 04:08:08,backfill,1,Bradley Open,2026,2026-07-24,90,90,live,4,4,0,265,152,461,0.8,model,,0,0,N5v4_Final,2d4f0a9c96715539,84a237d69f4f
2026-04-25,2026-04-25 04:08:08,backfill,1,Pacific Coast Open,2026,2026-07-31,97,97,live,7,7,0,394,235,660,0.8,model,,0,0,N5v4_Final,2d4f0a9c96715539,84a237d69f4f
2026-04-25,2026-04-25 04:08:08,backfill,1,Continental Open,2026,2026-08-13,110,110,live,1,1,0,283,252,317,0.8,,,0,0,N5v4_Final,2d4f0a9c96715539,84a237d69f4f
2026-04-25,2026-04-25 04:08:08,backfill,1,Central California Open,2026,2026-08-14,111,111,live,1,1,0,175,144,203,0.8,,,0,0,N5v4_Final,2d4f0a9c96715539,84a237d69f4f
2026-04-25,2026-04-25 04:08:08,backfill,1,Atlantic Open,2026,2026-08-21,118,118,live,1,1,0,316,251,395,0.8,,,0,0,N5v4_Final,2d4f0a9c96715539,84a237d69f4f
2026-04-25,2026-04-25 04:08:08,backfill,1,Indianapolis Open,2026,2026-08-21,118,118,live,0,0,0,186,175,198,0.8,,,0,0,N5v4_Final,2d4f0a9c96715539,84a237d69f4f
2026-04-25,2026-04-25 04:08:08,backfill,1,New York State Championship,2026,2026-09-04,132,132,live,5,5,0,304,237,347,0.8,,,0,0,N5v4_Final,2d4f0a9c96715539,84a237d69f4f
2026-04-25,2026-04-25 04:08:08,backfill,1,Midwest Class Championships,2026,2026-10-09,167,167,live,0,0,0,313,296,338,0.8,,,0,0,N5v4_Final,2d4f0a9c96715539,84a237d69f4f
2026-04-25,2026-04-25 04:08:08,backfill,1,Eastern Class Championships (in Connecticut),2026,2026-10-16,174,174,live,1,1,0,100,70,130,0.8,,,0,0,N5v4_Final,2d4f0a9c96715539,84a237d69f4f
2026-04-25,2026-04-25 04:08:08,backfill,1,Eastern Chess Congress (in New Jersey),2026,2026-10-23,181,181,live,1,1,0,100,70,130,0.8,,,0,0,N5v4_Final,2d4f0a9c96715539,84a237d69f4f
2026-04-25,2026-04-25 04:08:08,backfill,1,National Chess Congress,2026,2026-11-28,217,217,live,0,0,0,623,572,677,0.8,,,0,0,N5v4_Final,2d4f0a9c96715539,84a237d69f4f
2026-04-26,2026-04-26 04:31:18,backfill,1,Chicago Open,2026,2026-05-21,25,25,live,324,333,9,878,848,909,0.8,model,,0,0,N5v4_Final,2d4f0a9c96715539,501173723f0a
2026-04-26,2026-04-26 04:31:18,backfill,1,Hartford Open,2026,2026-06-05,40,40,live,13,13,0,204,195,214,0.8,model,,0,0,N5v4_Final,2d4f0a9c96715539,501173723f0a
2026-04-26,2026-04-26 04:31:18,backfill,1,Cleveland Open,2026,2026-06-05,40,40,live,15,15,0,213,198,231,0.8,model,,0,0,N5v4_Final,2d4f0a9c96715539,501173723f0a
2026-04-26,2026-04-26 04:31:18,backfill,1,New York State Open,2026,2026-06-19,54,54,live,12,12,0,105,59,187,0.8,model,,0,0,N5v4_Final,2d4f0a9c96715539,501173723f0a
2026-04-26,2026-04-26 04:31:18,backfill,1,DC International,2026,2026-06-25,60,60,live,9,10,1,100,91,110,0.8,model,,0,0,N5v4_Final,2d4f0a9c96715539,501173723f0a
2026-04-26,2026-04-26 04:31:18,backfill,1,World Open lower sections,2026,2026-06-26,61,61,live,88,88,0,142,100,203,0.8,model,,0,0,N5v4_Final,2d4f0a9c96715539,501173723f0a
2026-04-26,2026-04-26 04:31:18,backfill,1,DC Open,2026,2026-06-26,61,61,live,4,5,1,294,236,365,0.8,model,,0,0,N5v4_Final,2d4f0a9c96715539,501173723f0a
2026-04-26,2026-04-26 04:31:18,backfill,1,World Open Under 13 Championship,2026,2026-06-29,64,64,live,5,5,0,110,77,145,0.8,,,0,0,N5v4_Final,2d4f0a9c96715539,501173723f0a
2026-04-26,2026-04-26 04:31:18,backfill,1,World Open top 6 sections,2026,2026-07-01,66,66,live,88,88,0,1105,874,1399,0.8,model,,0,0,N5v4_Final,2d4f0a9c96715539,501173723f0a
2026-04-26,2026-04-26 04:31:18,backfill,1,Chicago Class,2026,2026-07-17,82,82,live,2,2,0,272,166,446,0.8,model,,0,0,N5v4_Final,2d4f0a9c96715539,501173723f0a
2026-04-26,2026-04-26 04:31:18,backfill,1,Pittsburgh Open,2026,2026-07-17,82,82,live,3,3,0,165,94,289,0.8,model,,0,0,N5v4_Final,2d4f0a9c96715539,501173723f0a
2026-04-26,2026-04-26 04:31:18,backfill,1,Southern Open,2026,2026-07-17,82,82,live,0,0,0,232,183,282,0.8,,,0,0,N5v4_Final,2d4f0a9c96715539,501173723f0a
2026-04-26,2026-04-26 04:31:18,backfill,1,Bradley Open,2026,2026-07-24,89,89,live,4,4,0,264,153,457,0.8,model,,0,0,N5v4_Final,2d4f0a9c96715539,501173723f0a
2026-04-26,2026-04-26 04:31:18,backfill,1,Pacific Coast Open,2026,2026-07-31,96,96,live,7,7,0,394,235,660,0.8,model,,0,0,N5v4_Final,2d4f0a9c96715539,501173723f0a
2026-04-26,2026-04-26 04:31:18,backfill,1,Continental Open,2026,2026-08-13,109,109,live,1,1,0,283,252,317,0.8,,,0,0,N5v4_Final,2d4f0a9c96715539,501173723f0a
2026-04-26,2026-04-26 04:31:18,backfill,1,Central California Open,2026,2026-08-14,110,110,live,1,1,0,175,144,203,0.8,,,0,0,N5v4_Final,2d4f0a9c96715539,501173723f0a
2026-04-26,2026-04-26 04:31:18,backfill,1,Atlantic Open,2026,2026-08-21,117,117,live,1,1,0,316,251,395,0.8,,,0,0,N5v4_Final,2d4f0a9c96715539,501173723f0a
2026-04-26,2026-04-26 04:31:18,backfill,1,Indianapolis Open,2026,2026-08-21,117,117,live,0,0,0,186,175,198,0.8,,,0,0,N5v4_Final,2d4f0a9c96715539,501173723f0a
2026-04-26,2026-04-26 04:31:18,backfill,1,New York State Championship,2026,2026-09-04,131,131,live,5,5,0,304,237,347,0.8,,,0,0,N5v4_Final,2d4f0a9c96715539,501173723f0a
2026-04-26,2026-04-26 04:31:18,backfill,1,Midwest Class Championships,2026,2026-10-09,166,166,live,2,2,0,313,296,338,0.8,,,0,0,N5v4_Final,2d4f0a9c96715539,501173723f0a
2026-04-26,2026-04-26 04:31:18,backfill,1,Eastern Class Championships (in Connecticut),2026,2026-10-16,173,173,live,1,1,0,100,70,130,0.8,,,0,0,N5v4_Final,2d4f0a9c96715539,501173723f0a
2026-04-26,2026-04-26 04:31:18,backfill,1,Eastern Chess Congress (in New Jersey),2026,2026-10-23,180,180,live,1,1,0,100,70,130,0.8,,,0,0,N5v4_Final,2d4f0a9c96715539,501173723f0a
2026-04-26,2026-04-26 04:31:18,backfill,1,National Chess Congress,2026,2026-11-28,216,216,live,0,0,0,623,572,677,0.8,,,0,0,N5v4_Final,2d4f0a9c96715539,501173723f0a
2026-04-27,2026-04-27 04:39:18,backfill,1,Chicago Open,2026,2026-05-21,24,24,live,335,344,9,882,851,913,0.8,model,,0,0,N5v4_Final,2d4f0a9c96715539,01e52de267f4
2026-04-27,2026-04-27 04:39:18,backfill,1,Hartford Open,2026,2026-06-05,39,39,live,13,13,0,203,194,212,0.8,model,,0,0,N5v4_Final,2d4f0a9c96715539,01e52de267f4
2026-04-27,2026-04-27 04:39:18,backfill,1,Cleveland Open,2026,2026-06-05,39,39,live,16,16,0,214,198,232,0.8,model,,0,0,N5v4_Final,2d4f0a9c96715539,01e52de267f4
2026-04-27,2026-04-27 04:39:18,backfill,1,New York State Open,2026,2026-06-19,53,53,live,12,12,0,103,58,184,0.8,model,,0,0,N5v4_Final,2d4f0a9c96715539,01e52de267f4
2026-04-27,2026-04-27 04:39:18,backfill,1,DC International,2026,2026-06-25,59,59,live,9,10,1,99,90,108,0.8,model,,0,0,N5v4_Final,2d4f0a9c96715539,01e52de267f4
2026-04-27,2026-04-27 04:39:18,backfill,1,World Open lower sections,2026,2026-06-26,60,60,live,94,94,0,142,100,202,0.8,model,,0,0,N5v4_Final,2d4f0a9c96715539,01e52de267f4
2026-04-27,2026-04-27 04:39:18,backfill,1,DC Open,2026,2026-06-26,60,60,live,5,6,1,293,235,366,0.8,model,,0,0,N5v4_Final,2d4f0a9c96715539,01e52de267f4
2026-04-27,2026-04-27 04:39:18,backfill,1,World Open Under 13 Championship,2026,2026-06-29,63,63,live,5,5,0,110,77,145,0.8,,,0,0,N5v4_Final,2d4f0a9c96715539,01e52de267f4
2026-04-27,2026-04-27 04:39:18,backfill,1,World Open top 6 sections,2026,2026-07-01,65,65,live,94,94,0,1109,877,1403,0.8,model,,0,0,N5v4_Final,2d4f0a9c96715539,01e52de267f4
2026-04-27,2026-04-27 04:39:18,backfill,1,Chicago Class,2026,2026-07-17,81,81,live,2,2,0,272,166,446,0.8,model,,0,0,N5v4_Final,2d4f0a9c96715539,01e52de267f4
2026-04-27,2026-04-27 04:39:18,backfill,1,Pittsburgh Open,2026,2026-07-17,81,81,live,5,5,0,174,93,324,0.8,model,,0,0,N5v4_Final,2d4f0a9c96715539,01e52de267f4
2026-04-27,2026-04-27 04:39:18,backfill,1,Southern Open,2026,2026-07-17,81,81,live,0,0,0,232,183,282,0.8,,,0,0,N5v4_Final,2d4f0a9c96715539,01e52de267f4
2026-04-27,2026-04-27 04:39:18,backfill,1,Bradley Open,2026,2026-07-24,88,88,live,4,4,0,263,153,453,0.8,model,,0,0,N5v4_Final,2d4f0a9c96715539,01e52de267f4
2026-04-27,2026-04-27 04:39:18,backfill,1,Pacific Coast Open,2026,2026-07-31,95,95,live,7,7,0,393,235,659,0.8,model,,0,0,N5v4_Final,2d4f0a9c96715539,01e52de267f4
2026-04-27,2026-04-27 04:39:18,backfill,1,Continental Open,2026,2026-08-13,108,108,live,1,1,0,283,252,317,0.8,,,0,0,N5v4_Final,2d4f0a9c96715539,01e52de267f4
2026-04-27,2026-04-27 04:39:18,backfill,1,Central California Open,2026,2026-08-14,109,109,live,1,1,0,175,144,203,0.8,,,0,0,N5v4_Final,2d4f0a9c96715539,01e52de267f4
2026-04-27,2026-04-27 04:39:18,backfill,1,Atlantic Open,2026,2026-08-21,116,116,live,1,1,0,316,251,395,0.8,,,0,0,N5v4_Final,2d4f0a9c96715539,01e52de267f4
2026-04-27,2026-04-27 04:39:18,backfill,1,Indianapolis Open,2026,2026-08-21,116,116,live,0,0,0,186,175,198,0.8,,,0,0,N5v4_Final,2d4f0a9c96715539,01e52de267f4
2026-04-27,2026-04-27 04:39:18,backfill,1,New York State Championship,2026,2026-09-04,130,130,live,5,5,0,304,237,347,0.8,,,0,0,N5v4_Final,2d4f0a9c96715539,01e52de267f4
2026-04-27,2026-04-27 04:39:18,backfill,1,Midwest Class Championships,2026,2026-10-09,165,165,live,2,2,0,313,296,338,0.8,,,0,0,N5v4_Final,2d4f0a9c96715539,01e52de267f4
2026-04-27,2026-04-27 04:39:18,backfill,1,Eastern Class Championships (in Connecticut),2026,2026-10-16,172,172,live,1,1,0,100,70,130,0.8,,,0,0,N5v4_Final,2d4f0a9c96715539,01e52de267f4
2026-04-27,2026-04-27 04:39:18,backfill,1,Eastern Chess Congress (in New Jersey),2026,2026-10-23,179,179,live,1,1,0,100,70,130,0.8,,,0,0,N5v4_Final,2d4f0a9c96715539,01e52de267f4
2026-04-27,2026-04-27 04:39:18,backfill,1,National Chess Congress,2026,2026-11-28,215,215,live,0,0,0,623,572,677,0.8,,,0,0,N5v4_Final,2d4f0a9c96715539,01e52de267f4
2026-04-27,2026-04-27 19:39:54,backfill,1,Chicago Open,2026,2026-05-21,24,24,live,343,352,9,889,859,921,0.8,model,,0,0,N5v4_Final,2d4f0a9c96715539,6515559e3247
2026-04-27,2026-04-27 19:39:54,backfill,1,Hartford Open,2026,2026-06-05,39,39,live,16,16,0,211,202,221,0.8,model,,0,0,N5v4_Final,2d4f0a9c96715539,6515559e3247
2026-04-27,2026-04-27 19:39:54,backfill,1,Cleveland Open,2026,2026-06-05,39,39,live,16,16,0,214,198,232,0.8,model,,0,0,N5v4_Final,2d4f0a9c96715539,6515559e3247
2026-04-27,2026-04-27 19:39:54,backfill,1,New York State Open,2026,2026-06-19,53,53,live,13,13,0,106,60,189,0.8,model,,0,0,N5v4_Final,2d4f0a9c96715539,6515559e3247
2026-04-27,2026-04-27 19:39:54,backfill,1,DC International,2026,2026-06-25,59,59,live,9,10,1,99,90,108,0.8,model,,0,0,N5v4_Final,2d4f0a9c96715539,6515559e3247
2026-04-27,2026-04-27 19:39:54,backfill,1,World Open lower sections,2026,2026-06-26,60,60,live,6,6,0,139,85,228,0.8,model,,0,0,N5v4_Final,2d4f0a9c96715539,6515559e3247
2026-04-27,2026-04-27 19:39:54,backfill,1,DC Open,2026,2026-06-26,60,60,live,5,6,1,293,235,366,0.8,model,,0,0,N5v4_Final,2d4f0a9c96715539,6515559e3247
2026-04-27,2026-04-27 19:39:54,backfill,1,World Open Under 13 Championship,2026,2026-06-29,63,63,live,5,5,0,110,77,145,0.8,,,0,0,N5v4_Final,2d4f0a9c96715539,6515559e3247
2026-04-27,2026-04-27 19:39:54,backfill,1,World Open top 6 sections,2026,2026-07-01,65,65,live,94,94,0,1109,877,1403,0.8,model,,0,0,N5v4_Final,2d4f0a9c96715539,6515559e3247
2026-04-27,2026-04-27 19:39:54,backfill,1,Chicago Class,2026,2026-07-17,81,81,live,3,3,0,277,169,454,0.8,model,,0,0,N5v4_Final,2d4f0a9c96715539,6515559e3247
2026-04-27,2026-04-27 19:39:54,backfill,1,Pittsburgh Open,2026,2026-07-17,81,81,live,5,5,0,174,93,324,0.8,model,,0,0,N5v4_Final,2d4f0a9c96715539,6515559e3247
2026-04-27,2026-04-27 19:39:54,backfill,1,Southern Open,2026,2026-07-17,81,81,live,0,0,0,232,183,282,0.8,,,0,0,N5v4_Final,2d4f0a9c96715539,6515559e3247
2026-04-27,2026-04-27 19:39:54,backfill,1,Bradley Open,2026,2026-07-24,88,88,live,4,4,0,263,153,453,0.8,model,,0,0,N5v4_Final,2d4f0a9c96715539,6515559e3247
2026-04-27,2026-04-27 19:39:54,backfill,1,Pacific Coast Open,2026,2026-07-31,95,95,live,7,7,0,393,235,659,0.8,model,,0,0,N5v4_Final,2d4f0a9c96715539,6515559e3247
2026-04-27,2026-04-27 19:39:54,backfill,1,Continental Open,2026,2026-08-13,108,108,live,1,1,0,283,252,317,0.8,,,0,0,N5v4_Final,2d4f0a9c96715539,6515559e3247
2026-04-27,2026-04-27 19:39:54,backfill,1,Central California Open,2026,2026-08-14,109,109,live,1,1,0,175,144,203,0.8,,,0,0,N5v4_Final,2d4f0a9c96715539,6515559e3247
2026-04-27,2026-04-27 19:39:54,backfill,1,Atlantic Open,2026,2026-08-21,116,116,live,1,1,0,316,251,395,0.8,,,0,0,N5v4_Final,2d4f0a9c96715539,6515559e3247
2026-04-27,2026-04-27 19:39:54,backfill,1,Indianapolis Open,2026,2026-08-21,116,116,live,0,0,0,186,175,198,0.8,,,0,0,N5v4_Final,2d4f0a9c96715539,6515559e3247
2026-04-27,2026-04-27 19:39:54,backfill,1,New York State Championship,2026,2026-09-04,130,130,live,5,5,0,304,237,347,0.8,,,0,0,N5v4_Final,2d4f0a9c96715539,6515559e3247
2026-04-27,2026-04-27 19:39:54,backfill,1,Midwest Class Championships,2026,2026-10-09,165,165,live,2,2,0,313,296,338,0.8,,,0,0,N5v4_Final,2d4f0a9c96715539,6515559e3247
2026-04-27,2026-04-27 19:39:54,backfill,1,Eastern Class Championships (in Connecticut),2026,2026-10-16,172,172,live,1,1,0,100,70,130,0.8,,,0,0,N5v4_Final,2d4f0a9c96715539,6515559e3247
2026-04-27,2026-04-27 19:39:54,backfill,1,Eastern Chess Congress (in New Jersey),2026,2026-10-23,179,179,live,1,1,0,100,70,130,0.8,,,0,0,N5v4_Final,2d4f0a9c96715539,6515559e3247
2026-04-27,2026-04-27 19:39:54,backfill,1,National Chess Congress,2026,2026-11-28,215,215,live,0,0,0,623,572,677,0.8,,,0,0,N5v4_Final,2d4f0a9c96715539,6515559e3247
2026-04-28,2026-04-28 04:44:43,backfill,1,Chicago Open,2026,2026-05-21,23,23,live,353,362,9,892,860,924,0.8,model,,0,0,N5v4_Final,2d4f0a9c96715539,0d1cc0130830
2026-04-28,2026-04-28 04:44:43,backfill,1,Hartford Open,2026,2026-06-05,38,38,live,16,16,0,209,200,219,0.8,model,,0,0,N5v4_Final,2d4f0a9c96715539,0d1cc0130830
2026-04-28,2026-04-28 04:44:43,backfill,1,Cleveland Open,2026,2026-06-05,38,38,live,16,16,0,212,196,230,0.8,model,,0,0,N5v4_Final,2d4f0a9c96715539,0d1cc0130830
2026-04-28,2026-04-28 04:44:43,backfill,1,New York State Open,2026,2026-06-19,52,52,live,13,13,0,105,59,186,0.8,model,,0,0,N5v4_Final,2d4f0a9c96715539,0d1cc0130830
2026-04-28,2026-04-28 04:44:43,backfill,1,DC International,2026,2026-06-25,58,58,live,9,10,1,97,89,107,0.8,model,,0,0,N5v4_Final,2d4f0a9c96715539,0d1cc0130830
2026-04-28,2026-04-28 04:44:43,backfill,1,World Open lower sections,2026,2026-06-26,59,59,live,6,6,0,139,85,227,0.8,model,,0,0,N5v4_Final,2d4f0a9c96715539,0d1cc0130830
2026-04-28,2026-04-28 04:44:43,backfill,1,DC Open,2026,2026-06-26,59,59,live,5,6,1,263,212,325,0.8,model,,0,0,N5v4_Final,2d4f0a9c96715539,0d1cc0130830
2026-04-28,2026-04-28 04:44:43,backfill,1,World Open Under 13 Championship,2026,2026-06-29,62,62,live,5,5,0,110,77,145,0.8,,,0,0,N5v4_Final,2d4f0a9c96715539,0d1cc0130830
2026-04-28,2026-04-28 04:44:43,backfill,1,World Open top 6 sections,2026,2026-07-01,64,64,live,97,97,0,1107,875,1401,0.8,model,,0,0,N5v4_Final,2d4f0a9c96715539,0d1cc0130830
2026-04-28,2026-04-28 04:44:43,backfill,1,Chicago Class,2026,2026-07-17,80,80,live,3,3,0,277,169,453,0.8,model,,0,0,N5v4_Final,2d4f0a9c96715539,0d1cc0130830
2026-04-28,2026-04-28 04:44:43,backfill,1,Pittsburgh Open,2026,2026-07-17,80,80,live,5,5,0,173,93,323,0.8,model,,0,0,N5v4_Final,2d4f0a9c96715539,0d1cc0130830
2026-04-28,2026-04-28 04:44:43,backfill,1,Southern Open,2026,2026-07-17,80,80,live,1,1,0,232,183,282,0.8,,,0,0,N5v4_Final,2d4f0a9c96715539,0d1cc0130830
2026-04-28,2026-04-28 04:44:43,backfill,1,Bradley Open,2026,2026-07-24,87,87,live,4,4,0,263,154,449,0.8,model,,0,0,N5v4_Final,2d4f0a9c96715539,0d1cc0130830
2026-04-28,2026-04-28 04:44:43,backfill,1,Pacific Coast Open,2026,2026-07-31,94,94,live,7,7,0,393,235,659,0.8,model,,0,0,N5v4_Final,2d4f0a9c96715539,0d1cc0130830
2026-04-28,2026-04-28 04:44:43,backfill,1,Continental Open,2026,2026-08-13,107,107,live,1,1,0,283,252,317,0.8,,,0,0,N5v4_Final,2d4f0a9c96715539,0d1cc0130830
2026-04-28,2026-04-28 04:44:43,backfill,1,Central California Open,2026,2026-08-14,108,108,live,1,1,0,175,144,203,0.8,,,0,0,N5v4_Final,2d4f0a9c96715539,0d1cc0130830
2026-04-28,2026-04-28 04:44:43,backfill,1,Atlantic Open,2026,2026-08-21,115,115,live,1,1,0,316,251,395,0.8,,,0,0,N5v4_Final,2d4f0a9c96715539,0d1cc0130830
2026-04-28,2026-04-28 04:44:43,backfill,1,Indianapolis Open,2026,2026-08-21,115,115,live,0,0,0,186,175,198,0.8,,,0,0,N5v4_Final,2d4f0a9c96715539,0d1cc0130830
2026-04-28,2026-04-28 04:44:43,backfill,1,New York State Championship,2026,2026-09-04,129,129,live,5,5,0,304,237,347,0.8,,,0,0,N5v4_Final,2d4f0a9c96715539,0d1cc0130830
2026-04-28,2026-04-28 04:44:43,backfill,1,Midwest Class Championships,2026,2026-10-09,164,164,live,2,2,0,313,296,338,0.8,,,0,0,N5v4_Final,2d4f0a9c96715539,0d1cc0130830
2026-04-28,2026-04-28 04:44:43,backfill,1,Eastern Class Championships (in Connecticut),2026,2026-10-16,171,171,live,1,1,0,100,70,130,0.8,,,0,0,N5v4_Final,2d4f0a9c96715539,0d1cc0130830
2026-04-28,2026-04-28 04:44:43,backfill,1,Eastern Chess Congress (in New Jersey),2026,2026-10-23,178,178,live,1,1,0,100,70,130,0.8,,,0,0,N5v4_Final,2d4f0a9c96715539,0d1cc0130830
2026-04-28,2026-04-28 04:44:43,backfill,1,National Chess Congress,2026,2026-11-28,214,214,live,0,0,0,623,572,677,0.8,,,0,0,N5v4_Final,2d4f0a9c96715539,0d1cc0130830
2026-04-28,2026-04-28 19:57:01,backfill,1,Chicago Open,2026,2026-05-21,23,23,live,353,362,9,888,857,920,0.8,model,,0,0,N5v4_Final,78d27976b801ffd7,f13e59ee3cb7
2026-04-28,2026-04-28 19:57:01,backfill,1,Hartford Open,2026,2026-06-05,38,38,live,16,16,0,209,200,219,0.8,model,,0,0,N5v4_Final,78d27976b801ffd7,f13e59ee3cb7
2026-04-28,2026-04-28 19:57:01,backfill,1,Cleveland Open,2026,2026-06-05,38,38,live,16,16,0,212,196,230,0.8,model,,0,0,N5v4_Final,78d27976b801ffd7,f13e59ee3cb7
2026-04-28,2026-04-28 19:57:01,backfill,1,New York State Open,2026,2026-06-19,52,52,live,13,13,0,105,59,186,0.8,model,,0,0,N5v4_Final,78d27976b801ffd7,f13e59ee3cb7
2026-04-28,2026-04-28 19:57:01,backfill,1,DC International,2026,2026-06-25,58,58,live,9,10,1,97,89,107,0.8,model,,0,0,N5v4_Final,78d27976b801ffd7,f13e59ee3cb7
2026-04-28,2026-04-28 19:57:01,backfill,1,World Open lower sections,2026,2026-06-26,59,59,live,6,6,0,139,85,227,0.8,model,,0,0,N5v4_Final,78d27976b801ffd7,f13e59ee3cb7
2026-04-28,2026-04-28 19:57:01,backfill,1,DC Open,2026,2026-06-26,59,59,live,5,6,1,263,212,325,0.8,model,,0,0,N5v4_Final,78d27976b801ffd7,f13e59ee3cb7
2026-04-28,2026-04-28 19:57:01,backfill,1,World Open Under 13 Championship,2026,2026-06-29,62,62,live,5,5,0,110,77,145,0.8,,,0,0,N5v4_Final,78d27976b801ffd7,f13e59ee3cb7
2026-04-28,2026-04-28 19:57:01,backfill,1,World Open top 6 sections,2026,2026-07-01,64,64,live,97,97,0,1108,876,1401,0.8,model,,0,0,N5v4_Final,78d27976b801ffd7,f13e59ee3cb7
2026-04-28,2026-04-28 19:57:01,backfill,1,Chicago Class,2026,2026-07-17,80,80,live,3,3,0,277,169,453,0.8,model,,0,0,N5v4_Final,78d27976b801ffd7,f13e59ee3cb7
2026-04-28,2026-04-28 19:57:01,backfill,1,Pittsburgh Open,2026,2026-07-17,80,80,live,5,5,0,173,93,323,0.8,model,,0,0,N5v4_Final,78d27976b801ffd7,f13e59ee3cb7
2026-04-28,2026-04-28 19:57:01,backfill,1,Southern Open,2026,2026-07-17,80,80,live,1,1,0,232,183,282,0.8,,,0,0,N5v4_Final,78d27976b801ffd7,f13e59ee3cb7
2026-04-28,2026-04-28 19:57:01,backfill,1,Bradley Open,2026,2026-07-24,87,87,live,4,4,0,263,154,449,0.8,model,,0,0,N5v4_Final,78d27976b801ffd7,f13e59ee3cb7
2026-04-28,2026-04-28 19:57:01,backfill,1,Pacific Coast Open,2026,2026-07-31,94,94,live,7,7,0,393,235,659,0.8,model,,0,0,N5v4_Final,78d27976b801ffd7,f13e59ee3cb7
2026-04-28,2026-04-28 19:57:01,backfill,1,Continental Open,2026,2026-08-13,107,107,live,1,1,0,283,252,317,0.8,,,0,0,N5v4_Final,78d27976b801ffd7,f13e59ee3cb7
2026-04-28,2026-04-28 19:57:01,backfill,1,Central California Open,2026,2026-08-14,108,108,live,1,1,0,175,144,203,0.8,,,0,0,N5v4_Final,78d27976b801ffd7,f13e59ee3cb7
2026-04-28,2026-04-28 19:57:01,backfill,1,Atlantic Open,2026,2026-08-21,115,115,live,1,1,0,316,251,395,0.8,,,0,0,N5v4_Final,78d27976b801ffd7,f13e59ee3cb7
2026-04-28,2026-04-28 19:57:01,backfill,1,Indianapolis Open,2026,2026-08-21,115,115,live,0,0,0,186,175,198,0.8,,,0,0,N5v4_Final,78d27976b801ffd7,f13e59ee3cb7
2026-04-28,2026-04-28 19:57:01,backfill,1,New York State Championship,2026,2026-09-04,129,129,live,5,5,0,304,237,347,0.8,,,0,0,N5v4_Final,78d27976b801ffd7,f13e59ee3cb7
2026-04-28,2026-04-28 19:57:01,backfill,1,Midwest Class Championships,2026,2026-10-09,164,164,live,2,2,0,313,296,338,0.8,,,0,0,N5v4_Final,78d27976b801ffd7,f13e59ee3cb7
2026-04-28,2026-04-28 19:57:01,backfill,1,Eastern Class Championships (in Connecticut),2026,2026-10-16,171,171,live,1,1,0,100,70,130,0.8,,,0,0,N5v4_Final,78d27976b801ffd7,f13e59ee3cb7
2026-04-28,2026-04-28 19:57:01,backfill,1,Eastern Chess Congress (in New Jersey),2026,2026-10-23,178,178,live,1,1,0,100,70,130,0.8,,,0,0,N5v4_Final,78d27976b801ffd7,f13e59ee3cb7
2026-04-28,2026-04-28 19:57:01,backfill,1,National Chess Congress,2026,2026-11-28,214,214,live,0,0,0,623,572,677,0.8,,,0,0,N5v4_Final,78d27976b801ffd7,f13e59ee3cb7
2026-04-28,2026-04-28 20:19:34,backfill,1,Chicago Open,2026,2026-05-21,23,23,live,353,362,9,888,857,920,0.8,model,,0,0,N5v4_Final,549bad2e0e97a7c1,599ba98d8b19
2026-04-28,2026-04-28 20:19:34,backfill,1,Hartford Open,2026,2026-06-05,38,38,live,16,16,0,209,200,219,0.8,model,,0,0,N5v4_Final,549bad2e0e97a7c1,599ba98d8b19
2026-04-28,2026-04-28 20:19:34,backfill,1,Cleveland Open,2026,2026-06-05,38,38,live,16,16,0,212,196,230,0.8,model,,0,0,N5v4_Final,549bad2e0e97a7c1,599ba98d8b19
2026-04-28,2026-04-28 20:19:34,backfill,1,New York State Open,2026,2026-06-19,52,52,live,13,13,0,105,59,186,0.8,model,,0,0,N5v4_Final,549bad2e0e97a7c1,599ba98d8b19
2026-04-28,2026-04-28 20:19:34,backfill,1,DC International,2026,2026-06-25,58,58,live,9,10,1,100,61,164,0.8,model,,0,0,N5v4_Final,549bad2e0e97a7c1,599ba98d8b19
2026-04-28,2026-04-28 20:19:34,backfill,1,World Open lower sections,2026,2026-06-26,59,59,live,6,6,0,139,85,227,0.8,model,,0,0,N5v4_Final,549bad2e0e97a7c1,599ba98d8b19
2026-04-28,2026-04-28 20:19:34,backfill,1,DC Open,2026,2026-06-26,59,59,live,5,6,1,263,212,325,0.8,model,,0,0,N5v4_Final,549bad2e0e97a7c1,599ba98d8b19
2026-04-28,2026-04-28 20:19:34,backfill,1,World Open Under 13 Championship,2026,2026-06-29,62,62,live,5,5,0,110,77,145,0.8,,,0,0,N5v4_Final,549bad2e0e97a7c1,599ba98d8b19
2026-04-28,2026-04-28 20:19:34,backfill,1,World Open top 6 sections,2026,2026-07-01,64,64,live,97,97,0,1108,876,1401,0.8,model,,0,0,N5v4_Final,549bad2e0e97a7c1,599ba98d8b19
2026-04-28,2026-04-28 20:19:34,backfill,1,Chicago Class,2026,2026-07-17,80,80,live,3,3,0,277,169,453,0.8,model,,0,0,N5v4_Final,549bad2e0e97a7c1,599ba98d8b19
2026-04-28,2026-04-28 20:19:34,backfill,1,Pittsburgh Open,2026,2026-07-17,80,80,live,5,5,0,173,93,323,0.8,model,,0,0,N5v4_Final,549bad2e0e97a7c1,599ba98d8b19
2026-04-28,2026-04-28 20:19:34,backfill,1,Southern Open,2026,2026-07-17,80,80,live,1,1,0,232,183,282,0.8,,,0,0,N5v4_Final,549bad2e0e97a7c1,599ba98d8b19
2026-04-28,2026-04-28 20:19:34,backfill,1,Bradley Open,2026,2026-07-24,87,87,live,4,4,0,263,154,449,0.8,model,,0,0,N5v4_Final,549bad2e0e97a7c1,599ba98d8b19
2026-04-28,2026-04-28 20:19:34,backfill,1,Pacific Coast Open,2026,2026-07-31,94,94,live,7,7,0,393,235,659,0.8,model,,0,0,N5v4_Final,549bad2e0e97a7c1,599ba98d8b19
2026-04-28,2026-04-28 20:19:34,backfill,1,Continental Open,2026,2026-08-13,107,107,live,1,1,0,283,252,317,0.8,,,0,0,N5v4_Final,549bad2e0e97a7c1,599ba98d8b19
2026-04-28,2026-04-28 20:19:34,backfill,1,Central California Open,2026,2026-08-14,108,108,live,1,1,0,175,144,203,0.8,,,0,0,N5v4_Final,549bad2e0e97a7c1,599ba98d8b19
2026-04-28,2026-04-28 20:19:34,backfill,1,Atlantic Open,2026,2026-08-21,115,115,live,1,1,0,316,251,395,0.8,,,0,0,N5v4_Final,549bad2e0e97a7c1,599ba98d8b19
2026-04-28,2026-04-28 20:19:34,backfill,1,Indianapolis Open,2026,2026-08-21,115,115,live,0,0,0,186,175,198,0.8,,,0,0,N5v4_Final,549bad2e0e97a7c1,599ba98d8b19
2026-04-28,2026-04-28 20:19:34,backfill,1,New York State Championship,2026,2026-09-04,129,129,live,5,5,0,304,237,347,0.8,,,0,0,N5v4_Final,549bad2e0e97a7c1,599ba98d8b19
2026-04-28,2026-04-28 20:19:34,backfill,1,Midwest Class Championships,2026,2026-10-09,164,164,live,2,2,0,313,296,338,0.8,,,0,0,N5v4_Final,549bad2e0e97a7c1,599ba98d8b19
2026-04-28,2026-04-28 20:19:34,backfill,1,Eastern Class Championships (in Connecticut),2026,2026-10-16,171,171,live,1,1,0,100,70,130,0.8,,,0,0,N5v4_Final,549bad2e0e97a7c1,599ba98d8b19
2026-04-28,2026-04-28 20:19:34,backfill,1,Eastern Chess Congress (in New Jersey),2026,2026-10-23,178,178,live,1,1,0,100,70,130,0.8,,,0,0,N5v4_Final,549bad2e0e97a7c1,599ba98d8b19
2026-04-28,2026-04-28 20:19:34,backfill,1,National Chess Congress,2026,2026-11-28,214,214,live,0,0,0,623,572,677,0.8,,,0,0,N5v4_Final,549bad2e0e97a7c1,599ba98d8b19
2026-04-28,2026-04-28 20:28:14,backfill,1,Chicago Open,2026,2026-05-21,23,23,live,353,362,9,888,857,920,0.8,model,,0,0,N5v4_Final,549bad2e0e97a7c1,5e30b511f1e1
2026-04-28,2026-04-28 20:28:14,backfill,1,Hartford Open,2026,2026-06-05,38,38,live,16,16,0,209,200,219,0.8,model,,0,0,N5v4_Final,549bad2e0e97a7c1,5e30b511f1e1
2026-04-28,2026-04-28 20:28:14,backfill,1,Cleveland Open,2026,2026-06-05,38,38,live,16,16,0,212,196,230,0.8,model,,0,0,N5v4_Final,549bad2e0e97a7c1,5e30b511f1e1
2026-04-28,2026-04-28 20:28:14,backfill,1,New York State Open,2026,2026-06-19,52,52,live,13,13,0,105,59,186,0.8,model,,0,0,N5v4_Final,549bad2e0e97a7c1,5e30b511f1e1
2026-04-28,2026-04-28 20:28:14,backfill,1,DC International,2026,2026-06-25,58,58,live,9,10,1,100,61,164,0.8,model,,0,0,N5v4_Final,549bad2e0e97a7c1,5e30b511f1e1
2026-04-28,2026-04-28 20:28:14,backfill,1,World Open lower sections,2026,2026-06-26,59,59,live,6,6,0,139,85,227,0.8,model,,0,0,N5v4_Final,549bad2e0e97a7c1,5e30b511f1e1
2026-04-28,2026-04-28 20:28:14,backfill,1,DC Open,2026,2026-06-26,59,59,live,5,6,1,263,212,325,0.8,model,,0,0,N5v4_Final,549bad2e0e97a7c1,5e30b511f1e1
2026-04-28,2026-04-28 20:28:14,backfill,1,World Open Under 13 Championship,2026,2026-06-29,62,62,live,5,5,0,110,77,145,0.8,,,0,0,N5v4_Final,549bad2e0e97a7c1,5e30b511f1e1
2026-04-28,2026-04-28 20:28:14,backfill,1,World Open top 6 sections,2026,2026-07-01,64,64,live,97,97,0,1108,876,1401,0.8,model,,0,0,N5v4_Final,549bad2e0e97a7c1,5e30b511f1e1
2026-04-28,2026-04-28 20:28:14,backfill,1,Chicago Class,2026,2026-07-17,80,80,live,3,3,0,277,169,453,0.8,model,,0,0,N5v4_Final,549bad2e0e97a7c1,5e30b511f1e1
2026-04-28,2026-04-28 20:28:14,backfill,1,Pittsburgh Open,2026,2026-07-17,80,80,live,5,5,0,173,93,323,0.8,model,,0,0,N5v4_Final,549bad2e0e97a7c1,5e30b511f1e1
2026-04-28,2026-04-28 20:28:14,backfill,1,Southern Open,2026,2026-07-17,80,80,live,1,1,0,232,183,282,0.8,,,0,0,N5v4_Final,549bad2e0e97a7c1,5e30b511f1e1
2026-04-28,2026-04-28 20:28:14,backfill,1,Bradley Open,2026,2026-07-24,87,87,live,4,4,0,263,154,449,0.8,model,,0,0,N5v4_Final,549bad2e0e97a7c1,5e30b511f1e1
2026-04-28,2026-04-28 20:28:14,backfill,1,Pacific Coast Open,2026,2026-07-31,94,94,live,7,7,0,393,235,659,0.8,model,,0,0,N5v4_Final,549bad2e0e97a7c1,5e30b511f1e1
2026-04-28,2026-04-28 20:28:14,backfill,1,Continental Open,2026,2026-08-13,107,107,live,1,1,0,283,252,317,0.8,,,0,0,N5v4_Final,549bad2e0e97a7c1,5e30b511f1e1
2026-04-28,2026-04-28 20:28:14,backfill,1,Central California Open,2026,2026-08-14,108,108,live,1,1,0,175,144,203,0.8,,,0,0,N5v4_Final,549bad2e0e97a7c1,5e30b511f1e1
2026-04-28,2026-04-28 20:28:14,backfill,1,Atlantic Open,2026,2026-08-21,115,115,live,1,1,0,316,251,395,0.8,,,0,0,N5v4_Final,549bad2e0e97a7c1,5e30b511f1e1
2026-04-28,2026-04-28 20:28:14,backfill,1,Indianapolis Open,2026,2026-08-21,115,115,live,0,0,0,186,175,198,0.8,,,0,0,N5v4_Final,549bad2e0e97a7c1,5e30b511f1e1
2026-04-28,2026-04-28 20:28:14,backfill,1,New York State Championship,2026,2026-09-04,129,129,live,5,5,0,304,237,347,0.8,,,0,0,N5v4_Final,549bad2e0e97a7c1,5e30b511f1e1
2026-04-28,2026-04-28 20:28:14,backfill,1,Midwest Class Championships,2026,2026-10-09,164,164,live,2,2,0,313,296,338,0.8,,,0,0,N5v4_Final,549bad2e0e97a7c1,5e30b511f1e1
2026-04-28,2026-04-28 20:28:14,backfill,1,Eastern Class Championships (in Connecticut),2026,2026-10-16,171,171,live,1,1,0,100,70,130,0.8,,,0,0,N5v4_Final,549bad2e0e97a7c1,5e30b511f1e1
2026-04-28,2026-04-28 20:28:14,backfill,1,Eastern Chess Congress (in New Jersey),2026,2026-10-23,178,178,live,1,1,0,100,70,130,0.8,,,0,0,N5v4_Final,549bad2e0e97a7c1,5e30b511f1e1
2026-04-28,2026-04-28 20:28:14,backfill,1,National Chess Congress,2026,2026-11-28,214,214,live,0,0,0,623,572,677,0.8,,,0,0,N5v4_Final,549bad2e0e97a7c1,5e30b511f1e1
2026-04-28,2026-04-28 20:34:10,backfill,1,Chicago Open,2026,2026-05-21,23,23,live,353,362,9,888,857,920,0.8,model,family-direct,0,0,N5v4_Final,549bad2e0e97a7c1,e07898d61ced
2026-04-28,2026-04-28 20:34:10,backfill,1,Hartford Open,2026,2026-06-05,38,38,live,16,16,0,209,200,219,0.8,model,family-direct,0,0,N5v4_Final,549bad2e0e97a7c1,e07898d61ced
2026-04-28,2026-04-28 20:34:10,backfill,1,Cleveland Open,2026,2026-06-05,38,38,live,16,16,0,212,196,230,0.8,model,family-direct,0,0,N5v4_Final,549bad2e0e97a7c1,e07898d61ced
2026-04-28,2026-04-28 20:34:10,backfill,1,New York State Open,2026,2026-06-19,52,52,live,13,13,0,105,59,186,0.8,model,family-direct,1,0,N5v4_Final,549bad2e0e97a7c1,e07898d61ced
2026-04-28,2026-04-28 20:34:10,backfill,1,DC International,2026,2026-06-25,58,58,live,9,10,1,100,61,164,0.8,model,family-alias,1,0,N5v4_Final,549bad2e0e97a7c1,e07898d61ced
2026-04-28,2026-04-28 20:34:10,backfill,1,World Open lower sections,2026,2026-06-26,59,59,live,6,6,0,139,85,227,0.8,model,family-direct,1,0,N5v4_Final,549bad2e0e97a7c1,e07898d61ced
2026-04-28,2026-04-28 20:34:10,backfill,1,DC Open,2026,2026-06-26,59,59,live,5,6,1,263,212,325,0.8,model,family-alias,1,0,N5v4_Final,549bad2e0e97a7c1,e07898d61ced
2026-04-28,2026-04-28 20:34:10,backfill,1,World Open Under 13 Championship,2026,2026-06-29,62,62,live,5,5,0,110,77,145,0.8,,,0,0,N5v4_Final,549bad2e0e97a7c1,e07898d61ced
2026-04-28,2026-04-28 20:34:10,backfill,1,World Open top 6 sections,2026,2026-07-01,64,64,live,97,97,0,1108,876,1401,0.8,model,family-direct,1,0,N5v4_Final,549bad2e0e97a7c1,e07898d61ced
2026-04-28,2026-04-28 20:34:10,backfill,1,Chicago Class,2026,2026-07-17,80,80,live,3,3,0,277,169,453,0.8,model,family-direct,0,0,N5v4_Final,549bad2e0e97a7c1,e07898d61ced
2026-04-28,2026-04-28 20:34:10,backfill,1,Pittsburgh Open,2026,2026-07-17,80,80,live,5,5,0,173,93,323,0.8,model,family-direct,0,0,N5v4_Final,549bad2e0e97a7c1,e07898d61ced
2026-04-28,2026-04-28 20:34:10,backfill,1,Southern Open,2026,2026-07-17,80,80,live,1,1,0,232,183,282,0.8,,,0,0,N5v4_Final,549bad2e0e97a7c1,e07898d61ced
2026-04-28,2026-04-28 20:34:10,backfill,1,Bradley Open,2026,2026-07-24,87,87,live,4,4,0,263,154,449,0.8,model,family-direct,0,0,N5v4_Final,549bad2e0e97a7c1,e07898d61ced
2026-04-28,2026-04-28 20:34:10,backfill,1,Pacific Coast Open,2026,2026-07-31,94,94,live,7,7,0,393,235,659,0.8,model,family-direct,0,0,N5v4_Final,549bad2e0e97a7c1,e07898d61ced
2026-04-28,2026-04-28 20:34:10,backfill,1,Continental Open,2026,2026-08-13,107,107,live,1,1,0,283,252,317,0.8,,,0,0,N5v4_Final,549bad2e0e97a7c1,e07898d61ced
2026-04-28,2026-04-28 20:34:10,backfill,1,Central California Open,2026,2026-08-14,108,108,live,1,1,0,175,144,203,0.8,,,0,0,N5v4_Final,549bad2e0e97a7c1,e07898d61ced
2026-04-28,2026-04-28 20:34:10,backfill,1,Atlantic Open,2026,2026-08-21,115,115,live,1,1,0,316,251,395,0.8,,,0,0,N5v4_Final,549bad2e0e97a7c1,e07898d61ced
2026-04-28,2026-04-28 20:34:10,backfill,1,Indianapolis Open,2026,2026-08-21,115,115,live,0,0,0,186,175,198,0.8,,,0,0,N5v4_Final,549bad2e0e97a7c1,e07898d61ced
2026-04-28,2026-04-28 20:34:10,backfill,1,New York State Championship,2026,2026-09-04,129,129,live,5,5,0,304,237,347,0.8,,,0,0,N5v4_Final,549bad2e0e97a7c1,e07898d61ced
2026-04-28,2026-04-28 20:34:10,backfill,1,Midwest Class Championships,2026,2026-10-09,164,164,live,2,2,0,313,296,338,0.8,,,0,0,N5v4_Final,549bad2e0e97a7c1,e07898d61ced
2026-04-28,2026-04-28 20:34:10,backfill,1,Eastern Class Championships (in Connecticut),2026,2026-10-16,171,171,live,1,1,0,100,70,130,0.8,,,0,0,N5v4_Final,549bad2e0e97a7c1,e07898d61ced
2026-04-28,2026-04-28 20:34:10,backfill,1,Eastern Chess Congress (in New Jersey),2026,2026-10-23,178,178,live,1,1,0,100,70,130,0.8,,,0,0,N5v4_Final,549bad2e0e97a7c1,e07898d61ced
2026-04-28,2026-04-28 20:34:10,backfill,1,National Chess Congress,2026,2026-11-28,214,214,live,0,0,0,623,572,677,0.8,,,0,0,N5v4_Final,549bad2e0e97a7c1,e07898d61ced
2026-04-28,2026-04-28 20:51:20,backfill,1,Chicago Open,2026,2026-05-21,23,23,live,353,362,9,888,847,931,0.8,model,family-direct,0,0,N5v4_Final,549bad2e0e97a7c1,fde857c86d8f
2026-04-28,2026-04-28 20:51:20,backfill,1,Hartford Open,2026,2026-06-05,38,38,live,16,16,0,209,203,215,0.8,model,family-direct,0,0,N5v4_Final,549bad2e0e97a7c1,fde857c86d8f
2026-04-28,2026-04-28 20:51:20,backfill,1,Cleveland Open,2026,2026-06-05,38,38,live,16,16,0,212,201,223,0.8,model,family-direct,0,0,N5v4_Final,549bad2e0e97a7c1,fde857c86d8f
2026-04-28,2026-04-28 20:51:20,backfill,1,New York State Open,2026,2026-06-19,52,52,live,13,13,0,105,76,144,0.8,model,family-direct,1,0,N5v4_Final,549bad2e0e97a7c1,fde857c86d8f
2026-04-28,2026-04-28 20:51:20,backfill,1,DC International,2026,2026-06-25,58,58,live,9,10,1,100,76,132,0.8,model,family-alias,1,0,N5v4_Final,549bad2e0e97a7c1,fde857c86d8f
2026-04-28,2026-04-28 20:51:20,backfill,1,World Open lower sections,2026,2026-06-26,59,59,live,6,6,0,139,105,183,0.8,model,family-direct,1,0,N5v4_Final,549bad2e0e97a7c1,fde857c86d8f
2026-04-28,2026-04-28 20:51:20,backfill,1,DC Open,2026,2026-06-26,59,59,live,5,6,1,263,233,295,0.8,model,family-alias,1,0,N5v4_Final,549bad2e0e97a7c1,fde857c86d8f
2026-04-28,2026-04-28 20:51:20,backfill,1,World Open Under 13 Championship,2026,2026-06-29,62,62,live,5,5,0,110,77,145,0.8,,,0,0,N5v4_Final,549bad2e0e97a7c1,fde857c86d8f
2026-04-28,2026-04-28 20:51:20,backfill,1,World Open top 6 sections,2026,2026-07-01,64,64,live,97,97,0,1108,972,1262,0.8,model,family-direct,1,0,N5v4_Final,549bad2e0e97a7c1,fde857c86d8f
2026-04-28,2026-04-28 20:51:20,backfill,1,Chicago Class,2026,2026-07-17,80,80,live,3,3,0,277,210,364,0.8,model,family-direct,0,0,N5v4_Final,549bad2e0e97a7c1,fde857c86d8f
2026-04-28,2026-04-28 20:51:20,backfill,1,Pittsburgh Open,2026,2026-07-17,80,80,live,5,5,0,173,122,244,0.8,model,family-direct,0,0,N5v4_Final,549bad2e0e97a7c1,fde857c86d8f
2026-04-28,2026-04-28 20:51:20,backfill,1,Southern Open,2026,2026-07-17,80,80,live,1,1,0,232,183,282,0.8,,,0,0,N5v4_Final,549bad2e0e97a7c1,fde857c86d8f
2026-04-28,2026-04-28 20:51:20,backfill,1,Bradley Open,2026,2026-07-24,87,87,live,4,4,0,263,195,354,0.8,model,family-direct,0,0,N5v4_Final,549bad2e0e97a7c1,fde857c86d8f
2026-04-28,2026-04-28 20:51:20,backfill,1,Pacific Coast Open,2026,2026-07-31,94,94,live,7,7,0,393,295,524,0.8,model,family-direct,0,0,N5v4_Final,549bad2e0e97a7c1,fde857c86d8f
2026-04-28,2026-04-28 20:51:20,backfill,1,Continental Open,2026,2026-08-13,107,107,live,1,1,0,283,252,317,0.8,,,0,0,N5v4_Final,549bad2e0e97a7c1,fde857c86d8f
2026-04-28,2026-04-28 20:51:20,backfill,1,Central California Open,2026,2026-08-14,108,108,live,1,1,0,175,144,203,0.8,,,0,0,N5v4_Final,549bad2e0e97a7c1,fde857c86d8f
2026-04-28,2026-04-28 20:51:20,backfill,1,Atlantic Open,2026,2026-08-21,115,115,live,1,1,0,316,251,395,0.8,,,0,0,N5v4_Final,549bad2e0e97a7c1,fde857c86d8f
2026-04-28,2026-04-28 20:51:20,backfill,1,Indianapolis Open,2026,2026-08-21,115,115,live,0,0,0,186,175,198,0.8,,,0,0,N5v4_Final,549bad2e0e97a7c1,fde857c86d8f
2026-04-28,2026-04-28 20:51:20,backfill,1,New York State Championship,2026,2026-09-04,129,129,live,5,5,0,304,237,347,0.8,,,0,0,N5v4_Final,549bad2e0e97a7c1,fde857c86d8f
2026-04-28,2026-04-28 20:51:20,backfill,1,Midwest Class Championships,2026,2026-10-09,164,164,live,2,2,0,313,296,338,0.8,,,0,0,N5v4_Final,549bad2e0e97a7c1,fde857c86d8f
2026-04-28,2026-04-28 20:51:20,backfill,1,Eastern Class Championships (in Connecticut),2026,2026-10-16,171,171,live,1,1,0,100,70,130,0.8,,,0,0,N5v4_Final,549bad2e0e97a7c1,fde857c86d8f
2026-04-28,2026-04-28 20:51:20,backfill,1,Eastern Chess Congress (in New Jersey),2026,2026-10-23,178,178,live,1,1,0,100,70,130,0.8,,,0,0,N5v4_Final,549bad2e0e97a7c1,fde857c86d8f
2026-04-28,2026-04-28 20:51:20,backfill,1,National Chess Congress,2026,2026-11-28,214,214,live,0,0,0,623,572,677,0.8,,,0,0,N5v4_Final,549bad2e0e97a7c1,fde857c86d8f
2026-04-28,2026-04-28 21:29:30,backfill,1,Chicago Open,2026,2026-05-21,23,23,live,353,362,9,888,851,927,0.8,model,family-direct,0,0,N5v4_Final,342a9d66ce6220d8,0bce80bdabb8
2026-04-28,2026-04-28 21:29:30,backfill,1,Hartford Open,2026,2026-06-05,38,38,live,16,16,0,209,203,216,0.8,model,family-direct,0,0,N5v4_Final,342a9d66ce6220d8,0bce80bdabb8
2026-04-28,2026-04-28 21:29:30,backfill,1,Cleveland Open,2026,2026-06-05,38,38,live,16,16,0,212,201,224,0.8,model,family-direct,0,0,N5v4_Final,342a9d66ce6220d8,0bce80bdabb8
2026-04-28,2026-04-28 21:29:30,backfill,1,New York State Open,2026,2026-06-19,52,52,live,13,13,0,105,76,144,0.8,model,family-direct,1,0,N5v4_Final,342a9d66ce6220d8,0bce80bdabb8
2026-04-28,2026-04-28 21:29:30,backfill,1,DC International,2026,2026-06-25,58,58,live,9,10,1,97,92,102,0.8,model,family-alias,1,0,N5v4_Final,342a9d66ce6220d8,0bce80bdabb8
2026-04-28,2026-04-28 21:29:30,backfill,1,World Open lower sections,2026,2026-06-26,59,59,live,6,6,0,139,105,183,0.8,model,family-direct,1,0,N5v4_Final,342a9d66ce6220d8,0bce80bdabb8
2026-04-28,2026-04-28 21:29:30,backfill,1,DC Open,2026,2026-06-26,59,59,live,5,6,1,263,233,295,0.8,model,family-alias,1,0,N5v4_Final,342a9d66ce6220d8,0bce80bdabb8
2026-04-28,2026-04-28 21:29:30,backfill,1,World Open Under 13 Championship,2026,2026-06-29,62,62,live,5,5,0,110,77,145,0.8,,,0,0,N5v4_Final,342a9d66ce6220d8,0bce80bdabb8
2026-04-28,2026-04-28 21:29:30,backfill,1,World Open top 6 sections,2026,2026-07-01,64,64,live,97,97,0,1108,972,1262,0.8,model,family-direct,1,0,N5v4_Final,342a9d66ce6220d8,0bce80bdabb8
2026-04-28,2026-04-28 21:29:30,backfill,1,Chicago Class,2026,2026-07-17,80,80,live,3,3,0,277,210,364,0.8,model,family-direct,0,0,N5v4_Final,342a9d66ce6220d8,0bce80bdabb8
2026-04-28,2026-04-28 21:29:30,backfill,1,Pittsburgh Open,2026,2026-07-17,80,80,live,5,5,0,173,122,244,0.8,model,family-direct,0,0,N5v4_Final,342a9d66ce6220d8,0bce80bdabb8
2026-04-28,2026-04-28 21:29:30,backfill,1,Southern Open,2026,2026-07-17,80,80,live,1,1,0,232,183,282,0.8,,,0,0,N5v4_Final,342a9d66ce6220d8,0bce80bdabb8
2026-04-28,2026-04-28 21:29:30,backfill,1,Bradley Open,2026,2026-07-24,87,87,live,4,4,0,263,195,354,0.8,model,family-direct,0,0,N5v4_Final,342a9d66ce6220d8,0bce80bdabb8
2026-04-28,2026-04-28 21:29:30,backfill,1,Pacific Coast Open,2026,2026-07-31,94,94,live,7,7,0,393,295,524,0.8,model,family-direct,0,0,N5v4_Final,342a9d66ce6220d8,0bce80bdabb8
2026-04-28,2026-04-28 21:29:30,backfill,1,Continental Open,2026,2026-08-13,107,107,live,1,1,0,283,252,317,0.8,,,0,0,N5v4_Final,342a9d66ce6220d8,0bce80bdabb8
2026-04-28,2026-04-28 21:29:30,backfill,1,Central California Open,2026,2026-08-14,108,108,live,1,1,0,175,144,203,0.8,,,0,0,N5v4_Final,342a9d66ce6220d8,0bce80bdabb8
2026-04-28,2026-04-28 21:29:30,backfill,1,Atlantic Open,2026,2026-08-21,115,115,live,1,1,0,316,251,395,0.8,,,0,0,N5v4_Final,342a9d66ce6220d8,0bce80bdabb8
2026-04-28,2026-04-28 21:29:30,backfill,1,Indianapolis Open,2026,2026-08-21,115,115,live,0,0,0,186,175,198,0.8,,,0,0,N5v4_Final,342a9d66ce6220d8,0bce80bdabb8
2026-04-28,2026-04-28 21:29:30,backfill,1,New York State Championship,2026,2026-09-04,129,129,live,5,5,0,304,237,347,0.8,,,0,0,N5v4_Final,342a9d66ce6220d8,0bce80bdabb8
2026-04-28,2026-04-28 21:29:30,backfill,1,Midwest Class Championships,2026,2026-10-09,164,164,live,2,2,0,313,296,338,0.8,,,0,0,N5v4_Final,342a9d66ce6220d8,0bce80bdabb8
2026-04-28,2026-04-28 21:29:30,backfill,1,Eastern Class Championships (in Connecticut),2026,2026-10-16,171,171,live,1,1,0,100,70,130,0.8,,,0,0,N5v4_Final,342a9d66ce6220d8,0bce80bdabb8
2026-04-28,2026-04-28 21:29:30,backfill,1,Eastern Chess Congress (in New Jersey),2026,2026-10-23,178,178,live,1,1,0,100,70,130,0.8,,,0,0,N5v4_Final,342a9d66ce6220d8,0bce80bdabb8
2026-04-28,2026-04-28 21:29:30,backfill,1,National Chess Congress,2026,2026-11-28,214,214,live,0,0,0,623,572,677,0.8,,,0,0,N5v4_Final,342a9d66ce6220d8,0bce80bdabb8
2026-04-28,2026-04-28 22:26:45,backfill,1,Chicago Open,2026,2026-05-21,23,23,live,353,362,9,888,851,927,0.8,model,family-direct,0,0,N5v4_Final,342a9d66ce6220d8,48f3c7f273ef
2026-04-28,2026-04-28 22:26:45,backfill,1,Hartford Open,2026,2026-06-05,38,38,live,16,16,0,209,203,216,0.8,model,family-direct,0,0,N5v4_Final,342a9d66ce6220d8,48f3c7f273ef
2026-04-28,2026-04-28 22:26:45,backfill,1,Cleveland Open,2026,2026-06-05,38,38,live,16,16,0,212,201,224,0.8,model,family-direct,0,0,N5v4_Final,342a9d66ce6220d8,48f3c7f273ef
2026-04-28,2026-04-28 22:26:45,backfill,1,New York State Open,2026,2026-06-19,52,52,live,13,13,0,105,76,144,0.8,model,family-direct,1,0,N5v4_Final,342a9d66ce6220d8,48f3c7f273ef
2026-04-28,2026-04-28 22:26:45,backfill,1,DC International,2026,2026-06-25,58,58,live,9,10,1,97,92,102,0.8,model,family-alias,1,0,N5v4_Final,342a9d66ce6220d8,48f3c7f273ef
2026-04-28,2026-04-28 22:26:45,backfill,1,World Open lower sections,2026,2026-06-26,59,59,live,6,6,0,139,105,183,0.8,model,family-direct,1,0,N5v4_Final,342a9d66ce6220d8,48f3c7f273ef
2026-04-28,2026-04-28 22:26:45,backfill,1,DC Open,2026,2026-06-26,59,59,live,5,6,1,263,233,295,0.8,model,family-alias,1,0,N5v4_Final,342a9d66ce6220d8,48f3c7f273ef
2026-04-28,2026-04-28 22:26:45,backfill,1,World Open Under 13 Championship,2026,2026-06-29,62,62,live,5,5,0,110,77,145,0.8,,,0,0,N5v4_Final,342a9d66ce6220d8,48f3c7f273ef
2026-04-28,2026-04-28 22:26:45,backfill,1,World Open top 6 sections,2026,2026-07-01,64,64,live,97,97,0,1108,972,1262,0.8,model,family-direct,1,0,N5v4_Final,342a9d66ce6220d8,48f3c7f273ef
2026-04-28,2026-04-28 22:26:45,backfill,1,Chicago Class,2026,2026-07-17,80,80,live,3,3,0,277,210,364,0.8,model,family-direct,0,0,N5v4_Final,342a9d66ce6220d8,48f3c7f273ef
2026-04-28,2026-04-28 22:26:45,backfill,1,Pittsburgh Open,2026,2026-07-17,80,80,live,5,5,0,173,122,244,0.8,model,family-direct,0,0,N5v4_Final,342a9d66ce6220d8,48f3c7f273ef
2026-04-28,2026-04-28 22:26:45,backfill,1,Southern Open,2026,2026-07-17,80,80,live,1,1,0,232,183,282,0.8,,,0,0,N5v4_Final,342a9d66ce6220d8,48f3c7f273ef
2026-04-28,2026-04-28 22:26:45,backfill,1,Bradley Open,2026,2026-07-24,87,87,live,4,4,0,263,195,354,0.8,model,family-direct,0,0,N5v4_Final,342a9d66ce6220d8,48f3c7f273ef
2026-04-28,2026-04-28 22:26:45,backfill,1,Pacific Coast Open,2026,2026-07-31,94,94,live,7,7,0,393,295,524,0.8,model,family-direct,0,0,N5v4_Final,342a9d66ce6220d8,48f3c7f273ef
2026-04-28,2026-04-28 22:26:45,backfill,1,Continental Open,2026,2026-08-13,107,107,live,1,1,0,283,252,317,0.8,,,0,0,N5v4_Final,342a9d66ce6220d8,48f3c7f273ef
2026-04-28,2026-04-28 22:26:45,backfill,1,Central California Open,2026,2026-08-14,108,108,live,1,1,0,175,144,203,0.8,,,0,0,N5v4_Final,342a9d66ce6220d8,48f3c7f273ef
2026-04-28,2026-04-28 22:26:45,backfill,1,Atlantic Open,2026,2026-08-21,115,115,live,1,1,0,316,251,395,0.8,,,0,0,N5v4_Final,342a9d66ce6220d8,48f3c7f273ef
2026-04-28,2026-04-28 22:26:45,backfill,1,Indianapolis Open,2026,2026-08-21,115,115,live,0,0,0,186,175,198,0.8,,,0,0,N5v4_Final,342a9d66ce6220d8,48f3c7f273ef
2026-04-28,2026-04-28 22:26:45,backfill,1,New York State Championship,2026,2026-09-04,129,129,live,5,5,0,304,237,347,0.8,,,0,0,N5v4_Final,342a9d66ce6220d8,48f3c7f273ef
2026-04-28,2026-04-28 22:26:45,backfill,1,Midwest Class Championships,2026,2026-10-09,164,164,live,2,2,0,313,296,338,0.8,,,0,0,N5v4_Final,342a9d66ce6220d8,48f3c7f273ef
2026-04-28,2026-04-28 22:26:45,backfill,1,Eastern Class Championships (in Connecticut),2026,2026-10-16,171,171,live,1,1,0,100,70,130,0.8,,,0,0,N5v4_Final,342a9d66ce6220d8,48f3c7f273ef
2026-04-28,2026-04-28 22:26:45,backfill,1,Eastern Chess Congress (in New Jersey),2026,2026-10-23,178,178,live,1,1,0,100,70,130,0.8,,,0,0,N5v4_Final,342a9d66ce6220d8,48f3c7f273ef
2026-04-28,2026-04-28 22:26:45,backfill,1,National Chess Congress,2026,2026-11-28,214,214,live,0,0,0,623,572,677,0.8,,,0,0,N5v4_Final,342a9d66ce6220d8,48f3c7f273ef
2026-04-28,2026-04-28 22:46:28,backfill,1,Chicago Open,2026,2026-05-21,23,23,live,353,362,9,888,851,927,0.8,model,family-direct,0,0,N5v4_Final,342a9d66ce6220d8,bd5c0ca96c80
2026-04-28,2026-04-28 22:46:28,backfill,1,Hartford Open,2026,2026-06-05,38,38,live,16,16,0,209,203,216,0.8,model,family-direct,0,0,N5v4_Final,342a9d66ce6220d8,bd5c0ca96c80
2026-04-28,2026-04-28 22:46:28,backfill,1,Cleveland Open,2026,2026-06-05,38,38,live,16,16,0,212,201,224,0.8,model,family-direct,0,0,N5v4_Final,342a9d66ce6220d8,bd5c0ca96c80
2026-04-28,2026-04-28 22:46:28,backfill,1,New York State Open,2026,2026-06-19,52,52,live,13,13,0,105,76,144,0.8,model,family-direct,1,0,N5v4_Final,342a9d66ce6220d8,bd5c0ca96c80
2026-04-28,2026-04-28 22:46:28,backfill,1,DC International,2026,2026-06-25,58,58,live,9,10,1,97,92,102,0.8,model,family-alias,1,0,N5v4_Final,342a9d66ce6220d8,bd5c0ca96c80
2026-04-28,2026-04-28 22:46:28,backfill,1,World Open lower sections,2026,2026-06-26,59,59,live,6,6,0,139,105,183,0.8,model,family-direct,1,0,N5v4_Final,342a9d66ce6220d8,bd5c0ca96c80
2026-04-28,2026-04-28 22:46:28,backfill,1,DC Open,2026,2026-06-26,59,59,live,5,6,1,263,233,295,0.8,model,family-alias,1,0,N5v4_Final,342a9d66ce6220d8,bd5c0ca96c80
2026-04-28,2026-04-28 22:46:28,backfill,1,World Open Under 13 Championship,2026,2026-06-29,62,62,live,5,5,0,110,77,145,0.8,,,0,0,N5v4_Final,342a9d66ce6220d8,bd5c0ca96c80
2026-04-28,2026-04-28 22:46:28,backfill,1,World Open top 6 sections,2026,2026-07-01,64,64,live,97,97,0,1108,972,1262,0.8,model,family-direct,1,0,N5v4_Final,342a9d66ce6220d8,bd5c0ca96c80
2026-04-28,2026-04-28 22:46:28,backfill,1,Chicago Class,2026,2026-07-17,80,80,live,3,3,0,277,210,364,0.8,model,family-direct,0,0,N5v4_Final,342a9d66ce6220d8,bd5c0ca96c80
2026-04-28,2026-04-28 22:46:28,backfill,1,Pittsburgh Open,2026,2026-07-17,80,80,live,5,5,0,173,122,244,0.8,model,family-direct,0,0,N5v4_Final,342a9d66ce6220d8,bd5c0ca96c80
2026-04-28,2026-04-28 22:46:28,backfill,1,Southern Open,2026,2026-07-17,80,80,live,1,1,0,232,183,282,0.8,,,0,0,N5v4_Final,342a9d66ce6220d8,bd5c0ca96c80
2026-04-28,2026-04-28 22:46:28,backfill,1,Bradley Open,2026,2026-07-24,87,87,live,4,4,0,263,195,354,0.8,model,family-direct,0,0,N5v4_Final,342a9d66ce6220d8,bd5c0ca96c80
2026-04-28,2026-04-28 22:46:28,backfill,1,Pacific Coast Open,2026,2026-07-31,94,94,live,7,7,0,393,295,524,0.8,model,family-direct,0,0,N5v4_Final,342a9d66ce6220d8,bd5c0ca96c80
2026-04-28,2026-04-28 22:46:28,backfill,1,Continental Open,2026,2026-08-13,107,107,live,1,1,0,283,252,317,0.8,,,0,0,N5v4_Final,342a9d66ce6220d8,bd5c0ca96c80
2026-04-28,2026-04-28 22:46:28,backfill,1,Central California Open,2026,2026-08-14,108,108,live,1,1,0,175,144,203,0.8,,,0,0,N5v4_Final,342a9d66ce6220d8,bd5c0ca96c80
2026-04-28,2026-04-28 22:46:28,backfill,1,Atlantic Open,2026,2026-08-21,115,115,live,1,1,0,316,251,395,0.8,,,0,0,N5v4_Final,342a9d66ce6220d8,bd5c0ca96c80
2026-04-28,2026-04-28 22:46:28,backfill,1,Indianapolis Open,2026,2026-08-21,115,115,live,0,0,0,186,175,198,0.8,,,0,0,N5v4_Final,342a9d66ce6220d8,bd5c0ca96c80
2026-04-28,2026-04-28 22:46:28,backfill,1,New York State Championship,2026,2026-09-04,129,129,live,5,5,0,304,237,347,0.8,,,0,0,N5v4_Final,342a9d66ce6220d8,bd5c0ca96c80
2026-04-28,2026-04-28 22:46:28,backfill,1,Midwest Class Championships,2026,2026-10-09,164,164,live,2,2,0,313,296,338,0.8,,,0,0,N5v4_Final,342a9d66ce6220d8,bd5c0ca96c80
2026-04-28,2026-04-28 22:46:28,backfill,1,Eastern Class Championships (in Connecticut),2026,2026-10-16,171,171,live,1,1,0,100,70,130,0.8,,,0,0,N5v4_Final,342a9d66ce6220d8,bd5c0ca96c80
2026-04-28,2026-04-28 22:46:28,backfill,1,Eastern Chess Congress (in New Jersey),2026,2026-10-23,178,178,live,1,1,0,100,70,130,0.8,,,0,0,N5v4_Final,342a9d66ce6220d8,bd5c0ca96c80
2026-04-28,2026-04-28 22:46:28,backfill,1,National Chess Congress,2026,2026-11-28,214,214,live,0,0,0,623,572,677,0.8,,,0,0,N5v4_Final,342a9d66ce6220d8,bd5c0ca96c80
2026-04-28,2026-04-28 23:03:07,backfill,1,Chicago Open,2026,2026-05-21,23,23,live,353,362,9,888,851,927,0.8,model,family-direct,0,0,N5v4_Final,342a9d66ce6220d8,45a97f354286
2026-04-28,2026-04-28 23:03:07,backfill,1,Hartford Open,2026,2026-06-05,38,38,live,16,16,0,209,203,216,0.8,model,family-direct,0,0,N5v4_Final,342a9d66ce6220d8,45a97f354286
2026-04-28,2026-04-28 23:03:07,backfill,1,Cleveland Open,2026,2026-06-05,38,38,live,16,16,0,212,201,224,0.8,model,family-direct,0,0,N5v4_Final,342a9d66ce6220d8,45a97f354286
2026-04-28,2026-04-28 23:03:07,backfill,1,New York State Open,2026,2026-06-19,52,52,live,13,13,0,105,76,144,0.8,model,family-direct,1,0,N5v4_Final,342a9d66ce6220d8,45a97f354286
2026-04-28,2026-04-28 23:03:07,backfill,1,DC International,2026,2026-06-25,58,58,live,9,10,1,97,92,102,0.8,model,family-alias,1,0,N5v4_Final,342a9d66ce6220d8,45a97f354286
2026-04-28,2026-04-28 23:03:07,backfill,1,World Open lower sections,2026,2026-06-26,59,59,live,6,6,0,139,105,183,0.8,model,family-direct,1,0,N5v4_Final,342a9d66ce6220d8,45a97f354286
2026-04-28,2026-04-28 23:03:07,backfill,1,DC Open,2026,2026-06-26,59,59,live,5,6,1,263,233,295,0.8,model,family-alias,1,0,N5v4_Final,342a9d66ce6220d8,45a97f354286
2026-04-28,2026-04-28 23:03:07,backfill,1,World Open Under 13 Championship,2026,2026-06-29,62,62,live,5,5,0,110,77,145,0.8,,,0,0,N5v4_Final,342a9d66ce6220d8,45a97f354286
2026-04-28,2026-04-28 23:03:07,backfill,1,World Open top 6 sections,2026,2026-07-01,64,64,live,97,97,0,1108,972,1262,0.8,model,family-direct,1,0,N5v4_Final,342a9d66ce6220d8,45a97f354286
2026-04-28,2026-04-28 23:03:07,backfill,1,Chicago Class,2026,2026-07-17,80,80,live,3,3,0,277,210,364,0.8,model,family-direct,0,0,N5v4_Final,342a9d66ce6220d8,45a97f354286
2026-04-28,2026-04-28 23:03:07,backfill,1,Pittsburgh Open,2026,2026-07-17,80,80,live,5,5,0,173,122,244,0.8,model,family-direct,0,0,N5v4_Final,342a9d66ce6220d8,45a97f354286
2026-04-28,2026-04-28 23:03:07,backfill,1,Southern Open,2026,2026-07-17,80,80,live,1,1,0,232,183,282,0.8,,,0,0,N5v4_Final,342a9d66ce6220d8,45a97f354286
2026-04-28,2026-04-28 23:03:07,backfill,1,Bradley Open,2026,2026-07-24,87,87,live,4,4,0,263,195,354,0.8,model,family-direct,0,0,N5v4_Final,342a9d66ce6220d8,45a97f354286
2026-04-28,2026-04-28 23:03:07,backfill,1,Pacific Coast Open,2026,2026-07-31,94,94,live,7,7,0,393,295,524,0.8,model,family-direct,0,0,N5v4_Final,342a9d66ce6220d8,45a97f354286
2026-04-28,2026-04-28 23:03:07,backfill,1,Continental Open,2026,2026-08-13,107,107,live,1,1,0,283,252,317,0.8,,,0,0,N5v4_Final,342a9d66ce6220d8,45a97f354286
2026-04-28,2026-04-28 23:03:07,backfill,1,Central California Open,2026,2026-08-14,108,108,live,1,1,0,175,144,203,0.8,,,0,0,N5v4_Final,342a9d66ce6220d8,45a97f354286
2026-04-28,2026-04-28 23:03:07,backfill,1,Atlantic Open,2026,2026-08-21,115,115,live,1,1,0,316,251,395,0.8,,,0,0,N5v4_Final,342a9d66ce6220d8,45a97f354286
2026-04-28,2026-04-28 23:03:07,backfill,1,Indianapolis Open,2026,2026-08-21,115,115,live,0,0,0,186,175,198,0.8,,,0,0,N5v4_Final,342a9d66ce6220d8,45a97f354286
2026-04-28,2026-04-28 23:03:07,backfill,1,New York State Championship,2026,2026-09-04,129,129,live,5,5,0,304,237,347,0.8,,,0,0,N5v4_Final,342a9d66ce6220d8,45a97f354286
2026-04-28,2026-04-28 23:03:07,backfill,1,Midwest Class Championships,2026,2026-10-09,164,164,live,2,2,0,313,296,338,0.8,,,0,0,N5v4_Final,342a9d66ce6220d8,45a97f354286
2026-04-28,2026-04-28 23:03:07,backfill,1,Eastern Class Championships (in Connecticut),2026,2026-10-16,171,171,live,1,1,0,100,70,130,0.8,,,0,0,N5v4_Final,342a9d66ce6220d8,45a97f354286
2026-04-28,2026-04-28 23:03:07,backfill,1,Eastern Chess Congress (in New Jersey),2026,2026-10-23,178,178,live,1,1,0,100,70,130,0.8,,,0,0,N5v4_Final,342a9d66ce6220d8,45a97f354286
2026-04-28,2026-04-28 23:03:07,backfill,1,National Chess Congress,2026,2026-11-28,214,214,live,0,0,0,623,572,677,0.8,,,0,0,N5v4_Final,342a9d66ce6220d8,45a97f354286
2026-04-29,2026-04-29 05:29:40,backfill,1,Chicago Open,2026,2026-05-21,22,22,live,366,376,10,893,855,933,0.8,model,family-direct,0,0,N5v4_Final,342a9d66ce6220d8,d7d253729a0f
2026-04-29,2026-04-29 05:29:40,backfill,1,Hartford Open,2026,2026-06-05,37,37,live,16,16,0,208,201,214,0.8,model,family-direct,0,0,N5v4_Final,342a9d66ce6220d8,d7d253729a0f
2026-04-29,2026-04-29 05:29:40,backfill,1,Cleveland Open,2026,2026-06-05,37,37,live,20,20,0,222,210,235,0.8,model,family-direct,0,0,N5v4_Final,342a9d66ce6220d8,d7d253729a0f
2026-04-29,2026-04-29 05:29:40,backfill,1,New York State Open,2026,2026-06-19,51,51,live,13,13,0,105,70,156,0.8,model,family-direct,1,0,N5v4_Final,342a9d66ce6220d8,d7d253729a0f
2026-04-29,2026-04-29 05:29:40,backfill,1,DC International,2026,2026-06-25,57,57,live,9,10,1,96,91,101,0.8,model,family-alias,1,0,N5v4_Final,342a9d66ce6220d8,d7d253729a0f
2026-04-29,2026-04-29 05:29:40,backfill,1,World Open lower sections,2026,2026-06-26,58,58,live,6,6,0,138,105,182,0.8,model,family-direct,1,0,N5v4_Final,342a9d66ce6220d8,d7d253729a0f
2026-04-29,2026-04-29 05:29:40,backfill,1,DC Open,2026,2026-06-26,58,58,live,6,7,1,265,236,296,0.8,model,family-alias,1,0,N5v4_Final,342a9d66ce6220d8,d7d253729a0f
2026-04-29,2026-04-29 05:29:40,backfill,1,World Open Under 13 Championship,2026,2026-06-29,61,61,live,5,5,0,110,77,145,0.8,,,0,0,N5v4_Final,342a9d66ce6220d8,d7d253729a0f
2026-04-29,2026-04-29 05:29:40,backfill,1,World Open top 6 sections,2026,2026-07-01,63,63,live,99,99,0,1104,969,1258,0.8,model,family-direct,1,0,N5v4_Final,342a9d66ce6220d8,d7d253729a0f
2026-04-29,2026-04-29 05:29:40,backfill,1,Chicago Class,2026,2026-07-17,79,79,live,3,3,0,276,210,363,0.8,model,family-direct,0,0,N5v4_Final,342a9d66ce6220d8,d7d253729a0f
2026-04-29,2026-04-29 05:29:40,backfill,1,Pittsburgh Open,2026,2026-07-17,79,79,live,5,5,0,172,122,243,0.8,model,family-direct,0,0,N5v4_Final,342a9d66ce6220d8,d7d253729a0f
2026-04-29,2026-04-29 05:29:40,backfill,1,Southern Open,2026,2026-07-17,79,79,live,2,2,0,232,183,282,0.8,,,0,0,N5v4_Final,342a9d66ce6220d8,d7d253729a0f
2026-04-29,2026-04-29 05:29:40,backfill,1,Bradley Open,2026,2026-07-24,86,86,live,4,4,0,262,195,352,0.8,model,family-direct,0,0,N5v4_Final,342a9d66ce6220d8,d7d253729a0f
2026-04-29,2026-04-29 05:29:40,backfill,1,Pacific Coast Open,2026,2026-07-31,93,93,live,8,8,0,398,294,539,0.8,model,family-direct,0,0,N5v4_Final,342a9d66ce6220d8,d7d253729a0f
2026-04-29,2026-04-29 05:29:40,backfill,1,Continental Open,2026,2026-08-13,106,106,live,1,1,0,283,252,317,0.8,,,0,0,N5v4_Final,342a9d66ce6220d8,d7d253729a0f
2026-04-29,2026-04-29 05:29:40,backfill,1,Central California Open,2026,2026-08-14,107,107,live,2,2,0,175,144,203,0.8,,,0,0,N5v4_Final,342a9d66ce6220d8,d7d253729a0f
2026-04-29,2026-04-29 05:29:40,backfill,1,Atlantic Open,2026,2026-08-21,114,114,live,1,1,0,316,251,395,0.8,,,0,0,N5v4_Final,342a9d66ce6220d8,d7d253729a0f
2026-04-29,2026-04-29 05:29:40,backfill,1,Indianapolis Open,2026,2026-08-21,114,114,live,0,0,0,186,175,198,0.8,,,0,0,N5v4_Final,342a9d66ce6220d8,d7d253729a0f
2026-04-29,2026-04-29 05:29:40,backfill,1,New York State Championship,2026,2026-09-04,128,128,live,5,5,0,304,237,347,0.8,,,0,0,N5v4_Final,342a9d66ce6220d8,d7d253729a0f
2026-04-29,2026-04-29 05:29:40,backfill,1,Midwest Class Championships,2026,2026-10-09,163,163,live,2,2,0,313,296,338,0.8,,,0,0,N5v4_Final,342a9d66ce6220d8,d7d253729a0f
2026-04-29,2026-04-29 05:29:40,backfill,1,Eastern Class Championships (in Connecticut),2026,2026-10-16,170,170,live,1,1,0,100,70,130,0.8,,,0,0,N5v4_Final,342a9d66ce6220d8,d7d253729a0f
2026-04-29,2026-04-29 05:29:40,backfill,1,Eastern Chess Congress (in New Jersey),2026,2026-10-23,177,177,live,1,1,0,100,70,130,0.8,,,0,0,N5v4_Final,342a9d66ce6220d8,d7d253729a0f
2026-04-29,2026-04-29 05:29:40,backfill,1,National Chess Congress,2026,2026-11-28,213,213,live,0,0,0,623,572,677,0.8,,,0,0,N5v4_Final,342a9d66ce6220d8,d7d253729a0f
2026-04-29,2026-04-29 10:39:07,backfill,1,Chicago Open,2026,2026-05-21,22,22,live,366,376,10,893,855,933,0.8,model,family-direct,0,0,N5v4_Final,342a9d66ce6220d8,3807f6acc2d2
2026-04-29,2026-04-29 10:39:07,backfill,1,Hartford Open,2026,2026-06-05,37,37,live,16,16,0,208,201,214,0.8,model,family-direct,0,0,N5v4_Final,342a9d66ce6220d8,3807f6acc2d2
2026-04-29,2026-04-29 10:39:07,backfill,1,Cleveland Open,2026,2026-06-05,37,37,live,20,20,0,222,210,235,0.8,model,family-direct,0,0,N5v4_Final,342a9d66ce6220d8,3807f6acc2d2
2026-04-29,2026-04-29 10:39:07,backfill,1,New York State Open,2026,2026-06-19,51,51,live,13,13,0,105,70,156,0.8,model,family-direct,1,0,N5v4_Final,342a9d66ce6220d8,3807f6acc2d2
2026-04-29,2026-04-29 10:39:07,backfill,1,DC International,2026,2026-06-25,57,57,live,9,10,1,96,91,101,0.8,model,family-alias,1,0,N5v4_Final,342a9d66ce6220d8,3807f6acc2d2
2026-04-29,2026-04-29 10:39:07,backfill,1,World Open lower sections,2026,2026-06-26,58,58,live,6,6,0,138,105,182,0.8,model,family-direct,1,0,N5v4_Final,342a9d66ce6220d8,3807f6acc2d2
2026-04-29,2026-04-29 10:39:07,backfill,1,DC Open,2026,2026-06-26,58,58,live,6,7,1,265,236,296,0.8,model,family-alias,1,0,N5v4_Final,342a9d66ce6220d8,3807f6acc2d2
2026-04-29,2026-04-29 10:39:07,backfill,1,World Open Under 13 Championship,2026,2026-06-29,61,61,live,5,5,0,110,77,145,0.8,,,0,0,N5v4_Final,342a9d66ce6220d8,3807f6acc2d2
2026-04-29,2026-04-29 10:39:07,backfill,1,World Open top 6 sections,2026,2026-07-01,63,63,live,99,99,0,1104,969,1258,0.8,model,family-direct,1,0,N5v4_Final,342a9d66ce6220d8,3807f6acc2d2
2026-04-29,2026-04-29 10:39:07,backfill,1,Chicago Class,2026,2026-07-17,79,79,live,3,3,0,276,210,363,0.8,model,family-direct,0,0,N5v4_Final,342a9d66ce6220d8,3807f6acc2d2
2026-04-29,2026-04-29 10:39:07,backfill,1,Pittsburgh Open,2026,2026-07-17,79,79,live,5,5,0,172,122,243,0.8,model,family-direct,0,0,N5v4_Final,342a9d66ce6220d8,3807f6acc2d2
2026-04-29,2026-04-29 10:39:07,backfill,1,Southern Open,2026,2026-07-17,79,79,live,2,2,0,232,183,282,0.8,,,0,0,N5v4_Final,342a9d66ce6220d8,3807f6acc2d2
2026-04-29,2026-04-29 10:39:07,backfill,1,Bradley Open,2026,2026-07-24,86,86,live,4,4,0,262,195,352,0.8,model,family-direct,0,0,N5v4_Final,342a9d66ce6220d8,3807f6acc2d2
2026-04-29,2026-04-29 10:39:07,backfill,1,Pacific Coast Open,2026,2026-07-31,93,93,live,8,8,0,398,294,539,0.8,model,family-direct,0,0,N5v4_Final,342a9d66ce6220d8,3807f6acc2d2
2026-04-29,2026-04-29 10:39:07,backfill,1,Continental Open,2026,2026-08-13,106,106,live,1,1,0,283,252,317,0.8,,,0,0,N5v4_Final,342a9d66ce6220d8,3807f6acc2d2
2026-04-29,2026-04-29 10:39:07,backfill,1,Central California Open,2026,2026-08-14,107,107,live,2,2,0,175,144,203,0.8,,,0,0,N5v4_Final,342a9d66ce6220d8,3807f6acc2d2
2026-04-29,2026-04-29 10:39:07,backfill,1,Atlantic Open,2026,2026-08-21,114,114,live,1,1,0,316,251,395,0.8,,,0,0,N5v4_Final,342a9d66ce6220d8,3807f6acc2d2
2026-04-29,2026-04-29 10:39:07,backfill,1,Indianapolis Open,2026,2026-08-21,114,114,live,0,0,0,186,175,198,0.8,,,0,0,N5v4_Final,342a9d66ce6220d8,3807f6acc2d2
2026-04-29,2026-04-29 10:39:07,backfill,1,New York State Championship,2026,2026-09-04,128,128,live,5,5,0,304,237,347,0.8,,,0,0,N5v4_Final,342a9d66ce6220d8,3807f6acc2d2
2026-04-29,2026-04-29 10:39:07,backfill,1,Midwest Class Championships,2026,2026-10-09,163,163,live,2,2,0,313,296,338,0.8,,,0,0,N5v4_Final,342a9d66ce6220d8,3807f6acc2d2
2026-04-29,2026-04-29 10:39:07,backfill,1,Eastern Class Championships (in Connecticut),2026,2026-10-16,170,170,live,1,1,0,100,70,130,0.8,,,0,0,N5v4_Final,342a9d66ce6220d8,3807f6acc2d2
2026-04-29,2026-04-29 10:39:07,backfill,1,Eastern Chess Congress (in New Jersey),2026,2026-10-23,177,177,live,1,1,0,100,70,130,0.8,,,0,0,N5v4_Final,342a9d66ce6220d8,3807f6acc2d2
2026-04-29,2026-04-29 10:39:07,backfill,1,National Chess Congress,2026,2026-11-28,213,213,live,0,0,0,623,572,677,0.8,,,0,0,N5v4_Final,342a9d66ce6220d8,3807f6acc2d2
2026-04-30,2026-04-30 04:44:51,backfill,1,Chicago Open,2026,2026-05-21,21,21,live,377,388,11,885,837,936,0.8,model,family-direct,0,0,N5v4_Final,342a9d66ce6220d8,f1c09586d2d8
2026-04-30,2026-04-30 04:44:51,backfill,1,Hartford Open,2026,2026-06-05,36,36,live,16,16,0,206,200,212,0.8,model,family-direct,0,0,N5v4_Final,342a9d66ce6220d8,f1c09586d2d8
2026-04-30,2026-04-30 04:44:51,backfill,1,Cleveland Open,2026,2026-06-05,36,36,live,20,20,0,219,207,232,0.8,model,family-direct,0,0,N5v4_Final,342a9d66ce6220d8,f1c09586d2d8
2026-04-30,2026-04-30 04:44:51,backfill,1,New York State Open,2026,2026-06-19,50,50,live,14,14,0,106,71,157,0.8,model,family-direct,1,0,N5v4_Final,342a9d66ce6220d8,f1c09586d2d8
2026-04-30,2026-04-30 04:44:51,backfill,1,DC International,2026,2026-06-25,56,56,live,10,11,1,96,91,102,0.8,model,family-alias,1,0,N5v4_Final,342a9d66ce6220d8,f1c09586d2d8
2026-04-30,2026-04-30 04:44:51,backfill,1,World Open lower sections,2026,2026-06-26,57,57,live,6,6,0,138,105,182,0.8,model,family-direct,1,0,N5v4_Final,342a9d66ce6220d8,f1c09586d2d8
2026-04-30,2026-04-30 04:44:51,backfill,1,DC Open,2026,2026-06-26,57,57,live,6,7,1,264,236,294,0.8,model,family-alias,1,0,N5v4_Final,342a9d66ce6220d8,f1c09586d2d8
2026-04-30,2026-04-30 04:44:51,backfill,1,World Open Under 13 Championship,2026,2026-06-29,60,60,live,5,5,0,110,77,145,0.8,,,0,0,N5v4_Final,342a9d66ce6220d8,f1c09586d2d8
2026-04-30,2026-04-30 04:44:51,backfill,1,World Open top 6 sections,2026,2026-07-01,62,62,live,103,103,0,1103,968,1257,0.8,model,family-direct,1,0,N5v4_Final,342a9d66ce6220d8,f1c09586d2d8
2026-04-30,2026-04-30 04:44:51,backfill,1,Chicago Class,2026,2026-07-17,78,78,live,3,3,0,276,209,363,0.8,model,family-direct,0,0,N5v4_Final,342a9d66ce6220d8,f1c09586d2d8
2026-04-30,2026-04-30 04:44:51,backfill,1,Pittsburgh Open,2026,2026-07-17,78,78,live,5,5,0,171,121,242,0.8,model,family-direct,0,0,N5v4_Final,342a9d66ce6220d8,f1c09586d2d8
2026-04-30,2026-04-30 04:44:51,backfill,1,Southern Open,2026,2026-07-17,78,78,live,3,3,0,232,183,282,0.8,,,0,0,N5v4_Final,342a9d66ce6220d8,f1c09586d2d8
2026-04-30,2026-04-30 04:44:51,backfill,1,Bradley Open,2026,2026-07-24,85,85,live,4,4,0,261,195,350,0.8,model,family-direct,0,0,N5v4_Final,342a9d66ce6220d8,f1c09586d2d8
2026-04-30,2026-04-30 04:44:51,backfill,1,Pacific Coast Open,2026,2026-07-31,92,92,live,8,8,0,398,294,539,0.8,model,family-direct,0,0,N5v4_Final,342a9d66ce6220d8,f1c09586d2d8
2026-04-30,2026-04-30 04:44:51,backfill,1,Continental Open,2026,2026-08-13,105,105,live,1,1,0,283,252,317,0.8,,,0,0,N5v4_Final,342a9d66ce6220d8,f1c09586d2d8
2026-04-30,2026-04-30 04:44:51,backfill,1,Central California Open,2026,2026-08-14,106,106,live,2,2,0,175,144,203,0.8,,,0,0,N5v4_Final,342a9d66ce6220d8,f1c09586d2d8
2026-04-30,2026-04-30 04:44:51,backfill,1,Atlantic Open,2026,2026-08-21,113,113,live,1,1,0,316,251,395,0.8,,,0,0,N5v4_Final,342a9d66ce6220d8,f1c09586d2d8
2026-04-30,2026-04-30 04:44:51,backfill,1,Indianapolis Open,2026,2026-08-21,113,113,live,0,0,0,186,175,198,0.8,,,0,0,N5v4_Final,342a9d66ce6220d8,f1c09586d2d8
2026-04-30,2026-04-30 04:44:51,backfill,1,New York State Championship,2026,2026-09-04,127,127,live,5,5,0,304,237,347,0.8,,,0,0,N5v4_Final,342a9d66ce6220d8,f1c09586d2d8
2026-04-30,2026-04-30 04:44:51,backfill,1,Midwest Class Championships,2026,2026-10-09,162,162,live,2,2,0,313,296,338,0.8,,,0,0,N5v4_Final,342a9d66ce6220d8,f1c09586d2d8
2026-04-30,2026-04-30 04:44:51,backfill,1,Eastern Class Championships (in Connecticut),2026,2026-10-16,169,169,live,1,1,0,100,70,130,0.8,,,0,0,N5v4_Final,342a9d66ce6220d8,f1c09586d2d8
2026-04-30,2026-04-30 04:44:51,backfill,1,Eastern Chess Congress (in New Jersey),2026,2026-10-23,176,176,live,1,1,0,100,70,130,0.8,,,0,0,N5v4_Final,342a9d66ce6220d8,f1c09586d2d8
2026-04-30,2026-04-30 04:44:51,backfill,1,Los Angeles Open,2026,2026-11-06,190,190,live,0,0,0,365,289,413,0.8,,,0,0,N5v4_Final,342a9d66ce6220d8,f1c09586d2d8
2026-04-30,2026-04-30 04:44:51,backfill,1,Kings Island Open,2026,2026-11-13,197,197,live,0,0,0,346,318,364,0.8,,,0,0,N5v4_Final,342a9d66ce6220d8,f1c09586d2d8
2026-04-30,2026-04-30 04:44:51,backfill,1,National Chess Congress,2026,2026-11-27,211,211,live,0,0,0,623,572,677,0.8,,,0,0,N5v4_Final,342a9d66ce6220d8,f1c09586d2d8
2026-04-30,2026-04-30 20:49:31,backfill,1,Chicago Open,2026,2026-05-21,21,21,live,377,388,11,885,837,936,0.8,model,family-direct,0,0,N5v4_Final,342a9d66ce6220d8,e55b33f88663
2026-04-30,2026-04-30 20:49:31,backfill,1,Hartford Open,2026,2026-06-05,36,36,live,16,16,0,206,200,212,0.8,model,family-direct,0,0,N5v4_Final,342a9d66ce6220d8,e55b33f88663
2026-04-30,2026-04-30 20:49:31,backfill,1,Cleveland Open,2026,2026-06-05,36,36,live,20,20,0,219,207,232,0.8,model,family-direct,0,0,N5v4_Final,342a9d66ce6220d8,e55b33f88663
2026-04-30,2026-04-30 20:49:31,backfill,1,New York State Open,2026,2026-06-19,50,50,live,14,14,0,106,71,157,0.8,model,family-direct,1,0,N5v4_Final,342a9d66ce6220d8,e55b33f88663
2026-04-30,2026-04-30 20:49:31,backfill,1,DC International,2026,2026-06-25,56,56,live,10,11,1,96,91,102,0.8,model,family-alias,1,0,N5v4_Final,342a9d66ce6220d8,e55b33f88663
2026-04-30,2026-04-30 20:49:31,backfill,1,World Open lower sections,2026,2026-06-26,57,57,live,6,6,0,138,105,182,0.8,model,family-direct,1,0,N5v4_Final,342a9d66ce6220d8,e55b33f88663
2026-04-30,2026-04-30 20:49:31,backfill,1,DC Open,2026,2026-06-26,57,57,live,6,7,1,264,236,294,0.8,model,family-alias,1,0,N5v4_Final,342a9d66ce6220d8,e55b33f88663
2026-04-30,2026-04-30 20:49:31,backfill,1,World Open Under 13 Championship,2026,2026-06-29,60,60,live,5,5,0,110,77,145,0.8,,,0,0,N5v4_Final,342a9d66ce6220d8,e55b33f88663
2026-04-30,2026-04-30 20:49:31,backfill,1,World Open top 6 sections,2026,2026-07-01,62,62,live,103,103,0,1103,968,1257,0.8,model,family-direct,1,0,N5v4_Final,342a9d66ce6220d8,e55b33f88663
2026-04-30,2026-04-30 20:49:31,backfill,1,Chicago Class,2026,2026-07-17,78,78,live,3,3,0,276,209,363,0.8,model,family-direct,0,0,N5v4_Final,342a9d66ce6220d8,e55b33f88663
2026-04-30,2026-04-30 20:49:31,backfill,1,Pittsburgh Open,2026,2026-07-17,78,78,live,5,5,0,171,121,242,0.8,model,family-direct,0,0,N5v4_Final,342a9d66ce6220d8,e55b33f88663
2026-04-30,2026-04-30 20:49:31,backfill,1,Southern Open,2026,2026-07-17,78,78,live,3,3,0,232,183,282,0.8,,,0,0,N5v4_Final,342a9d66ce6220d8,e55b33f88663
2026-04-30,2026-04-30 20:49:31,backfill,1,Bradley Open,2026,2026-07-24,85,85,live,4,4,0,261,195,350,0.8,model,family-direct,0,0,N5v4_Final,342a9d66ce6220d8,e55b33f88663
2026-04-30,2026-04-30 20:49:31,backfill,1,Pacific Coast Open,2026,2026-07-31,92,92,live,8,8,0,398,294,539,0.8,model,family-direct,0,0,N5v4_Final,342a9d66ce6220d8,e55b33f88663
2026-04-30,2026-04-30 20:49:31,backfill,1,Continental Open,2026,2026-08-13,105,105,live,1,1,0,283,252,317,0.8,,,0,0,N5v4_Final,342a9d66ce6220d8,e55b33f88663
2026-04-30,2026-04-30 20:49:31,backfill,1,Central California Open,2026,2026-08-14,106,106,live,2,2,0,175,144,203,0.8,,,0,0,N5v4_Final,342a9d66ce6220d8,e55b33f88663
2026-04-30,2026-04-30 20:49:31,backfill,1,Atlantic Open,2026,2026-08-21,113,113,live,1,1,0,316,251,395,0.8,,,0,0,N5v4_Final,342a9d66ce6220d8,e55b33f88663
2026-04-30,2026-04-30 20:49:31,backfill,1,Indianapolis Open,2026,2026-08-21,113,113,live,0,0,0,186,175,198,0.8,,,0,0,N5v4_Final,342a9d66ce6220d8,e55b33f88663
2026-04-30,2026-04-30 20:49:31,backfill,1,New York State Championship,2026,2026-09-04,127,127,live,5,5,0,304,237,347,0.8,,,0,0,N5v4_Final,342a9d66ce6220d8,e55b33f88663
2026-04-30,2026-04-30 20:49:31,backfill,1,Midwest Class Championships,2026,2026-10-09,162,162,live,2,2,0,313,296,338,0.8,,,0,0,N5v4_Final,342a9d66ce6220d8,e55b33f88663
2026-04-30,2026-04-30 20:49:31,backfill,1,Eastern Class Championships (in Connecticut),2026,2026-10-16,169,169,live,1,1,0,100,70,130,0.8,,,0,0,N5v4_Final,342a9d66ce6220d8,e55b33f88663
2026-04-30,2026-04-30 20:49:31,backfill,1,Eastern Chess Congress (in New Jersey),2026,2026-10-23,176,176,live,1,1,0,100,70,130,0.8,,,0,0,N5v4_Final,342a9d66ce6220d8,e55b33f88663
2026-04-30,2026-04-30 20:49:31,backfill,1,Los Angeles Open,2026,2026-11-06,190,190,live,0,0,0,365,289,413,0.8,,,0,0,N5v4_Final,342a9d66ce6220d8,e55b33f88663
2026-04-30,2026-04-30 20:49:31,backfill,1,Kings Island Open,2026,2026-11-13,197,197,live,0,0,0,346,318,364,0.8,,,0,0,N5v4_Final,342a9d66ce6220d8,e55b33f88663
2026-04-30,2026-04-30 20:49:31,backfill,1,National Chess Congress,2026,2026-11-27,211,211,live,0,0,0,623,572,677,0.8,,,0,0,N5v4_Final,342a9d66ce6220d8,e55b33f88663
2026-04-30,2026-04-30 21:27:19,backfill,1,Chicago Open,2026,2026-05-21,21,21,live,377,388,11,885,837,936,0.8,model,family-direct,0,0,N5v4_Final,342a9d66ce6220d8,6b8842b3f513
2026-04-30,2026-04-30 21:27:19,backfill,1,Hartford Open,2026,2026-06-05,36,36,live,16,16,0,206,200,212,0.8,model,family-direct,0,0,N5v4_Final,342a9d66ce6220d8,6b8842b3f513
2026-04-30,2026-04-30 21:27:19,backfill,1,Cleveland Open,2026,2026-06-05,36,36,live,20,20,0,219,207,232,0.8,model,family-direct,0,0,N5v4_Final,342a9d66ce6220d8,6b8842b3f513
2026-04-30,2026-04-30 21:27:19,backfill,1,New York State Open,2026,2026-06-19,50,50,live,14,14,0,106,71,157,0.8,model,family-direct,1,0,N5v4_Final,342a9d66ce6220d8,6b8842b3f513
2026-04-30,2026-04-30 21:27:19,backfill,1,DC International,2026,2026-06-25,56,56,live,10,11,1,96,91,102,0.8,model,family-alias,1,0,N5v4_Final,342a9d66ce6220d8,6b8842b3f513
2026-04-30,2026-04-30 21:27:19,backfill,1,World Open lower sections,2026,2026-06-26,57,57,live,6,6,0,138,105,182,0.8,model,family-direct,1,0,N5v4_Final,342a9d66ce6220d8,6b8842b3f513
2026-04-30,2026-04-30 21:27:19,backfill,1,DC Open,2026,2026-06-26,57,57,live,6,7,1,264,236,294,0.8,model,family-alias,1,0,N5v4_Final,342a9d66ce6220d8,6b8842b3f513
2026-04-30,2026-04-30 21:27:19,backfill,1,World Open Under 13 Championship,2026,2026-06-29,60,60,live,5,5,0,110,77,145,0.8,,,0,0,N5v4_Final,342a9d66ce6220d8,6b8842b3f513
2026-04-30,2026-04-30 21:27:19,backfill,1,World Open top 6 sections,2026,2026-07-01,62,62,live,103,103,0,1103,968,1257,0.8,model,family-direct,1,0,N5v4_Final,342a9d66ce6220d8,6b8842b3f513
2026-04-30,2026-04-30 21:27:19,backfill,1,Chicago Class,2026,2026-07-17,78,78,live,3,3,0,276,209,363,0.8,model,family-direct,0,0,N5v4_Final,342a9d66ce6220d8,6b8842b3f513
2026-04-30,2026-04-30 21:27:19,backfill,1,Pittsburgh Open,2026,2026-07-17,78,78,live,5,5,0,171,121,242,0.8,model,family-direct,0,0,N5v4_Final,342a9d66ce6220d8,6b8842b3f513
2026-04-30,2026-04-30 21:27:19,backfill,1,Southern Open,2026,2026-07-17,78,78,live,3,3,0,232,183,282,0.8,,,0,0,N5v4_Final,342a9d66ce6220d8,6b8842b3f513
2026-04-30,2026-04-30 21:27:19,backfill,1,Bradley Open,2026,2026-07-24,85,85,live,4,4,0,261,195,350,0.8,model,family-direct,0,0,N5v4_Final,342a9d66ce6220d8,6b8842b3f513
2026-04-30,2026-04-30 21:27:19,backfill,1,Pacific Coast Open,2026,2026-07-31,92,92,live,8,8,0,398,294,539,0.8,model,family-direct,0,0,N5v4_Final,342a9d66ce6220d8,6b8842b3f513
2026-04-30,2026-04-30 21:27:19,backfill,1,Continental Open,2026,2026-08-13,105,105,live,1,1,0,283,252,317,0.8,,,0,0,N5v4_Final,342a9d66ce6220d8,6b8842b3f513
2026-04-30,2026-04-30 21:27:19,backfill,1,Central California Open,2026,2026-08-14,106,106,live,2,2,0,175,144,203,0.8,,,0,0,N5v4_Final,342a9d66ce6220d8,6b8842b3f513
2026-04-30,2026-04-30 21:27:19,backfill,1,Atlantic Open,2026,2026-08-21,113,113,live,1,1,0,316,251,395,0.8,,,0,0,N5v4_Final,342a9d66ce6220d8,6b8842b3f513
2026-04-30,2026-04-30 21:27:19,backfill,1,Indianapolis Open,2026,2026-08-21,113,113,live,0,0,0,186,175,198,0.8,,,0,0,N5v4_Final,342a9d66ce6220d8,6b8842b3f513
2026-04-30,2026-04-30 21:27:19,backfill,1,New York State Championship,2026,2026-09-04,127,127,live,5,5,0,304,237,347,0.8,,,0,0,N5v4_Final,342a9d66ce6220d8,6b8842b3f513
2026-04-30,2026-04-30 21:27:19,backfill,1,Midwest Class Championships,2026,2026-10-09,162,162,live,2,2,0,313,296,338,0.8,,,0,0,N5v4_Final,342a9d66ce6220d8,6b8842b3f513
2026-04-30,2026-04-30 21:27:19,backfill,1,Eastern Class Championships (in Connecticut),2026,2026-10-16,169,169,live,1,1,0,100,70,130,0.8,,,0,0,N5v4_Final,342a9d66ce6220d8,6b8842b3f513
2026-04-30,2026-04-30 21:27:19,backfill,1,Eastern Chess Congress (in New Jersey),2026,2026-10-23,176,176,live,1,1,0,100,70,130,0.8,,,0,0,N5v4_Final,342a9d66ce6220d8,6b8842b3f513
2026-04-30,2026-04-30 21:27:19,backfill,1,Los Angeles Open,2026,2026-11-06,190,190,live,0,0,0,365,289,413,0.8,,,0,0,N5v4_Final,342a9d66ce6220d8,6b8842b3f513
2026-04-30,2026-04-30 21:27:19,backfill,1,Kings Island Open,2026,2026-11-13,197,197,live,0,0,0,346,318,364,0.8,,,0,0,N5v4_Final,342a9d66ce6220d8,6b8842b3f513
2026-04-30,2026-04-30 21:27:19,backfill,1,National Chess Congress,2026,2026-11-27,211,211,live,0,0,0,623,572,677,0.8,,,0,0,N5v4_Final,342a9d66ce6220d8,6b8842b3f513
2026-05-01,2026-05-01 04:58:39,backfill,1,Chicago Open,2026,2026-05-21,20,20,live,383,394,11,882,836,931,0.8,model,family-direct,0,0,N5v4_Final,342a9d66ce6220d8,1cf82832c04d
2026-05-01,2026-05-01 04:58:39,backfill,1,Hartford Open,2026,2026-06-05,35,35,live,16,16,0,206,193,219,0.8,model,family-direct,0,0,N5v4_Final,342a9d66ce6220d8,1cf82832c04d
2026-05-01,2026-05-01 04:58:39,backfill,1,Cleveland Open,2026,2026-06-05,35,35,live,21,21,0,220,195,249,0.8,model,family-direct,0,0,N5v4_Final,342a9d66ce6220d8,1cf82832c04d
2026-05-01,2026-05-01 04:58:39,backfill,1,New York State Open,2026,2026-06-19,49,49,live,15,15,0,113,76,168,0.8,model,family-direct,1,0,N5v4_Final,342a9d66ce6220d8,1cf82832c04d
2026-05-01,2026-05-01 04:58:39,backfill,1,DC International,2026,2026-06-25,55,55,live,10,11,1,95,90,100,0.8,model,family-alias,1,0,N5v4_Final,342a9d66ce6220d8,1cf82832c04d
2026-05-01,2026-05-01 04:58:39,backfill,1,World Open lower sections,2026,2026-06-26,56,56,live,7,7,0,138,105,182,0.8,model,family-direct,1,0,N5v4_Final,342a9d66ce6220d8,1cf82832c04d
2026-05-01,2026-05-01 04:58:39,backfill,1,DC Open,2026,2026-06-26,56,56,live,6,7,1,263,237,292,0.8,model,family-alias,1,0,N5v4_Final,342a9d66ce6220d8,1cf82832c04d
2026-05-01,2026-05-01 04:58:39,backfill,1,World Open Under 13 Championship,2026,2026-06-29,59,59,live,5,5,0,110,77,145,0.8,,,0,0,N5v4_Final,342a9d66ce6220d8,1cf82832c04d
2026-05-01,2026-05-01 04:58:39,backfill,1,World Open top 6 sections,2026,2026-07-01,61,61,live,105,105,0,1099,965,1252,0.8,model,family-direct,1,0,N5v4_Final,342a9d66ce6220d8,1cf82832c04d
2026-05-01,2026-05-01 04:58:39,backfill,1,Chicago Class,2026,2026-07-17,77,77,live,3,3,0,275,209,362,0.8,model,family-direct,0,0,N5v4_Final,342a9d66ce6220d8,1cf82832c04d
2026-05-01,2026-05-01 04:58:39,backfill,1,Pittsburgh Open,2026,2026-07-17,77,77,live,5,5,0,171,121,241,0.8,model,family-direct,0,0,N5v4_Final,342a9d66ce6220d8,1cf82832c04d
2026-05-01,2026-05-01 04:58:39,backfill,1,Southern Open,2026,2026-07-17,77,77,live,4,4,0,232,183,282,0.8,,,0,0,N5v4_Final,342a9d66ce6220d8,1cf82832c04d
2026-05-01,2026-05-01 04:58:39,backfill,1,Bradley Open,2026,2026-07-24,84,84,live,4,4,0,261,196,348,0.8,model,family-direct,0,0,N5v4_Final,342a9d66ce6220d8,1cf82832c04d
2026-05-01,2026-05-01 04:58:39,backfill,1,Pacific Coast Open,2026,2026-07-31,91,91,live,9,9,0,402,293,552,0.8,model,family-direct,0,0,N5v4_Final,342a9d66ce6220d8,1cf82832c04d
2026-05-01,2026-05-01 04:58:39,backfill,1,Continental Open,2026,2026-08-13,104,104,live,1,1,0,283,252,317,0.8,,,0,0,N5v4_Final,342a9d66ce6220d8,1cf82832c04d
2026-05-01,2026-05-01 04:58:39,backfill,1,Central California Open,2026,2026-08-14,105,105,live,3,3,0,175,144,203,0.8,,,0,0,N5v4_Final,342a9d66ce6220d8,1cf82832c04d
2026-05-01,2026-05-01 04:58:39,backfill,1,Atlantic Open,2026,2026-08-21,112,112,live,1,1,0,316,251,395,0.8,,,0,0,N5v4_Final,342a9d66ce6220d8,1cf82832c04d
2026-05-01,2026-05-01 04:58:39,backfill,1,Indianapolis Open,2026,2026-08-21,112,112,live,0,0,0,186,175,198,0.8,,,0,0,N5v4_Final,342a9d66ce6220d8,1cf82832c04d
2026-05-01,2026-05-01 04:58:39,backfill,1,New York State Championship,2026,2026-09-04,126,126,live,5,5,0,304,237,347,0.8,,,0,0,N5v4_Final,342a9d66ce6220d8,1cf82832c04d
2026-05-01,2026-05-01 04:58:39,backfill,1,Midwest Class Championships,2026,2026-10-09,161,161,live,2,2,0,313,296,338,0.8,,,0,0,N5v4_Final,342a9d66ce6220d8,1cf82832c04d
2026-05-01,2026-05-01 04:58:39,backfill,1,Eastern Class Championships (in Connecticut),2026,2026-10-16,168,168,live,1,1,0,100,70,130,0.8,,,0,0,N5v4_Final,342a9d66ce6220d8,1cf82832c04d
2026-05-01,2026-05-01 04:58:39,backfill,1,Eastern Chess Congress (in New Jersey),2026,2026-10-23,175,175,live,1,1,0,100,70,130,0.8,,,0,0,N5v4_Final,342a9d66ce6220d8,1cf82832c04d
2026-05-01,2026-05-01 04:58:39,backfill,1,Los Angeles Open,2026,2026-11-06,189,189,live,0,0,0,365,289,413,0.8,,,0,0,N5v4_Final,342a9d66ce6220d8,1cf82832c04d
2026-05-01,2026-05-01 04:58:39,backfill,1,Kings Island Open,2026,2026-11-13,196,196,live,0,0,0,346,318,364,0.8,,,0,0,N5v4_Final,342a9d66ce6220d8,1cf82832c04d
2026-05-01,2026-05-01 04:58:39,backfill,1,National Chess Congress,2026,2026-11-27,210,210,live,0,0,0,623,572,677,0.8,,,0,0,N5v4_Final,342a9d66ce6220d8,1cf82832c04d
2026-05-02,2026-05-02 04:29:12,backfill,1,Chicago Open,2026,2026-05-21,19,19,live,391,403,12,881,837,927,0.8,model,family-direct,0,0,N5v4_Final,342a9d66ce6220d8,13fc1c500207
2026-05-02,2026-05-02 04:29:12,backfill,1,Hartford Open,2026,2026-06-05,34,34,live,17,17,0,206,194,219,0.8,model,family-direct,0,0,N5v4_Final,342a9d66ce6220d8,13fc1c500207
2026-05-02,2026-05-02 04:29:12,backfill,1,Cleveland Open,2026,2026-06-05,34,34,live,21,21,0,218,193,246,0.8,model,family-direct,0,0,N5v4_Final,342a9d66ce6220d8,13fc1c500207
2026-05-02,2026-05-02 04:29:12,backfill,1,New York State Open,2026,2026-06-19,48,48,live,17,17,0,116,78,173,0.8,model,family-direct,1,0,N5v4_Final,342a9d66ce6220d8,13fc1c500207
2026-05-02,2026-05-02 04:29:12,backfill,1,DC International,2026,2026-06-25,54,54,live,11,12,1,96,90,101,0.8,model,family-alias,1,0,N5v4_Final,342a9d66ce6220d8,13fc1c500207
2026-05-02,2026-05-02 04:29:12,backfill,1,World Open lower sections,2026,2026-06-26,55,55,live,7,7,0,138,105,182,0.8,model,family-direct,1,0,N5v4_Final,342a9d66ce6220d8,13fc1c500207
2026-05-02,2026-05-02 04:29:12,backfill,1,DC Open,2026,2026-06-26,55,55,live,6,7,1,262,237,290,0.8,model,family-alias,1,0,N5v4_Final,342a9d66ce6220d8,13fc1c500207
2026-05-02,2026-05-02 04:29:12,backfill,1,World Open Under 13 Championship,2026,2026-06-29,58,58,live,6,6,0,110,77,145,0.8,,,0,0,N5v4_Final,342a9d66ce6220d8,13fc1c500207
2026-05-02,2026-05-02 04:29:12,backfill,1,World Open top 6 sections,2026,2026-07-01,60,60,live,111,111,0,1101,967,1255,0.8,model,family-direct,1,0,N5v4_Final,342a9d66ce6220d8,13fc1c500207
2026-05-02,2026-05-02 04:29:12,backfill,1,Chicago Class,2026,2026-07-17,76,76,live,3,3,0,275,209,361,0.8,model,family-direct,0,0,N5v4_Final,342a9d66ce6220d8,13fc1c500207
2026-05-02,2026-05-02 04:29:12,backfill,1,Pittsburgh Open,2026,2026-07-17,76,76,live,5,5,0,170,120,240,0.8,model,family-direct,0,0,N5v4_Final,342a9d66ce6220d8,13fc1c500207
2026-05-02,2026-05-02 04:29:12,backfill,1,Southern Open,2026,2026-07-17,76,76,live,4,4,0,232,183,282,0.8,,,0,0,N5v4_Final,342a9d66ce6220d8,13fc1c500207
2026-05-02,2026-05-02 04:29:12,backfill,1,Bradley Open,2026,2026-07-24,83,83,live,4,4,0,260,196,346,0.8,model,family-direct,0,0,N5v4_Final,342a9d66ce6220d8,13fc1c500207
2026-05-02,2026-05-02 04:29:12,backfill,1,Pacific Coast Open,2026,2026-07-31,90,90,live,9,9,0,402,293,552,0.8,model,family-direct,0,0,N5v4_Final,342a9d66ce6220d8,13fc1c500207
2026-05-02,2026-05-02 04:29:12,backfill,1,Continental Open,2026,2026-08-13,103,103,live,1,1,0,283,252,317,0.8,,,0,0,N5v4_Final,342a9d66ce6220d8,13fc1c500207
2026-05-02,2026-05-02 04:29:12,backfill,1,Central California Open,2026,2026-08-14,104,104,live,3,3,0,175,144,203,0.8,,,0,0,N5v4_Final,342a9d66ce6220d8,13fc1c500207
2026-05-02,2026-05-02 04:29:12,backfill,1,Atlantic Open,2026,2026-08-21,111,111,live,1,1,0,316,251,395,0.8,,,0,0,N5v4_Final,342a9d66ce6220d8,13fc1c500207
2026-05-02,2026-05-02 04:29:12,backfill,1,Indianapolis Open,2026,2026-08-21,111,111,live,0,0,0,186,175,198,0.8,,,0,0,N5v4_Final,342a9d66ce6220d8,13fc1c500207
2026-05-02,2026-05-02 04:29:12,backfill,1,New York State Championship,2026,2026-09-04,125,125,live,5,5,0,304,237,347,0.8,,,0,0,N5v4_Final,342a9d66ce6220d8,13fc1c500207
2026-05-02,2026-05-02 04:29:12,backfill,1,Midwest Class Championships,2026,2026-10-09,160,160,live,2,2,0,313,296,338,0.8,,,0,0,N5v4_Final,342a9d66ce6220d8,13fc1c500207
2026-05-02,2026-05-02 04:29:12,backfill,1,Eastern Class Championships (in Connecticut),2026,2026-10-16,167,167,live,1,1,0,100,70,130,0.8,,,0,0,N5v4_Final,342a9d66ce6220d8,13fc1c500207
2026-05-02,2026-05-02 04:29:12,backfill,1,Eastern Chess Congress (in New Jersey),2026,2026-10-23,174,174,live,1,1,0,100,70,130,0.8,,,0,0,N5v4_Final,342a9d66ce6220d8,13fc1c500207
2026-05-02,2026-05-02 04:29:12,backfill,1,Los Angeles Open,2026,2026-11-06,188,188,live,0,0,0,365,289,413,0.8,,,0,0,N5v4_Final,342a9d66ce6220d8,13fc1c500207
2026-05-02,2026-05-02 04:29:12,backfill,1,Kings Island Open,2026,2026-11-13,195,195,live,0,0,0,346,318,364,0.8,,,0,0,N5v4_Final,342a9d66ce6220d8,13fc1c500207
2026-05-02,2026-05-02 04:29:12,backfill,1,National Chess Congress,2026,2026-11-27,209,209,live,0,0,0,623,572,677,0.8,,,0,0,N5v4_Final,342a9d66ce6220d8,13fc1c500207
2026-05-03,2026-05-03 04:50:52,backfill,1,Chicago Open,2026,2026-05-21,18,18,live,398,410,12,879,837,923,0.8,model,family-direct,0,0,N5v4_Final,342a9d66ce6220d8,7e3c175df492
2026-05-03,2026-05-03 04:50:52,backfill,1,Hartford Open,2026,2026-06-05,33,33,live,19,19,0,209,197,222,0.8,model,family-direct,0,0,N5v4_Final,342a9d66ce6220d8,7e3c175df492
2026-05-03,2026-05-03 04:50:52,backfill,1,Cleveland Open,2026,2026-06-05,33,33,live,24,24,0,223,197,252,0.8,model,family-direct,0,0,N5v4_Final,342a9d66ce6220d8,7e3c175df492
2026-05-03,2026-05-03 04:50:52,backfill,1,New York State Open,2026,2026-06-19,47,47,live,17,17,0,114,77,170,0.8,model,family-direct,1,0,N5v4_Final,342a9d66ce6220d8,7e3c175df492
2026-05-03,2026-05-03 04:50:52,backfill,1,DC International,2026,2026-06-25,53,53,live,11,12,1,94,89,100,0.8,model,family-alias,1,0,N5v4_Final,342a9d66ce6220d8,7e3c175df492
2026-05-03,2026-05-03 04:50:52,backfill,1,World Open lower sections,2026,2026-06-26,54,54,live,10,10,0,139,106,183,0.8,model,family-direct,1,0,N5v4_Final,342a9d66ce6220d8,7e3c175df492
2026-05-03,2026-05-03 04:50:52,backfill,1,DC Open,2026,2026-06-26,54,54,live,8,9,1,266,241,293,0.8,model,family-alias,1,0,N5v4_Final,342a9d66ce6220d8,7e3c175df492
2026-05-03,2026-05-03 04:50:52,backfill,1,World Open Under 13 Championship,2026,2026-06-29,57,57,live,8,8,0,110,77,145,0.8,,,0,0,N5v4_Final,342a9d66ce6220d8,7e3c175df492
2026-05-03,2026-05-03 04:50:52,backfill,1,World Open top 6 sections,2026,2026-07-01,59,59,live,116,116,0,1098,965,1248,0.8,model,family-direct,1,0,N5v4_Final,342a9d66ce6220d8,7e3c175df492
2026-05-03,2026-05-03 04:50:52,backfill,1,Chicago Class,2026,2026-07-17,75,75,live,3,3,0,278,211,366,0.8,model,family-direct,0,0,N5v4_Final,342a9d66ce6220d8,7e3c175df492
2026-05-03,2026-05-03 04:50:52,backfill,1,Pittsburgh Open,2026,2026-07-17,75,75,live,5,5,0,172,122,242,0.8,model,family-direct,0,0,N5v4_Final,342a9d66ce6220d8,7e3c175df492
2026-05-03,2026-05-03 04:50:52,backfill,1,Southern Open,2026,2026-07-17,75,75,live,4,4,0,232,183,282,0.8,,,0,0,N5v4_Final,342a9d66ce6220d8,7e3c175df492
2026-05-03,2026-05-03 04:50:52,backfill,1,Bradley Open,2026,2026-07-24,82,82,live,4,4,0,259,196,343,0.8,model,family-direct,0,0,N5v4_Final,342a9d66ce6220d8,7e3c175df492
2026-05-03,2026-05-03 04:50:52,backfill,1,Pacific Coast Open,2026,2026-07-31,89,89,live,9,9,0,400,293,546,0.8,model,family-direct,0,0,N5v4_Final,342a9d66ce6220d8,7e3c175df492
2026-05-03,2026-05-03 04:50:52,backfill,1,Continental Open,2026,2026-08-13,102,102,live,1,1,0,283,252,317,0.8,,,0,0,N5v4_Final,342a9d66ce6220d8,7e3c175df492
2026-05-03,2026-05-03 04:50:52,backfill,1,Central California Open,2026,2026-08-14,103,103,live,2,3,1,175,144,203,0.8,,,0,0,N5v4_Final,342a9d66ce6220d8,7e3c175df492
2026-05-03,2026-05-03 04:50:52,backfill,1,Atlantic Open,2026,2026-08-21,110,110,live,1,1,0,316,251,395,0.8,,,0,0,N5v4_Final,342a9d66ce6220d8,7e3c175df492
2026-05-03,2026-05-03 04:50:52,backfill,1,Indianapolis Open,2026,2026-08-21,110,110,live,0,0,0,186,175,198,0.8,,,0,0,N5v4_Final,342a9d66ce6220d8,7e3c175df492
2026-05-03,2026-05-03 04:50:52,backfill,1,New York State Championship,2026,2026-09-04,124,124,live,5,5,0,304,237,347,0.8,,,0,0,N5v4_Final,342a9d66ce6220d8,7e3c175df492
2026-05-03,2026-05-03 04:50:52,backfill,1,Midwest Class Championships,2026,2026-10-09,159,159,live,2,2,0,313,296,338,0.8,,,0,0,N5v4_Final,342a9d66ce6220d8,7e3c175df492
2026-05-03,2026-05-03 04:50:52,backfill,1,Eastern Class Championships (in Connecticut),2026,2026-10-16,166,166,live,1,1,0,100,70,130,0.8,,,0,0,N5v4_Final,342a9d66ce6220d8,7e3c175df492
2026-05-03,2026-05-03 04:50:52,backfill,1,Eastern Chess Congress (in New Jersey),2026,2026-10-23,173,173,live,1,1,0,100,70,130,0.8,,,0,0,N5v4_Final,342a9d66ce6220d8,7e3c175df492
2026-05-03,2026-05-03 04:50:52,backfill,1,Los Angeles Open,2026,2026-11-06,187,187,live,0,0,0,365,289,413,0.8,,,0,0,N5v4_Final,342a9d66ce6220d8,7e3c175df492
2026-05-03,2026-05-03 04:50:52,backfill,1,Kings Island Open,2026,2026-11-13,194,194,live,0,0,0,346,318,364,0.8,,,0,0,N5v4_Final,342a9d66ce6220d8,7e3c175df492
2026-05-03,2026-05-03 04:50:52,backfill,1,National Chess Congress,2026,2026-11-27,208,208,live,0,0,0,623,572,677,0.8,,,0,0,N5v4_Final,342a9d66ce6220d8,7e3c175df492
2026-05-10,2026-05-10 13:34:22,backfill,1,Chicago Open,2026,2026-05-21,11,11,live,398,410,12,828,797,860,0.8,model,family-direct,0,0,N5v4_Final,4b5e148ceb4f00ab,acfc52a29689
2026-05-10,2026-05-10 13:34:22,backfill,1,Hartford Open,2026,2026-06-05,26,26,live,19,19,0,197,184,210,0.8,model,family-direct,0,0,N5v4_Final,4b5e148ceb4f00ab,acfc52a29689
2026-05-10,2026-05-10 13:34:22,backfill,1,Cleveland Open,2026,2026-06-05,26,26,live,24,24,0,215,190,244,0.8,model,family-direct,0,0,N5v4_Final,4b5e148ceb4f00ab,acfc52a29689
2026-05-10,2026-05-10 13:34:22,backfill,1,New York State Open,2026,2026-06-19,40,40,live,17,17,0,100,67,149,0.8,model,family-direct,1,0,N5v4_Final,4b5e148ceb4f00ab,acfc52a29689
2026-05-10,2026-05-10 13:34:22,backfill,1,DC International,2026,2026-06-25,46,46,live,11,12,1,86,79,92,0.8,model,family-alias,1,0,N5v4_Final,4b5e148ceb4f00ab,acfc52a29689
2026-05-10,2026-05-10 13:34:22,backfill,1,World Open lower sections,2026,2026-06-26,47,47,live,10,10,0,138,98,194,0.8,model,family-direct,1,0,N5v4_Final,4b5e148ceb4f00ab,acfc52a29689
2026-05-10,2026-05-10 13:34:22,backfill,1,DC Open,2026,2026-06-26,47,47,live,8,9,1,264,242,288,0.8,model,family-alias,1,0,N5v4_Final,4b5e148ceb4f00ab,acfc52a29689
2026-05-10,2026-05-10 13:34:22,backfill,1,World Open Under 13 Championship,2026,2026-06-29,50,50,live,8,8,0,110,77,145,0.8,,,0,0,N5v4_Final,4b5e148ceb4f00ab,acfc52a29689
2026-05-10,2026-05-10 13:34:22,backfill,1,World Open top 6 sections,2026,2026-07-01,52,52,live,116,116,0,1072,954,1203,0.8,model,family-direct,1,0,N5v4_Final,4b5e148ceb4f00ab,acfc52a29689
2026-05-10,2026-05-10 13:34:22,backfill,1,Chicago Class,2026,2026-07-17,68,68,live,3,3,0,275,209,362,0.8,model,family-direct,0,0,N5v4_Final,4b5e148ceb4f00ab,acfc52a29689
2026-05-10,2026-05-10 13:34:22,backfill,1,Pittsburgh Open,2026,2026-07-17,68,68,live,5,5,0,171,124,234,0.8,model,family-direct,0,0,N5v4_Final,4b5e148ceb4f00ab,acfc52a29689
2026-05-10,2026-05-10 13:34:22,backfill,1,Southern Open,2026,2026-07-17,68,68,live,4,4,0,232,183,282,0.8,,,0,0,N5v4_Final,4b5e148ceb4f00ab,acfc52a29689
2026-05-10,2026-05-10 13:34:22,backfill,1,Bradley Open,2026,2026-07-24,75,75,live,4,4,0,259,197,341,0.8,model,family-direct,0,0,N5v4_Final,4b5e148ceb4f00ab,acfc52a29689
2026-05-10,2026-05-10 13:34:22,backfill,1,Pacific Coast Open,2026,2026-07-31,82,82,live,9,9,0,388,295,511,0.8,model,family-direct,0,0,N5v4_Final,4b5e148ceb4f00ab,acfc52a29689
2026-05-10,2026-05-10 13:34:22,backfill,1,Continental Open,2026,2026-08-13,95,95,live,1,1,0,283,252,317,0.8,,,0,0,N5v4_Final,4b5e148ceb4f00ab,acfc52a29689
2026-05-10,2026-05-10 13:34:22,backfill,1,Central California Open,2026,2026-08-14,96,96,live,2,3,1,175,144,203,0.8,,,0,0,N5v4_Final,4b5e148ceb4f00ab,acfc52a29689
2026-05-10,2026-05-10 13:34:22,backfill,1,Atlantic Open,2026,2026-08-21,103,103,live,1,1,0,316,251,395,0.8,,,0,0,N5v4_Final,4b5e148ceb4f00ab,acfc52a29689
2026-05-10,2026-05-10 13:34:22,backfill,1,Indianapolis Open,2026,2026-08-21,103,103,live,0,0,0,186,175,198,0.8,,,0,0,N5v4_Final,4b5e148ceb4f00ab,acfc52a29689
2026-05-10,2026-05-10 13:34:22,backfill,1,New York State Championship,2026,2026-09-04,117,117,live,5,5,0,304,237,347,0.8,,,0,0,N5v4_Final,4b5e148ceb4f00ab,acfc52a29689
2026-05-10,2026-05-10 13:34:22,backfill,1,Midwest Class Championships,2026,2026-10-09,152,152,live,2,2,0,313,296,338,0.8,,,0,0,N5v4_Final,4b5e148ceb4f00ab,acfc52a29689
2026-05-10,2026-05-10 13:34:22,backfill,1,Eastern Class Championships (in Connecticut),2026,2026-10-16,159,159,live,1,1,0,100,70,130,0.8,,,0,0,N5v4_Final,4b5e148ceb4f00ab,acfc52a29689
2026-05-10,2026-05-10 13:34:22,backfill,1,Eastern Chess Congress (in New Jersey),2026,2026-10-23,166,166,live,1,1,0,100,70,130,0.8,,,0,0,N5v4_Final,4b5e148ceb4f00ab,acfc52a29689
2026-05-10,2026-05-10 13:34:22,backfill,1,Los Angeles Open,2026,2026-11-06,180,180,live,0,0,0,365,289,413,0.8,,,0,0,N5v4_Final,4b5e148ceb4f00ab,acfc52a29689
2026-05-10,2026-05-10 13:34:22,backfill,1,Kings Island Open,2026,2026-11-13,187,187,live,0,0,0,346,318,364,0.8,,,0,0,N5v4_Final,4b5e148ceb4f00ab,acfc52a29689
2026-05-10,2026-05-10 13:34:22,backfill,1,National Chess Congress,2026,2026-11-27,201,201,live,0,0,0,623,572,677,0.8,,,0,0,N5v4_Final,4b5e148ceb4f00ab,acfc52a29689
2026-05-10,2026-05-10 13:37:02,backfill,1,Chicago Open,2026,2026-05-21,11,11,live,480,495,15,886,853,920,0.8,model,family-direct,0,0,N5v4_Final,4b5e148ceb4f00ab,88782758b39c
2026-05-10,2026-05-10 13:37:02,backfill,1,Hartford Open,2026,2026-06-05,26,26,live,36,36,0,249,233,266,0.8,model,family-direct,0,0,N5v4_Final,4b5e148ceb4f00ab,88782758b39c
2026-05-10,2026-05-10 13:37:02,backfill,1,Cleveland Open,2026,2026-06-05,26,26,live,26,27,1,222,196,252,0.8,model,family-direct,0,0,N5v4_Final,4b5e148ceb4f00ab,88782758b39c
2026-05-10,2026-05-10 13:37:02,backfill,1,New York State Open,2026,2026-06-19,40,40,live,25,26,1,115,77,171,0.8,model,family-direct,1,0,N5v4_Final,4b5e148ceb4f00ab,88782758b39c
2026-05-10,2026-05-10 13:37:02,backfill,1,DC International,2026,2026-06-25,46,46,live,17,18,1,96,89,104,0.8,model,family-alias,1,0,N5v4_Final,4b5e148ceb4f00ab,88782758b39c
2026-05-10,2026-05-10 13:37:02,backfill,1,World Open lower sections,2026,2026-06-26,47,47,live,13,13,0,140,99,196,0.8,model,family-direct,1,0,N5v4_Final,4b5e148ceb4f00ab,88782758b39c
2026-05-10,2026-05-10 13:37:02,backfill,1,DC Open,2026,2026-06-26,47,47,live,10,11,1,267,246,291,0.8,model,family-alias,1,0,N5v4_Final,4b5e148ceb4f00ab,88782758b39c
2026-05-10,2026-05-10 13:37:02,backfill,1,World Open Under 13 Championship,2026,2026-06-29,50,50,live,11,11,0,110,77,145,0.8,,,0,0,N5v4_Final,4b5e148ceb4f00ab,88782758b39c
2026-05-10,2026-05-10 13:37:02,backfill,1,World Open top 6 sections,2026,2026-07-01,52,52,live,158,158,0,1116,994,1253,0.8,model,family-direct,1,0,N5v4_Final,4b5e148ceb4f00ab,88782758b39c
2026-05-10,2026-05-10 13:37:02,backfill,1,Chicago Class,2026,2026-07-17,68,68,live,3,3,0,275,209,362,0.8,model,family-direct,0,0,N5v4_Final,4b5e148ceb4f00ab,88782758b39c
2026-05-10,2026-05-10 13:37:02,backfill,1,Pittsburgh Open,2026,2026-07-17,68,68,live,6,6,0,174,125,244,0.8,model,family-direct,0,0,N5v4_Final,4b5e148ceb4f00ab,88782758b39c
2026-05-10,2026-05-10 13:37:02,backfill,1,Southern Open,2026,2026-07-17,68,68,live,4,4,0,232,183,282,0.8,,,0,0,N5v4_Final,4b5e148ceb4f00ab,88782758b39c
2026-05-10,2026-05-10 13:37:02,backfill,1,Bradley Open,2026,2026-07-24,75,75,live,4,4,0,259,197,341,0.8,model,family-direct,0,0,N5v4_Final,4b5e148ceb4f00ab,88782758b39c
2026-05-10,2026-05-10 13:37:02,backfill,1,Pacific Coast Open,2026,2026-07-31,82,82,live,9,9,0,388,295,511,0.8,model,family-direct,0,0,N5v4_Final,4b5e148ceb4f00ab,88782758b39c
2026-05-10,2026-05-10 13:37:02,backfill,1,Continental Open,2026,2026-08-13,95,95,live,2,2,0,283,252,317,0.8,,,0,0,N5v4_Final,4b5e148ceb4f00ab,88782758b39c
2026-05-10,2026-05-10 13:37:02,backfill,1,Central California Open,2026,2026-08-14,96,96,live,2,3,1,175,144,203,0.8,,,0,0,N5v4_Final,4b5e148ceb4f00ab,88782758b39c
2026-05-10,2026-05-10 13:37:02,backfill,1,Atlantic Open,2026,2026-08-21,103,103,live,2,2,0,316,251,395,0.8,,,0,0,N5v4_Final,4b5e148ceb4f00ab,88782758b39c
2026-05-10,2026-05-10 13:37:02,backfill,1,Indianapolis Open,2026,2026-08-21,103,103,live,0,0,0,186,175,198,0.8,,,0,0,N5v4_Final,4b5e148ceb4f00ab,88782758b39c
2026-05-10,2026-05-10 13:37:02,backfill,1,New York State Championship,2026,2026-09-04,117,117,live,7,7,0,304,237,347,0.8,,,0,0,N5v4_Final,4b5e148ceb4f00ab,88782758b39c
2026-05-10,2026-05-10 13:37:02,backfill,1,Midwest Class Championships,2026,2026-10-09,152,152,live,2,2,0,313,296,338,0.8,,,0,0,N5v4_Final,4b5e148ceb4f00ab,88782758b39c
2026-05-10,2026-05-10 13:37:02,backfill,1,Eastern Class Championships (in Connecticut),2026,2026-10-16,159,159,live,1,1,0,100,70,130,0.8,,,0,0,N5v4_Final,4b5e148ceb4f00ab,88782758b39c
2026-05-10,2026-05-10 13:37:02,backfill,1,Eastern Chess Congress (in New Jersey),2026,2026-10-23,166,166,live,1,2,1,100,70,130,0.8,,,0,0,N5v4_Final,4b5e148ceb4f00ab,88782758b39c
2026-05-10,2026-05-10 13:37:02,backfill,1,Los Angeles Open,2026,2026-11-06,180,180,live,1,1,0,365,289,413,0.8,,,0,0,N5v4_Final,4b5e148ceb4f00ab,88782758b39c
2026-05-10,2026-05-10 13:37:02,backfill,1,Kings Island Open,2026,2026-11-13,187,187,live,0,0,0,346,318,364,0.8,,,0,0,N5v4_Final,4b5e148ceb4f00ab,88782758b39c
2026-05-10,2026-05-10 13:37:02,backfill,1,National Chess Congress,2026,2026-11-27,201,201,live,1,1,0,623,572,677,0.8,,,0,0,N5v4_Final,4b5e148ceb4f00ab,88782758b39c
2026-05-11,2026-05-11 05:07:58,backfill,1,Chicago Open,2026,2026-05-21,10,10,live,496,511,15,887,855,920,0.8,model,family-direct,0,0,N5v4_Final,4b5e148ceb4f00ab,7a6975c321b9
2026-05-11,2026-05-11 05:07:58,backfill,1,Hartford Open,2026,2026-06-05,25,25,live,37,37,0,245,228,262,0.8,model,family-direct,0,0,N5v4_Final,4b5e148ceb4f00ab,7a6975c321b9
2026-05-11,2026-05-11 05:07:58,backfill,1,Cleveland Open,2026,2026-06-05,25,25,live,28,29,1,226,200,255,0.8,model,family-direct,0,0,N5v4_Final,4b5e148ceb4f00ab,7a6975c321b9
2026-05-11,2026-05-11 05:07:58,backfill,1,New York State Open,2026,2026-06-19,39,39,live,26,27,1,113,76,169,0.8,model,family-direct,1,0,N5v4_Final,4b5e148ceb4f00ab,7a6975c321b9
2026-05-11,2026-05-11 05:07:58,backfill,1,DC International,2026,2026-06-25,45,45,live,17,18,1,95,88,102,0.8,model,family-alias,1,0,N5v4_Final,4b5e148ceb4f00ab,7a6975c321b9
2026-05-11,2026-05-11 05:07:58,backfill,1,World Open lower sections,2026,2026-06-26,46,46,live,13,13,0,139,99,196,0.8,model,family-direct,1,0,N5v4_Final,4b5e148ceb4f00ab,7a6975c321b9
2026-05-11,2026-05-11 05:07:58,backfill,1,DC Open,2026,2026-06-26,46,46,live,11,12,1,268,247,291,0.8,model,family-alias,1,0,N5v4_Final,4b5e148ceb4f00ab,7a6975c321b9
2026-05-11,2026-05-11 05:07:58,backfill,1,World Open Under 13 Championship,2026,2026-06-29,49,49,live,13,13,0,110,77,145,0.8,,,0,0,N5v4_Final,4b5e148ceb4f00ab,7a6975c321b9
2026-05-11,2026-05-11 05:07:58,backfill,1,World Open top 6 sections,2026,2026-07-01,51,51,live,168,168,0,1132,982,1305,0.8,model,family-direct,1,0,N5v4_Final,4b5e148ceb4f00ab,7a6975c321b9
2026-05-11,2026-05-11 05:07:58,backfill,1,Chicago Class,2026,2026-07-17,67,67,live,3,3,0,275,209,362,0.8,model,family-direct,0,0,N5v4_Final,4b5e148ceb4f00ab,7a6975c321b9
2026-05-11,2026-05-11 05:07:58,backfill,1,Pittsburgh Open,2026,2026-07-17,67,67,live,8,8,0,165,117,234,0.8,model,family-direct,0,0,N5v4_Final,4b5e148ceb4f00ab,7a6975c321b9
2026-05-11,2026-05-11 05:07:58,backfill,1,Southern Open,2026,2026-07-17,67,67,live,4,4,0,232,183,282,0.8,,,0,0,N5v4_Final,4b5e148ceb4f00ab,7a6975c321b9
2026-05-11,2026-05-11 05:07:58,backfill,1,Bradley Open,2026,2026-07-24,74,74,live,4,4,0,258,196,340,0.8,model,family-direct,0,0,N5v4_Final,4b5e148ceb4f00ab,7a6975c321b9
2026-05-11,2026-05-11 05:07:58,backfill,1,Pacific Coast Open,2026,2026-07-31,81,81,live,10,10,0,390,296,514,0.8,model,family-direct,0,0,N5v4_Final,4b5e148ceb4f00ab,7a6975c321b9
2026-05-11,2026-05-11 05:07:58,backfill,1,Continental Open,2026,2026-08-13,94,94,live,2,2,0,283,252,317,0.8,,,0,0,N5v4_Final,4b5e148ceb4f00ab,7a6975c321b9
2026-05-11,2026-05-11 05:07:58,backfill,1,Central California Open,2026,2026-08-14,95,95,live,2,3,1,175,144,203,0.8,,,0,0,N5v4_Final,4b5e148ceb4f00ab,7a6975c321b9
2026-05-11,2026-05-11 05:07:58,backfill,1,Atlantic Open,2026,2026-08-21,102,102,live,2,2,0,316,251,395,0.8,,,0,0,N5v4_Final,4b5e148ceb4f00ab,7a6975c321b9
2026-05-11,2026-05-11 05:07:58,backfill,1,Indianapolis Open,2026,2026-08-21,102,102,live,0,0,0,186,175,198,0.8,,,0,0,N5v4_Final,4b5e148ceb4f00ab,7a6975c321b9
2026-05-11,2026-05-11 05:07:58,backfill,1,New York State Championship,2026,2026-09-04,116,116,live,7,7,0,304,237,347,0.8,,,0,0,N5v4_Final,4b5e148ceb4f00ab,7a6975c321b9
2026-05-11,2026-05-11 05:07:58,backfill,1,Midwest Class Championships,2026,2026-10-09,151,151,live,2,2,0,313,296,338,0.8,,,0,0,N5v4_Final,4b5e148ceb4f00ab,7a6975c321b9
2026-05-11,2026-05-11 05:07:58,backfill,1,Eastern Class Championships (in Connecticut),2026,2026-10-16,158,158,live,1,1,0,100,70,130,0.8,,,0,0,N5v4_Final,4b5e148ceb4f00ab,7a6975c321b9
2026-05-11,2026-05-11 05:07:58,backfill,1,Eastern Chess Congress (in New Jersey),2026,2026-10-23,165,165,live,1,2,1,100,70,130,0.8,,,0,0,N5v4_Final,4b5e148ceb4f00ab,7a6975c321b9
2026-05-11,2026-05-11 05:07:58,backfill,1,Los Angeles Open,2026,2026-11-06,179,179,live,1,1,0,365,289,413,0.8,,,0,0,N5v4_Final,4b5e148ceb4f00ab,7a6975c321b9
2026-05-11,2026-05-11 05:07:58,backfill,1,Kings Island Open,2026,2026-11-13,186,186,live,0,0,0,346,318,364,0.8,,,0,0,N5v4_Final,4b5e148ceb4f00ab,7a6975c321b9
2026-05-11,2026-05-11 05:07:58,backfill,1,National Chess Congress,2026,2026-11-27,200,200,live,1,1,0,623,572,677,0.8,,,0,0,N5v4_Final,4b5e148ceb4f00ab,7a6975c321b9
2026-05-12,2026-05-12 04:49:31,backfill,1,Chicago Open,2026,2026-05-21,9,9,live,513,528,15,889,858,921,0.8,model,family-direct,0,0,N5v4_Final,4b5e148ceb4f00ab,f28d6f0efcf2
2026-05-12,2026-05-12 04:49:31,backfill,1,Hartford Open,2026,2026-06-05,24,24,live,37,37,0,238,221,257,0.8,model,family-direct,0,0,N5v4_Final,4b5e148ceb4f00ab,f28d6f0efcf2
2026-05-12,2026-05-12 04:49:31,backfill,1,Cleveland Open,2026,2026-06-05,24,24,live,28,29,1,223,198,251,0.8,model,family-direct,0,0,N5v4_Final,4b5e148ceb4f00ab,f28d6f0efcf2
2026-05-12,2026-05-12 04:49:31,backfill,1,New York State Open,2026,2026-06-19,38,38,live,26,27,1,110,74,164,0.8,model,family-direct,1,0,N5v4_Final,4b5e148ceb4f00ab,f28d6f0efcf2
2026-05-12,2026-05-12 04:49:31,backfill,1,DC International,2026,2026-06-25,44,44,live,20,21,1,98,91,106,0.8,model,family-alias,1,0,N5v4_Final,4b5e148ceb4f00ab,f28d6f0efcf2
2026-05-12,2026-05-12 04:49:31,backfill,1,World Open lower sections,2026,2026-06-26,45,45,live,13,13,0,138,98,195,0.8,model,family-direct,1,0,N5v4_Final,4b5e148ceb4f00ab,f28d6f0efcf2
2026-05-12,2026-05-12 04:49:31,backfill,1,DC Open,2026,2026-06-26,45,45,live,11,12,1,267,248,288,0.8,model,family-alias,1,0,N5v4_Final,4b5e148ceb4f00ab,f28d6f0efcf2
2026-05-12,2026-05-12 04:49:31,backfill,1,World Open Under 13 Championship,2026,2026-06-29,48,48,live,14,14,0,110,77,145,0.8,,,0,0,N5v4_Final,4b5e148ceb4f00ab,f28d6f0efcf2
2026-05-12,2026-05-12 04:49:31,backfill,1,World Open top 6 sections,2026,2026-07-01,50,50,live,187,187,0,1140,991,1311,0.8,model,family-direct,1,0,N5v4_Final,4b5e148ceb4f00ab,f28d6f0efcf2
2026-05-12,2026-05-12 04:49:31,backfill,1,Chicago Class,2026,2026-07-17,66,66,live,3,3,0,274,208,361,0.8,model,family-direct,0,0,N5v4_Final,4b5e148ceb4f00ab,f28d6f0efcf2
2026-05-12,2026-05-12 04:49:31,backfill,1,Pittsburgh Open,2026,2026-07-17,66,66,live,8,8,0,165,117,234,0.8,model,family-direct,0,0,N5v4_Final,4b5e148ceb4f00ab,f28d6f0efcf2
2026-05-12,2026-05-12 04:49:31,backfill,1,Southern Open,2026,2026-07-17,66,66,live,4,4,0,232,183,282,0.8,,,0,0,N5v4_Final,4b5e148ceb4f00ab,f28d6f0efcf2
2026-05-12,2026-05-12 04:49:31,backfill,1,Bradley Open,2026,2026-07-24,73,73,live,4,4,0,258,196,339,0.8,model,family-direct,0,0,N5v4_Final,4b5e148ceb4f00ab,f28d6f0efcf2
2026-05-12,2026-05-12 04:49:31,backfill,1,Pacific Coast Open,2026,2026-07-31,80,80,live,10,10,0,388,295,511,0.8,model,family-direct,0,0,N5v4_Final,4b5e148ceb4f00ab,f28d6f0efcf2
2026-05-12,2026-05-12 04:49:31,backfill,1,Continental Open,2026,2026-08-13,93,93,live,2,2,0,283,252,317,0.8,,,0,0,N5v4_Final,4b5e148ceb4f00ab,f28d6f0efcf2
2026-05-12,2026-05-12 04:49:31,backfill,1,Central California Open,2026,2026-08-14,94,94,live,2,3,1,175,144,203,0.8,,,0,0,N5v4_Final,4b5e148ceb4f00ab,f28d6f0efcf2
2026-05-12,2026-05-12 04:49:31,backfill,1,Atlantic Open,2026,2026-08-21,101,101,live,2,2,0,316,251,395,0.8,,,0,0,N5v4_Final,4b5e148ceb4f00ab,f28d6f0efcf2
2026-05-12,2026-05-12 04:49:31,backfill,1,Indianapolis Open,2026,2026-08-21,101,101,live,0,0,0,186,175,198,0.8,,,0,0,N5v4_Final,4b5e148ceb4f00ab,f28d6f0efcf2
2026-05-12,2026-05-12 04:49:31,backfill,1,New York State Championship,2026,2026-09-04,115,115,live,7,7,0,304,237,347,0.8,,,0,0,N5v4_Final,4b5e148ceb4f00ab,f28d6f0efcf2
2026-05-12,2026-05-12 04:49:31,backfill,1,Midwest Class Championships,2026,2026-10-09,150,150,live,2,2,0,313,296,338,0.8,,,0,0,N5v4_Final,4b5e148ceb4f00ab,f28d6f0efcf2
2026-05-12,2026-05-12 04:49:31,backfill,1,Eastern Class Championships (in Connecticut),2026,2026-10-16,157,157,live,1,1,0,100,70,130,0.8,,,0,0,N5v4_Final,4b5e148ceb4f00ab,f28d6f0efcf2
2026-05-12,2026-05-12 04:49:31,backfill,1,Eastern Chess Congress (in New Jersey),2026,2026-10-23,164,164,live,1,2,1,100,70,130,0.8,,,0,0,N5v4_Final,4b5e148ceb4f00ab,f28d6f0efcf2
2026-05-12,2026-05-12 04:49:31,backfill,1,Los Angeles Open,2026,2026-11-06,178,178,live,1,1,0,365,289,413,0.8,,,0,0,N5v4_Final,4b5e148ceb4f00ab,f28d6f0efcf2
2026-05-12,2026-05-12 04:49:31,backfill,1,Kings Island Open,2026,2026-11-13,185,185,live,0,0,0,346,318,364,0.8,,,0,0,N5v4_Final,4b5e148ceb4f00ab,f28d6f0efcf2
2026-05-12,2026-05-12 04:49:31,backfill,1,National Chess Congress,2026,2026-11-27,199,199,live,1,1,0,623,572,677,0.8,,,0,0,N5v4_Final,4b5e148ceb4f00ab,f28d6f0efcf2
2026-05-13,2026-05-13 04:59:45,backfill,1,Chicago Open,2026,2026-05-21,8,8,live,527,543,16,889,859,920,0.8,model,family-direct,0,0,N5v4_Final,4b5e148ceb4f00ab,1022b127a790
2026-05-13,2026-05-13 04:59:45,backfill,1,Hartford Open,2026,2026-06-05,23,23,live,38,38,0,234,216,254,0.8,model,family-direct,0,0,N5v4_Final,4b5e148ceb4f00ab,1022b127a790
2026-05-13,2026-05-13 04:59:45,backfill,1,Cleveland Open,2026,2026-06-05,23,23,live,30,31,1,226,201,254,0.8,model,family-direct,0,0,N5v4_Final,4b5e148ceb4f00ab,1022b127a790
2026-05-13,2026-05-13 04:59:45,backfill,1,New York State Open,2026,2026-06-19,37,37,live,26,27,1,107,72,160,0.8,model,family-direct,1,0,N5v4_Final,4b5e148ceb4f00ab,1022b127a790
2026-05-13,2026-05-13 04:59:45,backfill,1,DC International,2026,2026-06-25,43,43,live,21,22,1,98,91,106,0.8,model,family-alias,1,0,N5v4_Final,4b5e148ceb4f00ab,1022b127a790
2026-05-13,2026-05-13 04:59:45,backfill,1,World Open lower sections,2026,2026-06-26,44,44,live,13,13,0,138,98,194,0.8,model,family-direct,1,0,N5v4_Final,4b5e148ceb4f00ab,1022b127a790
2026-05-13,2026-05-13 04:59:45,backfill,1,DC Open,2026,2026-06-26,44,44,live,11,12,1,266,248,286,0.8,model,family-alias,1,0,N5v4_Final,4b5e148ceb4f00ab,1022b127a790
2026-05-13,2026-05-13 04:59:45,backfill,1,World Open Under 13 Championship,2026,2026-06-29,47,47,live,14,14,0,110,77,145,0.8,,,0,0,N5v4_Final,4b5e148ceb4f00ab,1022b127a790
2026-05-13,2026-05-13 04:59:45,backfill,1,World Open top 6 sections,2026,2026-07-01,49,49,live,198,198,0,1161,1012,1332,0.8,model,family-direct,1,0,N5v4_Final,4b5e148ceb4f00ab,1022b127a790
2026-05-13,2026-05-13 04:59:45,backfill,1,Chicago Class,2026,2026-07-17,65,65,live,3,3,0,274,208,362,0.8,model,family-direct,0,0,N5v4_Final,4b5e148ceb4f00ab,1022b127a790
2026-05-13,2026-05-13 04:59:45,backfill,1,Pittsburgh Open,2026,2026-07-17,65,65,live,8,8,0,165,117,233,0.8,model,family-direct,0,0,N5v4_Final,4b5e148ceb4f00ab,1022b127a790
2026-05-13,2026-05-13 04:59:45,backfill,1,Southern Open,2026,2026-07-17,65,65,live,4,4,0,232,183,282,0.8,,,0,0,N5v4_Final,4b5e148ceb4f00ab,1022b127a790
2026-05-13,2026-05-13 04:59:45,backfill,1,Bradley Open,2026,2026-07-24,72,72,live,4,4,0,257,195,338,0.8,model,family-direct,0,0,N5v4_Final,4b5e148ceb4f00ab,1022b127a790
2026-05-13,2026-05-13 04:59:45,backfill,1,Pacific Coast Open,2026,2026-07-31,79,79,live,10,10,0,387,294,509,0.8,model,family-direct,0,0,N5v4_Final,4b5e148ceb4f00ab,1022b127a790
2026-05-13,2026-05-13 04:59:45,backfill,1,Continental Open,2026,2026-08-13,92,92,live,2,2,0,283,252,317,0.8,,,0,0,N5v4_Final,4b5e148ceb4f00ab,1022b127a790
2026-05-13,2026-05-13 04:59:45,backfill,1,Central California Open,2026,2026-08-14,93,93,live,2,3,1,175,144,203,0.8,,,0,0,N5v4_Final,4b5e148ceb4f00ab,1022b127a790
2026-05-13,2026-05-13 04:59:45,backfill,1,Atlantic Open,2026,2026-08-21,100,100,live,2,2,0,316,251,395,0.8,,,0,0,N5v4_Final,4b5e148ceb4f00ab,1022b127a790
2026-05-13,2026-05-13 04:59:45,backfill,1,Indianapolis Open,2026,2026-08-21,100,100,live,1,1,0,186,175,198,0.8,,,0,0,N5v4_Final,4b5e148ceb4f00ab,1022b127a790
2026-05-13,2026-05-13 04:59:45,backfill,1,New York State Championship,2026,2026-09-04,114,114,live,7,7,0,304,237,347,0.8,,,0,0,N5v4_Final,4b5e148ceb4f00ab,1022b127a790
2026-05-13,2026-05-13 04:59:45,backfill,1,Midwest Class Championships,2026,2026-10-09,149,149,live,2,2,0,313,296,338,0.8,,,0,0,N5v4_Final,4b5e148ceb4f00ab,1022b127a790
2026-05-13,2026-05-13 04:59:45,backfill,1,Eastern Class Championships (in Connecticut),2026,2026-10-16,156,156,live,1,1,0,100,70,130,0.8,,,0,0,N5v4_Final,4b5e148ceb4f00ab,1022b127a790
2026-05-13,2026-05-13 04:59:45,backfill,1,Eastern Chess Congress (in New Jersey),2026,2026-10-23,163,163,live,1,2,1,100,70,130,0.8,,,0,0,N5v4_Final,4b5e148ceb4f00ab,1022b127a790
2026-05-13,2026-05-13 04:59:45,backfill,1,Los Angeles Open,2026,2026-11-06,177,177,live,1,1,0,365,289,413,0.8,,,0,0,N5v4_Final,4b5e148ceb4f00ab,1022b127a790
2026-05-13,2026-05-13 04:59:45,backfill,1,Kings Island Open,2026,2026-11-13,184,184,live,1,1,0,346,318,364,0.8,,,0,0,N5v4_Final,4b5e148ceb4f00ab,1022b127a790
2026-05-13,2026-05-13 04:59:45,backfill,1,National Chess Congress,2026,2026-11-27,198,198,live,1,1,0,623,572,677,0.8,,,0,0,N5v4_Final,4b5e148ceb4f00ab,1022b127a790
2026-05-14,2026-05-14 04:58:20,backfill,1,Chicago Open,2026,2026-05-21,7,7,live,540,558,18,889,832,949,0.8,model,family-direct,0,0,N5v4_Final,4b5e148ceb4f00ab,0054f5af031e
2026-05-14,2026-05-14 04:58:20,backfill,1,Hartford Open,2026,2026-06-05,22,22,live,39,39,0,231,212,251,0.8,model,family-direct,0,0,N5v4_Final,4b5e148ceb4f00ab,0054f5af031e
2026-05-14,2026-05-14 04:58:20,backfill,1,Cleveland Open,2026,2026-06-05,22,22,live,31,32,1,226,201,254,0.8,model,family-direct,0,0,N5v4_Final,4b5e148ceb4f00ab,0054f5af031e
2026-05-14,2026-05-14 04:58:20,backfill,1,New York State Open,2026,2026-06-19,36,36,live,27,28,1,106,71,157,0.8,model,family-direct,1,0,N5v4_Final,4b5e148ceb4f00ab,0054f5af031e
2026-05-14,2026-05-14 04:58:20,backfill,1,DC International,2026,2026-06-25,42,42,live,28,29,1,109,100,117,0.8,model,family-alias,1,0,N5v4_Final,4b5e148ceb4f00ab,0054f5af031e
2026-05-14,2026-05-14 04:58:20,backfill,1,World Open lower sections,2026,2026-06-26,43,43,live,15,15,0,138,118,161,0.8,model,family-direct,1,0,N5v4_Final,4b5e148ceb4f00ab,0054f5af031e
2026-05-14,2026-05-14 04:58:20,backfill,1,DC Open,2026,2026-06-26,43,43,live,13,14,1,269,251,287,0.8,model,family-alias,1,0,N5v4_Final,4b5e148ceb4f00ab,0054f5af031e
2026-05-14,2026-05-14 04:58:20,backfill,1,World Open Under 13 Championship,2026,2026-06-29,46,46,live,14,14,0,110,77,145,0.8,,,0,0,N5v4_Final,4b5e148ceb4f00ab,0054f5af031e
2026-05-14,2026-05-14 04:58:20,backfill,1,World Open top 6 sections,2026,2026-07-01,48,48,live,211,211,0,1161,1014,1330,0.8,model,family-direct,1,0,N5v4_Final,4b5e148ceb4f00ab,0054f5af031e
2026-05-14,2026-05-14 04:58:20,backfill,1,Chicago Class,2026,2026-07-17,64,64,live,4,4,0,277,210,364,0.8,model,family-direct,0,0,N5v4_Final,4b5e148ceb4f00ab,0054f5af031e
2026-05-14,2026-05-14 04:58:20,backfill,1,Pittsburgh Open,2026,2026-07-17,64,64,live,9,9,0,165,117,233,0.8,model,family-direct,0,0,N5v4_Final,4b5e148ceb4f00ab,0054f5af031e
2026-05-14,2026-05-14 04:58:20,backfill,1,Southern Open,2026,2026-07-17,64,64,live,4,4,0,232,183,282,0.8,,,0,0,N5v4_Final,4b5e148ceb4f00ab,0054f5af031e
2026-05-14,2026-05-14 04:58:20,backfill,1,Bradley Open,2026,2026-07-24,71,71,live,4,4,0,257,195,338,0.8,model,family-direct,0,0,N5v4_Final,4b5e148ceb4f00ab,0054f5af031e
2026-05-14,2026-05-14 04:58:20,backfill,1,Pacific Coast Open,2026,2026-07-31,78,78,live,11,11,0,388,295,511,0.8,model,family-direct,0,0,N5v4_Final,4b5e148ceb4f00ab,0054f5af031e
2026-05-14,2026-05-14 04:58:20,backfill,1,Continental Open,2026,2026-08-13,91,91,live,2,2,0,283,252,317,0.8,,,0,0,N5v4_Final,4b5e148ceb4f00ab,0054f5af031e
2026-05-14,2026-05-14 04:58:20,backfill,1,Central California Open,2026,2026-08-14,92,92,live,2,3,1,175,144,203,0.8,,,0,0,N5v4_Final,4b5e148ceb4f00ab,0054f5af031e
2026-05-14,2026-05-14 04:58:20,backfill,1,Atlantic Open,2026,2026-08-21,99,99,live,2,2,0,316,251,395,0.8,,,0,0,N5v4_Final,4b5e148ceb4f00ab,0054f5af031e
2026-05-14,2026-05-14 04:58:20,backfill,1,Indianapolis Open,2026,2026-08-21,99,99,live,1,1,0,186,175,198,0.8,,,0,0,N5v4_Final,4b5e148ceb4f00ab,0054f5af031e
2026-05-14,2026-05-14 04:58:20,backfill,1,New York State Championship,2026,2026-09-04,113,113,live,7,7,0,304,237,347,0.8,,,0,0,N5v4_Final,4b5e148ceb4f00ab,0054f5af031e
2026-05-14,2026-05-14 04:58:20,backfill,1,Midwest Class Championships,2026,2026-10-09,148,148,live,2,2,0,313,296,338,0.8,,,0,0,N5v4_Final,4b5e148ceb4f00ab,0054f5af031e
2026-05-14,2026-05-14 04:58:20,backfill,1,Eastern Class Championships (in Connecticut),2026,2026-10-16,155,155,live,1,1,0,100,70,130,0.8,,,0,0,N5v4_Final,4b5e148ceb4f00ab,0054f5af031e
2026-05-14,2026-05-14 04:58:20,backfill,1,Eastern Chess Congress (in New Jersey),2026,2026-10-23,162,162,live,1,2,1,100,70,130,0.8,,,0,0,N5v4_Final,4b5e148ceb4f00ab,0054f5af031e
2026-05-14,2026-05-14 04:58:20,backfill,1,Los Angeles Open,2026,2026-11-06,176,176,live,1,1,0,365,289,413,0.8,,,0,0,N5v4_Final,4b5e148ceb4f00ab,0054f5af031e
2026-05-14,2026-05-14 04:58:20,backfill,1,Kings Island Open,2026,2026-11-13,183,183,live,1,1,0,346,318,364,0.8,,,0,0,N5v4_Final,4b5e148ceb4f00ab,0054f5af031e
2026-05-14,2026-05-14 04:58:20,backfill,1,National Chess Congress,2026,2026-11-27,197,197,live,1,1,0,623,572,677,0.8,,,0,0,N5v4_Final,4b5e148ceb4f00ab,0054f5af031e
2026-05-15,2026-05-15 05:02:13,backfill,1,Chicago Open,2026,2026-05-21,6,6,live,564,583,19,905,847,966,0.8,model,family-direct,0,0,N5v4_Final,4b5e148ceb4f00ab,00642bfc43ab
2026-05-15,2026-05-15 05:02:13,backfill,1,Hartford Open,2026,2026-06-05,21,21,live,41,41,0,227,202,254,0.8,model,family-direct,0,0,N5v4_Final,4b5e148ceb4f00ab,00642bfc43ab
2026-05-15,2026-05-15 05:02:13,backfill,1,Cleveland Open,2026,2026-06-05,21,21,live,31,32,1,220,191,254,0.8,model,family-direct,0,0,N5v4_Final,4b5e148ceb4f00ab,00642bfc43ab
2026-05-15,2026-05-15 05:02:13,backfill,1,New York State Open,2026,2026-06-19,35,35,live,27,28,1,104,46,232,0.8,model,family-direct,1,0,N5v4_Final,4b5e148ceb4f00ab,00642bfc43ab
2026-05-15,2026-05-15 05:02:13,backfill,1,DC International,2026,2026-06-25,41,41,live,35,36,1,118,110,127,0.8,model,family-alias,1,0,N5v4_Final,4b5e148ceb4f00ab,00642bfc43ab
2026-05-15,2026-05-15 05:02:13,backfill,1,World Open lower sections,2026,2026-06-26,42,42,live,19,19,0,141,121,163,0.8,model,family-direct,1,0,N5v4_Final,4b5e148ceb4f00ab,00642bfc43ab
2026-05-15,2026-05-15 05:02:13,backfill,1,DC Open,2026,2026-06-26,42,42,live,13,14,1,268,252,285,0.8,model,family-alias,1,0,N5v4_Final,4b5e148ceb4f00ab,00642bfc43ab
2026-05-15,2026-05-15 05:02:13,backfill,1,World Open Under 13 Championship,2026,2026-06-29,45,45,live,14,14,0,110,77,145,0.8,,,0,0,N5v4_Final,4b5e148ceb4f00ab,00642bfc43ab
2026-05-15,2026-05-15 05:02:13,backfill,1,World Open top 6 sections,2026,2026-07-01,47,47,live,248,248,0,1092,956,1248,0.8,model,family-direct,1,0,N5v4_Final,4b5e148ceb4f00ab,00642bfc43ab
2026-05-15,2026-05-15 05:02:13,backfill,1,Chicago Class,2026,2026-07-17,63,63,live,4,4,0,276,210,364,0.8,model,family-direct,0,0,N5v4_Final,4b5e148ceb4f00ab,00642bfc43ab
2026-05-15,2026-05-15 05:02:13,backfill,1,Pittsburgh Open,2026,2026-07-17,63,63,live,9,9,0,165,117,233,0.8,model,family-direct,0,0,N5v4_Final,4b5e148ceb4f00ab,00642bfc43ab
2026-05-15,2026-05-15 05:02:13,backfill,1,Southern Open,2026,2026-07-17,63,63,live,5,5,0,232,183,282,0.8,,,0,0,N5v4_Final,4b5e148ceb4f00ab,00642bfc43ab
2026-05-15,2026-05-15 05:02:13,backfill,1,Bradley Open,2026,2026-07-24,70,70,live,4,4,0,256,195,337,0.8,model,family-direct,0,0,N5v4_Final,4b5e148ceb4f00ab,00642bfc43ab
2026-05-15,2026-05-15 05:02:13,backfill,1,Pacific Coast Open,2026,2026-07-31,77,77,live,11,11,0,387,294,509,0.8,model,family-direct,0,0,N5v4_Final,4b5e148ceb4f00ab,00642bfc43ab
2026-05-15,2026-05-15 05:02:13,backfill,1,Continental Open,2026,2026-08-13,90,90,live,2,2,0,283,252,317,0.8,,,0,0,N5v4_Final,4b5e148ceb4f00ab,00642bfc43ab
2026-05-15,2026-05-15 05:02:13,backfill,1,Central California Open,2026,2026-08-14,91,91,live,2,3,1,175,144,203,0.8,,,0,0,N5v4_Final,4b5e148ceb4f00ab,00642bfc43ab
2026-05-15,2026-05-15 05:02:13,backfill,1,Atlantic Open,2026,2026-08-21,98,98,live,2,2,0,316,251,395,0.8,,,0,0,N5v4_Final,4b5e148ceb4f00ab,00642bfc43ab
2026-05-15,2026-05-15 05:02:13,backfill,1,Indianapolis Open,2026,2026-08-21,98,98,live,1,1,0,186,175,198,0.8,,,0,0,N5v4_Final,4b5e148ceb4f00ab,00642bfc43ab
2026-05-15,2026-05-15 05:02:13,backfill,1,New York State Championship,2026,2026-09-04,112,112,live,7,7,0,304,237,347,0.8,,,0,0,N5v4_Final,4b5e148ceb4f00ab,00642bfc43ab
2026-05-15,2026-05-15 05:02:13,backfill,1,Midwest Class Championships,2026,2026-10-09,147,147,live,2,2,0,313,296,338,0.8,,,0,0,N5v4_Final,4b5e148ceb4f00ab,00642bfc43ab
2026-05-15,2026-05-15 05:02:13,backfill,1,Eastern Class Championships (in Connecticut),2026,2026-10-16,154,154,live,1,1,0,100,70,130,0.8,,,0,0,N5v4_Final,4b5e148ceb4f00ab,00642bfc43ab
2026-05-15,2026-05-15 05:02:13,backfill,1,Eastern Chess Congress (in New Jersey),2026,2026-10-23,161,161,live,1,2,1,100,70,130,0.8,,,0,0,N5v4_Final,4b5e148ceb4f00ab,00642bfc43ab
2026-05-15,2026-05-15 05:02:13,backfill,1,Los Angeles Open,2026,2026-11-06,175,175,live,1,1,0,365,289,413,0.8,,,0,0,N5v4_Final,4b5e148ceb4f00ab,00642bfc43ab
2026-05-15,2026-05-15 05:02:13,backfill,1,Kings Island Open,2026,2026-11-13,182,182,live,1,1,0,346,318,364,0.8,,,0,0,N5v4_Final,4b5e148ceb4f00ab,00642bfc43ab
2026-05-15,2026-05-15 05:02:13,backfill,1,National Chess Congress,2026,2026-11-27,196,196,live,1,1,0,623,572,677,0.8,,,0,0,N5v4_Final,4b5e148ceb4f00ab,00642bfc43ab
2026-05-15,2026-05-15 05:02:13,backfill,1,North American Open,2026,2026-12-26,225,225,live,0,0,0,1081,946,1199,0.8,,,0,0,N5v4_Final,4b5e148ceb4f00ab,00642bfc43ab
2026-05-16,2026-05-16 04:39:47,backfill,1,Chicago Open,2026,2026-05-21,5,5,live,579,598,19,888,843,936,0.8,model,family-direct,0,0,N5v4_Final,4b5e148ceb4f00ab,f0b253a7ff96
2026-05-16,2026-05-16 04:39:47,backfill,1,Hartford Open,2026,2026-06-05,20,20,live,41,41,0,222,200,247,0.8,model,family-direct,0,0,N5v4_Final,4b5e148ceb4f00ab,f0b253a7ff96
2026-05-16,2026-05-16 04:39:47,backfill,1,Cleveland Open,2026,2026-06-05,20,20,live,32,33,1,219,191,252,0.8,model,family-direct,0,0,N5v4_Final,4b5e148ceb4f00ab,f0b253a7ff96
2026-05-16,2026-05-16 04:39:47,backfill,1,New York State Open,2026,2026-06-19,34,34,live,27,28,1,101,47,219,0.8,model,family-direct,1,0,N5v4_Final,4b5e148ceb4f00ab,f0b253a7ff96
2026-05-16,2026-05-16 04:39:47,backfill,1,DC International,2026,2026-06-25,40,40,live,42,43,1,127,119,137,0.8,model,family-alias,1,0,N5v4_Final,4b5e148ceb4f00ab,f0b253a7ff96
2026-05-16,2026-05-16 04:39:47,backfill,1,World Open lower sections,2026,2026-06-26,41,41,live,22,22,0,142,123,165,0.8,model,family-direct,1,0,N5v4_Final,4b5e148ceb4f00ab,f0b253a7ff96
2026-05-16,2026-05-16 04:39:47,backfill,1,DC Open,2026,2026-06-26,41,41,live,14,15,1,268,252,285,0.8,model,family-alias,1,0,N5v4_Final,4b5e148ceb4f00ab,f0b253a7ff96
2026-05-16,2026-05-16 04:39:47,backfill,1,World Open Under 13 Championship,2026,2026-06-29,44,44,live,17,17,0,110,77,145,0.8,,,0,0,N5v4_Final,4b5e148ceb4f00ab,f0b253a7ff96
2026-05-16,2026-05-16 04:39:47,backfill,1,World Open top 6 sections,2026,2026-07-01,46,46,live,307,307,0,1125,986,1283,0.8,model,family-direct,1,0,N5v4_Final,4b5e148ceb4f00ab,f0b253a7ff96
2026-05-16,2026-05-16 04:39:47,backfill,1,Chicago Class,2026,2026-07-17,62,62,live,4,4,0,276,210,363,0.8,model,family-direct,0,0,N5v4_Final,4b5e148ceb4f00ab,f0b253a7ff96
2026-05-16,2026-05-16 04:39:47,backfill,1,Pittsburgh Open,2026,2026-07-17,62,62,live,9,9,0,165,116,233,0.8,model,family-direct,0,0,N5v4_Final,4b5e148ceb4f00ab,f0b253a7ff96
2026-05-16,2026-05-16 04:39:47,backfill,1,Southern Open,2026,2026-07-17,62,62,live,5,5,0,232,183,282,0.8,,,0,0,N5v4_Final,4b5e148ceb4f00ab,f0b253a7ff96
2026-05-16,2026-05-16 04:39:47,backfill,1,Bradley Open,2026,2026-07-24,69,69,live,4,4,0,256,194,336,0.8,model,family-direct,0,0,N5v4_Final,4b5e148ceb4f00ab,f0b253a7ff96
2026-05-16,2026-05-16 04:39:47,backfill,1,Pacific Coast Open,2026,2026-07-31,76,76,live,11,11,0,385,293,507,0.8,model,family-direct,0,0,N5v4_Final,4b5e148ceb4f00ab,f0b253a7ff96
2026-05-16,2026-05-16 04:39:47,backfill,1,Continental Open,2026,2026-08-13,89,89,live,2,2,0,283,252,317,0.8,,,0,0,N5v4_Final,4b5e148ceb4f00ab,f0b253a7ff96
2026-05-16,2026-05-16 04:39:47,backfill,1,Central California Open,2026,2026-08-14,90,90,live,2,3,1,175,144,203,0.8,,,0,0,N5v4_Final,4b5e148ceb4f00ab,f0b253a7ff96
2026-05-16,2026-05-16 04:39:47,backfill,1,Atlantic Open,2026,2026-08-21,97,97,live,2,2,0,316,251,395,0.8,,,0,0,N5v4_Final,4b5e148ceb4f00ab,f0b253a7ff96
2026-05-16,2026-05-16 04:39:47,backfill,1,Indianapolis Open,2026,2026-08-21,97,97,live,1,1,0,186,175,198,0.8,,,0,0,N5v4_Final,4b5e148ceb4f00ab,f0b253a7ff96
2026-05-16,2026-05-16 04:39:47,backfill,1,New York State Championship,2026,2026-09-04,111,111,live,7,7,0,304,237,347,0.8,,,0,0,N5v4_Final,4b5e148ceb4f00ab,f0b253a7ff96
2026-05-16,2026-05-16 04:39:47,backfill,1,Midwest Class Championships,2026,2026-10-09,146,146,live,2,2,0,313,296,338,0.8,,,0,0,N5v4_Final,4b5e148ceb4f00ab,f0b253a7ff96
2026-05-16,2026-05-16 04:39:47,backfill,1,Eastern Class Championships (in Connecticut),2026,2026-10-16,153,153,live,1,1,0,100,70,130,0.8,,,0,0,N5v4_Final,4b5e148ceb4f00ab,f0b253a7ff96
2026-05-16,2026-05-16 04:39:47,backfill,1,Eastern Chess Congress (in New Jersey),2026,2026-10-23,160,160,live,1,2,1,100,70,130,0.8,,,0,0,N5v4_Final,4b5e148ceb4f00ab,f0b253a7ff96
2026-05-16,2026-05-16 04:39:47,backfill,1,Los Angeles Open,2026,2026-11-06,174,174,live,1,1,0,365,289,413,0.8,,,0,0,N5v4_Final,4b5e148ceb4f00ab,f0b253a7ff96
2026-05-16,2026-05-16 04:39:47,backfill,1,Kings Island Open,2026,2026-11-13,181,181,live,1,1,0,346,318,364,0.8,,,0,0,N5v4_Final,4b5e148ceb4f00ab,f0b253a7ff96
2026-05-16,2026-05-16 04:39:47,backfill,1,National Chess Congress,2026,2026-11-27,195,195,live,1,1,0,623,572,677,0.8,,,0,0,N5v4_Final,4b5e148ceb4f00ab,f0b253a7ff96
2026-05-16,2026-05-16 04:39:47,backfill,1,North American Open,2026,2026-12-26,224,224,live,2,2,0,1081,946,1199,0.8,,,0,0,N5v4_Final,4b5e148ceb4f00ab,f0b253a7ff96
2026-05-17,2026-05-17 05:02:09,backfill,1,Chicago Open,2026,2026-05-21,4,4,live,610,629,19,890,844,938,0.8,model,family-direct,0,0,N5v4_Final,4b5e148ceb4f00ab,d4d67c29cd2a
2026-05-17,2026-05-17 05:02:09,backfill,1,Hartford Open,2026,2026-06-05,19,19,live,41,41,0,218,198,241,0.8,model,family-direct,0,0,N5v4_Final,4b5e148ceb4f00ab,d4d67c29cd2a
2026-05-17,2026-05-17 05:02:09,backfill,1,Cleveland Open,2026,2026-06-05,19,19,live,33,34,1,218,191,249,0.8,model,family-direct,0,0,N5v4_Final,4b5e148ceb4f00ab,d4d67c29cd2a
2026-05-17,2026-05-17 05:02:09,backfill,1,New York State Open,2026,2026-06-19,33,33,live,28,29,1,100,49,203,0.8,model,family-direct,1,0,N5v4_Final,4b5e148ceb4f00ab,d4d67c29cd2a
2026-05-17,2026-05-17 05:02:09,backfill,1,DC International,2026,2026-06-25,39,39,live,42,43,1,125,117,134,0.8,model,family-alias,1,0,N5v4_Final,4b5e148ceb4f00ab,d4d67c29cd2a
2026-05-17,2026-05-17 05:02:09,backfill,1,World Open lower sections,2026,2026-06-26,40,40,live,22,22,0,141,122,163,0.8,model,family-direct,1,0,N5v4_Final,4b5e148ceb4f00ab,d4d67c29cd2a
2026-05-17,2026-05-17 05:02:09,backfill,1,DC Open,2026,2026-06-26,40,40,live,15,16,1,269,253,286,0.8,model,family-alias,1,0,N5v4_Final,4b5e148ceb4f00ab,d4d67c29cd2a
2026-05-17,2026-05-17 05:02:09,backfill,1,World Open Under 13 Championship,2026,2026-06-29,43,43,live,17,17,0,110,77,145,0.8,,,0,0,N5v4_Final,4b5e148ceb4f00ab,d4d67c29cd2a
2026-05-17,2026-05-17 05:02:09,backfill,1,World Open top 6 sections,2026,2026-07-01,45,45,live,312,312,0,1115,980,1270,0.8,model,family-direct,1,0,N5v4_Final,4b5e148ceb4f00ab,d4d67c29cd2a
2026-05-17,2026-05-17 05:02:09,backfill,1,Chicago Class,2026,2026-07-17,61,61,live,4,4,0,276,209,363,0.8,model,family-direct,0,0,N5v4_Final,4b5e148ceb4f00ab,d4d67c29cd2a
2026-05-17,2026-05-17 05:02:09,backfill,1,Pittsburgh Open,2026,2026-07-17,61,61,live,9,9,0,164,116,233,0.8,model,family-direct,0,0,N5v4_Final,4b5e148ceb4f00ab,d4d67c29cd2a
2026-05-17,2026-05-17 05:02:09,backfill,1,Southern Open,2026,2026-07-17,61,61,live,6,6,0,232,183,282,0.8,,,0,0,N5v4_Final,4b5e148ceb4f00ab,d4d67c29cd2a
2026-05-17,2026-05-17 05:02:09,backfill,1,Bradley Open,2026,2026-07-24,68,68,live,4,4,0,255,194,336,0.8,model,family-direct,0,0,N5v4_Final,4b5e148ceb4f00ab,d4d67c29cd2a
2026-05-17,2026-05-17 05:02:09,backfill,1,Pacific Coast Open,2026,2026-07-31,75,75,live,11,12,1,389,296,512,0.8,model,family-direct,0,0,N5v4_Final,4b5e148ceb4f00ab,d4d67c29cd2a
2026-05-17,2026-05-17 05:02:09,backfill,1,Continental Open,2026,2026-08-13,88,88,live,2,2,0,283,252,317,0.8,,,0,0,N5v4_Final,4b5e148ceb4f00ab,d4d67c29cd2a
2026-05-17,2026-05-17 05:02:09,backfill,1,Central California Open,2026,2026-08-14,89,89,live,2,3,1,175,144,203,0.8,,,0,0,N5v4_Final,4b5e148ceb4f00ab,d4d67c29cd2a
2026-05-17,2026-05-17 05:02:09,backfill,1,Atlantic Open,2026,2026-08-21,96,96,live,2,2,0,316,251,395,0.8,,,0,0,N5v4_Final,4b5e148ceb4f00ab,d4d67c29cd2a
2026-05-17,2026-05-17 05:02:09,backfill,1,Indianapolis Open,2026,2026-08-21,96,96,live,1,1,0,186,175,198,0.8,,,0,0,N5v4_Final,4b5e148ceb4f00ab,d4d67c29cd2a
2026-05-17,2026-05-17 05:02:09,backfill,1,New York State Championship,2026,2026-09-04,110,110,live,7,7,0,304,237,347,0.8,,,0,0,N5v4_Final,4b5e148ceb4f00ab,d4d67c29cd2a
2026-05-17,2026-05-17 05:02:09,backfill,1,Midwest Class Championships,2026,2026-10-09,145,145,live,2,2,0,313,296,338,0.8,,,0,0,N5v4_Final,4b5e148ceb4f00ab,d4d67c29cd2a
2026-05-17,2026-05-17 05:02:09,backfill,1,Eastern Class Championships (in Connecticut),2026,2026-10-16,152,152,live,1,1,0,100,70,130,0.8,,,0,0,N5v4_Final,4b5e148ceb4f00ab,d4d67c29cd2a
2026-05-17,2026-05-17 05:02:09,backfill,1,Eastern Chess Congress (in New Jersey),2026,2026-10-23,159,159,live,1,2,1,100,70,130,0.8,,,0,0,N5v4_Final,4b5e148ceb4f00ab,d4d67c29cd2a
2026-05-17,2026-05-17 05:02:09,backfill,1,Los Angeles Open,2026,2026-11-06,173,173,live,1,1,0,365,289,413,0.8,,,0,0,N5v4_Final,4b5e148ceb4f00ab,d4d67c29cd2a
2026-05-17,2026-05-17 05:02:09,backfill,1,Kings Island Open,2026,2026-11-13,180,180,live,1,1,0,346,318,364,0.8,,,0,0,N5v4_Final,4b5e148ceb4f00ab,d4d67c29cd2a
2026-05-17,2026-05-17 05:02:09,backfill,1,National Chess Congress,2026,2026-11-27,194,194,live,1,1,0,623,572,677,0.8,,,0,0,N5v4_Final,4b5e148ceb4f00ab,d4d67c29cd2a
2026-05-17,2026-05-17 05:02:09,backfill,1,North American Open,2026,2026-12-26,223,223,live,2,2,0,1081,946,1199,0.8,,,0,0,N5v4_Final,4b5e148ceb4f00ab,d4d67c29cd2a
2026-05-17,2026-05-17 08:15:19,backfill,1,Chicago Open,2026,2026-05-21,4,4,live,610,629,19,869,826,914,0.8,model,family-direct,0,0,N5v4_Final,4b5e148ceb4f00ab,c54e010ab0be
2026-05-17,2026-05-17 08:15:19,backfill,1,Hartford Open,2026,2026-06-05,19,19,live,41,41,0,215,197,235,0.8,model,family-direct,0,0,N5v4_Final,4b5e148ceb4f00ab,c54e010ab0be
2026-05-17,2026-05-17 08:15:19,backfill,1,Cleveland Open,2026,2026-06-05,19,19,live,33,34,1,195,175,219,0.8,model,family-direct,0,0,N5v4_Final,4b5e148ceb4f00ab,c54e010ab0be
2026-05-17,2026-05-17 08:15:19,backfill,1,New York State Open,2026,2026-06-19,33,33,live,28,29,1,96,50,185,0.8,model,family-direct,1,0,N5v4_Final,4b5e148ceb4f00ab,c54e010ab0be
2026-05-17,2026-05-17 08:15:19,backfill,1,DC International,2026,2026-06-25,39,39,live,42,43,1,125,118,134,0.8,model,family-alias,1,0,N5v4_Final,4b5e148ceb4f00ab,c54e010ab0be
2026-05-17,2026-05-17 08:15:19,backfill,1,World Open lower sections,2026,2026-06-26,40,40,live,22,22,0,142,123,162,0.8,model,family-direct,1,0,N5v4_Final,4b5e148ceb4f00ab,c54e010ab0be
2026-05-17,2026-05-17 08:15:19,backfill,1,DC Open,2026,2026-06-26,40,40,live,15,16,1,269,254,286,0.8,model,family-alias,1,0,N5v4_Final,4b5e148ceb4f00ab,c54e010ab0be
2026-05-17,2026-05-17 08:15:19,backfill,1,World Open Under 13 Championship,2026,2026-06-29,43,43,live,17,17,0,110,77,145,0.8,,,0,0,N5v4_Final,4b5e148ceb4f00ab,c54e010ab0be
2026-05-17,2026-05-17 08:15:19,backfill,1,World Open top 6 sections,2026,2026-07-01,45,45,live,312,312,0,1117,988,1262,0.8,model,family-direct,1,0,N5v4_Final,4b5e148ceb4f00ab,c54e010ab0be
2026-05-17,2026-05-17 08:15:19,backfill,1,Chicago Class,2026,2026-07-17,61,61,live,4,4,0,275,209,362,0.8,model,family-direct,0,0,N5v4_Final,4b5e148ceb4f00ab,c54e010ab0be
2026-05-17,2026-05-17 08:15:19,backfill,1,Pittsburgh Open,2026,2026-07-17,61,61,live,9,9,0,164,116,232,0.8,model,family-direct,0,0,N5v4_Final,4b5e148ceb4f00ab,c54e010ab0be
2026-05-17,2026-05-17 08:15:19,backfill,1,Southern Open,2026,2026-07-17,61,61,live,6,6,0,232,183,282,0.8,,,0,0,N5v4_Final,4b5e148ceb4f00ab,c54e010ab0be
2026-05-17,2026-05-17 08:15:19,backfill,1,Bradley Open,2026,2026-07-24,68,68,live,4,4,0,255,194,336,0.8,model,family-direct,0,0,N5v4_Final,4b5e148ceb4f00ab,c54e010ab0be
2026-05-17,2026-05-17 08:15:19,backfill,1,Pacific Coast Open,2026,2026-07-31,75,75,live,11,12,1,387,294,510,0.8,model,family-direct,0,0,N5v4_Final,4b5e148ceb4f00ab,c54e010ab0be
2026-05-17,2026-05-17 08:15:19,backfill,1,Continental Open,2026,2026-08-13,88,88,live,2,2,0,283,252,317,0.8,,,0,0,N5v4_Final,4b5e148ceb4f00ab,c54e010ab0be
2026-05-17,2026-05-17 08:15:19,backfill,1,Central California Open,2026,2026-08-14,89,89,live,2,3,1,175,144,203,0.8,,,0,0,N5v4_Final,4b5e148ceb4f00ab,c54e010ab0be
2026-05-17,2026-05-17 08:15:19,backfill,1,Atlantic Open,2026,2026-08-21,96,96,live,2,2,0,316,251,395,0.8,,,0,0,N5v4_Final,4b5e148ceb4f00ab,c54e010ab0be
2026-05-17,2026-05-17 08:15:19,backfill,1,Indianapolis Open,2026,2026-08-21,96,96,live,1,1,0,186,175,198,0.8,,,0,0,N5v4_Final,4b5e148ceb4f00ab,c54e010ab0be
2026-05-17,2026-05-17 08:15:19,backfill,1,New York State Championship,2026,2026-09-04,110,110,live,7,7,0,304,237,347,0.8,,,0,0,N5v4_Final,4b5e148ceb4f00ab,c54e010ab0be
2026-05-17,2026-05-17 08:15:19,backfill,1,Midwest Class Championships,2026,2026-10-09,145,145,live,2,2,0,313,296,338,0.8,,,0,0,N5v4_Final,4b5e148ceb4f00ab,c54e010ab0be
2026-05-17,2026-05-17 08:15:19,backfill,1,Eastern Class Championships (in Connecticut),2026,2026-10-16,152,152,live,1,1,0,100,70,130,0.8,,,0,0,N5v4_Final,4b5e148ceb4f00ab,c54e010ab0be
2026-05-17,2026-05-17 08:15:19,backfill,1,Eastern Chess Congress (in New Jersey),2026,2026-10-23,159,159,live,1,2,1,100,70,130,0.8,,,0,0,N5v4_Final,4b5e148ceb4f00ab,c54e010ab0be
2026-05-17,2026-05-17 08:15:19,backfill,1,Los Angeles Open,2026,2026-11-06,173,173,live,1,1,0,365,289,413,0.8,,,0,0,N5v4_Final,4b5e148ceb4f00ab,c54e010ab0be
2026-05-17,2026-05-17 08:15:19,backfill,1,Kings Island Open,2026,2026-11-13,180,180,live,1,1,0,346,318,364,0.8,,,0,0,N5v4_Final,4b5e148ceb4f00ab,c54e010ab0be
2026-05-17,2026-05-17 08:15:19,backfill,1,National Chess Congress,2026,2026-11-27,194,194,live,1,1,0,623,572,677,0.8,,,0,0,N5v4_Final,4b5e148ceb4f00ab,c54e010ab0be
2026-05-17,2026-05-17 08:15:19,backfill,1,North American Open,2026,2026-12-26,223,223,live,2,2,0,1081,946,1199,0.8,,,0,0,N5v4_Final,4b5e148ceb4f00ab,c54e010ab0be
2026-05-17,2026-05-17 08:41:52,backfill,1,Chicago Open,2026,2026-05-21,4,4,live,610,629,19,869,826,914,0.8,model,family-direct,0,0,N5v4_Final,4b5e148ceb4f00ab,0b207f1db5c0
2026-05-17,2026-05-17 08:41:52,backfill,1,Hartford Open,2026,2026-06-05,19,19,live,41,41,0,215,197,235,0.8,model,family-direct,0,0,N5v4_Final,4b5e148ceb4f00ab,0b207f1db5c0
2026-05-17,2026-05-17 08:41:52,backfill,1,Cleveland Open,2026,2026-06-05,19,19,live,33,34,1,195,175,219,0.8,model,family-direct,0,0,N5v4_Final,4b5e148ceb4f00ab,0b207f1db5c0
2026-05-17,2026-05-17 08:41:52,backfill,1,New York State Open,2026,2026-06-19,33,33,live,28,29,1,96,50,185,0.8,model,family-direct,1,0,N5v4_Final,4b5e148ceb4f00ab,0b207f1db5c0
2026-05-17,2026-05-17 08:41:52,backfill,1,DC International,2026,2026-06-25,39,39,live,42,43,1,125,118,134,0.8,model,family-alias,1,0,N5v4_Final,4b5e148ceb4f00ab,0b207f1db5c0
2026-05-17,2026-05-17 08:41:52,backfill,1,World Open lower sections,2026,2026-06-26,40,40,live,22,22,0,142,123,162,0.8,model,family-direct,1,0,N5v4_Final,4b5e148ceb4f00ab,0b207f1db5c0
2026-05-17,2026-05-17 08:41:52,backfill,1,DC Open,2026,2026-06-26,40,40,live,15,16,1,269,254,286,0.8,model,family-alias,1,0,N5v4_Final,4b5e148ceb4f00ab,0b207f1db5c0
2026-05-17,2026-05-17 08:41:52,backfill,1,World Open Under 13 Championship,2026,2026-06-29,43,43,live,17,17,0,110,77,145,0.8,,,0,0,N5v4_Final,4b5e148ceb4f00ab,0b207f1db5c0
2026-05-17,2026-05-17 08:41:52,backfill,1,World Open top 6 sections,2026,2026-07-01,45,45,live,312,312,0,1117,988,1262,0.8,model,family-direct,1,0,N5v4_Final,4b5e148ceb4f00ab,0b207f1db5c0
2026-05-17,2026-05-17 08:41:52,backfill,1,Chicago Class,2026,2026-07-17,61,61,live,4,4,0,275,209,362,0.8,model,family-direct,0,0,N5v4_Final,4b5e148ceb4f00ab,0b207f1db5c0
2026-05-17,2026-05-17 08:41:52,backfill,1,Pittsburgh Open,2026,2026-07-17,61,61,live,9,9,0,164,116,232,0.8,model,family-direct,0,0,N5v4_Final,4b5e148ceb4f00ab,0b207f1db5c0
2026-05-17,2026-05-17 08:41:52,backfill,1,Southern Open,2026,2026-07-17,61,61,live,6,6,0,232,183,282,0.8,,,0,0,N5v4_Final,4b5e148ceb4f00ab,0b207f1db5c0
2026-05-17,2026-05-17 08:41:52,backfill,1,Bradley Open,2026,2026-07-24,68,68,live,4,4,0,255,194,336,0.8,model,family-direct,0,0,N5v4_Final,4b5e148ceb4f00ab,0b207f1db5c0
2026-05-17,2026-05-17 08:41:52,backfill,1,Pacific Coast Open,2026,2026-07-31,75,75,live,11,12,1,387,294,510,0.8,model,family-direct,0,0,N5v4_Final,4b5e148ceb4f00ab,0b207f1db5c0
2026-05-17,2026-05-17 08:41:52,backfill,1,Continental Open,2026,2026-08-13,88,88,live,2,2,0,283,252,317,0.8,,,0,0,N5v4_Final,4b5e148ceb4f00ab,0b207f1db5c0
2026-05-17,2026-05-17 08:41:52,backfill,1,Central California Open,2026,2026-08-14,89,89,live,2,3,1,175,144,203,0.8,,,0,0,N5v4_Final,4b5e148ceb4f00ab,0b207f1db5c0
2026-05-17,2026-05-17 08:41:52,backfill,1,Atlantic Open,2026,2026-08-21,96,96,live,2,2,0,316,251,395,0.8,,,0,0,N5v4_Final,4b5e148ceb4f00ab,0b207f1db5c0
2026-05-17,2026-05-17 08:41:52,backfill,1,Indianapolis Open,2026,2026-08-21,96,96,live,1,1,0,186,175,198,0.8,,,0,0,N5v4_Final,4b5e148ceb4f00ab,0b207f1db5c0
2026-05-17,2026-05-17 08:41:52,backfill,1,New York State Championship,2026,2026-09-04,110,110,live,7,7,0,304,237,347,0.8,,,0,0,N5v4_Final,4b5e148ceb4f00ab,0b207f1db5c0
2026-05-17,2026-05-17 08:41:52,backfill,1,Midwest Class Championships,2026,2026-10-09,145,145,live,2,2,0,313,296,338,0.8,,,0,0,N5v4_Final,4b5e148ceb4f00ab,0b207f1db5c0
2026-05-17,2026-05-17 08:41:52,backfill,1,Eastern Class Championships (in Connecticut),2026,2026-10-16,152,152,live,1,1,0,100,70,130,0.8,,,0,0,N5v4_Final,4b5e148ceb4f00ab,0b207f1db5c0
2026-05-17,2026-05-17 08:41:52,backfill,1,Eastern Chess Congress (in New Jersey),2026,2026-10-23,159,159,live,1,2,1,100,70,130,0.8,,,0,0,N5v4_Final,4b5e148ceb4f00ab,0b207f1db5c0
2026-05-17,2026-05-17 08:41:52,backfill,1,Los Angeles Open,2026,2026-11-06,173,173,live,1,1,0,365,289,413,0.8,,,0,0,N5v4_Final,4b5e148ceb4f00ab,0b207f1db5c0
2026-05-17,2026-05-17 08:41:52,backfill,1,Kings Island Open,2026,2026-11-13,180,180,live,1,1,0,346,318,364,0.8,,,0,0,N5v4_Final,4b5e148ceb4f00ab,0b207f1db5c0
2026-05-17,2026-05-17 08:41:52,backfill,1,National Chess Congress,2026,2026-11-27,194,194,live,1,1,0,623,572,677,0.8,,,0,0,N5v4_Final,4b5e148ceb4f00ab,0b207f1db5c0
2026-05-17,2026-05-17 08:41:52,backfill,1,North American Open,2026,2026-12-26,223,223,live,2,2,0,1081,946,1199,0.8,,,0,0,N5v4_Final,4b5e148ceb4f00ab,0b207f1db5c0
2026-05-17,2026-05-17 08:58:53,backfill,1,Chicago Open,2026,2026-05-21,4,4,live,610,629,19,869,826,914,0.8,model,family-direct,0,0,N5v4_Final,4b5e148ceb4f00ab,a50aac235777
2026-05-17,2026-05-17 08:58:53,backfill,1,Hartford Open,2026,2026-06-05,19,19,live,41,41,0,215,197,235,0.8,model,family-direct,0,0,N5v4_Final,4b5e148ceb4f00ab,a50aac235777
2026-05-17,2026-05-17 08:58:53,backfill,1,Cleveland Open,2026,2026-06-05,19,19,live,33,34,1,195,175,219,0.8,model,family-direct,0,0,N5v4_Final,4b5e148ceb4f00ab,a50aac235777
2026-05-17,2026-05-17 08:58:53,backfill,1,New York State Open,2026,2026-06-19,33,33,live,28,29,1,96,50,185,0.8,model,family-direct,1,0,N5v4_Final,4b5e148ceb4f00ab,a50aac235777
2026-05-17,2026-05-17 08:58:53,backfill,1,DC International,2026,2026-06-25,39,39,live,42,43,1,125,118,134,0.8,model,family-alias,1,0,N5v4_Final,4b5e148ceb4f00ab,a50aac235777
2026-05-17,2026-05-17 08:58:53,backfill,1,World Open lower sections,2026,2026-06-26,40,40,live,22,22,0,142,123,162,0.8,model,family-direct,1,0,N5v4_Final,4b5e148ceb4f00ab,a50aac235777
2026-05-17,2026-05-17 08:58:53,backfill,1,DC Open,2026,2026-06-26,40,40,live,15,16,1,269,254,286,0.8,model,family-alias,1,0,N5v4_Final,4b5e148ceb4f00ab,a50aac235777
2026-05-17,2026-05-17 08:58:53,backfill,1,World Open Under 13 Championship,2026,2026-06-29,43,43,live,17,17,0,110,77,145,0.8,,,0,0,N5v4_Final,4b5e148ceb4f00ab,a50aac235777
2026-05-17,2026-05-17 08:58:53,backfill,1,World Open top 6 sections,2026,2026-07-01,45,45,live,312,312,0,1140,1009,1288,0.8,model,family-direct,1,0,N5v4_Final,4b5e148ceb4f00ab,a50aac235777
2026-05-17,2026-05-17 08:58:53,backfill,1,Chicago Class,2026,2026-07-17,61,61,live,4,4,0,275,209,362,0.8,model,family-direct,0,0,N5v4_Final,4b5e148ceb4f00ab,a50aac235777
2026-05-17,2026-05-17 08:58:53,backfill,1,Pittsburgh Open,2026,2026-07-17,61,61,live,9,9,0,164,116,232,0.8,model,family-direct,0,0,N5v4_Final,4b5e148ceb4f00ab,a50aac235777
2026-05-17,2026-05-17 08:58:53,backfill,1,Southern Open,2026,2026-07-17,61,61,live,6,6,0,232,183,282,0.8,,,0,0,N5v4_Final,4b5e148ceb4f00ab,a50aac235777
2026-05-17,2026-05-17 08:58:53,backfill,1,Bradley Open,2026,2026-07-24,68,68,live,4,4,0,255,194,336,0.8,model,family-direct,0,0,N5v4_Final,4b5e148ceb4f00ab,a50aac235777
2026-05-17,2026-05-17 08:58:53,backfill,1,Pacific Coast Open,2026,2026-07-31,75,75,live,11,12,1,387,294,510,0.8,model,family-direct,0,0,N5v4_Final,4b5e148ceb4f00ab,a50aac235777
2026-05-17,2026-05-17 08:58:53,backfill,1,Continental Open,2026,2026-08-13,88,88,live,2,2,0,283,252,317,0.8,,,0,0,N5v4_Final,4b5e148ceb4f00ab,a50aac235777
2026-05-17,2026-05-17 08:58:53,backfill,1,Central California Open,2026,2026-08-14,89,89,live,2,3,1,175,144,203,0.8,,,0,0,N5v4_Final,4b5e148ceb4f00ab,a50aac235777
2026-05-17,2026-05-17 08:58:53,backfill,1,Atlantic Open,2026,2026-08-21,96,96,live,2,2,0,316,251,395,0.8,,,0,0,N5v4_Final,4b5e148ceb4f00ab,a50aac235777
2026-05-17,2026-05-17 08:58:53,backfill,1,Indianapolis Open,2026,2026-08-21,96,96,live,1,1,0,186,175,198,0.8,,,0,0,N5v4_Final,4b5e148ceb4f00ab,a50aac235777
2026-05-17,2026-05-17 08:58:53,backfill,1,New York State Championship,2026,2026-09-04,110,110,live,7,7,0,304,237,347,0.8,,,0,0,N5v4_Final,4b5e148ceb4f00ab,a50aac235777
2026-05-17,2026-05-17 08:58:53,backfill,1,Midwest Class Championships,2026,2026-10-09,145,145,live,2,2,0,313,296,338,0.8,,,0,0,N5v4_Final,4b5e148ceb4f00ab,a50aac235777
2026-05-17,2026-05-17 08:58:53,backfill,1,Eastern Class Championships (in Connecticut),2026,2026-10-16,152,152,live,1,1,0,100,70,130,0.8,,,0,0,N5v4_Final,4b5e148ceb4f00ab,a50aac235777
2026-05-17,2026-05-17 08:58:53,backfill,1,Eastern Chess Congress (in New Jersey),2026,2026-10-23,159,159,live,1,2,1,100,70,130,0.8,,,0,0,N5v4_Final,4b5e148ceb4f00ab,a50aac235777
2026-05-17,2026-05-17 08:58:53,backfill,1,Los Angeles Open,2026,2026-11-06,173,173,live,1,1,0,365,289,413,0.8,,,0,0,N5v4_Final,4b5e148ceb4f00ab,a50aac235777
2026-05-17,2026-05-17 08:58:53,backfill,1,Kings Island Open,2026,2026-11-13,180,180,live,1,1,0,346,318,364,0.8,,,0,0,N5v4_Final,4b5e148ceb4f00ab,a50aac235777
2026-05-17,2026-05-17 08:58:53,backfill,1,National Chess Congress,2026,2026-11-27,194,194,live,1,1,0,623,572,677,0.8,,,0,0,N5v4_Final,4b5e148ceb4f00ab,a50aac235777
2026-05-17,2026-05-17 08:58:53,backfill,1,North American Open,2026,2026-12-26,223,223,live,2,2,0,1081,946,1199,0.8,,,0,0,N5v4_Final,4b5e148ceb4f00ab,a50aac235777
2026-05-17,2026-05-17 09:28:56,backfill,1,Chicago Open,2026,2026-05-21,4,4,live,610,629,19,869,826,914,0.8,model,family-direct,0,0,N5v4_Final,4b5e148ceb4f00ab,8a224068e44b
2026-05-17,2026-05-17 09:28:56,backfill,1,Hartford Open,2026,2026-06-05,19,19,live,41,41,0,215,197,235,0.8,model,family-direct,0,0,N5v4_Final,4b5e148ceb4f00ab,8a224068e44b
2026-05-17,2026-05-17 09:28:56,backfill,1,Cleveland Open,2026,2026-06-05,19,19,live,33,34,1,195,175,219,0.8,model,family-direct,0,0,N5v4_Final,4b5e148ceb4f00ab,8a224068e44b
2026-05-17,2026-05-17 09:28:56,backfill,1,New York State Open,2026,2026-06-19,33,33,live,28,29,1,96,50,185,0.8,model,family-direct,1,0,N5v4_Final,4b5e148ceb4f00ab,8a224068e44b
2026-05-17,2026-05-17 09:28:56,backfill,1,DC International,2026,2026-06-25,39,39,live,42,43,1,125,118,134,0.8,model,family-alias,1,0,N5v4_Final,4b5e148ceb4f00ab,8a224068e44b
2026-05-17,2026-05-17 09:28:56,backfill,1,World Open lower sections,2026,2026-06-26,40,40,live,22,22,0,142,123,162,0.8,model,family-direct,1,0,N5v4_Final,4b5e148ceb4f00ab,8a224068e44b
2026-05-17,2026-05-17 09:28:56,backfill,1,DC Open,2026,2026-06-26,40,40,live,15,16,1,269,254,286,0.8,model,family-alias,1,0,N5v4_Final,4b5e148ceb4f00ab,8a224068e44b
2026-05-17,2026-05-17 09:28:56,backfill,1,World Open Under 13 Championship,2026,2026-06-29,43,43,live,17,17,0,110,77,145,0.8,,,0,0,N5v4_Final,4b5e148ceb4f00ab,8a224068e44b
2026-05-17,2026-05-17 09:28:56,backfill,1,World Open top 6 sections,2026,2026-07-01,45,45,live,312,312,0,1140,1009,1288,0.8,model,family-direct,1,0,N5v4_Final,4b5e148ceb4f00ab,8a224068e44b
2026-05-17,2026-05-17 09:28:56,backfill,1,Chicago Class,2026,2026-07-17,61,61,live,4,4,0,275,209,362,0.8,model,family-direct,0,0,N5v4_Final,4b5e148ceb4f00ab,8a224068e44b
2026-05-17,2026-05-17 09:28:56,backfill,1,Pittsburgh Open,2026,2026-07-17,61,61,live,9,9,0,164,116,232,0.8,model,family-direct,0,0,N5v4_Final,4b5e148ceb4f00ab,8a224068e44b
2026-05-17,2026-05-17 09:28:56,backfill,1,Southern Open,2026,2026-07-17,61,61,live,6,6,0,232,183,282,0.8,,,0,0,N5v4_Final,4b5e148ceb4f00ab,8a224068e44b
2026-05-17,2026-05-17 09:28:56,backfill,1,Bradley Open,2026,2026-07-24,68,68,live,4,4,0,255,194,336,0.8,model,family-direct,0,0,N5v4_Final,4b5e148ceb4f00ab,8a224068e44b
2026-05-17,2026-05-17 09:28:56,backfill,1,Pacific Coast Open,2026,2026-07-31,75,75,live,11,12,1,387,294,510,0.8,model,family-direct,0,0,N5v4_Final,4b5e148ceb4f00ab,8a224068e44b
2026-05-17,2026-05-17 09:28:56,backfill,1,Continental Open,2026,2026-08-13,88,88,live,2,2,0,283,252,317,0.8,,,0,0,N5v4_Final,4b5e148ceb4f00ab,8a224068e44b
2026-05-17,2026-05-17 09:28:56,backfill,1,Central California Open,2026,2026-08-14,89,89,live,2,3,1,175,144,203,0.8,,,0,0,N5v4_Final,4b5e148ceb4f00ab,8a224068e44b
2026-05-17,2026-05-17 09:28:56,backfill,1,Atlantic Open,2026,2026-08-21,96,96,live,2,2,0,316,251,395,0.8,,,0,0,N5v4_Final,4b5e148ceb4f00ab,8a224068e44b
2026-05-17,2026-05-17 09:28:56,backfill,1,Indianapolis Open,2026,2026-08-21,96,96,live,1,1,0,186,175,198,0.8,,,0,0,N5v4_Final,4b5e148ceb4f00ab,8a224068e44b
2026-05-17,2026-05-17 09:28:56,backfill,1,New York State Championship,2026,2026-09-04,110,110,live,7,7,0,304,237,347,0.8,,,0,0,N5v4_Final,4b5e148ceb4f00ab,8a224068e44b
2026-05-17,2026-05-17 09:28:56,backfill,1,Midwest Class Championships,2026,2026-10-09,145,145,live,2,2,0,313,296,338,0.8,,,0,0,N5v4_Final,4b5e148ceb4f00ab,8a224068e44b
2026-05-17,2026-05-17 09:28:56,backfill,1,Eastern Class Championships (in Connecticut),2026,2026-10-16,152,152,live,1,1,0,100,70,130,0.8,,,0,0,N5v4_Final,4b5e148ceb4f00ab,8a224068e44b
2026-05-17,2026-05-17 09:28:56,backfill,1,Eastern Chess Congress (in New Jersey),2026,2026-10-23,159,159,live,1,2,1,100,70,130,0.8,,,0,0,N5v4_Final,4b5e148ceb4f00ab,8a224068e44b
2026-05-17,2026-05-17 09:28:56,backfill,1,Los Angeles Open,2026,2026-11-06,173,173,live,1,1,0,365,289,413,0.8,,,0,0,N5v4_Final,4b5e148ceb4f00ab,8a224068e44b
2026-05-17,2026-05-17 09:28:56,backfill,1,Kings Island Open,2026,2026-11-13,180,180,live,1,1,0,346,318,364,0.8,,,0,0,N5v4_Final,4b5e148ceb4f00ab,8a224068e44b
2026-05-17,2026-05-17 09:28:56,backfill,1,National Chess Congress,2026,2026-11-27,194,194,live,1,1,0,623,572,677,0.8,,,0,0,N5v4_Final,4b5e148ceb4f00ab,8a224068e44b
2026-05-17,2026-05-17 09:28:56,backfill,1,North American Open,2026,2026-12-26,223,223,live,2,2,0,1081,946,1199,0.8,,,0,0,N5v4_Final,4b5e148ceb4f00ab,8a224068e44b
2026-05-17,2026-05-17 11:52:40,backfill,1,Chicago Open,2026,2026-05-21,4,4,live,610,629,19,869,826,914,0.8,model,family-direct,0,0,N5v4_Final,4b5e148ceb4f00ab,3759a7cdf448
2026-05-17,2026-05-17 11:52:40,backfill,1,Hartford Open,2026,2026-06-05,19,19,live,41,41,0,215,197,235,0.8,model,family-direct,0,0,N5v4_Final,4b5e148ceb4f00ab,3759a7cdf448
2026-05-17,2026-05-17 11:52:40,backfill,1,Cleveland Open,2026,2026-06-05,19,19,live,33,34,1,195,175,219,0.8,model,family-direct,0,0,N5v4_Final,4b5e148ceb4f00ab,3759a7cdf448
2026-05-17,2026-05-17 11:52:40,backfill,1,New York State Open,2026,2026-06-19,33,33,live,28,29,1,96,50,185,0.8,model,family-direct,1,0,N5v4_Final,4b5e148ceb4f00ab,3759a7cdf448
2026-05-17,2026-05-17 11:52:40,backfill,1,DC International,2026,2026-06-25,39,39,live,42,43,1,125,118,134,0.8,model,family-alias,1,0,N5v4_Final,4b5e148ceb4f00ab,3759a7cdf448
2026-05-17,2026-05-17 11:52:40,backfill,1,World Open lower sections,2026,2026-06-26,40,40,live,22,22,0,142,123,162,0.8,model,family-direct,1,0,N5v4_Final,4b5e148ceb4f00ab,3759a7cdf448
2026-05-17,2026-05-17 11:52:40,backfill,1,DC Open,2026,2026-06-26,40,40,live,15,16,1,269,254,286,0.8,model,family-alias,1,0,N5v4_Final,4b5e148ceb4f00ab,3759a7cdf448
2026-05-17,2026-05-17 11:52:40,backfill,1,World Open Under 13 Championship,2026,2026-06-29,43,43,live,17,17,0,110,77,145,0.8,,,0,0,N5v4_Final,4b5e148ceb4f00ab,3759a7cdf448
2026-05-17,2026-05-17 11:52:40,backfill,1,World Open top 6 sections,2026,2026-07-01,45,45,live,312,312,0,1140,1009,1288,0.8,model,family-direct,1,0,N5v4_Final,4b5e148ceb4f00ab,3759a7cdf448
2026-05-17,2026-05-17 11:52:40,backfill,1,Chicago Class,2026,2026-07-17,61,61,live,4,4,0,275,209,362,0.8,model,family-direct,0,0,N5v4_Final,4b5e148ceb4f00ab,3759a7cdf448
2026-05-17,2026-05-17 11:52:40,backfill,1,Pittsburgh Open,2026,2026-07-17,61,61,live,9,9,0,164,116,232,0.8,model,family-direct,0,0,N5v4_Final,4b5e148ceb4f00ab,3759a7cdf448
2026-05-17,2026-05-17 11:52:40,backfill,1,Southern Open,2026,2026-07-17,61,61,live,6,6,0,232,183,282,0.8,,,0,0,N5v4_Final,4b5e148ceb4f00ab,3759a7cdf448
2026-05-17,2026-05-17 11:52:40,backfill,1,Bradley Open,2026,2026-07-24,68,68,live,4,4,0,255,194,336,0.8,model,family-direct,0,0,N5v4_Final,4b5e148ceb4f00ab,3759a7cdf448
2026-05-17,2026-05-17 11:52:40,backfill,1,Pacific Coast Open,2026,2026-07-31,75,75,live,11,12,1,387,294,510,0.8,model,family-direct,0,0,N5v4_Final,4b5e148ceb4f00ab,3759a7cdf448
2026-05-17,2026-05-17 11:52:40,backfill,1,Continental Open,2026,2026-08-13,88,88,live,2,2,0,283,252,317,0.8,,,0,0,N5v4_Final,4b5e148ceb4f00ab,3759a7cdf448
2026-05-17,2026-05-17 11:52:40,backfill,1,Central California Open,2026,2026-08-14,89,89,live,2,3,1,175,144,203,0.8,,,0,0,N5v4_Final,4b5e148ceb4f00ab,3759a7cdf448
2026-05-17,2026-05-17 11:52:40,backfill,1,Atlantic Open,2026,2026-08-21,96,96,live,2,2,0,316,251,395,0.8,,,0,0,N5v4_Final,4b5e148ceb4f00ab,3759a7cdf448
2026-05-17,2026-05-17 11:52:40,backfill,1,Indianapolis Open,2026,2026-08-21,96,96,live,1,1,0,186,175,198,0.8,,,0,0,N5v4_Final,4b5e148ceb4f00ab,3759a7cdf448
2026-05-17,2026-05-17 11:52:40,backfill,1,New York State Championship,2026,2026-09-04,110,110,live,7,7,0,304,237,347,0.8,,,0,0,N5v4_Final,4b5e148ceb4f00ab,3759a7cdf448
2026-05-17,2026-05-17 11:52:40,backfill,1,Midwest Class Championships,2026,2026-10-09,145,145,live,2,2,0,313,296,338,0.8,,,0,0,N5v4_Final,4b5e148ceb4f00ab,3759a7cdf448
2026-05-17,2026-05-17 11:52:40,backfill,1,Eastern Class Championships (in Connecticut),2026,2026-10-16,152,152,live,1,1,0,100,70,130,0.8,,,0,0,N5v4_Final,4b5e148ceb4f00ab,3759a7cdf448
2026-05-17,2026-05-17 11:52:40,backfill,1,Eastern Chess Congress (in New Jersey),2026,2026-10-23,159,159,live,1,2,1,100,70,130,0.8,,,0,0,N5v4_Final,4b5e148ceb4f00ab,3759a7cdf448
2026-05-17,2026-05-17 11:52:40,backfill,1,Los Angeles Open,2026,2026-11-06,173,173,live,1,1,0,365,289,413,0.8,,,0,0,N5v4_Final,4b5e148ceb4f00ab,3759a7cdf448
2026-05-17,2026-05-17 11:52:40,backfill,1,Kings Island Open,2026,2026-11-13,180,180,live,1,1,0,346,318,364,0.8,,,0,0,N5v4_Final,4b5e148ceb4f00ab,3759a7cdf448
2026-05-17,2026-05-17 11:52:40,backfill,1,National Chess Congress,2026,2026-11-27,194,194,live,1,1,0,623,572,677,0.8,,,0,0,N5v4_Final,4b5e148ceb4f00ab,3759a7cdf448
2026-05-17,2026-05-17 11:52:40,backfill,1,North American Open,2026,2026-12-26,223,223,live,2,2,0,1081,946,1199,0.8,,,0,0,N5v4_Final,4b5e148ceb4f00ab,3759a7cdf448
2026-05-17,2026-05-17 15:17:58,backfill,1,Chicago Open,2026,2026-05-21,4,4,live,610,629,19,869,826,914,0.8,model,family-direct,0,0,N5v4_Final,4b5e148ceb4f00ab,d9bbcd1597d3
2026-05-17,2026-05-17 15:17:58,backfill,1,Hartford Open,2026,2026-06-05,19,19,live,41,41,0,215,197,235,0.8,model,family-direct,0,0,N5v4_Final,4b5e148ceb4f00ab,d9bbcd1597d3
2026-05-17,2026-05-17 15:17:58,backfill,1,Cleveland Open,2026,2026-06-05,19,19,live,33,34,1,195,175,219,0.8,model,family-direct,0,0,N5v4_Final,4b5e148ceb4f00ab,d9bbcd1597d3
2026-05-17,2026-05-17 15:17:58,backfill,1,New York State Open,2026,2026-06-19,33,33,live,28,29,1,96,50,185,0.8,model,family-direct,1,0,N5v4_Final,4b5e148ceb4f00ab,d9bbcd1597d3
2026-05-17,2026-05-17 15:17:58,backfill,1,DC International,2026,2026-06-25,39,39,live,42,43,1,125,118,134,0.8,model,family-alias,1,0,N5v4_Final,4b5e148ceb4f00ab,d9bbcd1597d3
2026-05-17,2026-05-17 15:17:58,backfill,1,World Open lower sections,2026,2026-06-26,40,40,live,22,22,0,142,123,162,0.8,model,family-direct,1,0,N5v4_Final,4b5e148ceb4f00ab,d9bbcd1597d3
2026-05-17,2026-05-17 15:17:58,backfill,1,DC Open,2026,2026-06-26,40,40,live,15,16,1,269,254,286,0.8,model,family-alias,1,0,N5v4_Final,4b5e148ceb4f00ab,d9bbcd1597d3
2026-05-17,2026-05-17 15:17:58,backfill,1,World Open Under 13 Championship,2026,2026-06-29,43,43,live,17,17,0,110,77,145,0.8,,,0,0,N5v4_Final,4b5e148ceb4f00ab,d9bbcd1597d3
2026-05-17,2026-05-17 15:17:58,backfill,1,World Open top 6 sections,2026,2026-07-01,45,45,live,312,312,0,1140,1009,1288,0.8,model,family-direct,1,0,N5v4_Final,4b5e148ceb4f00ab,d9bbcd1597d3
2026-05-17,2026-05-17 15:17:58,backfill,1,Chicago Class,2026,2026-07-17,61,61,live,4,4,0,275,209,362,0.8,model,family-direct,0,0,N5v4_Final,4b5e148ceb4f00ab,d9bbcd1597d3
2026-05-17,2026-05-17 15:17:58,backfill,1,Pittsburgh Open,2026,2026-07-17,61,61,live,9,9,0,164,116,232,0.8,model,family-direct,0,0,N5v4_Final,4b5e148ceb4f00ab,d9bbcd1597d3
2026-05-17,2026-05-17 15:17:58,backfill,1,Southern Open,2026,2026-07-17,61,61,live,6,6,0,232,183,282,0.8,,,0,0,N5v4_Final,4b5e148ceb4f00ab,d9bbcd1597d3
2026-05-17,2026-05-17 15:17:58,backfill,1,Bradley Open,2026,2026-07-24,68,68,live,4,4,0,255,194,336,0.8,model,family-direct,0,0,N5v4_Final,4b5e148ceb4f00ab,d9bbcd1597d3
2026-05-17,2026-05-17 15:17:58,backfill,1,Pacific Coast Open,2026,2026-07-31,75,75,live,11,12,1,387,294,510,0.8,model,family-direct,0,0,N5v4_Final,4b5e148ceb4f00ab,d9bbcd1597d3
2026-05-17,2026-05-17 15:17:58,backfill,1,Continental Open,2026,2026-08-13,88,88,live,2,2,0,283,252,317,0.8,,,0,0,N5v4_Final,4b5e148ceb4f00ab,d9bbcd1597d3
2026-05-17,2026-05-17 15:17:58,backfill,1,Central California Open,2026,2026-08-14,89,89,live,2,3,1,175,144,203,0.8,,,0,0,N5v4_Final,4b5e148ceb4f00ab,d9bbcd1597d3
2026-05-17,2026-05-17 15:17:58,backfill,1,Atlantic Open,2026,2026-08-21,96,96,live,2,2,0,316,251,395,0.8,,,0,0,N5v4_Final,4b5e148ceb4f00ab,d9bbcd1597d3
2026-05-17,2026-05-17 15:17:58,backfill,1,Indianapolis Open,2026,2026-08-21,96,96,live,1,1,0,186,175,198,0.8,,,0,0,N5v4_Final,4b5e148ceb4f00ab,d9bbcd1597d3
2026-05-17,2026-05-17 15:17:58,backfill,1,New York State Championship,2026,2026-09-04,110,110,live,7,7,0,304,237,347,0.8,,,0,0,N5v4_Final,4b5e148ceb4f00ab,d9bbcd1597d3
2026-05-17,2026-05-17 15:17:58,backfill,1,Midwest Class Championships,2026,2026-10-09,145,145,live,2,2,0,313,296,338,0.8,,,0,0,N5v4_Final,4b5e148ceb4f00ab,d9bbcd1597d3
2026-05-17,2026-05-17 15:17:58,backfill,1,Eastern Class Championships (in Connecticut),2026,2026-10-16,152,152,live,1,1,0,100,70,130,0.8,,,0,0,N5v4_Final,4b5e148ceb4f00ab,d9bbcd1597d3
2026-05-17,2026-05-17 15:17:58,backfill,1,Eastern Chess Congress (in New Jersey),2026,2026-10-23,159,159,live,1,2,1,100,70,130,0.8,,,0,0,N5v4_Final,4b5e148ceb4f00ab,d9bbcd1597d3
2026-05-17,2026-05-17 15:17:58,backfill,1,Los Angeles Open,2026,2026-11-06,173,173,live,1,1,0,365,289,413,0.8,,,0,0,N5v4_Final,4b5e148ceb4f00ab,d9bbcd1597d3
2026-05-17,2026-05-17 15:17:58,backfill,1,Kings Island Open,2026,2026-11-13,180,180,live,1,1,0,346,318,364,0.8,,,0,0,N5v4_Final,4b5e148ceb4f00ab,d9bbcd1597d3
2026-05-17,2026-05-17 15:17:58,backfill,1,National Chess Congress,2026,2026-11-27,194,194,live,1,1,0,623,572,677,0.8,,,0,0,N5v4_Final,4b5e148ceb4f00ab,d9bbcd1597d3
2026-05-17,2026-05-17 15:17:58,backfill,1,North American Open,2026,2026-12-26,223,223,live,2,2,0,1081,946,1199,0.8,,,0,0,N5v4_Final,4b5e148ceb4f00ab,d9bbcd1597d3
2026-05-18,2026-05-18 05:18:27,backfill,1,Chicago Open,2026,2026-05-21,3,3,live,644,664,20,868,815,924,0.8,model,family-direct,0,0,N5v4_Final,4b5e148ceb4f00ab,c9a3e73fc07f
2026-05-18,2026-05-18 05:18:27,backfill,1,Hartford Open,2026,2026-06-05,18,18,live,43,44,1,215,199,233,0.8,model,family-direct,0,0,N5v4_Final,4b5e148ceb4f00ab,c9a3e73fc07f
2026-05-18,2026-05-18 05:18:27,backfill,1,Cleveland Open,2026,2026-06-05,18,18,live,33,34,1,192,173,214,0.8,model,family-direct,0,0,N5v4_Final,4b5e148ceb4f00ab,c9a3e73fc07f
2026-05-18,2026-05-18 05:18:27,backfill,1,New York State Open,2026,2026-06-19,32,32,live,29,30,1,96,53,174,0.8,model,family-direct,1,0,N5v4_Final,4b5e148ceb4f00ab,c9a3e73fc07f
2026-05-18,2026-05-18 05:18:27,backfill,1,DC International,2026,2026-06-25,38,38,live,43,44,1,125,117,133,0.8,model,family-alias,1,0,N5v4_Final,4b5e148ceb4f00ab,c9a3e73fc07f
2026-05-18,2026-05-18 05:18:27,backfill,1,World Open lower sections,2026,2026-06-26,39,39,live,22,22,0,141,123,161,0.8,model,family-direct,1,0,N5v4_Final,4b5e148ceb4f00ab,c9a3e73fc07f
2026-05-18,2026-05-18 05:18:27,backfill,1,DC Open,2026,2026-06-26,39,39,live,16,17,1,270,254,286,0.8,model,family-alias,1,0,N5v4_Final,4b5e148ceb4f00ab,c9a3e73fc07f
2026-05-18,2026-05-18 05:18:27,backfill,1,World Open Under 13 Championship,2026,2026-06-29,42,42,live,17,17,0,110,77,145,0.8,,,0,0,N5v4_Final,4b5e148ceb4f00ab,c9a3e73fc07f
2026-05-18,2026-05-18 05:18:27,backfill,1,World Open top 6 sections,2026,2026-07-01,44,44,live,316,316,0,1130,1002,1275,0.8,model,family-direct,1,0,N5v4_Final,4b5e148ceb4f00ab,c9a3e73fc07f
2026-05-18,2026-05-18 05:18:27,backfill,1,Chicago Class,2026,2026-07-17,60,60,live,4,4,0,275,209,361,0.8,model,family-direct,0,0,N5v4_Final,4b5e148ceb4f00ab,c9a3e73fc07f
2026-05-18,2026-05-18 05:18:27,backfill,1,Pittsburgh Open,2026,2026-07-17,60,60,live,9,9,0,176,124,249,0.8,model,family-direct,0,0,N5v4_Final,4b5e148ceb4f00ab,c9a3e73fc07f
2026-05-18,2026-05-18 05:18:27,backfill,1,Southern Open,2026,2026-07-17,60,60,live,6,7,1,232,183,282,0.8,,,0,0,N5v4_Final,4b5e148ceb4f00ab,c9a3e73fc07f
2026-05-18,2026-05-18 05:18:27,backfill,1,Bradley Open,2026,2026-07-24,67,67,live,4,4,0,254,193,335,0.8,model,family-direct,0,0,N5v4_Final,4b5e148ceb4f00ab,c9a3e73fc07f
2026-05-18,2026-05-18 05:18:27,backfill,1,Pacific Coast Open,2026,2026-07-31,74,74,live,12,12,0,388,295,511,0.8,model,family-direct,0,0,N5v4_Final,4b5e148ceb4f00ab,c9a3e73fc07f
2026-05-18,2026-05-18 05:18:27,backfill,1,Continental Open,2026,2026-08-13,87,87,live,2,2,0,283,252,317,0.8,,,0,0,N5v4_Final,4b5e148ceb4f00ab,c9a3e73fc07f
2026-05-18,2026-05-18 05:18:27,backfill,1,Central California Open,2026,2026-08-14,88,88,live,2,3,1,175,144,203,0.8,,,0,0,N5v4_Final,4b5e148ceb4f00ab,c9a3e73fc07f
2026-05-18,2026-05-18 05:18:27,backfill,1,Atlantic Open,2026,2026-08-21,95,95,live,2,2,0,316,251,395,0.8,,,0,0,N5v4_Final,4b5e148ceb4f00ab,c9a3e73fc07f
2026-05-18,2026-05-18 05:18:27,backfill,1,Indianapolis Open,2026,2026-08-21,95,95,live,1,1,0,186,175,198,0.8,,,0,0,N5v4_Final,4b5e148ceb4f00ab,c9a3e73fc07f
2026-05-18,2026-05-18 05:18:27,backfill,1,New York State Championship,2026,2026-09-04,109,109,live,7,7,0,304,237,347,0.8,,,0,0,N5v4_Final,4b5e148ceb4f00ab,c9a3e73fc07f
2026-05-18,2026-05-18 05:18:27,backfill,1,Midwest Class Championships,2026,2026-10-09,144,144,live,2,2,0,313,296,338,0.8,,,0,0,N5v4_Final,4b5e148ceb4f00ab,c9a3e73fc07f
2026-05-18,2026-05-18 05:18:27,backfill,1,Eastern Class Championships (in Connecticut),2026,2026-10-16,151,151,live,1,1,0,100,70,130,0.8,,,0,0,N5v4_Final,4b5e148ceb4f00ab,c9a3e73fc07f
2026-05-18,2026-05-18 05:18:27,backfill,1,Eastern Chess Congress (in New Jersey),2026,2026-10-23,158,158,live,1,2,1,100,70,130,0.8,,,0,0,N5v4_Final,4b5e148ceb4f00ab,c9a3e73fc07f
2026-05-18,2026-05-18 05:18:27,backfill,1,Los Angeles Open,2026,2026-11-06,172,172,live,1,1,0,365,289,413,0.8,,,0,0,N5v4_Final,4b5e148ceb4f00ab,c9a3e73fc07f
2026-05-18,2026-05-18 05:18:27,backfill,1,Kings Island Open,2026,2026-11-13,179,179,live,1,1,0,346,318,364,0.8,,,0,0,N5v4_Final,4b5e148ceb4f00ab,c9a3e73fc07f
2026-05-18,2026-05-18 05:18:27,backfill,1,National Chess Congress,2026,2026-11-27,193,193,live,1,1,0,623,572,677,0.8,,,0,0,N5v4_Final,4b5e148ceb4f00ab,c9a3e73fc07f
2026-05-18,2026-05-18 05:18:27,backfill,1,North American Open,2026,2026-12-26,222,222,live,2,2,0,1081,946,1199,0.8,,,0,0,N5v4_Final,4b5e148ceb4f00ab,c9a3e73fc07f
2026-05-19,2026-05-19 05:14:29,backfill,1,Chicago Open,2026,2026-05-21,2,2,live,708,733,25,893,855,932,0.8,model,family-direct,0,0,N5v4_Final,4b5e148ceb4f00ab,4b14146daf3c
2026-05-19,2026-05-19 05:14:29,backfill,1,Hartford Open,2026,2026-06-05,17,17,live,45,45,0,215,200,231,0.8,model,family-direct,0,0,N5v4_Final,4b5e148ceb4f00ab,4b14146daf3c
2026-05-19,2026-05-19 05:14:29,backfill,1,Cleveland Open,2026,2026-06-05,17,17,live,36,37,1,194,177,214,0.8,model,family-direct,0,0,N5v4_Final,4b5e148ceb4f00ab,4b14146daf3c
2026-05-19,2026-05-19 05:14:29,backfill,1,New York State Open,2026,2026-06-19,31,31,live,31,32,1,96,56,165,0.8,model,family-direct,1,0,N5v4_Final,4b5e148ceb4f00ab,4b14146daf3c
2026-05-19,2026-05-19 05:14:29,backfill,1,DC International,2026,2026-06-25,37,37,live,44,45,1,124,117,132,0.8,model,family-alias,1,0,N5v4_Final,4b5e148ceb4f00ab,4b14146daf3c
2026-05-19,2026-05-19 05:14:29,backfill,1,World Open lower sections,2026,2026-06-26,38,38,live,22,22,0,140,123,159,0.8,model,family-direct,1,0,N5v4_Final,4b5e148ceb4f00ab,4b14146daf3c
2026-05-19,2026-05-19 05:14:29,backfill,1,DC Open,2026,2026-06-26,38,38,live,18,19,1,272,256,288,0.8,model,family-alias,1,0,N5v4_Final,4b5e148ceb4f00ab,4b14146daf3c
2026-05-19,2026-05-19 05:14:29,backfill,1,World Open Under 13 Championship,2026,2026-06-29,41,41,live,18,18,0,110,77,145,0.8,,,0,0,N5v4_Final,4b5e148ceb4f00ab,4b14146daf3c
2026-05-19,2026-05-19 05:14:29,backfill,1,World Open top 6 sections,2026,2026-07-01,43,43,live,320,320,0,1121,995,1262,0.8,model,family-direct,1,0,N5v4_Final,4b5e148ceb4f00ab,4b14146daf3c
2026-05-19,2026-05-19 05:14:29,backfill,1,Chicago Class,2026,2026-07-17,59,59,live,4,4,0,274,208,361,0.8,model,family-direct,0,0,N5v4_Final,4b5e148ceb4f00ab,4b14146daf3c
2026-05-19,2026-05-19 05:14:29,backfill,1,Pittsburgh Open,2026,2026-07-17,59,59,live,10,10,0,187,139,250,0.8,model,family-direct,0,0,N5v4_Final,4b5e148ceb4f00ab,4b14146daf3c
2026-05-19,2026-05-19 05:14:29,backfill,1,Southern Open,2026,2026-07-17,59,59,live,7,7,0,232,183,282,0.8,,,0,0,N5v4_Final,4b5e148ceb4f00ab,4b14146daf3c
2026-05-19,2026-05-19 05:14:29,backfill,1,Bradley Open,2026,2026-07-24,66,66,live,5,5,0,257,195,339,0.8,model,family-direct,0,0,N5v4_Final,4b5e148ceb4f00ab,4b14146daf3c
2026-05-19,2026-05-19 05:14:29,backfill,1,Pacific Coast Open,2026,2026-07-31,73,73,live,12,12,0,387,294,509,0.8,model,family-direct,0,0,N5v4_Final,4b5e148ceb4f00ab,4b14146daf3c
2026-05-19,2026-05-19 05:14:29,backfill,1,Continental Open,2026,2026-08-13,86,86,live,2,2,0,283,252,317,0.8,,,0,0,N5v4_Final,4b5e148ceb4f00ab,4b14146daf3c
2026-05-19,2026-05-19 05:14:29,backfill,1,Central California Open,2026,2026-08-14,87,87,live,2,3,1,175,144,203,0.8,,,0,0,N5v4_Final,4b5e148ceb4f00ab,4b14146daf3c
2026-05-19,2026-05-19 05:14:29,backfill,1,Atlantic Open,2026,2026-08-21,94,94,live,2,2,0,316,251,395,0.8,,,0,0,N5v4_Final,4b5e148ceb4f00ab,4b14146daf3c
2026-05-19,2026-05-19 05:14:29,backfill,1,Indianapolis Open,2026,2026-08-21,94,94,live,1,1,0,186,175,198,0.8,,,0,0,N5v4_Final,4b5e148ceb4f00ab,4b14146daf3c
2026-05-19,2026-05-19 05:14:29,backfill,1,New York State Championship,2026,2026-09-04,108,108,live,8,8,0,304,237,347,0.8,,,0,0,N5v4_Final,4b5e148ceb4f00ab,4b14146daf3c
2026-05-19,2026-05-19 05:14:29,backfill,1,Midwest Class Championships,2026,2026-10-09,143,143,live,2,2,0,313,296,338,0.8,,,0,0,N5v4_Final,4b5e148ceb4f00ab,4b14146daf3c
2026-05-19,2026-05-19 05:14:29,backfill,1,Eastern Class Championships (in Connecticut),2026,2026-10-16,150,150,live,1,1,0,100,70,130,0.8,,,0,0,N5v4_Final,4b5e148ceb4f00ab,4b14146daf3c
2026-05-19,2026-05-19 05:14:29,backfill,1,Eastern Chess Congress (in New Jersey),2026,2026-10-23,157,157,live,1,2,1,100,70,130,0.8,,,0,0,N5v4_Final,4b5e148ceb4f00ab,4b14146daf3c
2026-05-19,2026-05-19 05:14:29,backfill,1,Los Angeles Open,2026,2026-11-06,171,171,live,1,1,0,365,289,413,0.8,,,0,0,N5v4_Final,4b5e148ceb4f00ab,4b14146daf3c
2026-05-19,2026-05-19 05:14:29,backfill,1,Kings Island Open,2026,2026-11-13,178,178,live,1,1,0,346,318,364,0.8,,,0,0,N5v4_Final,4b5e148ceb4f00ab,4b14146daf3c
2026-05-19,2026-05-19 05:14:29,backfill,1,National Chess Congress,2026,2026-11-27,192,192,live,1,1,0,623,572,677,0.8,,,0,0,N5v4_Final,4b5e148ceb4f00ab,4b14146daf3c
2026-05-19,2026-05-19 05:14:29,backfill,1,North American Open,2026,2026-12-26,221,221,live,2,2,0,1081,946,1199,0.8,,,0,0,N5v4_Final,4b5e148ceb4f00ab,4b14146daf3c
2026-05-20,2026-05-20 05:16:57,backfill,1,Chicago Open,2026,2026-05-21,1,1,live,790,820,30,907,862,955,0.8,model,family-direct,0,0,N5v4_Final,4b5e148ceb4f00ab,34b0e0165368
2026-05-20,2026-05-20 05:16:57,backfill,1,Hartford Open,2026,2026-06-05,16,16,live,49,49,0,218,205,233,0.8,model,family-direct,0,0,N5v4_Final,4b5e148ceb4f00ab,34b0e0165368
2026-05-20,2026-05-20 05:16:57,backfill,1,Cleveland Open,2026,2026-06-05,16,16,live,37,38,1,193,177,211,0.8,model,family-direct,0,0,N5v4_Final,4b5e148ceb4f00ab,34b0e0165368
2026-05-20,2026-05-20 05:16:57,backfill,1,New York State Open,2026,2026-06-19,30,30,live,31,32,1,94,58,154,0.8,model,family-direct,1,0,N5v4_Final,4b5e148ceb4f00ab,34b0e0165368
2026-05-20,2026-05-20 05:16:57,backfill,1,DC International,2026,2026-06-25,36,36,live,44,45,1,122,116,129,0.8,model,family-alias,1,0,N5v4_Final,4b5e148ceb4f00ab,34b0e0165368
2026-05-20,2026-05-20 05:16:57,backfill,1,World Open lower sections,2026,2026-06-26,37,37,live,22,22,0,139,123,158,0.8,model,family-direct,1,0,N5v4_Final,4b5e148ceb4f00ab,34b0e0165368
2026-05-20,2026-05-20 05:16:57,backfill,1,DC Open,2026,2026-06-26,37,37,live,22,23,1,276,260,292,0.8,model,family-alias,1,0,N5v4_Final,4b5e148ceb4f00ab,34b0e0165368
2026-05-20,2026-05-20 05:16:57,backfill,1,World Open Under 13 Championship,2026,2026-06-29,40,40,live,18,18,0,110,77,145,0.8,,,0,0,N5v4_Final,4b5e148ceb4f00ab,34b0e0165368
2026-05-20,2026-05-20 05:16:57,backfill,1,World Open top 6 sections,2026,2026-07-01,42,42,live,324,324,0,1112,989,1250,0.8,model,family-direct,1,0,N5v4_Final,4b5e148ceb4f00ab,34b0e0165368
2026-05-20,2026-05-20 05:16:57,backfill,1,Chicago Class,2026,2026-07-17,58,58,live,4,4,0,273,208,360,0.8,model,family-direct,0,0,N5v4_Final,4b5e148ceb4f00ab,34b0e0165368
2026-05-20,2026-05-20 05:16:57,backfill,1,Pittsburgh Open,2026,2026-07-17,58,58,live,10,10,0,184,138,246,0.8,model,family-direct,0,0,N5v4_Final,4b5e148ceb4f00ab,34b0e0165368
2026-05-20,2026-05-20 05:16:57,backfill,1,Southern Open,2026,2026-07-17,58,58,live,7,7,0,232,183,282,0.8,,,0,0,N5v4_Final,4b5e148ceb4f00ab,34b0e0165368
2026-05-20,2026-05-20 05:16:57,backfill,1,Bradley Open,2026,2026-07-24,65,65,live,5,5,0,257,195,338,0.8,model,family-direct,0,0,N5v4_Final,4b5e148ceb4f00ab,34b0e0165368
2026-05-20,2026-05-20 05:16:57,backfill,1,Pacific Coast Open,2026,2026-07-31,72,72,live,12,12,0,386,293,508,0.8,model,family-direct,0,0,N5v4_Final,4b5e148ceb4f00ab,34b0e0165368
2026-05-20,2026-05-20 05:16:57,backfill,1,Continental Open,2026,2026-08-13,85,85,live,2,2,0,283,252,317,0.8,,,0,0,N5v4_Final,4b5e148ceb4f00ab,34b0e0165368
2026-05-20,2026-05-20 05:16:57,backfill,1,Central California Open,2026,2026-08-14,86,86,live,2,3,1,175,144,203,0.8,,,0,0,N5v4_Final,4b5e148ceb4f00ab,34b0e0165368
2026-05-20,2026-05-20 05:16:57,backfill,1,Atlantic Open,2026,2026-08-21,93,93,live,2,2,0,316,251,395,0.8,,,0,0,N5v4_Final,4b5e148ceb4f00ab,34b0e0165368
2026-05-20,2026-05-20 05:16:57,backfill,1,Indianapolis Open,2026,2026-08-21,93,93,live,1,1,0,186,175,198,0.8,,,0,0,N5v4_Final,4b5e148ceb4f00ab,34b0e0165368
2026-05-20,2026-05-20 05:16:57,backfill,1,New York State Championship,2026,2026-09-04,107,107,live,8,8,0,304,237,347,0.8,,,0,0,N5v4_Final,4b5e148ceb4f00ab,34b0e0165368
2026-05-20,2026-05-20 05:16:57,backfill,1,Midwest Class Championships,2026,2026-10-09,142,142,live,2,2,0,313,296,338,0.8,,,0,0,N5v4_Final,4b5e148ceb4f00ab,34b0e0165368
2026-05-20,2026-05-20 05:16:57,backfill,1,Eastern Class Championships (in Connecticut),2026,2026-10-16,149,149,live,1,1,0,100,70,130,0.8,,,0,0,N5v4_Final,4b5e148ceb4f00ab,34b0e0165368
2026-05-20,2026-05-20 05:16:57,backfill,1,Eastern Chess Congress (in New Jersey),2026,2026-10-23,156,156,live,1,2,1,100,70,130,0.8,,,0,0,N5v4_Final,4b5e148ceb4f00ab,34b0e0165368
2026-05-20,2026-05-20 05:16:57,backfill,1,Los Angeles Open,2026,2026-11-06,170,170,live,1,1,0,365,289,413,0.8,,,0,0,N5v4_Final,4b5e148ceb4f00ab,34b0e0165368
2026-05-20,2026-05-20 05:16:57,backfill,1,Kings Island Open,2026,2026-11-13,177,177,live,1,1,0,346,318,364,0.8,,,0,0,N5v4_Final,4b5e148ceb4f00ab,34b0e0165368
2026-05-20,2026-05-20 05:16:57,backfill,1,National Chess Congress,2026,2026-11-27,191,191,live,1,1,0,623,572,677,0.8,,,0,0,N5v4_Final,4b5e148ceb4f00ab,34b0e0165368
2026-05-20,2026-05-20 05:16:57,backfill,1,North American Open,2026,2026-12-26,220,220,live,2,2,0,1081,946,1199,0.8,,,0,0,N5v4_Final,4b5e148ceb4f00ab,34b0e0165368
2026-05-21,2026-05-21 05:21:07,backfill,1,Chicago Open,2026,2026-05-21,0,0,live,806,844,38,806,806,806,0.8,live_scrape,,0,0,N5v4_Final,4b5e148ceb4f00ab,6aa195c8a00d
2026-05-21,2026-05-21 05:21:07,backfill,1,Hartford Open,2026,2026-06-05,15,15,live,51,51,0,217,206,230,0.8,model,family-direct,0,0,N5v4_Final,4b5e148ceb4f00ab,6aa195c8a00d
2026-05-21,2026-05-21 05:21:07,backfill,1,Cleveland Open,2026,2026-06-05,15,15,live,39,40,1,193,177,209,0.8,model,family-direct,0,0,N5v4_Final,4b5e148ceb4f00ab,6aa195c8a00d
2026-05-21,2026-05-21 05:21:07,backfill,1,New York State Open,2026,2026-06-19,29,29,live,31,32,1,93,58,148,0.8,model,family-direct,1,0,N5v4_Final,4b5e148ceb4f00ab,6aa195c8a00d
2026-05-21,2026-05-21 05:21:07,backfill,1,DC International,2026,2026-06-25,35,35,live,44,45,1,120,106,136,0.8,model,family-alias,1,0,N5v4_Final,4b5e148ceb4f00ab,6aa195c8a00d
2026-05-21,2026-05-21 05:21:07,backfill,1,World Open lower sections,2026,2026-06-26,36,36,live,22,22,0,138,122,157,0.8,model,family-direct,1,0,N5v4_Final,4b5e148ceb4f00ab,6aa195c8a00d
2026-05-21,2026-05-21 05:21:07,backfill,1,DC Open,2026,2026-06-26,36,36,live,23,24,1,276,260,293,0.8,model,family-alias,1,0,N5v4_Final,4b5e148ceb4f00ab,6aa195c8a00d
2026-05-21,2026-05-21 05:21:07,backfill,1,World Open Under 13 Championship,2026,2026-06-29,39,39,live,18,18,0,110,77,145,0.8,,,0,0,N5v4_Final,4b5e148ceb4f00ab,6aa195c8a00d
2026-05-21,2026-05-21 05:21:07,backfill,1,World Open top 6 sections,2026,2026-07-01,41,41,live,326,326,0,1109,987,1246,0.8,model,family-direct,1,0,N5v4_Final,4b5e148ceb4f00ab,6aa195c8a00d
2026-05-21,2026-05-21 05:21:07,backfill,1,Chicago Class,2026,2026-07-17,57,57,live,4,4,0,273,207,359,0.8,model,family-direct,0,0,N5v4_Final,4b5e148ceb4f00ab,6aa195c8a00d
2026-05-21,2026-05-21 05:21:07,backfill,1,Pittsburgh Open,2026,2026-07-17,57,57,live,11,11,0,188,142,248,0.8,model,family-direct,0,0,N5v4_Final,4b5e148ceb4f00ab,6aa195c8a00d
2026-05-21,2026-05-21 05:21:07,backfill,1,Southern Open,2026,2026-07-17,57,57,live,8,8,0,232,183,282,0.8,,,0,0,N5v4_Final,4b5e148ceb4f00ab,6aa195c8a00d
2026-05-21,2026-05-21 05:21:07,backfill,1,Bradley Open,2026,2026-07-24,64,64,live,5,5,0,256,195,337,0.8,model,family-direct,0,0,N5v4_Final,4b5e148ceb4f00ab,6aa195c8a00d
2026-05-21,2026-05-21 05:21:07,backfill,1,Pacific Coast Open,2026,2026-07-31,71,71,live,12,12,0,384,292,505,0.8,model,family-direct,0,0,N5v4_Final,4b5e148ceb4f00ab,6aa195c8a00d
2026-05-21,2026-05-21 05:21:07,backfill,1,Continental Open,2026,2026-08-13,84,84,live,2,2,0,283,252,317,0.8,,,0,0,N5v4_Final,4b5e148ceb4f00ab,6aa195c8a00d
2026-05-21,2026-05-21 05:21:07,backfill,1,Central California Open,2026,2026-08-14,85,85,live,2,3,1,175,144,203,0.8,,,0,0,N5v4_Final,4b5e148ceb4f00ab,6aa195c8a00d
2026-05-21,2026-05-21 05:21:07,backfill,1,Atlantic Open,2026,2026-08-21,92,92,live,2,2,0,316,251,395,0.8,,,0,0,N5v4_Final,4b5e148ceb4f00ab,6aa195c8a00d
2026-05-21,2026-05-21 05:21:07,backfill,1,Indianapolis Open,2026,2026-08-21,92,92,live,1,1,0,186,175,198,0.8,,,0,0,N5v4_Final,4b5e148ceb4f00ab,6aa195c8a00d
2026-05-21,2026-05-21 05:21:07,backfill,1,New York State Championship,2026,2026-09-04,106,106,live,8,8,0,304,237,347,0.8,,,0,0,N5v4_Final,4b5e148ceb4f00ab,6aa195c8a00d
2026-05-21,2026-05-21 05:21:07,backfill,1,Midwest Class Championships,2026,2026-10-09,141,141,live,2,2,0,313,296,338,0.8,,,0,0,N5v4_Final,4b5e148ceb4f00ab,6aa195c8a00d
2026-05-21,2026-05-21 05:21:07,backfill,1,Eastern Class Championships (in Connecticut),2026,2026-10-16,148,148,live,1,1,0,100,70,130,0.8,,,0,0,N5v4_Final,4b5e148ceb4f00ab,6aa195c8a00d
2026-05-21,2026-05-21 05:21:07,backfill,1,Eastern Chess Congress (in New Jersey),2026,2026-10-23,155,155,live,1,2,1,100,70,130,0.8,,,0,0,N5v4_Final,4b5e148ceb4f00ab,6aa195c8a00d
2026-05-21,2026-05-21 05:21:07,backfill,1,Los Angeles Open,2026,2026-11-06,169,169,live,1,1,0,365,289,413,0.8,,,0,0,N5v4_Final,4b5e148ceb4f00ab,6aa195c8a00d
2026-05-21,2026-05-21 05:21:07,backfill,1,Kings Island Open,2026,2026-11-13,176,176,live,1,1,0,346,318,364,0.8,,,0,0,N5v4_Final,4b5e148ceb4f00ab,6aa195c8a00d
2026-05-21,2026-05-21 05:21:07,backfill,1,National Chess Congress,2026,2026-11-27,190,190,live,1,1,0,623,572,677,0.8,,,0,0,N5v4_Final,4b5e148ceb4f00ab,6aa195c8a00d
2026-05-21,2026-05-21 05:21:07,backfill,1,North American Open,2026,2026-12-26,219,219,live,2,2,0,1081,946,1199,0.8,,,0,0,N5v4_Final,4b5e148ceb4f00ab,6aa195c8a00d
2026-05-21,2026-05-21 16:24:16,backfill,1,Chicago Open,2026,2026-05-21,0,3,live,806,848,42,871,817,929,0.8,model_online_window,,0,0,N5v4_Final,53b9476dbdfbba95,dfa97574757f
2026-05-21,2026-05-21 16:24:16,backfill,1,Hartford Open,2026,2026-06-05,15,15,live,53,53,0,221,208,233,0.8,model,family-direct,0,0,N5v4_Final,53b9476dbdfbba95,dfa97574757f
2026-05-21,2026-05-21 16:24:16,backfill,1,Cleveland Open,2026,2026-06-05,15,15,live,39,40,1,193,177,209,0.8,model,family-direct,0,0,N5v4_Final,53b9476dbdfbba95,dfa97574757f
2026-05-21,2026-05-21 16:24:16,backfill,1,New York State Open,2026,2026-06-19,29,29,live,31,32,1,93,58,148,0.8,model,family-direct,1,0,N5v4_Final,53b9476dbdfbba95,dfa97574757f
2026-05-21,2026-05-21 16:24:16,backfill,1,DC International,2026,2026-06-25,35,35,live,44,45,1,120,106,136,0.8,model,family-alias,1,0,N5v4_Final,53b9476dbdfbba95,dfa97574757f
2026-05-21,2026-05-21 16:24:16,backfill,1,World Open lower sections,2026,2026-06-26,36,36,live,22,22,0,138,122,157,0.8,model,family-direct,1,0,N5v4_Final,53b9476dbdfbba95,dfa97574757f
2026-05-21,2026-05-21 16:24:16,backfill,1,DC Open,2026,2026-06-26,36,36,live,23,24,1,276,260,293,0.8,model,family-alias,1,0,N5v4_Final,53b9476dbdfbba95,dfa97574757f
2026-05-21,2026-05-21 16:24:16,backfill,1,World Open Under 13 Championship,2026,2026-06-29,39,39,live,18,18,0,110,77,145,0.8,,,0,0,N5v4_Final,53b9476dbdfbba95,dfa97574757f
2026-05-21,2026-05-21 16:24:16,backfill,1,World Open top 6 sections,2026,2026-07-01,41,41,live,327,327,0,1110,987,1247,0.8,model,family-direct,1,0,N5v4_Final,53b9476dbdfbba95,dfa97574757f
2026-05-21,2026-05-21 16:24:16,backfill,1,Chicago Class,2026,2026-07-17,57,57,live,4,4,0,273,207,359,0.8,model,family-direct,0,0,N5v4_Final,53b9476dbdfbba95,dfa97574757f
2026-05-21,2026-05-21 16:24:16,backfill,1,Pittsburgh Open,2026,2026-07-17,57,57,live,11,11,0,188,142,248,0.8,model,family-direct,0,0,N5v4_Final,53b9476dbdfbba95,dfa97574757f
2026-05-21,2026-05-21 16:24:16,backfill,1,Southern Open,2026,2026-07-17,57,57,live,8,8,0,232,183,282,0.8,,,0,0,N5v4_Final,53b9476dbdfbba95,dfa97574757f
2026-05-21,2026-05-21 16:24:16,backfill,1,Bradley Open,2026,2026-07-24,64,64,live,5,5,0,256,195,337,0.8,model,family-direct,0,0,N5v4_Final,53b9476dbdfbba95,dfa97574757f
2026-05-21,2026-05-21 16:24:16,backfill,1,Pacific Coast Open,2026,2026-07-31,71,71,live,12,12,0,384,292,505,0.8,model,family-direct,0,0,N5v4_Final,53b9476dbdfbba95,dfa97574757f
2026-05-21,2026-05-21 16:24:16,backfill,1,Continental Open,2026,2026-08-13,84,84,live,3,3,0,283,252,317,0.8,,,0,0,N5v4_Final,53b9476dbdfbba95,dfa97574757f
2026-05-21,2026-05-21 16:24:16,backfill,1,Central California Open,2026,2026-08-14,85,85,live,2,3,1,175,144,203,0.8,,,0,0,N5v4_Final,53b9476dbdfbba95,dfa97574757f
2026-05-21,2026-05-21 16:24:16,backfill,1,Atlantic Open,2026,2026-08-21,92,92,live,2,2,0,316,251,395,0.8,,,0,0,N5v4_Final,53b9476dbdfbba95,dfa97574757f
2026-05-21,2026-05-21 16:24:16,backfill,1,Indianapolis Open,2026,2026-08-21,92,92,live,1,1,0,186,175,198,0.8,,,0,0,N5v4_Final,53b9476dbdfbba95,dfa97574757f
2026-05-21,2026-05-21 16:24:16,backfill,1,New York State Championship,2026,2026-09-04,106,106,live,8,8,0,304,237,347,0.8,,,0,0,N5v4_Final,53b9476dbdfbba95,dfa97574757f
2026-05-21,2026-05-21 16:24:16,backfill,1,Midwest Class Championships,2026,2026-10-09,141,141,live,2,2,0,313,296,338,0.8,,,0,0,N5v4_Final,53b9476dbdfbba95,dfa97574757f
2026-05-21,2026-05-21 16:24:16,backfill,1,Eastern Class Championships (in Connecticut),2026,2026-10-16,148,148,live,1,1,0,100,70,130,0.8,,,0,0,N5v4_Final,53b9476dbdfbba95,dfa97574757f
2026-05-21,2026-05-21 16:24:16,backfill,1,Eastern Chess Congress (in New Jersey),2026,2026-10-23,155,155,live,1,2,1,100,70,130,0.8,,,0,0,N5v4_Final,53b9476dbdfbba95,dfa97574757f
2026-05-21,2026-05-21 16:24:16,backfill,1,Los Angeles Open,2026,2026-11-06,169,169,live,1,1,0,365,289,413,0.8,,,0,0,N5v4_Final,53b9476dbdfbba95,dfa97574757f
2026-05-21,2026-05-21 16:24:16,backfill,1,Kings Island Open,2026,2026-11-13,176,176,live,1,1,0,346,318,364,0.8,,,0,0,N5v4_Final,53b9476dbdfbba95,dfa97574757f
2026-05-21,2026-05-21 16:24:16,backfill,1,National Chess Congress,2026,2026-11-27,190,190,live,1,1,0,623,572,677,0.8,,,0,0,N5v4_Final,53b9476dbdfbba95,dfa97574757f
2026-05-21,2026-05-21 16:24:16,backfill,1,North American Open,2026,2026-12-26,219,219,live,2,2,0,1081,946,1199,0.8,,,0,0,N5v4_Final,53b9476dbdfbba95,dfa97574757f
2026-05-21,2026-05-21 16:37:51,backfill,1,Chicago Open,2026,2026-05-21,0,3,live,806,848,42,871,817,929,0.8,model_online_window,,0,0,N5v4_Final,53b9476dbdfbba95,41a74e3a4fee
2026-05-21,2026-05-21 16:37:51,backfill,1,Hartford Open,2026,2026-06-05,15,15,live,53,53,0,221,208,233,0.8,model,family-direct,0,0,N5v4_Final,53b9476dbdfbba95,41a74e3a4fee
2026-05-21,2026-05-21 16:37:51,backfill,1,Cleveland Open,2026,2026-06-05,15,15,live,39,40,1,193,177,209,0.8,model,family-direct,0,0,N5v4_Final,53b9476dbdfbba95,41a74e3a4fee
2026-05-21,2026-05-21 16:37:51,backfill,1,New York State Open,2026,2026-06-19,29,29,live,31,32,1,93,58,148,0.8,model,family-direct,1,0,N5v4_Final,53b9476dbdfbba95,41a74e3a4fee
2026-05-21,2026-05-21 16:37:51,backfill,1,DC International,2026,2026-06-25,35,35,live,44,45,1,120,106,136,0.8,model,family-alias,1,0,N5v4_Final,53b9476dbdfbba95,41a74e3a4fee
2026-05-21,2026-05-21 16:37:51,backfill,1,World Open lower sections,2026,2026-06-26,36,36,live,22,22,0,138,122,157,0.8,model,family-direct,1,0,N5v4_Final,53b9476dbdfbba95,41a74e3a4fee
2026-05-21,2026-05-21 16:37:51,backfill,1,DC Open,2026,2026-06-26,36,36,live,23,24,1,276,260,293,0.8,model,family-alias,1,0,N5v4_Final,53b9476dbdfbba95,41a74e3a4fee
2026-05-21,2026-05-21 16:37:51,backfill,1,World Open Under 13 Championship,2026,2026-06-29,39,39,live,18,18,0,110,77,145,0.8,,,0,0,N5v4_Final,53b9476dbdfbba95,41a74e3a4fee
2026-05-21,2026-05-21 16:37:51,backfill,1,World Open top 6 sections,2026,2026-07-01,41,41,live,327,327,0,1110,987,1247,0.8,model,family-direct,1,0,N5v4_Final,53b9476dbdfbba95,41a74e3a4fee
2026-05-21,2026-05-21 16:37:51,backfill,1,Chicago Class,2026,2026-07-17,57,57,live,4,4,0,273,207,359,0.8,model,family-direct,0,0,N5v4_Final,53b9476dbdfbba95,41a74e3a4fee
2026-05-21,2026-05-21 16:37:51,backfill,1,Pittsburgh Open,2026,2026-07-17,57,57,live,11,11,0,188,142,248,0.8,model,family-direct,0,0,N5v4_Final,53b9476dbdfbba95,41a74e3a4fee
2026-05-21,2026-05-21 16:37:51,backfill,1,Southern Open,2026,2026-07-17,57,57,live,8,8,0,232,183,282,0.8,,,0,0,N5v4_Final,53b9476dbdfbba95,41a74e3a4fee
2026-05-21,2026-05-21 16:37:51,backfill,1,Bradley Open,2026,2026-07-24,64,64,live,5,5,0,256,195,337,0.8,model,family-direct,0,0,N5v4_Final,53b9476dbdfbba95,41a74e3a4fee
2026-05-21,2026-05-21 16:37:51,backfill,1,Pacific Coast Open,2026,2026-07-31,71,71,live,12,12,0,384,292,505,0.8,model,family-direct,0,0,N5v4_Final,53b9476dbdfbba95,41a74e3a4fee
2026-05-21,2026-05-21 16:37:51,backfill,1,Continental Open,2026,2026-08-13,84,84,live,3,3,0,283,252,317,0.8,,,0,0,N5v4_Final,53b9476dbdfbba95,41a74e3a4fee
2026-05-21,2026-05-21 16:37:51,backfill,1,Central California Open,2026,2026-08-14,85,85,live,2,3,1,175,144,203,0.8,,,0,0,N5v4_Final,53b9476dbdfbba95,41a74e3a4fee
2026-05-21,2026-05-21 16:37:51,backfill,1,Atlantic Open,2026,2026-08-21,92,92,live,2,2,0,316,251,395,0.8,,,0,0,N5v4_Final,53b9476dbdfbba95,41a74e3a4fee
2026-05-21,2026-05-21 16:37:51,backfill,1,Indianapolis Open,2026,2026-08-21,92,92,live,1,1,0,186,175,198,0.8,,,0,0,N5v4_Final,53b9476dbdfbba95,41a74e3a4fee
2026-05-21,2026-05-21 16:37:51,backfill,1,New York State Championship,2026,2026-09-04,106,106,live,8,8,0,304,237,347,0.8,,,0,0,N5v4_Final,53b9476dbdfbba95,41a74e3a4fee
2026-05-21,2026-05-21 16:37:51,backfill,1,Midwest Class Championships,2026,2026-10-09,141,141,live,2,2,0,313,296,338,0.8,,,0,0,N5v4_Final,53b9476dbdfbba95,41a74e3a4fee
2026-05-21,2026-05-21 16:37:51,backfill,1,Eastern Class Championships (in Connecticut),2026,2026-10-16,148,148,live,1,1,0,100,70,130,0.8,,,0,0,N5v4_Final,53b9476dbdfbba95,41a74e3a4fee
2026-05-21,2026-05-21 16:37:51,backfill,1,Eastern Chess Congress (in New Jersey),2026,2026-10-23,155,155,live,1,2,1,100,70,130,0.8,,,0,0,N5v4_Final,53b9476dbdfbba95,41a74e3a4fee
2026-05-21,2026-05-21 16:37:51,backfill,1,Los Angeles Open,2026,2026-11-06,169,169,live,1,1,0,365,289,413,0.8,,,0,0,N5v4_Final,53b9476dbdfbba95,41a74e3a4fee
2026-05-21,2026-05-21 16:37:51,backfill,1,Kings Island Open,2026,2026-11-13,176,176,live,1,1,0,346,318,364,0.8,,,0,0,N5v4_Final,53b9476dbdfbba95,41a74e3a4fee
2026-05-21,2026-05-21 16:37:51,backfill,1,National Chess Congress,2026,2026-11-27,190,190,live,1,1,0,623,572,677,0.8,,,0,0,N5v4_Final,53b9476dbdfbba95,41a74e3a4fee
2026-05-21,2026-05-21 16:37:51,backfill,1,North American Open,2026,2026-12-26,219,219,live,2,2,0,1081,946,1199,0.8,,,0,0,N5v4_Final,53b9476dbdfbba95,41a74e3a4fee
2026-05-22,2026-05-22 05:14:38,backfill,1,Chicago Open,2026,2026-05-21,-1,2,live,821,866,45,865,829,902,0.8,model_online_window,,0,0,N5v4_Final,53b9476dbdfbba95,676b003258ca
2026-05-22,2026-05-22 05:14:38,backfill,1,Hartford Open,2026,2026-06-05,14,14,live,54,54,0,218,208,229,0.8,model,family-direct,0,0,N5v4_Final,53b9476dbdfbba95,676b003258ca
2026-05-22,2026-05-22 05:14:38,backfill,1,Cleveland Open,2026,2026-06-05,14,14,live,39,40,1,190,176,205,0.8,model,family-direct,0,0,N5v4_Final,53b9476dbdfbba95,676b003258ca
2026-05-22,2026-05-22 05:14:38,backfill,1,New York State Open,2026,2026-06-19,28,28,live,31,32,1,102,68,154,0.8,model,family-direct,1,0,N5v4_Final,53b9476dbdfbba95,676b003258ca
2026-05-22,2026-05-22 05:14:38,backfill,1,DC International,2026,2026-06-25,34,34,live,45,46,1,120,106,135,0.8,model,family-alias,1,0,N5v4_Final,53b9476dbdfbba95,676b003258ca
2026-05-22,2026-05-22 05:14:38,backfill,1,World Open lower sections,2026,2026-06-26,35,35,live,23,23,0,138,104,184,0.8,model,family-direct,1,0,N5v4_Final,53b9476dbdfbba95,676b003258ca
2026-05-22,2026-05-22 05:14:38,backfill,1,DC Open,2026,2026-06-26,35,35,live,24,25,1,276,240,317,0.8,model,family-alias,1,0,N5v4_Final,53b9476dbdfbba95,676b003258ca
2026-05-22,2026-05-22 05:14:38,backfill,1,World Open Under 13 Championship,2026,2026-06-29,38,38,live,18,18,0,110,77,145,0.8,,,0,0,N5v4_Final,53b9476dbdfbba95,676b003258ca
2026-05-22,2026-05-22 05:14:38,backfill,1,World Open top 6 sections,2026,2026-07-01,40,40,live,330,330,0,1108,988,1242,0.8,model,family-direct,1,0,N5v4_Final,53b9476dbdfbba95,676b003258ca
2026-05-22,2026-05-22 05:14:38,backfill,1,Chicago Class,2026,2026-07-17,56,56,live,4,4,0,272,207,358,0.8,model,family-direct,0,0,N5v4_Final,53b9476dbdfbba95,676b003258ca
2026-05-22,2026-05-22 05:14:38,backfill,1,Pittsburgh Open,2026,2026-07-17,56,56,live,11,11,0,185,141,244,0.8,model,family-direct,0,0,N5v4_Final,53b9476dbdfbba95,676b003258ca
2026-05-22,2026-05-22 05:14:38,backfill,1,Southern Open,2026,2026-07-17,56,56,live,8,8,0,232,183,282,0.8,,,0,0,N5v4_Final,53b9476dbdfbba95,676b003258ca
2026-05-22,2026-05-22 05:14:38,backfill,1,Bradley Open,2026,2026-07-24,63,63,live,5,5,0,256,194,336,0.8,model,family-direct,0,0,N5v4_Final,53b9476dbdfbba95,676b003258ca
2026-05-22,2026-05-22 05:14:38,backfill,1,Pacific Coast Open,2026,2026-07-31,70,70,live,12,12,0,383,291,504,0.8,model,family-direct,0,0,N5v4_Final,53b9476dbdfbba95,676b003258ca
2026-05-22,2026-05-22 05:14:38,backfill,1,Continental Open,2026,2026-08-13,83,83,live,3,3,0,283,252,317,0.8,,,0,0,N5v4_Final,53b9476dbdfbba95,676b003258ca
2026-05-22,2026-05-22 05:14:38,backfill,1,Central California Open,2026,2026-08-14,84,84,live,2,3,1,175,144,203,0.8,,,0,0,N5v4_Final,53b9476dbdfbba95,676b003258ca
2026-05-22,2026-05-22 05:14:38,backfill,1,Atlantic Open,2026,2026-08-21,91,91,live,2,2,0,316,251,395,0.8,,,0,0,N5v4_Final,53b9476dbdfbba95,676b003258ca
2026-05-22,2026-05-22 05:14:38,backfill,1,Indianapolis Open,2026,2026-08-21,91,91,live,1,1,0,186,175,198,0.8,,,0,0,N5v4_Final,53b9476dbdfbba95,676b003258ca
2026-05-22,2026-05-22 05:14:38,backfill,1,New York State Championship,2026,2026-09-04,105,105,live,8,8,0,304,237,347,0.8,,,0,0,N5v4_Final,53b9476dbdfbba95,676b003258ca
2026-05-22,2026-05-22 05:14:38,backfill,1,Midwest Class Championships,2026,2026-10-09,140,140,live,2,2,0,313,296,338,0.8,,,0,0,N5v4_Final,53b9476dbdfbba95,676b003258ca
2026-05-22,2026-05-22 05:14:38,backfill,1,Eastern Class Championships (in Connecticut),2026,2026-10-16,147,147,live,1,1,0,100,70,130,0.8,,,0,0,N5v4_Final,53b9476dbdfbba95,676b003258ca
2026-05-22,2026-05-22 05:14:38,backfill,1,Eastern Chess Congress (in New Jersey),2026,2026-10-23,154,154,live,1,2,1,100,70,130,0.8,,,0,0,N5v4_Final,53b9476dbdfbba95,676b003258ca
2026-05-22,2026-05-22 05:14:38,backfill,1,Los Angeles Open,2026,2026-11-06,168,168,live,1,1,0,365,289,413,0.8,,,0,0,N5v4_Final,53b9476dbdfbba95,676b003258ca
2026-05-22,2026-05-22 05:14:38,backfill,1,Kings Island Open,2026,2026-11-13,175,175,live,1,1,0,346,318,364,0.8,,,0,0,N5v4_Final,53b9476dbdfbba95,676b003258ca
2026-05-22,2026-05-22 05:14:38,backfill,1,National Chess Congress,2026,2026-11-27,189,189,live,1,1,0,623,572,677,0.8,,,0,0,N5v4_Final,53b9476dbdfbba95,676b003258ca
2026-05-22,2026-05-22 05:14:38,backfill,1,North American Open,2026,2026-12-26,218,218,live,2,2,0,1081,946,1199,0.8,,,0,0,N5v4_Final,53b9476dbdfbba95,676b003258ca
2026-05-23,2026-05-23 04:52:57,backfill,1,Chicago Open,2026,2026-05-21,-2,1,live,856,901,45,879,860,898,0.8,model_online_window,,0,0,N5v4_Final,53b9476dbdfbba95,10010f7e4138
2026-05-23,2026-05-23 04:52:57,backfill,1,Hartford Open,2026,2026-06-05,13,13,live,55,55,0,214,205,224,0.8,model,family-direct,0,0,N5v4_Final,53b9476dbdfbba95,10010f7e4138
2026-05-23,2026-05-23 04:52:57,backfill,1,Cleveland Open,2026,2026-06-05,13,13,live,43,44,1,192,179,206,0.8,model,family-direct,0,0,N5v4_Final,53b9476dbdfbba95,10010f7e4138
2026-05-23,2026-05-23 04:52:57,backfill,1,New York State Open,2026,2026-06-19,27,27,live,31,32,1,100,67,151,0.8,model,family-direct,1,0,N5v4_Final,53b9476dbdfbba95,10010f7e4138
2026-05-23,2026-05-23 04:52:57,backfill,1,DC International,2026,2026-06-25,33,33,live,45,46,1,118,106,132,0.8,model,family-alias,1,0,N5v4_Final,53b9476dbdfbba95,10010f7e4138
2026-05-23,2026-05-23 04:52:57,backfill,1,World Open lower sections,2026,2026-06-26,34,34,live,23,23,0,138,105,182,0.8,model,family-direct,1,0,N5v4_Final,53b9476dbdfbba95,10010f7e4138
2026-05-23,2026-05-23 04:52:57,backfill,1,DC Open,2026,2026-06-26,34,34,live,26,27,1,278,243,319,0.8,model,family-alias,1,0,N5v4_Final,53b9476dbdfbba95,10010f7e4138
2026-05-23,2026-05-23 04:52:57,backfill,1,World Open Under 13 Championship,2026,2026-06-29,37,37,live,18,18,0,110,77,145,0.8,,,0,0,N5v4_Final,53b9476dbdfbba95,10010f7e4138
2026-05-23,2026-05-23 04:52:57,backfill,1,World Open top 6 sections,2026,2026-07-01,39,39,live,331,331,0,1105,983,1242,0.8,model,family-direct,1,0,N5v4_Final,53b9476dbdfbba95,10010f7e4138
2026-05-23,2026-05-23 04:52:57,backfill,1,Chicago Class,2026,2026-07-17,55,55,live,4,4,0,272,207,358,0.8,model,family-direct,0,0,N5v4_Final,53b9476dbdfbba95,10010f7e4138
2026-05-23,2026-05-23 04:52:57,backfill,1,Pittsburgh Open,2026,2026-07-17,55,55,live,11,11,0,183,139,240,0.8,model,family-direct,0,0,N5v4_Final,53b9476dbdfbba95,10010f7e4138
2026-05-23,2026-05-23 04:52:57,backfill,1,Southern Open,2026,2026-07-17,55,55,live,8,8,0,232,183,282,0.8,,,0,0,N5v4_Final,53b9476dbdfbba95,10010f7e4138
2026-05-23,2026-05-23 04:52:57,backfill,1,Bradley Open,2026,2026-07-24,62,62,live,5,5,0,255,194,336,0.8,model,family-direct,0,0,N5v4_Final,53b9476dbdfbba95,10010f7e4138
2026-05-23,2026-05-23 04:52:57,backfill,1,Pacific Coast Open,2026,2026-07-31,69,69,live,12,12,0,382,290,502,0.8,model,family-direct,0,0,N5v4_Final,53b9476dbdfbba95,10010f7e4138
2026-05-23,2026-05-23 04:52:57,backfill,1,Continental Open,2026,2026-08-13,82,82,live,3,3,0,283,252,317,0.8,,,0,0,N5v4_Final,53b9476dbdfbba95,10010f7e4138
2026-05-23,2026-05-23 04:52:57,backfill,1,Central California Open,2026,2026-08-14,83,83,live,2,3,1,175,144,203,0.8,,,0,0,N5v4_Final,53b9476dbdfbba95,10010f7e4138
2026-05-23,2026-05-23 04:52:57,backfill,1,Atlantic Open,2026,2026-08-21,90,90,live,2,2,0,316,251,395,0.8,,,0,0,N5v4_Final,53b9476dbdfbba95,10010f7e4138
2026-05-23,2026-05-23 04:52:57,backfill,1,Indianapolis Open,2026,2026-08-21,90,90,live,1,1,0,186,175,198,0.8,,,0,0,N5v4_Final,53b9476dbdfbba95,10010f7e4138
2026-05-23,2026-05-23 04:52:57,backfill,1,New York State Championship,2026,2026-09-04,104,104,live,8,8,0,304,237,347,0.8,,,0,0,N5v4_Final,53b9476dbdfbba95,10010f7e4138
2026-05-23,2026-05-23 04:52:57,backfill,1,Midwest Class Championships,2026,2026-10-09,139,139,live,2,2,0,313,296,338,0.8,,,0,0,N5v4_Final,53b9476dbdfbba95,10010f7e4138
2026-05-23,2026-05-23 04:52:57,backfill,1,Eastern Class Championships (in Connecticut),2026,2026-10-16,146,146,live,1,1,0,100,70,130,0.8,,,0,0,N5v4_Final,53b9476dbdfbba95,10010f7e4138
2026-05-23,2026-05-23 04:52:57,backfill,1,Eastern Chess Congress (in New Jersey),2026,2026-10-23,153,153,live,1,2,1,100,70,130,0.8,,,0,0,N5v4_Final,53b9476dbdfbba95,10010f7e4138
2026-05-23,2026-05-23 04:52:57,backfill,1,Los Angeles Open,2026,2026-11-06,167,167,live,1,1,0,365,289,413,0.8,,,0,0,N5v4_Final,53b9476dbdfbba95,10010f7e4138
2026-05-23,2026-05-23 04:52:57,backfill,1,Kings Island Open,2026,2026-11-13,174,174,live,1,1,0,346,318,364,0.8,,,0,0,N5v4_Final,53b9476dbdfbba95,10010f7e4138
2026-05-23,2026-05-23 04:52:57,backfill,1,National Chess Congress,2026,2026-11-27,188,188,live,1,1,0,623,572,677,0.8,,,0,0,N5v4_Final,53b9476dbdfbba95,10010f7e4138
2026-05-23,2026-05-23 04:52:57,backfill,1,North American Open,2026,2026-12-26,217,217,live,2,2,0,1081,946,1199,0.8,,,0,0,N5v4_Final,53b9476dbdfbba95,10010f7e4138
2026-05-24,2026-05-24 05:13:33,backfill,1,Chicago Open,2026,2026-05-21,-3,0,live,872,917,45,872,872,872,0.8,live_scrape,,0,0,N5v4_Final,53b9476dbdfbba95,2348e15c1d81
2026-05-24,2026-05-24 05:13:33,backfill,1,Hartford Open,2026,2026-06-05,12,12,live,57,57,0,211,202,221,0.8,model,family-direct,0,0,N5v4_Final,53b9476dbdfbba95,2348e15c1d81
2026-05-24,2026-05-24 05:13:33,backfill,1,Cleveland Open,2026,2026-06-05,12,12,live,44,45,1,191,177,205,0.8,model,family-direct,0,0,N5v4_Final,53b9476dbdfbba95,2348e15c1d81
2026-05-24,2026-05-24 05:13:33,backfill,1,New York State Open,2026,2026-06-19,26,26,live,31,32,1,98,66,148,0.8,model,family-direct,1,0,N5v4_Final,53b9476dbdfbba95,2348e15c1d81
2026-05-24,2026-05-24 05:13:33,backfill,1,DC International,2026,2026-06-25,32,32,live,46,47,1,118,106,131,0.8,model,family-alias,1,0,N5v4_Final,53b9476dbdfbba95,2348e15c1d81
2026-05-24,2026-05-24 05:13:33,backfill,1,World Open lower sections,2026,2026-06-26,33,33,live,23,23,0,138,105,180,0.8,model,family-direct,1,0,N5v4_Final,53b9476dbdfbba95,2348e15c1d81
2026-05-24,2026-05-24 05:13:33,backfill,1,DC Open,2026,2026-06-26,33,33,live,30,31,1,283,247,323,0.8,model,family-alias,1,0,N5v4_Final,53b9476dbdfbba95,2348e15c1d81
2026-05-24,2026-05-24 05:13:33,backfill,1,World Open Under 13 Championship,2026,2026-06-29,36,36,live,18,18,0,110,77,145,0.8,,,0,0,N5v4_Final,53b9476dbdfbba95,2348e15c1d81
2026-05-24,2026-05-24 05:13:33,backfill,1,World Open top 6 sections,2026,2026-07-01,38,38,live,343,343,0,1109,994,1237,0.8,model,family-direct,1,0,N5v4_Final,53b9476dbdfbba95,2348e15c1d81
2026-05-24,2026-05-24 05:13:33,backfill,1,Chicago Class,2026,2026-07-17,54,54,live,4,4,0,271,206,357,0.8,model,family-direct,0,0,N5v4_Final,53b9476dbdfbba95,2348e15c1d81
2026-05-24,2026-05-24 05:13:33,backfill,1,Pittsburgh Open,2026,2026-07-17,54,54,live,11,11,0,180,137,237,0.8,model,family-direct,0,0,N5v4_Final,53b9476dbdfbba95,2348e15c1d81
2026-05-24,2026-05-24 05:13:33,backfill,1,Southern Open,2026,2026-07-17,54,54,live,9,9,0,232,183,282,0.8,,,0,0,N5v4_Final,53b9476dbdfbba95,2348e15c1d81
2026-05-24,2026-05-24 05:13:33,backfill,1,Bradley Open,2026,2026-07-24,61,61,live,5,5,0,254,193,335,0.8,model,family-direct,0,0,N5v4_Final,53b9476dbdfbba95,2348e15c1d81
2026-05-24,2026-05-24 05:13:33,backfill,1,Pacific Coast Open,2026,2026-07-31,68,68,live,13,13,0,382,290,503,0.8,model,family-direct,0,0,N5v4_Final,53b9476dbdfbba95,2348e15c1d81
2026-05-24,2026-05-24 05:13:33,backfill,1,Continental Open,2026,2026-08-13,81,81,live,3,3,0,283,252,317,0.8,,,0,0,N5v4_Final,53b9476dbdfbba95,2348e15c1d81
2026-05-24,2026-05-24 05:13:33,backfill,1,Central California Open,2026,2026-08-14,82,82,live,2,3,1,175,144,203,0.8,,,0,0,N5v4_Final,53b9476dbdfbba95,2348e15c1d81
2026-05-24,2026-05-24 05:13:33,backfill,1,Atlantic Open,2026,2026-08-21,89,89,live,2,2,0,316,251,395,0.8,,,0,0,N5v4_Final,53b9476dbdfbba95,2348e15c1d81
2026-05-24,2026-05-24 05:13:33,backfill,1,Indianapolis Open,2026,2026-08-21,89,89,live,1,1,0,186,175,198,0.8,,,0,0,N5v4_Final,53b9476dbdfbba95,2348e15c1d81
2026-05-24,2026-05-24 05:13:33,backfill,1,New York State Championship,2026,2026-09-04,103,103,live,8,8,0,304,237,347,0.8,,,0,0,N5v4_Final,53b9476dbdfbba95,2348e15c1d81
2026-05-24,2026-05-24 05:13:33,backfill,1,Midwest Class Championships,2026,2026-10-09,138,138,live,2,2,0,313,296,338,0.8,,,0,0,N5v4_Final,53b9476dbdfbba95,2348e15c1d81
2026-05-24,2026-05-24 05:13:33,backfill,1,Eastern Class Championships (in Connecticut),2026,2026-10-16,145,145,live,1,1,0,100,70,130,0.8,,,0,0,N5v4_Final,53b9476dbdfbba95,2348e15c1d81
2026-05-24,2026-05-24 05:13:33,backfill,1,Eastern Chess Congress (in New Jersey),2026,2026-10-23,152,152,live,1,2,1,100,70,130,0.8,,,0,0,N5v4_Final,53b9476dbdfbba95,2348e15c1d81
2026-05-24,2026-05-24 05:13:33,backfill,1,Los Angeles Open,2026,2026-11-06,166,166,live,1,1,0,365,289,413,0.8,,,0,0,N5v4_Final,53b9476dbdfbba95,2348e15c1d81
2026-05-24,2026-05-24 05:13:33,backfill,1,Kings Island Open,2026,2026-11-13,173,173,live,1,1,0,346,318,364,0.8,,,0,0,N5v4_Final,53b9476dbdfbba95,2348e15c1d81
2026-05-24,2026-05-24 05:13:33,backfill,1,National Chess Congress,2026,2026-11-27,187,187,live,1,1,0,623,572,677,0.8,,,0,0,N5v4_Final,53b9476dbdfbba95,2348e15c1d81
2026-05-24,2026-05-24 05:13:33,backfill,1,North American Open,2026,2026-12-26,216,216,live,2,2,0,1081,946,1199,0.8,,,0,0,N5v4_Final,53b9476dbdfbba95,2348e15c1d81
2026-05-26,2026-05-26 07:41:39,backfill,1,Hartford Open,2026,2026-06-05,10,10,live,63,63,0,208,200,216,0.8,model,family-direct,0,0,N5v4_Final,217a3ec5be3e3541,77ab3ca8f0de
2026-05-26,2026-05-26 07:41:39,backfill,1,Cleveland Open,2026,2026-06-05,10,10,live,48,49,1,189,178,202,0.8,model,family-direct,0,0,N5v4_Final,217a3ec5be3e3541,77ab3ca8f0de
2026-05-26,2026-05-26 07:41:39,backfill,1,New York State Open,2026,2026-06-19,24,24,live,35,36,1,99,66,148,0.8,model,family-direct,1,0,N5v4_Final,217a3ec5be3e3541,77ab3ca8f0de
2026-05-26,2026-05-26 07:41:39,backfill,1,DC International,2026,2026-06-25,30,30,live,46,47,1,113,103,124,0.8,model,family-alias,1,0,N5v4_Final,217a3ec5be3e3541,77ab3ca8f0de
2026-05-26,2026-05-26 07:41:39,backfill,1,World Open lower sections,2026,2026-06-26,31,31,live,23,23,0,136,106,174,0.8,model,family-direct,1,0,N5v4_Final,217a3ec5be3e3541,77ab3ca8f0de
2026-05-26,2026-05-26 07:41:39,backfill,1,DC Open,2026,2026-06-26,31,31,live,31,32,1,279,245,319,0.8,model,family-alias,1,0,N5v4_Final,217a3ec5be3e3541,77ab3ca8f0de
2026-05-26,2026-05-26 07:41:39,backfill,1,World Open Under 13 Championship,2026,2026-06-29,34,34,live,18,18,0,110,77,145,0.8,,,0,0,N5v4_Final,217a3ec5be3e3541,77ab3ca8f0de
2026-05-26,2026-05-26 07:41:39,backfill,1,World Open top 6 sections,2026,2026-07-01,36,36,live,351,351,0,1107,997,1228,0.8,model,family-direct,1,0,N5v4_Final,217a3ec5be3e3541,77ab3ca8f0de
2026-05-26,2026-05-26 07:41:39,backfill,1,Chicago Class,2026,2026-07-17,52,52,live,5,5,0,272,207,359,0.8,model,family-direct,0,0,N5v4_Final,217a3ec5be3e3541,77ab3ca8f0de
2026-05-26,2026-05-26 07:41:39,backfill,1,Pittsburgh Open,2026,2026-07-17,52,52,live,13,13,0,184,140,242,0.8,model,family-direct,0,0,N5v4_Final,217a3ec5be3e3541,77ab3ca8f0de
2026-05-26,2026-05-26 07:41:39,backfill,1,Southern Open,2026,2026-07-17,52,52,live,11,11,0,232,183,282,0.8,,,0,0,N5v4_Final,217a3ec5be3e3541,77ab3ca8f0de
2026-05-26,2026-05-26 07:41:39,backfill,1,Bradley Open,2026,2026-07-24,59,59,live,5,5,0,253,193,334,0.8,model,family-direct,0,0,N5v4_Final,217a3ec5be3e3541,77ab3ca8f0de
2026-05-26,2026-05-26 07:41:39,backfill,1,Pacific Coast Open,2026,2026-07-31,66,66,live,15,15,0,384,292,505,0.8,model,family-direct,0,0,N5v4_Final,217a3ec5be3e3541,77ab3ca8f0de
2026-05-26,2026-05-26 07:41:39,backfill,1,Continental Open,2026,2026-08-13,79,79,live,4,4,0,283,252,317,0.8,,,0,0,N5v4_Final,217a3ec5be3e3541,77ab3ca8f0de
2026-05-26,2026-05-26 07:41:39,backfill,1,Central California Open,2026,2026-08-14,80,80,live,2,3,1,175,144,203,0.8,,,0,0,N5v4_Final,217a3ec5be3e3541,77ab3ca8f0de
2026-05-26,2026-05-26 07:41:39,backfill,1,Atlantic Open,2026,2026-08-21,87,87,live,2,2,0,316,251,395,0.8,,,0,0,N5v4_Final,217a3ec5be3e3541,77ab3ca8f0de
2026-05-26,2026-05-26 07:41:39,backfill,1,Indianapolis Open,2026,2026-08-21,87,87,live,1,1,0,186,175,198,0.8,,,0,0,N5v4_Final,217a3ec5be3e3541,77ab3ca8f0de
2026-05-26,2026-05-26 07:41:39,backfill,1,New York State Championship,2026,2026-09-04,101,101,live,8,8,0,304,237,347,0.8,,,0,0,N5v4_Final,217a3ec5be3e3541,77ab3ca8f0de
2026-05-26,2026-05-26 07:41:39,backfill,1,Midwest Class Championships,2026,2026-10-09,136,136,live,2,2,0,313,296,338,0.8,,,0,0,N5v4_Final,217a3ec5be3e3541,77ab3ca8f0de
2026-05-26,2026-05-26 07:41:39,backfill,1,Eastern Class Championships (in Connecticut),2026,2026-10-16,143,143,live,1,1,0,100,70,130,0.8,,,0,0,N5v4_Final,217a3ec5be3e3541,77ab3ca8f0de
2026-05-26,2026-05-26 07:41:39,backfill,1,Eastern Chess Congress (in New Jersey),2026,2026-10-23,150,150,live,1,2,1,100,70,130,0.8,,,0,0,N5v4_Final,217a3ec5be3e3541,77ab3ca8f0de
2026-05-26,2026-05-26 07:41:39,backfill,1,Los Angeles Open,2026,2026-11-06,164,164,live,1,1,0,365,289,413,0.8,,,0,0,N5v4_Final,217a3ec5be3e3541,77ab3ca8f0de
2026-05-26,2026-05-26 07:41:39,backfill,1,Kings Island Open,2026,2026-11-13,171,171,live,1,1,0,346,318,364,0.8,,,0,0,N5v4_Final,217a3ec5be3e3541,77ab3ca8f0de
2026-05-26,2026-05-26 07:41:39,backfill,1,National Chess Congress,2026,2026-11-27,185,185,live,1,1,0,623,572,677,0.8,,,0,0,N5v4_Final,217a3ec5be3e3541,77ab3ca8f0de
2026-05-26,2026-05-26 07:41:39,backfill,1,North American Open,2026,2026-12-26,214,214,live,2,2,0,1081,946,1199,0.8,,,0,0,N5v4_Final,217a3ec5be3e3541,77ab3ca8f0de
2026-05-27,2026-05-27 05:42:41,backfill,1,Hartford Open,2026,2026-06-05,9,9,live,65,65,0,205,197,214,0.8,model,family-direct,0,0,N5v4_Final,217a3ec5be3e3541,871a9d9538e8
2026-05-27,2026-05-27 05:42:41,backfill,1,Cleveland Open,2026,2026-06-05,9,9,live,50,51,1,188,177,199,0.8,model,family-direct,0,0,N5v4_Final,217a3ec5be3e3541,871a9d9538e8
2026-05-27,2026-05-27 05:42:41,backfill,1,New York State Open,2026,2026-06-19,23,23,live,36,37,1,98,65,147,0.8,model,family-direct,1,0,N5v4_Final,217a3ec5be3e3541,871a9d9538e8
2026-05-27,2026-05-27 05:42:41,backfill,1,DC International,2026,2026-06-25,29,29,live,48,49,1,114,105,124,0.8,model,family-alias,1,0,N5v4_Final,217a3ec5be3e3541,871a9d9538e8
2026-05-27,2026-05-27 05:42:41,backfill,1,World Open lower sections,2026,2026-06-26,30,30,live,24,24,0,135,106,173,0.8,model,family-direct,1,0,N5v4_Final,217a3ec5be3e3541,871a9d9538e8
2026-05-27,2026-05-27 05:42:41,backfill,1,DC Open,2026,2026-06-26,30,30,live,31,32,1,278,244,318,0.8,model,family-alias,1,0,N5v4_Final,217a3ec5be3e3541,871a9d9538e8
2026-05-27,2026-05-27 05:42:41,backfill,1,World Open Under 13 Championship,2026,2026-06-29,33,33,live,18,18,0,110,77,145,0.8,,,0,0,N5v4_Final,217a3ec5be3e3541,871a9d9538e8
2026-05-27,2026-05-27 05:42:41,backfill,1,World Open top 6 sections,2026,2026-07-01,35,35,live,353,353,0,1102,869,1398,0.8,model,family-direct,1,0,N5v4_Final,217a3ec5be3e3541,871a9d9538e8
2026-05-27,2026-05-27 05:42:41,backfill,1,Chicago Class,2026,2026-07-17,51,51,live,6,6,0,278,203,381,0.8,model,family-direct,0,0,N5v4_Final,217a3ec5be3e3541,871a9d9538e8
2026-05-27,2026-05-27 05:42:41,backfill,1,Pittsburgh Open,2026,2026-07-17,51,51,live,14,14,0,187,137,257,0.8,model,family-direct,0,0,N5v4_Final,217a3ec5be3e3541,871a9d9538e8
2026-05-27,2026-05-27 05:42:41,backfill,1,Southern Open,2026,2026-07-17,51,51,live,11,11,0,232,183,282,0.8,,,0,0,N5v4_Final,217a3ec5be3e3541,871a9d9538e8
2026-05-27,2026-05-27 05:42:41,backfill,1,Bradley Open,2026,2026-07-24,58,58,live,6,6,0,255,194,336,0.8,model,family-direct,0,0,N5v4_Final,217a3ec5be3e3541,871a9d9538e8
2026-05-27,2026-05-27 05:42:41,backfill,1,Pacific Coast Open,2026,2026-07-31,65,65,live,16,16,0,385,292,506,0.8,model,family-direct,0,0,N5v4_Final,217a3ec5be3e3541,871a9d9538e8
2026-05-27,2026-05-27 05:42:41,backfill,1,Continental Open,2026,2026-08-13,78,78,live,4,4,0,283,252,317,0.8,,,0,0,N5v4_Final,217a3ec5be3e3541,871a9d9538e8
2026-05-27,2026-05-27 05:42:41,backfill,1,Central California Open,2026,2026-08-14,79,79,live,2,3,1,175,144,203,0.8,,,0,0,N5v4_Final,217a3ec5be3e3541,871a9d9538e8
2026-05-27,2026-05-27 05:42:41,backfill,1,Atlantic Open,2026,2026-08-21,86,86,live,2,2,0,316,251,395,0.8,,,0,0,N5v4_Final,217a3ec5be3e3541,871a9d9538e8
2026-05-27,2026-05-27 05:42:41,backfill,1,Indianapolis Open,2026,2026-08-21,86,86,live,1,1,0,186,175,198,0.8,,,0,0,N5v4_Final,217a3ec5be3e3541,871a9d9538e8
2026-05-27,2026-05-27 05:42:41,backfill,1,New York State Championship,2026,2026-09-04,100,100,live,8,8,0,304,237,347,0.8,,,0,0,N5v4_Final,217a3ec5be3e3541,871a9d9538e8
2026-05-27,2026-05-27 05:42:41,backfill,1,Midwest Class Championships,2026,2026-10-09,135,135,live,2,2,0,313,296,338,0.8,,,0,0,N5v4_Final,217a3ec5be3e3541,871a9d9538e8
2026-05-27,2026-05-27 05:42:41,backfill,1,Eastern Class Championships (in Connecticut),2026,2026-10-16,142,142,live,1,1,0,100,70,130,0.8,,,0,0,N5v4_Final,217a3ec5be3e3541,871a9d9538e8
2026-05-27,2026-05-27 05:42:41,backfill,1,Eastern Chess Congress (in New Jersey),2026,2026-10-23,149,149,live,1,2,1,100,70,130,0.8,,,0,0,N5v4_Final,217a3ec5be3e3541,871a9d9538e8
2026-05-27,2026-05-27 05:42:41,backfill,1,Los Angeles Open,2026,2026-11-06,163,163,live,1,1,0,365,289,413,0.8,,,0,0,N5v4_Final,217a3ec5be3e3541,871a9d9538e8
2026-05-27,2026-05-27 05:42:41,backfill,1,Kings Island Open,2026,2026-11-13,170,170,live,1,1,0,346,318,364,0.8,,,0,0,N5v4_Final,217a3ec5be3e3541,871a9d9538e8
2026-05-27,2026-05-27 05:42:41,backfill,1,National Chess Congress,2026,2026-11-27,184,184,live,1,1,0,623,572,677,0.8,,,0,0,N5v4_Final,217a3ec5be3e3541,871a9d9538e8
2026-05-27,2026-05-27 05:42:41,backfill,1,North American Open,2026,2026-12-26,213,213,live,2,2,0,1081,946,1199,0.8,,,0,0,N5v4_Final,217a3ec5be3e3541,871a9d9538e8
2026-05-28,2026-05-28 05:21:02,backfill,1,Hartford Open,2026,2026-06-05,8,8,live,72,72,0,208,199,217,0.8,model,family-direct,0,0,N5v4_Final,217a3ec5be3e3541,f873bd7bc737
2026-05-28,2026-05-28 05:21:02,backfill,1,Cleveland Open,2026,2026-06-05,8,8,live,52,53,1,186,177,196,0.8,model,family-direct,0,0,N5v4_Final,217a3ec5be3e3541,f873bd7bc737
2026-05-28,2026-05-28 05:21:02,backfill,1,New York State Open,2026,2026-06-19,22,22,live,37,38,1,97,65,146,0.8,model,family-direct,1,0,N5v4_Final,217a3ec5be3e3541,f873bd7bc737
2026-05-28,2026-05-28 05:21:02,backfill,1,DC International,2026,2026-06-25,28,28,live,51,52,1,118,109,128,0.8,model,family-alias,1,0,N5v4_Final,217a3ec5be3e3541,f873bd7bc737
2026-05-28,2026-05-28 05:21:02,backfill,1,World Open lower sections,2026,2026-06-26,29,29,live,24,24,0,135,107,171,0.8,model,family-direct,1,0,N5v4_Final,217a3ec5be3e3541,f873bd7bc737
2026-05-28,2026-05-28 05:21:02,backfill,1,DC Open,2026,2026-06-26,29,29,live,31,32,1,277,243,316,0.8,model,family-alias,1,0,N5v4_Final,217a3ec5be3e3541,f873bd7bc737
2026-05-28,2026-05-28 05:21:02,backfill,1,World Open Under 13 Championship,2026,2026-06-29,32,32,live,18,18,0,110,77,145,0.8,,,0,0,N5v4_Final,217a3ec5be3e3541,f873bd7bc737
2026-05-28,2026-05-28 05:21:02,backfill,1,World Open top 6 sections,2026,2026-07-01,34,34,live,361,361,0,1103,874,1392,0.8,model,family-direct,1,0,N5v4_Final,217a3ec5be3e3541,f873bd7bc737
2026-05-28,2026-05-28 05:21:02,backfill,1,Chicago Class,2026,2026-07-17,50,50,live,6,6,0,278,203,381,0.8,model,family-direct,0,0,N5v4_Final,217a3ec5be3e3541,f873bd7bc737
2026-05-28,2026-05-28 05:21:02,backfill,1,Pittsburgh Open,2026,2026-07-17,50,50,live,15,15,0,193,173,217,0.8,model,family-direct,0,0,N5v4_Final,217a3ec5be3e3541,f873bd7bc737
2026-05-28,2026-05-28 05:21:02,backfill,1,Southern Open,2026,2026-07-17,50,50,live,11,11,0,232,183,282,0.8,,,0,0,N5v4_Final,217a3ec5be3e3541,f873bd7bc737
2026-05-28,2026-05-28 05:21:02,backfill,1,Bradley Open,2026,2026-07-24,57,57,live,7,7,0,257,195,339,0.8,model,family-direct,0,0,N5v4_Final,217a3ec5be3e3541,f873bd7bc737
2026-05-28,2026-05-28 05:21:02,backfill,1,Pacific Coast Open,2026,2026-07-31,64,64,live,17,17,0,385,293,507,0.8,model,family-direct,0,0,N5v4_Final,217a3ec5be3e3541,f873bd7bc737
2026-05-28,2026-05-28 05:21:02,backfill,1,Continental Open,2026,2026-08-13,77,77,live,4,4,0,283,252,317,0.8,,,0,0,N5v4_Final,217a3ec5be3e3541,f873bd7bc737
2026-05-28,2026-05-28 05:21:02,backfill,1,Central California Open,2026,2026-08-14,78,78,live,2,3,1,175,144,203,0.8,,,0,0,N5v4_Final,217a3ec5be3e3541,f873bd7bc737
2026-05-28,2026-05-28 05:21:02,backfill,1,Atlantic Open,2026,2026-08-21,85,85,live,2,2,0,316,251,395,0.8,,,0,0,N5v4_Final,217a3ec5be3e3541,f873bd7bc737
2026-05-28,2026-05-28 05:21:02,backfill,1,Indianapolis Open,2026,2026-08-21,85,85,live,1,1,0,186,175,198,0.8,,,0,0,N5v4_Final,217a3ec5be3e3541,f873bd7bc737
2026-05-28,2026-05-28 05:21:02,backfill,1,New York State Championship,2026,2026-09-04,99,99,live,8,8,0,304,237,347,0.8,,,0,0,N5v4_Final,217a3ec5be3e3541,f873bd7bc737
2026-05-28,2026-05-28 05:21:02,backfill,1,Midwest Class Championships,2026,2026-10-09,134,134,live,2,2,0,313,296,338,0.8,,,0,0,N5v4_Final,217a3ec5be3e3541,f873bd7bc737
2026-05-28,2026-05-28 05:21:02,backfill,1,Eastern Class Championships (in Connecticut),2026,2026-10-16,141,141,live,1,1,0,100,70,130,0.8,,,0,0,N5v4_Final,217a3ec5be3e3541,f873bd7bc737
2026-05-28,2026-05-28 05:21:02,backfill,1,Eastern Chess Congress (in New Jersey),2026,2026-10-23,148,148,live,1,2,1,100,70,130,0.8,,,0,0,N5v4_Final,217a3ec5be3e3541,f873bd7bc737
2026-05-28,2026-05-28 05:21:02,backfill,1,Los Angeles Open,2026,2026-11-06,162,162,live,1,1,0,365,289,413,0.8,,,0,0,N5v4_Final,217a3ec5be3e3541,f873bd7bc737
2026-05-28,2026-05-28 05:21:02,backfill,1,Kings Island Open,2026,2026-11-13,169,169,live,1,1,0,346,318,364,0.8,,,0,0,N5v4_Final,217a3ec5be3e3541,f873bd7bc737
2026-05-28,2026-05-28 05:21:02,backfill,1,National Chess Congress,2026,2026-11-27,183,183,live,1,1,0,623,572,677,0.8,,,0,0,N5v4_Final,217a3ec5be3e3541,f873bd7bc737
2026-05-28,2026-05-28 05:21:02,backfill,1,North American Open,2026,2026-12-26,212,212,live,2,2,0,1081,946,1199,0.8,,,0,0,N5v4_Final,217a3ec5be3e3541,f873bd7bc737
2026-05-29,2026-05-29 05:40:13,backfill,1,Hartford Open,2026,2026-06-05,7,7,live,74,74,0,212,199,226,0.8,model,family-direct,0,0,N5v4_Final,217a3ec5be3e3541,e081dbbc5f47
2026-05-29,2026-05-29 05:40:13,backfill,1,Cleveland Open,2026,2026-06-05,7,7,live,60,61,1,184,173,197,0.8,model,family-direct,0,0,N5v4_Final,217a3ec5be3e3541,e081dbbc5f47
2026-05-29,2026-05-29 05:40:13,backfill,1,New York State Open,2026,2026-06-19,21,21,live,37,38,1,95,60,149,0.8,model,family-direct,1,0,N5v4_Final,217a3ec5be3e3541,e081dbbc5f47
2026-05-29,2026-05-29 05:40:13,backfill,1,DC International,2026,2026-06-25,27,27,live,51,52,1,116,107,126,0.8,model,family-alias,1,0,N5v4_Final,217a3ec5be3e3541,e081dbbc5f47
2026-05-29,2026-05-29 05:40:13,backfill,1,World Open lower sections,2026,2026-06-26,28,28,live,24,24,0,123,98,155,0.8,model,family-direct,1,0,N5v4_Final,217a3ec5be3e3541,e081dbbc5f47
2026-05-29,2026-05-29 05:40:13,backfill,1,DC Open,2026,2026-06-26,28,28,live,31,32,1,259,228,295,0.8,model,family-alias,1,0,N5v4_Final,217a3ec5be3e3541,e081dbbc5f47
2026-05-29,2026-05-29 05:40:13,backfill,1,World Open Under 13 Championship,2026,2026-06-29,31,31,live,21,21,0,110,77,145,0.8,,,0,0,N5v4_Final,217a3ec5be3e3541,e081dbbc5f47
2026-05-29,2026-05-29 05:40:13,backfill,1,World Open top 6 sections,2026,2026-07-01,33,33,live,369,369,0,1104,880,1386,0.8,model,family-direct,1,0,N5v4_Final,217a3ec5be3e3541,e081dbbc5f47
2026-05-29,2026-05-29 05:40:13,backfill,1,Chicago Class,2026,2026-07-17,49,49,live,6,6,0,277,202,380,0.8,model,family-direct,0,0,N5v4_Final,217a3ec5be3e3541,e081dbbc5f47
2026-05-29,2026-05-29 05:40:13,backfill,1,Pittsburgh Open,2026,2026-07-17,49,49,live,16,16,0,193,173,216,0.8,model,family-direct,0,0,N5v4_Final,217a3ec5be3e3541,e081dbbc5f47
2026-05-29,2026-05-29 05:40:13,backfill,1,Southern Open,2026,2026-07-17,49,49,live,11,11,0,232,183,282,0.8,,,0,0,N5v4_Final,217a3ec5be3e3541,e081dbbc5f47
2026-05-29,2026-05-29 05:40:13,backfill,1,Bradley Open,2026,2026-07-24,56,56,live,8,8,0,260,197,342,0.8,model,family-direct,0,0,N5v4_Final,217a3ec5be3e3541,e081dbbc5f47
2026-05-29,2026-05-29 05:40:13,backfill,1,Pacific Coast Open,2026,2026-07-31,63,63,live,19,19,0,389,295,512,0.8,model,family-direct,0,0,N5v4_Final,217a3ec5be3e3541,e081dbbc5f47
2026-05-29,2026-05-29 05:40:13,backfill,1,Continental Open,2026,2026-08-13,76,76,live,4,4,0,283,252,317,0.8,,,0,0,N5v4_Final,217a3ec5be3e3541,e081dbbc5f47
2026-05-29,2026-05-29 05:40:13,backfill,1,Central California Open,2026,2026-08-14,77,77,live,2,3,1,175,144,203,0.8,,,0,0,N5v4_Final,217a3ec5be3e3541,e081dbbc5f47
2026-05-29,2026-05-29 05:40:13,backfill,1,Atlantic Open,2026,2026-08-21,84,84,live,2,2,0,316,251,395,0.8,,,0,0,N5v4_Final,217a3ec5be3e3541,e081dbbc5f47
2026-05-29,2026-05-29 05:40:13,backfill,1,Indianapolis Open,2026,2026-08-21,84,84,live,1,1,0,186,175,198,0.8,,,0,0,N5v4_Final,217a3ec5be3e3541,e081dbbc5f47
2026-05-29,2026-05-29 05:40:13,backfill,1,New York State Championship,2026,2026-09-04,98,98,live,8,8,0,304,237,347,0.8,,,0,0,N5v4_Final,217a3ec5be3e3541,e081dbbc5f47
2026-05-29,2026-05-29 05:40:13,backfill,1,Midwest Class Championships,2026,2026-10-09,133,133,live,2,2,0,313,296,338,0.8,,,0,0,N5v4_Final,217a3ec5be3e3541,e081dbbc5f47
2026-05-29,2026-05-29 05:40:13,backfill,1,Eastern Class Championships (in Connecticut),2026,2026-10-16,140,140,live,1,1,0,100,70,130,0.8,,,0,0,N5v4_Final,217a3ec5be3e3541,e081dbbc5f47
2026-05-29,2026-05-29 05:40:13,backfill,1,Eastern Chess Congress (in New Jersey),2026,2026-10-23,147,147,live,1,2,1,100,70,130,0.8,,,0,0,N5v4_Final,217a3ec5be3e3541,e081dbbc5f47
2026-05-29,2026-05-29 05:40:13,backfill,1,Los Angeles Open,2026,2026-11-06,161,161,live,1,1,0,365,289,413,0.8,,,0,0,N5v4_Final,217a3ec5be3e3541,e081dbbc5f47
2026-05-29,2026-05-29 05:40:13,backfill,1,Kings Island Open,2026,2026-11-13,168,168,live,1,1,0,346,318,364,0.8,,,0,0,N5v4_Final,217a3ec5be3e3541,e081dbbc5f47
2026-05-29,2026-05-29 05:40:13,backfill,1,National Chess Congress,2026,2026-11-27,182,182,live,1,1,0,623,572,677,0.8,,,0,0,N5v4_Final,217a3ec5be3e3541,e081dbbc5f47
2026-05-29,2026-05-29 05:40:13,backfill,1,North American Open,2026,2026-12-26,211,211,live,2,2,0,1081,946,1199,0.8,,,0,0,N5v4_Final,217a3ec5be3e3541,e081dbbc5f47
2026-05-30,2026-05-30 05:01:21,backfill,1,Hartford Open,2026,2026-06-05,6,6,live,80,81,1,212,199,226,0.8,model,family-direct,0,0,N5v4_Final,217a3ec5be3e3541,a53a69e3ab2a
2026-05-30,2026-05-30 05:01:21,backfill,1,Cleveland Open,2026,2026-06-05,6,6,live,71,72,1,196,184,209,0.8,model,family-direct,0,0,N5v4_Final,217a3ec5be3e3541,a53a69e3ab2a
2026-05-30,2026-05-30 05:01:21,backfill,1,New York State Open,2026,2026-06-19,20,20,live,38,39,1,94,61,147,0.8,model,family-direct,1,0,N5v4_Final,217a3ec5be3e3541,a53a69e3ab2a
2026-05-30,2026-05-30 05:01:21,backfill,1,DC International,2026,2026-06-25,26,26,live,52,53,1,116,107,125,0.8,model,family-alias,1,0,N5v4_Final,217a3ec5be3e3541,a53a69e3ab2a
2026-05-30,2026-05-30 05:01:21,backfill,1,World Open lower sections,2026,2026-06-26,27,27,live,25,25,0,124,98,156,0.8,model,family-direct,1,0,N5v4_Final,217a3ec5be3e3541,a53a69e3ab2a
2026-05-30,2026-05-30 05:01:21,backfill,1,DC Open,2026,2026-06-26,27,27,live,33,34,1,261,229,297,0.8,model,family-alias,1,0,N5v4_Final,217a3ec5be3e3541,a53a69e3ab2a
2026-05-30,2026-05-30 05:01:21,backfill,1,World Open Under 13 Championship,2026,2026-06-29,30,30,live,21,21,0,110,77,145,0.8,,,0,0,N5v4_Final,217a3ec5be3e3541,a53a69e3ab2a
2026-05-30,2026-05-30 05:01:21,backfill,1,World Open top 6 sections,2026,2026-07-01,32,32,live,377,377,0,1105,885,1379,0.8,model,family-direct,1,0,N5v4_Final,217a3ec5be3e3541,a53a69e3ab2a
2026-05-30,2026-05-30 05:01:21,backfill,1,Chicago Class,2026,2026-07-17,48,48,live,6,6,0,277,202,379,0.8,model,family-direct,0,0,N5v4_Final,217a3ec5be3e3541,a53a69e3ab2a
2026-05-30,2026-05-30 05:01:21,backfill,1,Pittsburgh Open,2026,2026-07-17,48,48,live,14,16,2,180,132,247,0.8,model,family-direct,0,0,N5v4_Final,217a3ec5be3e3541,a53a69e3ab2a
2026-05-30,2026-05-30 05:01:21,backfill,1,Southern Open,2026,2026-07-17,48,48,live,11,11,0,232,183,282,0.8,,,0,0,N5v4_Final,217a3ec5be3e3541,a53a69e3ab2a
2026-05-30,2026-05-30 05:01:21,backfill,1,Bradley Open,2026,2026-07-24,55,55,live,8,8,0,258,196,340,0.8,model,family-direct,0,0,N5v4_Final,217a3ec5be3e3541,a53a69e3ab2a
2026-05-30,2026-05-30 05:01:21,backfill,1,Pacific Coast Open,2026,2026-07-31,62,62,live,19,19,0,387,294,509,0.8,model,family-direct,0,0,N5v4_Final,217a3ec5be3e3541,a53a69e3ab2a
2026-05-30,2026-05-30 05:01:21,backfill,1,Continental Open,2026,2026-08-13,75,75,live,6,6,0,283,252,317,0.8,,,0,0,N5v4_Final,217a3ec5be3e3541,a53a69e3ab2a
2026-05-30,2026-05-30 05:01:21,backfill,1,Central California Open,2026,2026-08-14,76,76,live,2,3,1,175,144,203,0.8,,,0,0,N5v4_Final,217a3ec5be3e3541,a53a69e3ab2a
2026-05-30,2026-05-30 05:01:21,backfill,1,Atlantic Open,2026,2026-08-21,83,83,live,2,2,0,316,251,395,0.8,,,0,0,N5v4_Final,217a3ec5be3e3541,a53a69e3ab2a
2026-05-30,2026-05-30 05:01:21,backfill,1,Indianapolis Open,2026,2026-08-21,83,83,live,1,1,0,186,175,198,0.8,,,0,0,N5v4_Final,217a3ec5be3e3541,a53a69e3ab2a
2026-05-30,2026-05-30 05:01:21,backfill,1,New York State Championship,2026,2026-09-04,97,97,live,8,8,0,304,237,347,0.8,,,0,0,N5v4_Final,217a3ec5be3e3541,a53a69e3ab2a
2026-05-30,2026-05-30 05:01:21,backfill,1,Midwest Class Championships,2026,2026-10-09,132,132,live,2,2,0,313,296,338,0.8,,,0,0,N5v4_Final,217a3ec5be3e3541,a53a69e3ab2a
2026-05-30,2026-05-30 05:01:21,backfill,1,Eastern Class Championships (in Connecticut),2026,2026-10-16,139,139,live,1,1,0,100,70,130,0.8,,,0,0,N5v4_Final,217a3ec5be3e3541,a53a69e3ab2a
2026-05-30,2026-05-30 05:01:21,backfill,1,Eastern Chess Congress (in New Jersey),2026,2026-10-23,146,146,live,1,2,1,100,70,130,0.8,,,0,0,N5v4_Final,217a3ec5be3e3541,a53a69e3ab2a
2026-05-30,2026-05-30 05:01:21,backfill,1,Los Angeles Open,2026,2026-11-06,160,160,live,1,1,0,365,289,413,0.8,,,0,0,N5v4_Final,217a3ec5be3e3541,a53a69e3ab2a
2026-05-30,2026-05-30 05:01:21,backfill,1,Kings Island Open,2026,2026-11-13,167,167,live,1,1,0,346,318,364,0.8,,,0,0,N5v4_Final,217a3ec5be3e3541,a53a69e3ab2a
2026-05-30,2026-05-30 05:01:21,backfill,1,National Chess Congress,2026,2026-11-27,181,181,live,1,1,0,623,572,677,0.8,,,0,0,N5v4_Final,217a3ec5be3e3541,a53a69e3ab2a
2026-05-30,2026-05-30 05:01:21,backfill,1,North American Open,2026,2026-12-26,210,210,live,2,2,0,1081,946,1199,0.8,,,0,0,N5v4_Final,217a3ec5be3e3541,a53a69e3ab2a
2026-05-31,2026-05-31 05:46:15,backfill,1,Hartford Open,2026,2026-06-05,5,5,live,86,87,1,202,191,213,0.8,model,family-direct,0,0,N5v4_Final,217a3ec5be3e3541,5a192607875d
2026-05-31,2026-05-31 05:46:15,backfill,1,Cleveland Open,2026,2026-06-05,5,5,live,80,81,1,193,183,204,0.8,model,family-direct,0,0,N5v4_Final,217a3ec5be3e3541,5a192607875d
2026-05-31,2026-05-31 05:46:15,backfill,1,New York State Open,2026,2026-06-19,19,19,live,39,40,1,94,61,145,0.8,model,family-direct,1,0,N5v4_Final,217a3ec5be3e3541,5a192607875d
2026-05-31,2026-05-31 05:46:15,backfill,1,DC International,2026,2026-06-25,25,25,live,54,55,1,117,109,127,0.8,model,family-alias,1,0,N5v4_Final,217a3ec5be3e3541,5a192607875d
2026-05-31,2026-05-31 05:46:15,backfill,1,World Open lower sections,2026,2026-06-26,26,26,live,26,26,0,124,98,157,0.8,model,family-direct,1,0,N5v4_Final,217a3ec5be3e3541,5a192607875d
2026-05-31,2026-05-31 05:46:15,backfill,1,DC Open,2026,2026-06-26,26,26,live,38,39,1,267,235,304,0.8,model,family-alias,1,0,N5v4_Final,217a3ec5be3e3541,5a192607875d
2026-05-31,2026-05-31 05:46:15,backfill,1,World Open Under 13 Championship,2026,2026-06-29,29,29,live,22,22,0,110,77,145,0.8,,,0,0,N5v4_Final,217a3ec5be3e3541,5a192607875d
2026-05-31,2026-05-31 05:46:15,backfill,1,World Open top 6 sections,2026,2026-07-01,31,31,live,388,388,0,1107,892,1375,0.8,model,family-direct,1,0,N5v4_Final,217a3ec5be3e3541,5a192607875d
2026-05-31,2026-05-31 05:46:15,backfill,1,Chicago Class,2026,2026-07-17,47,47,live,7,7,0,276,202,379,0.8,model,family-direct,0,0,N5v4_Final,217a3ec5be3e3541,5a192607875d
2026-05-31,2026-05-31 05:46:15,backfill,1,Pittsburgh Open,2026,2026-07-17,47,47,live,16,18,2,187,169,208,0.8,model,family-direct,0,0,N5v4_Final,217a3ec5be3e3541,5a192607875d
2026-05-31,2026-05-31 05:46:15,backfill,1,Southern Open,2026,2026-07-17,47,47,live,12,12,0,232,183,282,0.8,,,0,0,N5v4_Final,217a3ec5be3e3541,5a192607875d
2026-05-31,2026-05-31 05:46:15,backfill,1,Bradley Open,2026,2026-07-24,54,54,live,8,8,0,257,195,338,0.8,model,family-direct,0,0,N5v4_Final,217a3ec5be3e3541,5a192607875d
2026-05-31,2026-05-31 05:46:15,backfill,1,Pacific Coast Open,2026,2026-07-31,61,61,live,20,20,0,387,294,509,0.8,model,family-direct,0,0,N5v4_Final,217a3ec5be3e3541,5a192607875d
2026-05-31,2026-05-31 05:46:15,backfill,1,Continental Open,2026,2026-08-13,74,74,live,6,6,0,283,252,317,0.8,,,0,0,N5v4_Final,217a3ec5be3e3541,5a192607875d
2026-05-31,2026-05-31 05:46:15,backfill,1,Central California Open,2026,2026-08-14,75,75,live,2,3,1,175,144,203,0.8,,,0,0,N5v4_Final,217a3ec5be3e3541,5a192607875d
2026-05-31,2026-05-31 05:46:15,backfill,1,Atlantic Open,2026,2026-08-21,82,82,live,2,2,0,316,251,395,0.8,,,0,0,N5v4_Final,217a3ec5be3e3541,5a192607875d
2026-05-31,2026-05-31 05:46:15,backfill,1,Indianapolis Open,2026,2026-08-21,82,82,live,1,1,0,186,175,198,0.8,,,0,0,N5v4_Final,217a3ec5be3e3541,5a192607875d
2026-05-31,2026-05-31 05:46:15,backfill,1,New York State Championship,2026,2026-09-04,96,96,live,8,8,0,304,237,347,0.8,,,0,0,N5v4_Final,217a3ec5be3e3541,5a192607875d
2026-05-31,2026-05-31 05:46:15,backfill,1,Midwest Class Championships,2026,2026-10-09,131,131,live,3,3,0,313,296,338,0.8,,,0,0,N5v4_Final,217a3ec5be3e3541,5a192607875d
2026-05-31,2026-05-31 05:46:15,backfill,1,Eastern Class Championships (in Connecticut),2026,2026-10-16,138,138,live,1,1,0,100,70,130,0.8,,,0,0,N5v4_Final,217a3ec5be3e3541,5a192607875d
2026-05-31,2026-05-31 05:46:15,backfill,1,Eastern Chess Congress (in New Jersey),2026,2026-10-23,145,145,live,1,2,1,100,70,130,0.8,,,0,0,N5v4_Final,217a3ec5be3e3541,5a192607875d
2026-05-31,2026-05-31 05:46:15,backfill,1,Los Angeles Open,2026,2026-11-06,159,159,live,1,1,0,365,289,413,0.8,,,0,0,N5v4_Final,217a3ec5be3e3541,5a192607875d
2026-05-31,2026-05-31 05:46:15,backfill,1,Kings Island Open,2026,2026-11-13,166,166,live,1,1,0,346,318,364,0.8,,,0,0,N5v4_Final,217a3ec5be3e3541,5a192607875d
2026-05-31,2026-05-31 05:46:15,backfill,1,National Chess Congress,2026,2026-11-27,180,180,live,1,1,0,623,572,677,0.8,,,0,0,N5v4_Final,217a3ec5be3e3541,5a192607875d
2026-05-31,2026-05-31 05:46:15,backfill,1,North American Open,2026,2026-12-26,209,209,live,2,2,0,1081,946,1199,0.8,,,0,0,N5v4_Final,217a3ec5be3e3541,5a192607875d
2026-06-01,2026-06-01 06:19:50,backfill,1,Hartford Open,2026,2026-06-05,4,4,live,107,108,1,210,197,223,0.8,model,family-direct,0,0,N5v4_Final,217a3ec5be3e3541,3e07aa2c7288
2026-06-01,2026-06-01 06:19:50,backfill,1,Cleveland Open,2026,2026-06-05,4,4,live,96,97,1,197,187,208,0.8,model,family-direct,0,0,N5v4_Final,217a3ec5be3e3541,3e07aa2c7288
2026-06-01,2026-06-01 06:19:50,backfill,1,New York State Open,2026,2026-06-19,18,18,live,39,40,1,93,60,142,0.8,model,family-direct,1,0,N5v4_Final,217a3ec5be3e3541,3e07aa2c7288
2026-06-01,2026-06-01 06:19:50,backfill,1,DC International,2026,2026-06-25,24,24,live,55,56,1,117,109,126,0.8,model,family-alias,1,0,N5v4_Final,217a3ec5be3e3541,3e07aa2c7288
2026-06-01,2026-06-01 06:19:50,backfill,1,World Open lower sections,2026,2026-06-26,25,25,live,31,31,0,127,100,162,0.8,model,family-direct,1,0,N5v4_Final,217a3ec5be3e3541,3e07aa2c7288
2026-06-01,2026-06-01 06:19:50,backfill,1,DC Open,2026,2026-06-26,25,25,live,38,39,1,265,233,301,0.8,model,family-alias,1,0,N5v4_Final,217a3ec5be3e3541,3e07aa2c7288
2026-06-01,2026-06-01 06:19:50,backfill,1,World Open Under 13 Championship,2026,2026-06-29,28,28,live,22,22,0,110,77,145,0.8,,,0,0,N5v4_Final,217a3ec5be3e3541,3e07aa2c7288
2026-06-01,2026-06-01 06:19:50,backfill,1,World Open top 6 sections,2026,2026-07-01,30,30,live,397,397,0,1109,897,1370,0.8,model,family-direct,1,0,N5v4_Final,217a3ec5be3e3541,3e07aa2c7288
2026-06-01,2026-06-01 06:19:50,backfill,1,Chicago Class,2026,2026-07-17,46,46,live,8,8,0,276,202,378,0.8,model,family-direct,0,0,N5v4_Final,217a3ec5be3e3541,3e07aa2c7288
2026-06-01,2026-06-01 06:19:50,backfill,1,Pittsburgh Open,2026,2026-07-17,46,46,live,16,18,2,184,167,204,0.8,model,family-direct,0,0,N5v4_Final,217a3ec5be3e3541,3e07aa2c7288
2026-06-01,2026-06-01 06:19:50,backfill,1,Southern Open,2026,2026-07-17,46,46,live,13,13,0,232,183,282,0.8,,,0,0,N5v4_Final,217a3ec5be3e3541,3e07aa2c7288
2026-06-01,2026-06-01 06:19:50,backfill,1,Bradley Open,2026,2026-07-24,53,53,live,9,9,0,259,197,341,0.8,model,family-direct,0,0,N5v4_Final,217a3ec5be3e3541,3e07aa2c7288
2026-06-01,2026-06-01 06:19:50,backfill,1,Pacific Coast Open,2026,2026-07-31,60,60,live,20,20,0,385,292,507,0.8,model,family-direct,0,0,N5v4_Final,217a3ec5be3e3541,3e07aa2c7288
2026-06-01,2026-06-01 06:19:50,backfill,1,Continental Open,2026,2026-08-13,73,73,live,8,8,0,283,252,317,0.8,,,0,0,N5v4_Final,217a3ec5be3e3541,3e07aa2c7288
2026-06-01,2026-06-01 06:19:50,backfill,1,Central California Open,2026,2026-08-14,74,74,live,2,3,1,175,144,203,0.8,,,0,0,N5v4_Final,217a3ec5be3e3541,3e07aa2c7288
2026-06-01,2026-06-01 06:19:50,backfill,1,Atlantic Open,2026,2026-08-21,81,81,live,2,2,0,316,251,395,0.8,,,0,0,N5v4_Final,217a3ec5be3e3541,3e07aa2c7288
2026-06-01,2026-06-01 06:19:50,backfill,1,Indianapolis Open,2026,2026-08-21,81,81,live,1,1,0,186,175,198,0.8,,,0,0,N5v4_Final,217a3ec5be3e3541,3e07aa2c7288
2026-06-01,2026-06-01 06:19:50,backfill,1,New York State Championship,2026,2026-09-04,95,95,live,8,8,0,304,237,347,0.8,,,0,0,N5v4_Final,217a3ec5be3e3541,3e07aa2c7288
2026-06-01,2026-06-01 06:19:50,backfill,1,Midwest Class Championships,2026,2026-10-09,130,130,live,3,3,0,313,296,338,0.8,,,0,0,N5v4_Final,217a3ec5be3e3541,3e07aa2c7288
2026-06-01,2026-06-01 06:19:50,backfill,1,Eastern Class Championships (in Connecticut),2026,2026-10-16,137,137,live,1,1,0,100,70,130,0.8,,,0,0,N5v4_Final,217a3ec5be3e3541,3e07aa2c7288
2026-06-01,2026-06-01 06:19:50,backfill,1,Eastern Chess Congress (in New Jersey),2026,2026-10-23,144,144,live,1,2,1,100,70,130,0.8,,,0,0,N5v4_Final,217a3ec5be3e3541,3e07aa2c7288
2026-06-01,2026-06-01 06:19:50,backfill,1,Los Angeles Open,2026,2026-11-06,158,158,live,1,1,0,365,289,413,0.8,,,0,0,N5v4_Final,217a3ec5be3e3541,3e07aa2c7288
2026-06-01,2026-06-01 06:19:50,backfill,1,Kings Island Open,2026,2026-11-13,165,165,live,1,1,0,346,318,364,0.8,,,0,0,N5v4_Final,217a3ec5be3e3541,3e07aa2c7288
2026-06-01,2026-06-01 06:19:50,backfill,1,National Chess Congress,2026,2026-11-27,179,179,live,1,1,0,623,572,677,0.8,,,0,0,N5v4_Final,217a3ec5be3e3541,3e07aa2c7288
2026-06-01,2026-06-01 06:19:50,backfill,1,North American Open,2026,2026-12-26,208,208,live,2,2,0,1081,946,1199,0.8,,,0,0,N5v4_Final,217a3ec5be3e3541,3e07aa2c7288
2026-06-02,2026-06-02 06:03:29,backfill,1,Hartford Open,2026,2026-06-05,3,3,live,143,144,1,241,225,257,0.8,model,family-direct,0,0,N5v4_Final,217a3ec5be3e3541,9d8ed3d31cbd
2026-06-02,2026-06-02 06:03:29,backfill,1,Cleveland Open,2026,2026-06-05,3,3,live,118,121,3,208,194,222,0.8,model,family-direct,0,0,N5v4_Final,217a3ec5be3e3541,9d8ed3d31cbd
2026-06-02,2026-06-02 06:03:29,backfill,1,New York State Open,2026,2026-06-19,17,17,live,39,40,1,91,60,139,0.8,model,family-direct,1,0,N5v4_Final,217a3ec5be3e3541,9d8ed3d31cbd
2026-06-02,2026-06-02 06:03:29,backfill,1,DC International,2026,2026-06-25,23,23,live,56,57,1,117,109,126,0.8,model,family-alias,1,0,N5v4_Final,217a3ec5be3e3541,9d8ed3d31cbd
2026-06-02,2026-06-02 06:03:29,backfill,1,World Open lower sections,2026,2026-06-26,24,24,live,33,33,0,128,100,164,0.8,model,family-direct,1,0,N5v4_Final,217a3ec5be3e3541,9d8ed3d31cbd
2026-06-02,2026-06-02 06:03:29,backfill,1,DC Open,2026,2026-06-26,24,24,live,38,39,1,262,231,298,0.8,model,family-alias,1,0,N5v4_Final,217a3ec5be3e3541,9d8ed3d31cbd
2026-06-02,2026-06-02 06:03:29,backfill,1,World Open Under 13 Championship,2026,2026-06-29,27,27,live,29,29,0,110,77,145,0.8,,,0,0,N5v4_Final,217a3ec5be3e3541,9d8ed3d31cbd
2026-06-02,2026-06-02 06:03:29,backfill,1,World Open top 6 sections,2026,2026-07-01,29,29,live,403,403,0,1108,902,1362,0.8,model,family-direct,1,0,N5v4_Final,217a3ec5be3e3541,9d8ed3d31cbd
2026-06-02,2026-06-02 06:03:29,backfill,1,Chicago Class,2026,2026-07-17,45,45,live,9,9,0,276,202,378,0.8,model,family-direct,0,0,N5v4_Final,217a3ec5be3e3541,9d8ed3d31cbd
2026-06-02,2026-06-02 06:03:29,backfill,1,Pittsburgh Open,2026,2026-07-17,45,45,live,16,18,2,182,165,200,0.8,model,family-direct,0,0,N5v4_Final,217a3ec5be3e3541,9d8ed3d31cbd
2026-06-02,2026-06-02 06:03:29,backfill,1,Southern Open,2026,2026-07-17,45,45,live,14,14,0,232,183,282,0.8,,,0,0,N5v4_Final,217a3ec5be3e3541,9d8ed3d31cbd
2026-06-02,2026-06-02 06:03:29,backfill,1,Bradley Open,2026,2026-07-24,52,52,live,11,11,0,266,202,350,0.8,model,family-direct,0,0,N5v4_Final,217a3ec5be3e3541,9d8ed3d31cbd
2026-06-02,2026-06-02 06:03:29,backfill,1,Pacific Coast Open,2026,2026-07-31,59,59,live,21,21,0,388,370,406,0.8,model,family-direct,0,0,N5v4_Final,217a3ec5be3e3541,9d8ed3d31cbd
2026-06-02,2026-06-02 06:03:29,backfill,1,Continental Open,2026,2026-08-13,72,72,live,8,8,0,283,252,317,0.8,,,0,0,N5v4_Final,217a3ec5be3e3541,9d8ed3d31cbd
2026-06-02,2026-06-02 06:03:29,backfill,1,Central California Open,2026,2026-08-14,73,73,live,2,3,1,175,144,203,0.8,,,0,0,N5v4_Final,217a3ec5be3e3541,9d8ed3d31cbd
2026-06-02,2026-06-02 06:03:29,backfill,1,Atlantic Open,2026,2026-08-21,80,80,live,2,2,0,316,251,395,0.8,,,0,0,N5v4_Final,217a3ec5be3e3541,9d8ed3d31cbd
2026-06-02,2026-06-02 06:03:29,backfill,1,Indianapolis Open,2026,2026-08-21,80,80,live,1,1,0,186,175,198,0.8,,,0,0,N5v4_Final,217a3ec5be3e3541,9d8ed3d31cbd
2026-06-02,2026-06-02 06:03:29,backfill,1,New York State Championship,2026,2026-09-04,94,94,live,8,8,0,304,237,347,0.8,,,0,0,N5v4_Final,217a3ec5be3e3541,9d8ed3d31cbd
2026-06-02,2026-06-02 06:03:29,backfill,1,Midwest Class Championships,2026,2026-10-09,129,129,live,3,3,0,313,296,338,0.8,,,0,0,N5v4_Final,217a3ec5be3e3541,9d8ed3d31cbd
2026-06-02,2026-06-02 06:03:29,backfill,1,Eastern Class Championships (in Connecticut),2026,2026-10-16,136,136,live,1,1,0,100,70,130,0.8,,,0,0,N5v4_Final,217a3ec5be3e3541,9d8ed3d31cbd
2026-06-02,2026-06-02 06:03:29,backfill,1,Eastern Chess Congress (in New Jersey),2026,2026-10-23,143,143,live,1,2,1,100,70,130,0.8,,,0,0,N5v4_Final,217a3ec5be3e3541,9d8ed3d31cbd
2026-06-02,2026-06-02 06:03:29,backfill,1,Los Angeles Open,2026,2026-11-06,157,157,live,1,1,0,365,289,413,0.8,,,0,0,N5v4_Final,217a3ec5be3e3541,9d8ed3d31cbd
2026-06-02,2026-06-02 06:03:29,backfill,1,Kings Island Open,2026,2026-11-13,164,164,live,1,1,0,346,318,364,0.8,,,0,0,N5v4_Final,217a3ec5be3e3541,9d8ed3d31cbd
2026-06-02,2026-06-02 06:03:29,backfill,1,National Chess Congress,2026,2026-11-27,178,178,live,1,1,0,623,572,677,0.8,,,0,0,N5v4_Final,217a3ec5be3e3541,9d8ed3d31cbd
2026-06-02,2026-06-02 06:03:29,backfill,1,North American Open,2026,2026-12-26,207,207,live,2,2,0,1081,946,1199,0.8,,,0,0,N5v4_Final,217a3ec5be3e3541,9d8ed3d31cbd
2026-06-03,2026-06-03 06:52:04,backfill,1,Hartford Open,2026,2026-06-05,2,2,live,178,182,4,240,229,252,0.8,model,family-direct,0,0,N5v4_Final,217a3ec5be3e3541,f6d8de19dfe3
2026-06-03,2026-06-03 06:52:04,backfill,1,Cleveland Open,2026,2026-06-05,2,2,live,144,148,4,205,195,215,0.8,model,family-direct,0,0,N5v4_Final,217a3ec5be3e3541,f6d8de19dfe3
2026-06-03,2026-06-03 06:52:04,backfill,1,New York State Open,2026,2026-06-19,16,16,live,40,41,1,91,60,137,0.8,model,family-direct,1,0,N5v4_Final,217a3ec5be3e3541,f6d8de19dfe3
2026-06-03,2026-06-03 06:52:04,backfill,1,DC International,2026,2026-06-25,22,22,live,59,60,1,120,112,129,0.8,model,family-alias,1,0,N5v4_Final,217a3ec5be3e3541,f6d8de19dfe3
2026-06-03,2026-06-03 06:52:04,backfill,1,World Open lower sections,2026,2026-06-26,23,23,live,37,37,0,130,102,167,0.8,model,family-direct,1,0,N5v4_Final,217a3ec5be3e3541,f6d8de19dfe3
2026-06-03,2026-06-03 06:52:04,backfill,1,DC Open,2026,2026-06-26,23,23,live,39,40,1,262,230,297,0.8,model,family-alias,1,0,N5v4_Final,217a3ec5be3e3541,f6d8de19dfe3
2026-06-03,2026-06-03 06:52:04,backfill,1,World Open Under 13 Championship,2026,2026-06-29,26,26,live,31,31,0,110,77,145,0.8,,,0,0,N5v4_Final,217a3ec5be3e3541,f6d8de19dfe3
2026-06-03,2026-06-03 06:52:04,backfill,1,World Open top 6 sections,2026,2026-07-01,28,28,live,413,413,0,1100,899,1345,0.8,model,family-direct,1,0,N5v4_Final,217a3ec5be3e3541,f6d8de19dfe3
2026-06-03,2026-06-03 06:52:04,backfill,1,Chicago Class,2026,2026-07-17,44,44,live,11,11,0,278,203,380,0.8,model,family-direct,0,0,N5v4_Final,217a3ec5be3e3541,f6d8de19dfe3
2026-06-03,2026-06-03 06:52:04,backfill,1,Pittsburgh Open,2026,2026-07-17,44,44,live,17,19,2,182,165,199,0.8,model,family-direct,0,0,N5v4_Final,217a3ec5be3e3541,f6d8de19dfe3
2026-06-03,2026-06-03 06:52:04,backfill,1,Southern Open,2026,2026-07-17,44,44,live,17,17,0,232,183,282,0.8,,,0,0,N5v4_Final,217a3ec5be3e3541,f6d8de19dfe3
2026-06-03,2026-06-03 06:52:04,backfill,1,Bradley Open,2026,2026-07-24,51,51,live,11,11,0,268,196,368,0.8,model,family-direct,0,0,N5v4_Final,217a3ec5be3e3541,f6d8de19dfe3
2026-06-03,2026-06-03 06:52:04,backfill,1,Pacific Coast Open,2026,2026-07-31,58,58,live,21,21,0,386,369,403,0.8,model,family-direct,0,0,N5v4_Final,217a3ec5be3e3541,f6d8de19dfe3
2026-06-03,2026-06-03 06:52:04,backfill,1,Continental Open,2026,2026-08-13,71,71,live,8,8,0,283,252,317,0.8,,,0,0,N5v4_Final,217a3ec5be3e3541,f6d8de19dfe3
2026-06-03,2026-06-03 06:52:04,backfill,1,Central California Open,2026,2026-08-14,72,72,live,2,3,1,175,144,203,0.8,,,0,0,N5v4_Final,217a3ec5be3e3541,f6d8de19dfe3
2026-06-03,2026-06-03 06:52:04,backfill,1,Atlantic Open,2026,2026-08-21,79,79,live,2,2,0,316,251,395,0.8,,,0,0,N5v4_Final,217a3ec5be3e3541,f6d8de19dfe3
2026-06-03,2026-06-03 06:52:04,backfill,1,Indianapolis Open,2026,2026-08-21,79,79,live,1,1,0,186,175,198,0.8,,,0,0,N5v4_Final,217a3ec5be3e3541,f6d8de19dfe3
2026-06-03,2026-06-03 06:52:04,backfill,1,New York State Championship,2026,2026-09-04,93,93,live,8,8,0,304,237,347,0.8,,,0,0,N5v4_Final,217a3ec5be3e3541,f6d8de19dfe3
2026-06-03,2026-06-03 06:52:04,backfill,1,Midwest Class Championships,2026,2026-10-09,128,128,live,3,3,0,313,296,338,0.8,,,0,0,N5v4_Final,217a3ec5be3e3541,f6d8de19dfe3
2026-06-03,2026-06-03 06:52:04,backfill,1,Eastern Class Championships (in Connecticut),2026,2026-10-16,135,135,live,1,1,0,100,70,130,0.8,,,0,0,N5v4_Final,217a3ec5be3e3541,f6d8de19dfe3
2026-06-03,2026-06-03 06:52:04,backfill,1,Eastern Chess Congress (in New Jersey),2026,2026-10-23,142,142,live,1,2,1,100,70,130,0.8,,,0,0,N5v4_Final,217a3ec5be3e3541,f6d8de19dfe3
2026-06-03,2026-06-03 06:52:04,backfill,1,Los Angeles Open,2026,2026-11-06,156,156,live,1,1,0,365,289,413,0.8,,,0,0,N5v4_Final,217a3ec5be3e3541,f6d8de19dfe3
2026-06-03,2026-06-03 06:52:04,backfill,1,Kings Island Open,2026,2026-11-13,163,163,live,1,1,0,346,318,364,0.8,,,0,0,N5v4_Final,217a3ec5be3e3541,f6d8de19dfe3
2026-06-03,2026-06-03 06:52:04,backfill,1,National Chess Congress,2026,2026-11-27,177,177,live,1,1,0,623,572,677,0.8,,,0,0,N5v4_Final,217a3ec5be3e3541,f6d8de19dfe3
2026-06-03,2026-06-03 06:52:04,backfill,1,North American Open,2026,2026-12-26,206,206,live,2,2,0,1081,946,1199,0.8,,,0,0,N5v4_Final,217a3ec5be3e3541,f6d8de19dfe3
2026-06-04,2026-06-04 09:24:37,backfill,1,Hartford Open,2026,2026-06-05,1,1,live,182,182,0,205,194,218,0.8,model,family-direct,0,0,N5v4_Final,217a3ec5be3e3541,bf3507041f06
2026-06-04,2026-06-04 09:24:37,backfill,1,Cleveland Open,2026,2026-06-05,1,1,live,147,147,0,175,165,185,0.8,model,family-direct,0,0,N5v4_Final,217a3ec5be3e3541,bf3507041f06
2026-06-04,2026-06-04 09:24:37,backfill,1,New York State Open,2026,2026-06-19,15,15,live,41,41,0,90,60,136,0.8,model,family-direct,1,0,N5v4_Final,217a3ec5be3e3541,bf3507041f06
2026-06-04,2026-06-04 09:24:37,backfill,1,DC International,2026,2026-06-25,21,21,live,60,60,0,119,110,128,0.8,model,family-alias,1,0,N5v4_Final,217a3ec5be3e3541,bf3507041f06
2026-06-04,2026-06-04 09:24:37,backfill,1,World Open lower sections,2026,2026-06-26,22,22,live,40,40,0,132,103,170,0.8,model,family-direct,1,0,N5v4_Final,217a3ec5be3e3541,bf3507041f06
2026-06-04,2026-06-04 09:24:37,backfill,1,DC Open,2026,2026-06-26,22,22,live,41,41,0,263,231,298,0.8,model,family-alias,1,0,N5v4_Final,217a3ec5be3e3541,bf3507041f06
2026-06-04,2026-06-04 09:24:37,backfill,1,World Open Under 13 Championship,2026,2026-06-29,25,25,live,31,31,0,110,77,145,0.8,,,0,0,N5v4_Final,217a3ec5be3e3541,bf3507041f06
2026-06-04,2026-06-04 09:24:37,backfill,1,World Open top 6 sections,2026,2026-07-01,27,27,live,427,427,0,1105,903,1353,0.8,model,family-direct,1,0,N5v4_Final,217a3ec5be3e3541,bf3507041f06
2026-06-04,2026-06-04 09:24:37,backfill,1,Chicago Class,2026,2026-07-17,43,43,live,12,12,0,278,203,381,0.8,model,family-direct,0,0,N5v4_Final,217a3ec5be3e3541,bf3507041f06
2026-06-04,2026-06-04 09:24:37,backfill,1,Pittsburgh Open,2026,2026-07-17,43,43,live,18,18,0,181,166,199,0.8,model,family-direct,0,0,N5v4_Final,217a3ec5be3e3541,bf3507041f06
2026-06-04,2026-06-04 09:24:37,backfill,1,Southern Open,2026,2026-07-17,43,43,live,17,17,0,232,183,282,0.8,,,0,0,N5v4_Final,217a3ec5be3e3541,bf3507041f06
2026-06-04,2026-06-04 09:24:37,backfill,1,Bradley Open,2026,2026-07-24,50,50,live,11,11,0,266,195,365,0.8,model,family-direct,0,0,N5v4_Final,217a3ec5be3e3541,bf3507041f06
2026-06-04,2026-06-04 09:24:37,backfill,1,Pacific Coast Open,2026,2026-07-31,57,57,live,22,22,0,386,369,404,0.8,model,family-direct,0,0,N5v4_Final,217a3ec5be3e3541,bf3507041f06
2026-06-04,2026-06-04 09:24:37,backfill,1,Continental Open,2026,2026-08-13,70,70,live,8,8,0,283,252,317,0.8,,,0,0,N5v4_Final,217a3ec5be3e3541,bf3507041f06
2026-06-04,2026-06-04 09:24:37,backfill,1,Central California Open,2026,2026-08-14,71,71,live,3,3,0,175,144,203,0.8,,,0,0,N5v4_Final,217a3ec5be3e3541,bf3507041f06
2026-06-04,2026-06-04 09:24:37,backfill,1,Atlantic Open,2026,2026-08-21,78,78,live,2,2,0,316,251,395,0.8,,,0,0,N5v4_Final,217a3ec5be3e3541,bf3507041f06
2026-06-04,2026-06-04 09:24:37,backfill,1,Indianapolis Open,2026,2026-08-21,78,78,live,3,3,0,186,175,198,0.8,,,0,0,N5v4_Final,217a3ec5be3e3541,bf3507041f06
2026-06-04,2026-06-04 09:24:37,backfill,1,New York State Championship,2026,2026-09-04,92,92,live,8,8,0,304,237,347,0.8,,,0,0,N5v4_Final,217a3ec5be3e3541,bf3507041f06
2026-06-04,2026-06-04 09:24:37,backfill,1,Midwest Class Championships,2026,2026-10-09,127,127,live,3,3,0,313,296,338,0.8,,,0,0,N5v4_Final,217a3ec5be3e3541,bf3507041f06
2026-06-04,2026-06-04 09:24:37,backfill,1,Eastern Class Championships (in Connecticut),2026,2026-10-16,134,134,live,1,1,0,100,70,130,0.8,,,0,0,N5v4_Final,217a3ec5be3e3541,bf3507041f06
2026-06-04,2026-06-04 09:24:37,backfill,1,Eastern Chess Congress (in New Jersey),2026,2026-10-23,141,141,live,2,2,0,100,70,130,0.8,,,0,0,N5v4_Final,217a3ec5be3e3541,bf3507041f06
2026-06-04,2026-06-04 09:24:37,backfill,1,Los Angeles Open,2026,2026-11-06,155,155,live,1,1,0,365,289,413,0.8,,,0,0,N5v4_Final,217a3ec5be3e3541,bf3507041f06
2026-06-04,2026-06-04 09:24:37,backfill,1,Kings Island Open,2026,2026-11-13,162,162,live,1,1,0,346,318,364,0.8,,,0,0,N5v4_Final,217a3ec5be3e3541,bf3507041f06
2026-06-04,2026-06-04 09:24:37,backfill,1,National Chess Congress,2026,2026-11-27,176,176,live,1,1,0,623,572,677,0.8,,,0,0,N5v4_Final,217a3ec5be3e3541,bf3507041f06
2026-06-04,2026-06-04 09:24:37,backfill,1,North American Open,2026,2026-12-26,205,205,live,2,2,0,1081,946,1199,0.8,,,0,0,N5v4_Final,217a3ec5be3e3541,bf3507041f06
2026-06-04,2026-06-04 10:12:18,backfill,1,Hartford Open,2026,2026-06-05,1,1,live,182,182,0,205,194,218,0.8,model,family-direct,0,0,N5v4_Final,217a3ec5be3e3541,04c408a8ba1a
2026-06-04,2026-06-04 10:12:18,backfill,1,Cleveland Open,2026,2026-06-05,1,1,live,147,147,0,175,165,185,0.8,model,family-direct,0,0,N5v4_Final,217a3ec5be3e3541,04c408a8ba1a
2026-06-04,2026-06-04 10:12:18,backfill,1,New York State Open,2026,2026-06-19,15,15,live,41,41,0,90,60,136,0.8,model,family-direct,1,0,N5v4_Final,217a3ec5be3e3541,04c408a8ba1a
2026-06-04,2026-06-04 10:12:18,backfill,1,DC International,2026,2026-06-25,21,21,live,60,60,0,119,110,128,0.8,model,family-alias,1,0,N5v4_Final,217a3ec5be3e3541,04c408a8ba1a
2026-06-04,2026-06-04 10:12:18,backfill,1,World Open lower sections,2026,2026-06-26,22,22,live,40,40,0,132,103,170,0.8,model,family-direct,1,0,N5v4_Final,217a3ec5be3e3541,04c408a8ba1a
2026-06-04,2026-06-04 10:12:18,backfill,1,DC Open,2026,2026-06-26,22,22,live,41,41,0,263,231,298,0.8,model,family-alias,1,0,N5v4_Final,217a3ec5be3e3541,04c408a8ba1a
2026-06-04,2026-06-04 10:12:18,backfill,1,World Open Under 13 Championship,2026,2026-06-29,25,25,live,31,31,0,110,77,145,0.8,,,0,0,N5v4_Final,217a3ec5be3e3541,04c408a8ba1a
2026-06-04,2026-06-04 10:12:18,backfill,1,World Open top 6 sections,2026,2026-07-01,27,27,live,427,427,0,1105,903,1353,0.8,model,family-direct,1,0,N5v4_Final,217a3ec5be3e3541,04c408a8ba1a
2026-06-04,2026-06-04 10:12:18,backfill,1,Chicago Class,2026,2026-07-17,43,43,live,12,12,0,278,203,381,0.8,model,family-direct,0,0,N5v4_Final,217a3ec5be3e3541,04c408a8ba1a
2026-06-04,2026-06-04 10:12:18,backfill,1,Pittsburgh Open,2026,2026-07-17,43,43,live,18,18,0,181,166,199,0.8,model,family-direct,0,0,N5v4_Final,217a3ec5be3e3541,04c408a8ba1a
2026-06-04,2026-06-04 10:12:18,backfill,1,Southern Open,2026,2026-07-17,43,43,live,17,17,0,232,183,282,0.8,,,0,0,N5v4_Final,217a3ec5be3e3541,04c408a8ba1a
2026-06-04,2026-06-04 10:12:18,backfill,1,Bradley Open,2026,2026-07-24,50,50,live,11,11,0,266,195,365,0.8,model,family-direct,0,0,N5v4_Final,217a3ec5be3e3541,04c408a8ba1a
2026-06-04,2026-06-04 10:12:18,backfill,1,Pacific Coast Open,2026,2026-07-31,57,57,live,22,22,0,386,369,404,0.8,model,family-direct,0,0,N5v4_Final,217a3ec5be3e3541,04c408a8ba1a
2026-06-04,2026-06-04 10:12:18,backfill,1,Continental Open,2026,2026-08-13,70,70,live,8,8,0,283,252,317,0.8,,,0,0,N5v4_Final,217a3ec5be3e3541,04c408a8ba1a
2026-06-04,2026-06-04 10:12:18,backfill,1,Central California Open,2026,2026-08-14,71,71,live,3,3,0,175,144,203,0.8,,,0,0,N5v4_Final,217a3ec5be3e3541,04c408a8ba1a
2026-06-04,2026-06-04 10:12:18,backfill,1,Atlantic Open,2026,2026-08-21,78,78,live,2,2,0,316,251,395,0.8,,,0,0,N5v4_Final,217a3ec5be3e3541,04c408a8ba1a
2026-06-04,2026-06-04 10:12:18,backfill,1,Indianapolis Open,2026,2026-08-21,78,78,live,3,3,0,186,175,198,0.8,,,0,0,N5v4_Final,217a3ec5be3e3541,04c408a8ba1a
2026-06-04,2026-06-04 10:12:18,backfill,1,New York State Championship,2026,2026-09-04,92,92,live,8,8,0,304,237,347,0.8,,,0,0,N5v4_Final,217a3ec5be3e3541,04c408a8ba1a
2026-06-04,2026-06-04 10:12:18,backfill,1,Midwest Class Championships,2026,2026-10-09,127,127,live,3,3,0,313,296,338,0.8,,,0,0,N5v4_Final,217a3ec5be3e3541,04c408a8ba1a
2026-06-04,2026-06-04 10:12:18,backfill,1,Eastern Class Championships (in Connecticut),2026,2026-10-16,134,134,live,1,1,0,100,70,130,0.8,,,0,0,N5v4_Final,217a3ec5be3e3541,04c408a8ba1a
2026-06-04,2026-06-04 10:12:18,backfill,1,Eastern Chess Congress (in New Jersey),2026,2026-10-23,141,141,live,2,2,0,100,70,130,0.8,,,0,0,N5v4_Final,217a3ec5be3e3541,04c408a8ba1a
2026-06-04,2026-06-04 10:12:18,backfill,1,Los Angeles Open,2026,2026-11-06,155,155,live,1,1,0,365,289,413,0.8,,,0,0,N5v4_Final,217a3ec5be3e3541,04c408a8ba1a
2026-06-04,2026-06-04 10:12:18,backfill,1,Kings Island Open,2026,2026-11-13,162,162,live,1,1,0,346,318,364,0.8,,,0,0,N5v4_Final,217a3ec5be3e3541,04c408a8ba1a
2026-06-04,2026-06-04 10:12:18,backfill,1,National Chess Congress,2026,2026-11-27,176,176,live,1,1,0,623,572,677,0.8,,,0,0,N5v4_Final,217a3ec5be3e3541,04c408a8ba1a
2026-06-04,2026-06-04 10:12:18,backfill,1,North American Open,2026,2026-12-26,205,205,live,2,2,0,1081,946,1199,0.8,,,0,0,N5v4_Final,217a3ec5be3e3541,04c408a8ba1a
2026-06-05,2026-06-05 05:48:54,backfill,1,Hartford Open,2026,2026-06-05,0,1,live,190,196,6,210,197,223,0.8,model_online_window,,0,0,N5v4_Final,217a3ec5be3e3541,df349f1218a9
2026-06-05,2026-06-05 05:48:54,backfill,1,Cleveland Open,2026,2026-06-05,0,1,live,158,162,4,174,163,185,0.8,model_online_window,,0,0,N5v4_Final,217a3ec5be3e3541,df349f1218a9
2026-06-05,2026-06-05 05:48:54,backfill,1,New York State Open,2026,2026-06-19,14,14,live,41,42,1,89,60,133,0.8,model,family-direct,1,0,N5v4_Final,217a3ec5be3e3541,df349f1218a9
2026-06-05,2026-06-05 05:48:54,backfill,1,DC International,2026,2026-06-25,20,20,live,62,63,1,120,112,129,0.8,model,family-alias,1,0,N5v4_Final,217a3ec5be3e3541,df349f1218a9
2026-06-05,2026-06-05 05:48:54,backfill,1,World Open lower sections,2026,2026-06-26,21,21,live,41,41,0,131,98,174,0.8,model,family-direct,1,0,N5v4_Final,217a3ec5be3e3541,df349f1218a9
2026-06-05,2026-06-05 05:48:54,backfill,1,DC Open,2026,2026-06-26,21,21,live,44,45,1,263,228,302,0.8,model,family-alias,1,0,N5v4_Final,217a3ec5be3e3541,df349f1218a9
2026-06-05,2026-06-05 05:48:54,backfill,1,World Open Under 13 Championship,2026,2026-06-29,24,24,live,33,33,0,110,77,145,0.8,,,0,0,N5v4_Final,217a3ec5be3e3541,df349f1218a9
2026-06-05,2026-06-05 05:48:54,backfill,1,World Open top 6 sections,2026,2026-07-01,26,26,live,442,442,0,1111,907,1361,0.8,model,family-direct,1,0,N5v4_Final,217a3ec5be3e3541,df349f1218a9
2026-06-05,2026-06-05 05:48:54,backfill,1,Chicago Class,2026,2026-07-17,42,42,live,12,12,0,277,202,379,0.8,model,family-direct,0,0,N5v4_Final,217a3ec5be3e3541,df349f1218a9
2026-06-05,2026-06-05 05:48:54,backfill,1,Pittsburgh Open,2026,2026-07-17,42,42,live,18,20,2,179,164,195,0.8,model,family-direct,0,0,N5v4_Final,217a3ec5be3e3541,df349f1218a9
2026-06-05,2026-06-05 05:48:54,backfill,1,Southern Open,2026,2026-07-17,42,42,live,18,18,0,232,183,282,0.8,,,0,0,N5v4_Final,217a3ec5be3e3541,df349f1218a9
2026-06-05,2026-06-05 05:48:54,backfill,1,Bradley Open,2026,2026-07-24,49,49,live,12,12,0,269,196,368,0.8,model,family-direct,0,0,N5v4_Final,217a3ec5be3e3541,df349f1218a9
2026-06-05,2026-06-05 05:48:54,backfill,1,Pacific Coast Open,2026,2026-07-31,56,56,live,22,22,0,384,368,401,0.8,model,family-direct,0,0,N5v4_Final,217a3ec5be3e3541,df349f1218a9
2026-06-05,2026-06-05 05:48:54,backfill,1,Continental Open,2026,2026-08-13,69,69,live,8,8,0,283,252,317,0.8,,,0,0,N5v4_Final,217a3ec5be3e3541,df349f1218a9
2026-06-05,2026-06-05 05:48:54,backfill,1,Central California Open,2026,2026-08-14,70,70,live,3,4,1,175,144,203,0.8,,,0,0,N5v4_Final,217a3ec5be3e3541,df349f1218a9
2026-06-05,2026-06-05 05:48:54,backfill,1,Atlantic Open,2026,2026-08-21,77,77,live,2,2,0,316,251,395,0.8,,,0,0,N5v4_Final,217a3ec5be3e3541,df349f1218a9
2026-06-05,2026-06-05 05:48:54,backfill,1,Indianapolis Open,2026,2026-08-21,77,77,live,3,3,0,186,175,198,0.8,,,0,0,N5v4_Final,217a3ec5be3e3541,df349f1218a9
2026-06-05,2026-06-05 05:48:54,backfill,1,New York State Championship,2026,2026-09-04,91,91,live,8,8,0,304,237,347,0.8,,,0,0,N5v4_Final,217a3ec5be3e3541,df349f1218a9
2026-06-05,2026-06-05 05:48:54,backfill,1,Midwest Class Championships,2026,2026-10-09,126,126,live,3,3,0,313,296,338,0.8,,,0,0,N5v4_Final,217a3ec5be3e3541,df349f1218a9
2026-06-05,2026-06-05 05:48:54,backfill,1,Eastern Class Championships (in Connecticut),2026,2026-10-16,133,133,live,1,1,0,100,70,130,0.8,,,0,0,N5v4_Final,217a3ec5be3e3541,df349f1218a9
2026-06-05,2026-06-05 05:48:54,backfill,1,Eastern Chess Congress (in New Jersey),2026,2026-10-23,140,140,live,1,2,1,100,70,130,0.8,,,0,0,N5v4_Final,217a3ec5be3e3541,df349f1218a9
2026-06-05,2026-06-05 05:48:54,backfill,1,Los Angeles Open,2026,2026-11-06,154,154,live,1,1,0,365,289,413,0.8,,,0,0,N5v4_Final,217a3ec5be3e3541,df349f1218a9
2026-06-05,2026-06-05 05:48:54,backfill,1,Kings Island Open,2026,2026-11-13,161,161,live,1,1,0,346,318,364,0.8,,,0,0,N5v4_Final,217a3ec5be3e3541,df349f1218a9
2026-06-05,2026-06-05 05:48:54,backfill,1,National Chess Congress,2026,2026-11-27,175,175,live,1,1,0,623,572,677,0.8,,,0,0,N5v4_Final,217a3ec5be3e3541,df349f1218a9
2026-06-05,2026-06-05 05:48:54,backfill,1,North American Open,2026,2026-12-26,204,204,live,2,2,0,1081,946,1199,0.8,,,0,0,N5v4_Final,217a3ec5be3e3541,df349f1218a9
2026-06-06,2026-06-06 00:56:01,backfill,1,Hartford Open,2026,2026-06-05,-1,0,live,190,196,6,190,190,190,0.8,live_scrape,,0,0,N5v4_Final,00fa551144bffa5b,adac6c3b2751
2026-06-06,2026-06-06 00:56:01,backfill,1,Cleveland Open,2026,2026-06-05,-1,0,live,158,162,4,158,158,158,0.8,live_scrape,,0,0,N5v4_Final,00fa551144bffa5b,adac6c3b2751
2026-06-06,2026-06-06 00:56:01,backfill,1,New York State Open,2026,2026-06-19,13,13,live,41,42,1,88,60,130,0.8,model,family-direct,1,0,N5v4_Final,00fa551144bffa5b,adac6c3b2751
2026-06-06,2026-06-06 00:56:01,backfill,1,DC International,2026,2026-06-25,19,19,live,62,63,1,118,111,126,0.8,model,family-alias,1,0,N5v4_Final,00fa551144bffa5b,adac6c3b2751
2026-06-06,2026-06-06 00:56:01,backfill,1,World Open lower sections,2026,2026-06-26,20,20,live,41,41,0,130,98,172,0.8,model,family-direct,1,0,N5v4_Final,00fa551144bffa5b,adac6c3b2751
2026-06-06,2026-06-06 00:56:01,backfill,1,DC Open,2026,2026-06-26,20,20,live,44,45,1,261,229,297,0.8,model,family-alias,1,0,N5v4_Final,00fa551144bffa5b,adac6c3b2751
2026-06-06,2026-06-06 00:56:01,backfill,1,World Open Under 13 Championship,2026,2026-06-29,23,23,live,33,33,0,153,128,183,0.8,metadata_pace,roster-pending,1,0,N5v4_Final,00fa551144bffa5b,adac6c3b2751
2026-06-06,2026-06-06 00:56:01,backfill,1,World Open top 6 sections,2026,2026-07-01,25,25,live,442,442,0,1104,900,1353,0.8,model,family-direct,1,0,N5v4_Final,00fa551144bffa5b,adac6c3b2751
2026-06-06,2026-06-06 00:56:01,backfill,1,Chicago Class,2026,2026-07-17,41,41,live,12,12,0,272,242,307,0.8,model,family-direct,0,0,N5v4_Final,00fa551144bffa5b,adac6c3b2751
2026-06-06,2026-06-06 00:56:01,backfill,1,Pittsburgh Open,2026,2026-07-17,41,41,live,18,20,2,178,163,193,0.8,model,family-direct,0,0,N5v4_Final,00fa551144bffa5b,adac6c3b2751
2026-06-06,2026-06-06 00:56:01,backfill,1,Southern Open,2026,2026-07-17,41,41,live,18,18,0,258,121,441,0.8,metadata_pace,roster-pending,1,0,N5v4_Final,00fa551144bffa5b,adac6c3b2751
2026-06-06,2026-06-06 00:56:01,backfill,1,Bradley Open,2026,2026-07-24,48,48,live,12,12,0,267,195,365,0.8,model,family-direct,0,0,N5v4_Final,00fa551144bffa5b,adac6c3b2751
2026-06-06,2026-06-06 00:56:01,backfill,1,Pacific Coast Open,2026,2026-07-31,55,55,live,22,22,0,382,366,398,0.8,model,family-direct,0,0,N5v4_Final,00fa551144bffa5b,adac6c3b2751
2026-06-06,2026-06-06 00:56:01,backfill,1,Continental Open,2026,2026-08-13,68,68,live,8,8,0,283,252,317,0.8,metadata_historical_avg,roster-pending,1,0,N5v4_Final,00fa551144bffa5b,adac6c3b2751
2026-06-06,2026-06-06 00:56:01,backfill,1,Central California Open,2026,2026-08-14,69,69,live,3,4,1,175,144,203,0.8,metadata_historical_avg,roster-pending,1,0,N5v4_Final,00fa551144bffa5b,adac6c3b2751
2026-06-06,2026-06-06 00:56:01,backfill,1,Atlantic Open,2026,2026-08-21,76,76,live,2,2,0,316,251,395,0.8,metadata_historical_avg,roster-pending,1,0,N5v4_Final,00fa551144bffa5b,adac6c3b2751
2026-06-06,2026-06-06 00:56:01,backfill,1,Indianapolis Open,2026,2026-08-21,76,76,live,3,3,0,186,175,198,0.8,metadata_historical_avg,roster-pending,1,0,N5v4_Final,00fa551144bffa5b,adac6c3b2751
2026-06-06,2026-06-06 00:56:01,backfill,1,New York State Championship,2026,2026-09-04,90,90,live,8,8,0,304,237,347,0.8,metadata_historical_avg,roster-pending,1,0,N5v4_Final,00fa551144bffa5b,adac6c3b2751
2026-06-06,2026-06-06 00:56:01,backfill,1,Midwest Class Championships,2026,2026-10-09,125,125,live,3,3,0,313,296,338,0.8,metadata_historical_avg,roster-pending,1,0,N5v4_Final,00fa551144bffa5b,adac6c3b2751
2026-06-06,2026-06-06 00:56:01,backfill,1,Eastern Class Championships (in Connecticut),2026,2026-10-16,132,132,live,1,1,0,221,198,246,0.8,metadata_historical_avg,roster-pending,1,0,N5v4_Final,00fa551144bffa5b,adac6c3b2751
2026-06-06,2026-06-06 00:56:01,backfill,1,Eastern Chess Congress (in New Jersey),2026,2026-10-23,139,139,live,1,2,1,469,404,513,0.8,metadata_historical_avg,roster-pending,1,0,N5v4_Final,00fa551144bffa5b,adac6c3b2751
2026-06-06,2026-06-06 00:56:01,backfill,1,Los Angeles Open,2026,2026-11-06,153,153,live,1,1,0,365,289,413,0.8,metadata_historical_avg,roster-pending,1,0,N5v4_Final,00fa551144bffa5b,adac6c3b2751
2026-06-06,2026-06-06 00:56:01,backfill,1,Kings Island Open,2026,2026-11-13,160,160,live,1,1,0,346,318,364,0.8,metadata_historical_avg,roster-pending,1,0,N5v4_Final,00fa551144bffa5b,adac6c3b2751
2026-06-06,2026-06-06 00:56:01,backfill,1,National Chess Congress,2026,2026-11-27,174,174,live,1,1,0,623,572,677,0.8,metadata_historical_avg,roster-pending,1,0,N5v4_Final,00fa551144bffa5b,adac6c3b2751
2026-06-06,2026-06-06 00:56:01,backfill,1,North American Open,2026,2026-12-26,203,203,live,2,2,0,1081,946,1199,0.8,metadata_historical_avg,roster-pending,1,0,N5v4_Final,00fa551144bffa5b,adac6c3b2751
2026-06-06,2026-06-06 05:05:27,backfill,1,Hartford Open,2026,2026-06-05,-1,0,live,198,206,8,198,198,198,0.8,live_scrape,,0,0,N5v4_Final,00fa551144bffa5b,60ce6dfafdd9
2026-06-06,2026-06-06 05:05:27,backfill,1,Cleveland Open,2026,2026-06-05,-1,0,live,169,174,5,169,169,169,0.8,live_scrape,,0,0,N5v4_Final,00fa551144bffa5b,60ce6dfafdd9
2026-06-06,2026-06-06 05:05:27,backfill,1,New York State Open,2026,2026-06-19,13,13,live,41,42,1,88,60,130,0.8,model,family-direct,1,0,N5v4_Final,00fa551144bffa5b,60ce6dfafdd9
2026-06-06,2026-06-06 05:05:27,backfill,1,DC International,2026,2026-06-25,19,19,live,62,63,1,118,111,126,0.8,model,family-alias,1,0,N5v4_Final,00fa551144bffa5b,60ce6dfafdd9
2026-06-06,2026-06-06 05:05:27,backfill,1,World Open lower sections,2026,2026-06-26,20,20,live,41,41,0,130,98,172,0.8,model,family-direct,1,0,N5v4_Final,00fa551144bffa5b,60ce6dfafdd9
2026-06-06,2026-06-06 05:05:27,backfill,1,DC Open,2026,2026-06-26,20,20,live,45,46,1,262,230,299,0.8,model,family-alias,1,0,N5v4_Final,00fa551144bffa5b,60ce6dfafdd9
2026-06-06,2026-06-06 05:05:27,backfill,1,World Open Under 13 Championship,2026,2026-06-29,23,23,live,34,34,0,158,132,189,0.8,metadata_pace,roster-pending,1,0,N5v4_Final,00fa551144bffa5b,60ce6dfafdd9
2026-06-06,2026-06-06 05:05:27,backfill,1,World Open top 6 sections,2026,2026-07-01,25,25,live,449,449,0,1110,905,1361,0.8,model,family-direct,1,0,N5v4_Final,00fa551144bffa5b,60ce6dfafdd9
2026-06-06,2026-06-06 05:05:27,backfill,1,Chicago Class,2026,2026-07-17,41,41,live,13,13,0,275,244,310,0.8,model,family-direct,0,0,N5v4_Final,00fa551144bffa5b,60ce6dfafdd9
2026-06-06,2026-06-06 05:05:27,backfill,1,Pittsburgh Open,2026,2026-07-17,41,41,live,19,21,2,180,165,196,0.8,model,family-direct,0,0,N5v4_Final,00fa551144bffa5b,60ce6dfafdd9
2026-06-06,2026-06-06 05:05:27,backfill,1,Southern Open,2026,2026-07-17,41,41,live,19,19,0,272,128,441,0.8,metadata_pace,roster-pending,1,0,N5v4_Final,00fa551144bffa5b,60ce6dfafdd9
2026-06-06,2026-06-06 05:05:27,backfill,1,Bradley Open,2026,2026-07-24,48,48,live,13,13,0,270,197,370,0.8,model,family-direct,0,0,N5v4_Final,00fa551144bffa5b,60ce6dfafdd9
2026-06-06,2026-06-06 05:05:27,backfill,1,Pacific Coast Open,2026,2026-07-31,55,55,live,22,22,0,382,366,398,0.8,model,family-direct,0,0,N5v4_Final,00fa551144bffa5b,60ce6dfafdd9
2026-06-06,2026-06-06 05:05:27,backfill,1,Continental Open,2026,2026-08-13,68,68,live,8,8,0,283,252,317,0.8,metadata_historical_avg,roster-pending,1,0,N5v4_Final,00fa551144bffa5b,60ce6dfafdd9
2026-06-06,2026-06-06 05:05:27,backfill,1,Central California Open,2026,2026-08-14,69,69,live,3,4,1,175,144,203,0.8,metadata_historical_avg,roster-pending,1,0,N5v4_Final,00fa551144bffa5b,60ce6dfafdd9
2026-06-06,2026-06-06 05:05:27,backfill,1,Atlantic Open,2026,2026-08-21,76,76,live,2,2,0,316,251,395,0.8,metadata_historical_avg,roster-pending,1,0,N5v4_Final,00fa551144bffa5b,60ce6dfafdd9
2026-06-06,2026-06-06 05:05:27,backfill,1,Indianapolis Open,2026,2026-08-21,76,76,live,3,3,0,186,175,198,0.8,metadata_historical_avg,roster-pending,1,0,N5v4_Final,00fa551144bffa5b,60ce6dfafdd9
2026-06-06,2026-06-06 05:05:27,backfill,1,New York State Championship,2026,2026-09-04,90,90,live,8,8,0,304,237,347,0.8,metadata_historical_avg,roster-pending,1,0,N5v4_Final,00fa551144bffa5b,60ce6dfafdd9
2026-06-06,2026-06-06 05:05:27,backfill,1,Midwest Class Championships,2026,2026-10-09,125,125,live,3,3,0,313,296,338,0.8,metadata_historical_avg,roster-pending,1,0,N5v4_Final,00fa551144bffa5b,60ce6dfafdd9
2026-06-06,2026-06-06 05:05:27,backfill,1,Eastern Class Championships (in Connecticut),2026,2026-10-16,132,132,live,1,1,0,221,198,246,0.8,metadata_historical_avg,roster-pending,1,0,N5v4_Final,00fa551144bffa5b,60ce6dfafdd9
2026-06-06,2026-06-06 05:05:27,backfill,1,Eastern Chess Congress (in New Jersey),2026,2026-10-23,139,139,live,1,2,1,469,404,513,0.8,metadata_historical_avg,roster-pending,1,0,N5v4_Final,00fa551144bffa5b,60ce6dfafdd9
2026-06-06,2026-06-06 05:05:27,backfill,1,Los Angeles Open,2026,2026-11-06,153,153,live,1,1,0,365,289,413,0.8,metadata_historical_avg,roster-pending,1,0,N5v4_Final,00fa551144bffa5b,60ce6dfafdd9
2026-06-06,2026-06-06 05:05:27,backfill,1,Kings Island Open,2026,2026-11-13,160,160,live,1,1,0,346,318,364,0.8,metadata_historical_avg,roster-pending,1,0,N5v4_Final,00fa551144bffa5b,60ce6dfafdd9
2026-06-06,2026-06-06 05:05:27,backfill,1,National Chess Congress,2026,2026-11-27,174,174,live,1,1,0,623,572,677,0.8,metadata_historical_avg,roster-pending,1,0,N5v4_Final,00fa551144bffa5b,60ce6dfafdd9
2026-06-06,2026-06-06 05:05:27,backfill,1,North American Open,2026,2026-12-26,203,203,live,2,2,0,1081,946,1199,0.8,metadata_historical_avg,roster-pending,1,0,N5v4_Final,00fa551144bffa5b,60ce6dfafdd9
2026-06-06,2026-06-06 14:21:42,backfill,1,Hartford Open,2026,2026-06-05,-1,0,live,198,206,8,198,198,198,0.8,live_scrape,,0,0,N5v4_Final,00fa551144bffa5b,c8aa115a07e7
2026-06-06,2026-06-06 14:21:42,backfill,1,Cleveland Open,2026,2026-06-05,-1,0,live,169,174,5,169,169,169,0.8,live_scrape,,0,0,N5v4_Final,00fa551144bffa5b,c8aa115a07e7
2026-06-06,2026-06-06 14:21:42,backfill,1,New York State Open,2026,2026-06-19,13,13,live,41,42,1,88,60,130,0.8,model,family-direct,1,0,N5v4_Final,00fa551144bffa5b,c8aa115a07e7
2026-06-06,2026-06-06 14:21:42,backfill,1,DC International,2026,2026-06-25,19,19,live,62,63,1,118,111,126,0.8,model,family-alias,0,0,N5v4_Final,00fa551144bffa5b,c8aa115a07e7
2026-06-06,2026-06-06 14:21:42,backfill,1,World Open lower sections,2026,2026-06-26,20,20,live,41,41,0,130,98,172,0.8,model,family-direct,1,0,N5v4_Final,00fa551144bffa5b,c8aa115a07e7
2026-06-06,2026-06-06 14:21:42,backfill,1,DC Open,2026,2026-06-26,20,20,live,45,46,1,262,230,299,0.8,model,family-alias,0,0,N5v4_Final,00fa551144bffa5b,c8aa115a07e7
2026-06-06,2026-06-06 14:21:42,backfill,1,World Open Under 13 Championship,2026,2026-06-29,23,23,live,34,34,0,158,132,189,0.8,metadata_pace,roster-pending,1,0,N5v4_Final,00fa551144bffa5b,c8aa115a07e7
2026-06-06,2026-06-06 14:21:42,backfill,1,World Open top 6 sections,2026,2026-07-01,25,25,live,449,449,0,1110,905,1361,0.8,model,family-direct,0,0,N5v4_Final,00fa551144bffa5b,c8aa115a07e7
2026-06-06,2026-06-06 14:21:42,backfill,1,Chicago Class,2026,2026-07-17,41,41,live,13,13,0,275,244,310,0.8,model,family-direct,0,0,N5v4_Final,00fa551144bffa5b,c8aa115a07e7
2026-06-06,2026-06-06 14:21:42,backfill,1,Pittsburgh Open,2026,2026-07-17,41,41,live,19,21,2,180,165,196,0.8,model,family-direct,0,0,N5v4_Final,00fa551144bffa5b,c8aa115a07e7
2026-06-06,2026-06-06 14:21:42,backfill,1,Southern Open,2026,2026-07-17,41,41,live,19,19,0,272,128,441,0.8,metadata_pace,roster-pending,1,0,N5v4_Final,00fa551144bffa5b,c8aa115a07e7
2026-06-06,2026-06-06 14:21:42,backfill,1,Bradley Open,2026,2026-07-24,48,48,live,13,13,0,270,197,370,0.8,model,family-direct,0,0,N5v4_Final,00fa551144bffa5b,c8aa115a07e7
2026-06-06,2026-06-06 14:21:42,backfill,1,Pacific Coast Open,2026,2026-07-31,55,55,live,22,22,0,382,366,398,0.8,model,family-direct,0,0,N5v4_Final,00fa551144bffa5b,c8aa115a07e7
2026-06-06,2026-06-06 14:21:42,backfill,1,Continental Open,2026,2026-08-13,68,68,live,8,8,0,283,252,317,0.8,metadata_historical_avg,roster-pending,1,0,N5v4_Final,00fa551144bffa5b,c8aa115a07e7
2026-06-06,2026-06-06 14:21:42,backfill,1,Central California Open,2026,2026-08-14,69,69,live,3,4,1,175,144,203,0.8,metadata_historical_avg,roster-pending,1,0,N5v4_Final,00fa551144bffa5b,c8aa115a07e7
2026-06-06,2026-06-06 14:21:42,backfill,1,Atlantic Open,2026,2026-08-21,76,76,live,2,2,0,316,251,395,0.8,metadata_historical_avg,roster-pending,1,0,N5v4_Final,00fa551144bffa5b,c8aa115a07e7
2026-06-06,2026-06-06 14:21:42,backfill,1,Indianapolis Open,2026,2026-08-21,76,76,live,3,3,0,186,175,198,0.8,metadata_historical_avg,roster-pending,1,0,N5v4_Final,00fa551144bffa5b,c8aa115a07e7
2026-06-06,2026-06-06 14:21:42,backfill,1,New York State Championship,2026,2026-09-04,90,90,live,8,8,0,304,237,347,0.8,metadata_historical_avg,roster-pending,1,0,N5v4_Final,00fa551144bffa5b,c8aa115a07e7
2026-06-06,2026-06-06 14:21:42,backfill,1,Midwest Class Championships,2026,2026-10-09,125,125,live,3,3,0,313,296,338,0.8,metadata_historical_avg,roster-pending,1,0,N5v4_Final,00fa551144bffa5b,c8aa115a07e7
2026-06-06,2026-06-06 14:21:42,backfill,1,Eastern Class Championships (in Connecticut),2026,2026-10-16,132,132,live,1,1,0,221,198,246,0.8,metadata_historical_avg,roster-pending,1,0,N5v4_Final,00fa551144bffa5b,c8aa115a07e7
2026-06-06,2026-06-06 14:21:42,backfill,1,Eastern Chess Congress (in New Jersey),2026,2026-10-23,139,139,live,1,2,1,469,404,513,0.8,metadata_historical_avg,roster-pending,1,0,N5v4_Final,00fa551144bffa5b,c8aa115a07e7
2026-06-06,2026-06-06 14:21:42,backfill,1,Los Angeles Open,2026,2026-11-06,153,153,live,1,1,0,365,289,413,0.8,metadata_historical_avg,roster-pending,1,0,N5v4_Final,00fa551144bffa5b,c8aa115a07e7
2026-06-06,2026-06-06 14:21:42,backfill,1,Kings Island Open,2026,2026-11-13,160,160,live,1,1,0,346,318,364,0.8,metadata_historical_avg,roster-pending,1,0,N5v4_Final,00fa551144bffa5b,c8aa115a07e7
2026-06-06,2026-06-06 14:21:42,backfill,1,National Chess Congress,2026,2026-11-27,174,174,live,1,1,0,623,572,677,0.8,metadata_historical_avg,roster-pending,1,0,N5v4_Final,00fa551144bffa5b,c8aa115a07e7
2026-06-06,2026-06-06 14:21:42,backfill,1,North American Open,2026,2026-12-26,203,203,live,2,2,0,1081,946,1199,0.8,metadata_historical_avg,roster-pending,1,0,N5v4_Final,00fa551144bffa5b,c8aa115a07e7
2026-06-07,2026-06-07 05:52:47,backfill,1,Hartford Open,2026,2026-06-05,-2,0,live,198,206,8,198,198,198,0.8,live_scrape,,0,0,N5v4_Final,00fa551144bffa5b,c10c51687adf
2026-06-07,2026-06-07 05:52:47,backfill,1,Cleveland Open,2026,2026-06-05,-2,0,live,174,179,5,174,174,174,0.8,live_scrape,,0,0,N5v4_Final,00fa551144bffa5b,c10c51687adf
2026-06-07,2026-06-07 05:52:47,backfill,1,New York State Open,2026,2026-06-19,12,12,live,41,42,1,87,60,127,0.8,model,family-direct,1,0,N5v4_Final,00fa551144bffa5b,c10c51687adf
2026-06-07,2026-06-07 05:52:47,backfill,1,DC International,2026,2026-06-25,18,18,live,63,64,1,118,112,124,0.8,model,family-alias,0,0,N5v4_Final,00fa551144bffa5b,c10c51687adf
2026-06-07,2026-06-07 05:52:47,backfill,1,World Open lower sections,2026,2026-06-26,19,19,live,44,44,0,131,100,172,0.8,model,family-direct,1,0,N5v4_Final,00fa551144bffa5b,c10c51687adf
2026-06-07,2026-06-07 05:52:47,backfill,1,DC Open,2026,2026-06-26,19,19,live,46,47,1,261,231,295,0.8,model,family-alias,0,0,N5v4_Final,00fa551144bffa5b,c10c51687adf
2026-06-07,2026-06-07 05:52:47,backfill,1,World Open Under 13 Championship,2026,2026-06-29,22,22,live,34,34,0,158,132,189,0.8,metadata_pace,roster-pending,1,0,N5v4_Final,00fa551144bffa5b,c10c51687adf
2026-06-07,2026-06-07 05:52:47,backfill,1,World Open top 6 sections,2026,2026-07-01,24,24,live,457,457,0,1109,904,1361,0.8,model,family-direct,0,0,N5v4_Final,00fa551144bffa5b,c10c51687adf
2026-06-07,2026-06-07 05:52:47,backfill,1,Chicago Class,2026,2026-07-17,40,40,live,13,13,0,273,244,306,0.8,model,family-direct,0,0,N5v4_Final,00fa551144bffa5b,c10c51687adf
2026-06-07,2026-06-07 05:52:47,backfill,1,Pittsburgh Open,2026,2026-07-17,40,40,live,19,21,2,178,164,194,0.8,model,family-direct,0,0,N5v4_Final,00fa551144bffa5b,c10c51687adf
2026-06-07,2026-06-07 05:52:47,backfill,1,Southern Open,2026,2026-07-17,40,40,live,20,20,0,287,135,441,0.8,metadata_pace,roster-pending,1,0,N5v4_Final,00fa551144bffa5b,c10c51687adf
2026-06-07,2026-06-07 05:52:47,backfill,1,Bradley Open,2026,2026-07-24,47,47,live,13,13,0,268,196,367,0.8,model,family-direct,0,0,N5v4_Final,00fa551144bffa5b,c10c51687adf
2026-06-07,2026-06-07 05:52:47,backfill,1,Pacific Coast Open,2026,2026-07-31,54,54,live,22,22,0,379,364,396,0.8,model,family-direct,0,0,N5v4_Final,00fa551144bffa5b,c10c51687adf
2026-06-07,2026-06-07 05:52:47,backfill,1,Continental Open,2026,2026-08-13,67,67,live,8,8,0,283,252,317,0.8,metadata_historical_avg,roster-pending,1,0,N5v4_Final,00fa551144bffa5b,c10c51687adf
2026-06-07,2026-06-07 05:52:47,backfill,1,Central California Open,2026,2026-08-14,68,68,live,3,4,1,175,144,203,0.8,metadata_historical_avg,roster-pending,1,0,N5v4_Final,00fa551144bffa5b,c10c51687adf
2026-06-07,2026-06-07 05:52:47,backfill,1,Atlantic Open,2026,2026-08-21,75,75,live,2,2,0,316,251,395,0.8,metadata_historical_avg,roster-pending,1,0,N5v4_Final,00fa551144bffa5b,c10c51687adf
2026-06-07,2026-06-07 05:52:47,backfill,1,Indianapolis Open,2026,2026-08-21,75,75,live,3,3,0,186,175,198,0.8,metadata_historical_avg,roster-pending,1,0,N5v4_Final,00fa551144bffa5b,c10c51687adf
2026-06-07,2026-06-07 05:52:47,backfill,1,New York State Championship,2026,2026-09-04,89,89,live,8,8,0,304,237,347,0.8,metadata_historical_avg,roster-pending,1,0,N5v4_Final,00fa551144bffa5b,c10c51687adf
2026-06-07,2026-06-07 05:52:47,backfill,1,Midwest Class Championships,2026,2026-10-09,124,124,live,3,3,0,313,296,338,0.8,metadata_historical_avg,roster-pending,1,0,N5v4_Final,00fa551144bffa5b,c10c51687adf
2026-06-07,2026-06-07 05:52:47,backfill,1,Eastern Class Championships (in Connecticut),2026,2026-10-16,131,131,live,1,1,0,221,198,246,0.8,metadata_historical_avg,roster-pending,1,0,N5v4_Final,00fa551144bffa5b,c10c51687adf
2026-06-07,2026-06-07 05:52:47,backfill,1,Eastern Chess Congress (in New Jersey),2026,2026-10-23,138,138,live,1,2,1,469,404,513,0.8,metadata_historical_avg,roster-pending,1,0,N5v4_Final,00fa551144bffa5b,c10c51687adf
2026-06-07,2026-06-07 05:52:47,backfill,1,Los Angeles Open,2026,2026-11-06,152,152,live,1,1,0,365,289,413,0.8,metadata_historical_avg,roster-pending,1,0,N5v4_Final,00fa551144bffa5b,c10c51687adf
2026-06-07,2026-06-07 05:52:47,backfill,1,Kings Island Open,2026,2026-11-13,159,159,live,1,1,0,346,318,364,0.8,metadata_historical_avg,roster-pending,1,0,N5v4_Final,00fa551144bffa5b,c10c51687adf
2026-06-07,2026-06-07 05:52:47,backfill,1,National Chess Congress,2026,2026-11-27,173,173,live,1,1,0,623,572,677,0.8,metadata_historical_avg,roster-pending,1,0,N5v4_Final,00fa551144bffa5b,c10c51687adf
2026-06-07,2026-06-07 05:52:47,backfill,1,North American Open,2026,2026-12-26,202,202,live,2,2,0,1081,946,1199,0.8,metadata_historical_avg,roster-pending,1,0,N5v4_Final,00fa551144bffa5b,c10c51687adf
2026-06-08,2026-06-08 10:54:13,backfill,1,New York State Open,2026,2026-06-19,11,11,live,43,44,1,87,60,128,0.8,model,family-direct,1,0,N5v4_Final,00fa551144bffa5b,91fcc230c368
2026-06-08,2026-06-08 10:54:13,backfill,1,DC International,2026,2026-06-25,17,17,live,65,66,1,119,114,124,0.8,model,family-alias,0,0,N5v4_Final,00fa551144bffa5b,91fcc230c368
2026-06-08,2026-06-08 10:54:13,backfill,1,World Open lower sections,2026,2026-06-26,18,18,live,45,45,0,131,101,169,0.8,model,family-direct,1,0,N5v4_Final,00fa551144bffa5b,91fcc230c368
2026-06-08,2026-06-08 10:54:13,backfill,1,DC Open,2026,2026-06-26,18,18,live,47,48,1,260,232,291,0.8,model,family-alias,0,0,N5v4_Final,00fa551144bffa5b,91fcc230c368
2026-06-08,2026-06-08 10:54:13,backfill,1,World Open Under 13 Championship,2026,2026-06-29,21,21,live,35,35,0,98,81,118,0.8,metadata_pace,roster-pending,1,0,N5v4_Final,00fa551144bffa5b,91fcc230c368
2026-06-08,2026-06-08 10:54:13,backfill,1,World Open top 6 sections,2026,2026-07-01,23,23,live,465,465,0,1106,896,1365,0.8,model,family-direct,0,0,N5v4_Final,00fa551144bffa5b,91fcc230c368
2026-06-08,2026-06-08 10:54:13,backfill,1,Chicago Class,2026,2026-07-17,39,39,live,14,14,0,273,245,305,0.8,model,family-direct,0,0,N5v4_Final,00fa551144bffa5b,91fcc230c368
2026-06-08,2026-06-08 10:54:13,backfill,1,Pittsburgh Open,2026,2026-07-17,39,39,live,23,25,2,185,170,201,0.8,model,family-direct,0,0,N5v4_Final,00fa551144bffa5b,91fcc230c368
2026-06-08,2026-06-08 10:54:13,backfill,1,Southern Open,2026,2026-07-17,39,39,live,20,20,0,287,135,441,0.8,metadata_pace,roster-pending,1,0,N5v4_Final,00fa551144bffa5b,91fcc230c368
2026-06-08,2026-06-08 10:54:13,backfill,1,Bradley Open,2026,2026-07-24,46,46,live,13,13,0,266,195,363,0.8,model,family-direct,0,0,N5v4_Final,00fa551144bffa5b,91fcc230c368
2026-06-08,2026-06-08 10:54:13,backfill,1,Pacific Coast Open,2026,2026-07-31,53,53,live,24,24,0,383,368,399,0.8,model,family-direct,0,0,N5v4_Final,00fa551144bffa5b,91fcc230c368
2026-06-08,2026-06-08 10:54:13,backfill,1,Continental Open,2026,2026-08-13,66,66,live,8,8,0,283,252,317,0.8,metadata_historical_avg,roster-pending,1,0,N5v4_Final,00fa551144bffa5b,91fcc230c368
2026-06-08,2026-06-08 10:54:13,backfill,1,Central California Open,2026,2026-08-14,67,67,live,3,4,1,175,144,203,0.8,metadata_historical_avg,roster-pending,1,0,N5v4_Final,00fa551144bffa5b,91fcc230c368
2026-06-08,2026-06-08 10:54:13,backfill,1,Atlantic Open,2026,2026-08-21,74,74,live,2,2,0,316,251,395,0.8,metadata_historical_avg,roster-pending,1,0,N5v4_Final,00fa551144bffa5b,91fcc230c368
2026-06-08,2026-06-08 10:54:13,backfill,1,Indianapolis Open,2026,2026-08-21,74,74,live,3,3,0,186,175,198,0.8,metadata_historical_avg,roster-pending,1,0,N5v4_Final,00fa551144bffa5b,91fcc230c368
2026-06-08,2026-06-08 10:54:13,backfill,1,New York State Championship,2026,2026-09-04,88,88,live,8,8,0,304,237,347,0.8,metadata_historical_avg,roster-pending,1,0,N5v4_Final,00fa551144bffa5b,91fcc230c368
2026-06-08,2026-06-08 10:54:13,backfill,1,Midwest Class Championships,2026,2026-10-09,123,123,live,3,3,0,313,296,338,0.8,metadata_historical_avg,roster-pending,1,0,N5v4_Final,00fa551144bffa5b,91fcc230c368
2026-06-08,2026-06-08 10:54:13,backfill,1,Eastern Class Championships (in Connecticut),2026,2026-10-16,130,130,live,1,1,0,221,198,246,0.8,metadata_historical_avg,roster-pending,1,0,N5v4_Final,00fa551144bffa5b,91fcc230c368
2026-06-08,2026-06-08 10:54:13,backfill,1,Eastern Chess Congress (in New Jersey),2026,2026-10-23,137,137,live,1,2,1,469,404,513,0.8,metadata_historical_avg,roster-pending,1,0,N5v4_Final,00fa551144bffa5b,91fcc230c368
2026-06-08,2026-06-08 10:54:13,backfill,1,Los Angeles Open,2026,2026-11-06,151,151,live,1,1,0,365,289,413,0.8,metadata_historical_avg,roster-pending,1,0,N5v4_Final,00fa551144bffa5b,91fcc230c368
2026-06-08,2026-06-08 10:54:13,backfill,1,Kings Island Open,2026,2026-11-13,158,158,live,1,1,0,346,318,364,0.8,metadata_historical_avg,roster-pending,1,0,N5v4_Final,00fa551144bffa5b,91fcc230c368
2026-06-08,2026-06-08 10:54:13,backfill,1,National Chess Congress,2026,2026-11-27,172,172,live,1,1,0,623,572,677,0.8,metadata_historical_avg,roster-pending,1,0,N5v4_Final,00fa551144bffa5b,91fcc230c368
2026-06-08,2026-06-08 10:54:13,backfill,1,North American Open,2026,2026-12-26,201,201,live,2,2,0,1081,946,1199,0.8,metadata_historical_avg,roster-pending,1,0,N5v4_Final,00fa551144bffa5b,91fcc230c368
2026-06-09,2026-06-09 05:17:16,backfill,1,New York State Open,2026,2026-06-19,10,10,live,46,47,1,88,59,131,0.8,model,family-direct,1,0,N5v4_Final,00fa551144bffa5b,e9f8f24a996d
2026-06-09,2026-06-09 05:17:16,backfill,1,DC International,2026,2026-06-25,16,16,live,67,68,1,120,116,125,0.8,model,family-alias,0,0,N5v4_Final,00fa551144bffa5b,e9f8f24a996d
2026-06-09,2026-06-09 05:17:16,backfill,1,World Open lower sections,2026,2026-06-26,17,17,live,45,45,0,130,101,167,0.8,model,family-direct,1,0,N5v4_Final,00fa551144bffa5b,e9f8f24a996d
2026-06-09,2026-06-09 05:17:16,backfill,1,DC Open,2026,2026-06-26,17,17,live,49,50,1,260,234,289,0.8,model,family-alias,0,0,N5v4_Final,00fa551144bffa5b,e9f8f24a996d
2026-06-09,2026-06-09 05:17:16,backfill,1,World Open Under 13 Championship,2026,2026-06-29,20,20,live,36,36,0,101,84,122,0.8,metadata_pace,roster-pending,1,0,N5v4_Final,00fa551144bffa5b,e9f8f24a996d
2026-06-09,2026-06-09 05:17:16,backfill,1,World Open top 6 sections,2026,2026-07-01,22,22,live,478,478,0,1110,899,1369,0.8,model,family-direct,0,0,N5v4_Final,00fa551144bffa5b,e9f8f24a996d
2026-06-09,2026-06-09 05:17:16,backfill,1,Chicago Class,2026,2026-07-17,38,38,live,17,17,0,278,251,309,0.8,model,family-direct,0,0,N5v4_Final,00fa551144bffa5b,e9f8f24a996d
2026-06-09,2026-06-09 05:17:16,backfill,1,Pittsburgh Open,2026,2026-07-17,38,38,live,23,25,2,183,169,199,0.8,model,family-direct,0,0,N5v4_Final,00fa551144bffa5b,e9f8f24a996d
2026-06-09,2026-06-09 05:17:16,backfill,1,Southern Open,2026,2026-07-17,38,38,live,22,22,0,315,148,441,0.8,metadata_pace,roster-pending,1,0,N5v4_Final,00fa551144bffa5b,e9f8f24a996d
2026-06-09,2026-06-09 05:17:16,backfill,1,Bradley Open,2026,2026-07-24,45,45,live,13,13,0,264,193,360,0.8,model,family-direct,0,0,N5v4_Final,00fa551144bffa5b,e9f8f24a996d
2026-06-09,2026-06-09 05:17:16,backfill,1,Pacific Coast Open,2026,2026-07-31,52,52,live,24,24,0,381,366,397,0.8,model,family-direct,0,0,N5v4_Final,00fa551144bffa5b,e9f8f24a996d
2026-06-09,2026-06-09 05:17:16,backfill,1,Continental Open,2026,2026-08-13,65,65,live,9,9,0,283,252,317,0.8,metadata_historical_avg,roster-pending,1,0,N5v4_Final,00fa551144bffa5b,e9f8f24a996d
2026-06-09,2026-06-09 05:17:16,backfill,1,Central California Open,2026,2026-08-14,66,66,live,3,4,1,175,144,203,0.8,metadata_historical_avg,roster-pending,1,0,N5v4_Final,00fa551144bffa5b,e9f8f24a996d
2026-06-09,2026-06-09 05:17:16,backfill,1,Atlantic Open,2026,2026-08-21,73,73,live,2,2,0,316,251,395,0.8,metadata_historical_avg,roster-pending,1,0,N5v4_Final,00fa551144bffa5b,e9f8f24a996d
2026-06-09,2026-06-09 05:17:16,backfill,1,Indianapolis Open,2026,2026-08-21,73,73,live,3,3,0,186,175,198,0.8,metadata_historical_avg,roster-pending,1,0,N5v4_Final,00fa551144bffa5b,e9f8f24a996d
2026-06-09,2026-06-09 05:17:16,backfill,1,New York State Championship,2026,2026-09-04,87,87,live,8,8,0,304,237,347,0.8,metadata_historical_avg,roster-pending,1,0,N5v4_Final,00fa551144bffa5b,e9f8f24a996d
2026-06-09,2026-06-09 05:17:16,backfill,1,Midwest Class Championships,2026,2026-10-09,122,122,live,3,3,0,313,296,338,0.8,metadata_historical_avg,roster-pending,1,0,N5v4_Final,00fa551144bffa5b,e9f8f24a996d
2026-06-09,2026-06-09 05:17:16,backfill,1,Eastern Class Championships (in Connecticut),2026,2026-10-16,129,129,live,1,1,0,221,198,246,0.8,metadata_historical_avg,roster-pending,1,0,N5v4_Final,00fa551144bffa5b,e9f8f24a996d
2026-06-09,2026-06-09 05:17:16,backfill,1,Eastern Chess Congress (in New Jersey),2026,2026-10-23,136,136,live,1,2,1,469,404,513,0.8,metadata_historical_avg,roster-pending,1,0,N5v4_Final,00fa551144bffa5b,e9f8f24a996d
2026-06-09,2026-06-09 05:17:16,backfill,1,Los Angeles Open,2026,2026-11-06,150,150,live,1,1,0,365,289,413,0.8,metadata_historical_avg,roster-pending,1,0,N5v4_Final,00fa551144bffa5b,e9f8f24a996d
2026-06-09,2026-06-09 05:17:16,backfill,1,Kings Island Open,2026,2026-11-13,157,157,live,1,1,0,346,318,364,0.8,metadata_historical_avg,roster-pending,1,0,N5v4_Final,00fa551144bffa5b,e9f8f24a996d
2026-06-09,2026-06-09 05:17:16,backfill,1,National Chess Congress,2026,2026-11-27,171,171,live,1,1,0,623,572,677,0.8,metadata_historical_avg,roster-pending,1,0,N5v4_Final,00fa551144bffa5b,e9f8f24a996d
2026-06-09,2026-06-09 05:17:16,backfill,1,North American Open,2026,2026-12-26,200,200,live,2,2,0,1081,946,1199,0.8,metadata_historical_avg,roster-pending,1,0,N5v4_Final,00fa551144bffa5b,e9f8f24a996d
2026-06-10,2026-06-10 05:49:02,backfill,1,New York State Open,2026,2026-06-19,9,9,live,47,48,1,87,58,132,0.8,model,family-direct,1,0,N5v4_Final,00fa551144bffa5b,d336102eec39
2026-06-10,2026-06-10 05:49:02,backfill,1,DC International,2026,2026-06-25,15,15,live,69,70,1,121,118,125,0.8,model,family-alias,0,0,N5v4_Final,00fa551144bffa5b,d336102eec39
2026-06-10,2026-06-10 05:49:02,backfill,1,World Open lower sections,2026,2026-06-26,16,16,live,46,46,0,129,101,165,0.8,model,family-direct,1,0,N5v4_Final,00fa551144bffa5b,d336102eec39
2026-06-10,2026-06-10 05:49:02,backfill,1,DC Open,2026,2026-06-26,16,16,live,51,52,1,261,236,288,0.8,model,family-alias,0,0,N5v4_Final,00fa551144bffa5b,d336102eec39
2026-06-10,2026-06-10 05:49:02,backfill,1,World Open Under 13 Championship,2026,2026-06-29,19,19,live,37,37,0,104,86,125,0.8,metadata_pace,roster-pending,1,0,N5v4_Final,00fa551144bffa5b,d336102eec39
2026-06-10,2026-06-10 05:49:02,backfill,1,World Open top 6 sections,2026,2026-07-01,21,21,live,491,491,0,1106,881,1387,0.8,model,family-direct,0,0,N5v4_Final,00fa551144bffa5b,d336102eec39
2026-06-10,2026-06-10 05:49:02,backfill,1,Chicago Class,2026,2026-07-17,37,37,live,18,18,0,278,252,307,0.8,model,family-direct,0,0,N5v4_Final,00fa551144bffa5b,d336102eec39
2026-06-10,2026-06-10 05:49:02,backfill,1,Pittsburgh Open,2026,2026-07-17,37,37,live,24,26,2,184,170,199,0.8,model,family-direct,0,0,N5v4_Final,00fa551144bffa5b,d336102eec39
2026-06-10,2026-06-10 05:49:02,backfill,1,Southern Open,2026,2026-07-17,37,37,live,22,22,0,315,148,441,0.8,metadata_pace,roster-pending,1,0,N5v4_Final,00fa551144bffa5b,d336102eec39
2026-06-10,2026-06-10 05:49:02,backfill,1,Bradley Open,2026,2026-07-24,44,44,live,17,17,0,277,244,314,0.8,model,family-direct,0,0,N5v4_Final,00fa551144bffa5b,d336102eec39
2026-06-10,2026-06-10 05:49:02,backfill,1,Pacific Coast Open,2026,2026-07-31,51,51,live,24,24,0,384,367,402,0.8,model,family-direct,0,0,N5v4_Final,00fa551144bffa5b,d336102eec39
2026-06-10,2026-06-10 05:49:02,backfill,1,Continental Open,2026,2026-08-13,64,64,live,10,10,0,283,252,317,0.8,metadata_historical_avg,roster-pending,1,0,N5v4_Final,00fa551144bffa5b,d336102eec39
2026-06-10,2026-06-10 05:49:02,backfill,1,Central California Open,2026,2026-08-14,65,65,live,2,4,2,175,144,203,0.8,metadata_historical_avg,roster-pending,1,0,N5v4_Final,00fa551144bffa5b,d336102eec39
2026-06-10,2026-06-10 05:49:02,backfill,1,Atlantic Open,2026,2026-08-21,72,72,live,2,2,0,316,251,395,0.8,metadata_historical_avg,roster-pending,1,0,N5v4_Final,00fa551144bffa5b,d336102eec39
2026-06-10,2026-06-10 05:49:02,backfill,1,Indianapolis Open,2026,2026-08-21,72,72,live,3,3,0,186,175,198,0.8,metadata_historical_avg,roster-pending,1,0,N5v4_Final,00fa551144bffa5b,d336102eec39
2026-06-10,2026-06-10 05:49:02,backfill,1,New York State Championship,2026,2026-09-04,86,86,live,9,9,0,304,237,347,0.8,metadata_historical_avg,roster-pending,1,0,N5v4_Final,00fa551144bffa5b,d336102eec39
2026-06-10,2026-06-10 05:49:02,backfill,1,Midwest Class Championships,2026,2026-10-09,121,121,live,3,3,0,313,296,338,0.8,metadata_historical_avg,roster-pending,1,0,N5v4_Final,00fa551144bffa5b,d336102eec39
2026-06-10,2026-06-10 05:49:02,backfill,1,Eastern Class Championships (in Connecticut),2026,2026-10-16,128,128,live,1,1,0,221,198,246,0.8,metadata_historical_avg,roster-pending,1,0,N5v4_Final,00fa551144bffa5b,d336102eec39
2026-06-10,2026-06-10 05:49:02,backfill,1,Eastern Chess Congress (in New Jersey),2026,2026-10-23,135,135,live,1,2,1,469,404,513,0.8,metadata_historical_avg,roster-pending,1,0,N5v4_Final,00fa551144bffa5b,d336102eec39
2026-06-10,2026-06-10 05:49:02,backfill,1,Los Angeles Open,2026,2026-11-06,149,149,live,1,1,0,365,289,413,0.8,metadata_historical_avg,roster-pending,1,0,N5v4_Final,00fa551144bffa5b,d336102eec39
2026-06-10,2026-06-10 05:49:02,backfill,1,Kings Island Open,2026,2026-11-13,156,156,live,1,1,0,346,318,364,0.8,metadata_historical_avg,roster-pending,1,0,N5v4_Final,00fa551144bffa5b,d336102eec39
2026-06-10,2026-06-10 05:49:02,backfill,1,National Chess Congress,2026,2026-11-27,170,170,live,1,1,0,623,572,677,0.8,metadata_historical_avg,roster-pending,1,0,N5v4_Final,00fa551144bffa5b,d336102eec39
2026-06-10,2026-06-10 05:49:02,backfill,1,North American Open,2026,2026-12-26,199,199,live,2,2,0,1081,946,1199,0.8,metadata_historical_avg,roster-pending,1,0,N5v4_Final,00fa551144bffa5b,d336102eec39
2026-06-11,2026-06-11 06:06:00,backfill,1,New York State Open,2026,2026-06-19,8,8,live,49,50,1,86,56,133,0.8,model,family-direct,1,0,N5v4_Final,00fa551144bffa5b,256cf37d3594
2026-06-11,2026-06-11 06:06:00,backfill,1,DC International,2026,2026-06-25,14,14,live,68,70,2,118,115,121,0.8,model,family-alias,0,0,N5v4_Final,00fa551144bffa5b,256cf37d3594
2026-06-11,2026-06-11 06:06:00,backfill,1,World Open lower sections,2026,2026-06-26,15,15,live,47,47,0,129,102,164,0.8,model,family-direct,1,0,N5v4_Final,00fa551144bffa5b,256cf37d3594
2026-06-11,2026-06-11 06:06:00,backfill,1,DC Open,2026,2026-06-26,15,15,live,55,56,1,263,240,288,0.8,model,family-alias,0,0,N5v4_Final,00fa551144bffa5b,256cf37d3594
2026-06-11,2026-06-11 06:06:00,backfill,1,World Open Under 13 Championship,2026,2026-06-29,18,18,live,37,37,0,104,86,125,0.8,metadata_pace,roster-pending,1,0,N5v4_Final,00fa551144bffa5b,256cf37d3594
2026-06-11,2026-06-11 06:06:00,backfill,1,World Open top 6 sections,2026,2026-07-01,20,20,live,496,496,0,1100,882,1373,0.8,model,family-direct,0,0,N5v4_Final,00fa551144bffa5b,256cf37d3594
2026-06-11,2026-06-11 06:06:00,backfill,1,Chicago Class,2026,2026-07-17,36,36,live,22,22,0,284,259,311,0.8,model,family-direct,0,0,N5v4_Final,00fa551144bffa5b,256cf37d3594
2026-06-11,2026-06-11 06:06:00,backfill,1,Pittsburgh Open,2026,2026-07-17,36,36,live,24,26,2,182,169,197,0.8,model,family-direct,0,0,N5v4_Final,00fa551144bffa5b,256cf37d3594
2026-06-11,2026-06-11 06:06:00,backfill,1,Southern Open,2026,2026-07-17,36,36,live,22,22,0,315,148,441,0.8,metadata_pace,roster-pending,1,0,N5v4_Final,00fa551144bffa5b,256cf37d3594
2026-06-11,2026-06-11 06:06:00,backfill,1,Bradley Open,2026,2026-07-24,43,43,live,17,17,0,274,242,311,0.8,model,family-direct,0,0,N5v4_Final,00fa551144bffa5b,256cf37d3594
2026-06-11,2026-06-11 06:06:00,backfill,1,Pacific Coast Open,2026,2026-07-31,50,50,live,25,25,0,385,368,402,0.8,model,family-direct,0,0,N5v4_Final,00fa551144bffa5b,256cf37d3594
2026-06-11,2026-06-11 06:06:00,backfill,1,Continental Open,2026,2026-08-13,63,63,live,10,10,0,283,252,317,0.8,metadata_historical_avg,roster-pending,1,0,N5v4_Final,00fa551144bffa5b,256cf37d3594
2026-06-11,2026-06-11 06:06:00,backfill,1,Central California Open,2026,2026-08-14,64,64,live,2,4,2,175,144,203,0.8,metadata_historical_avg,roster-pending,1,0,N5v4_Final,00fa551144bffa5b,256cf37d3594
2026-06-11,2026-06-11 06:06:00,backfill,1,Atlantic Open,2026,2026-08-21,71,71,live,2,2,0,316,251,395,0.8,metadata_historical_avg,roster-pending,1,0,N5v4_Final,00fa551144bffa5b,256cf37d3594
2026-06-11,2026-06-11 06:06:00,backfill,1,Indianapolis Open,2026,2026-08-21,71,71,live,3,3,0,186,175,198,0.8,metadata_historical_avg,roster-pending,1,0,N5v4_Final,00fa551144bffa5b,256cf37d3594
2026-06-11,2026-06-11 06:06:00,backfill,1,New York State Championship,2026,2026-09-04,85,85,live,9,9,0,304,237,347,0.8,metadata_historical_avg,roster-pending,1,0,N5v4_Final,00fa551144bffa5b,256cf37d3594
2026-06-11,2026-06-11 06:06:00,backfill,1,Midwest Class Championships,2026,2026-10-09,120,120,live,3,3,0,313,296,338,0.8,metadata_historical_avg,roster-pending,1,0,N5v4_Final,00fa551144bffa5b,256cf37d3594
2026-06-11,2026-06-11 06:06:00,backfill,1,Eastern Class Championships (in Connecticut),2026,2026-10-16,127,127,live,1,1,0,221,198,246,0.8,metadata_historical_avg,roster-pending,1,0,N5v4_Final,00fa551144bffa5b,256cf37d3594
2026-06-11,2026-06-11 06:06:00,backfill,1,Eastern Chess Congress (in New Jersey),2026,2026-10-23,134,134,live,1,2,1,469,404,513,0.8,metadata_historical_avg,roster-pending,1,0,N5v4_Final,00fa551144bffa5b,256cf37d3594
2026-06-11,2026-06-11 06:06:00,backfill,1,Los Angeles Open,2026,2026-11-06,148,148,live,1,1,0,365,289,413,0.8,metadata_historical_avg,roster-pending,1,0,N5v4_Final,00fa551144bffa5b,256cf37d3594
2026-06-11,2026-06-11 06:06:00,backfill,1,Kings Island Open,2026,2026-11-13,155,155,live,1,1,0,346,318,364,0.8,metadata_historical_avg,roster-pending,1,0,N5v4_Final,00fa551144bffa5b,256cf37d3594
2026-06-11,2026-06-11 06:06:00,backfill,1,National Chess Congress,2026,2026-11-27,169,169,live,1,1,0,623,572,677,0.8,metadata_historical_avg,roster-pending,1,0,N5v4_Final,00fa551144bffa5b,256cf37d3594
2026-06-11,2026-06-11 06:06:00,backfill,1,North American Open,2026,2026-12-26,198,198,live,2,2,0,1081,946,1199,0.8,metadata_historical_avg,roster-pending,1,0,N5v4_Final,00fa551144bffa5b,256cf37d3594
2026-06-12,2026-06-12 06:01:41,backfill,1,New York State Open,2026,2026-06-19,7,7,live,52,53,1,92,59,143,0.8,model,family-direct,1,0,N5v4_Final,00fa551144bffa5b,dcfabd086b36
2026-06-12,2026-06-12 06:01:41,backfill,1,DC International,2026,2026-06-25,13,13,live,70,72,2,119,117,122,0.8,model,family-alias,0,0,N5v4_Final,00fa551144bffa5b,dcfabd086b36
2026-06-12,2026-06-12 06:01:41,backfill,1,World Open lower sections,2026,2026-06-26,14,14,live,48,48,0,129,102,162,0.8,model,family-direct,1,0,N5v4_Final,00fa551144bffa5b,dcfabd086b36
2026-06-12,2026-06-12 06:01:41,backfill,1,DC Open,2026,2026-06-26,14,14,live,56,57,1,262,241,285,0.8,model,family-alias,0,0,N5v4_Final,00fa551144bffa5b,dcfabd086b36
2026-06-12,2026-06-12 06:01:41,backfill,1,World Open Under 13 Championship,2026,2026-06-29,17,17,live,39,39,0,109,91,132,0.8,metadata_pace,roster-pending,1,0,N5v4_Final,00fa551144bffa5b,dcfabd086b36
2026-06-12,2026-06-12 06:01:41,backfill,1,World Open top 6 sections,2026,2026-07-01,19,19,live,504,504,0,1097,884,1362,0.8,model,family-direct,0,0,N5v4_Final,00fa551144bffa5b,dcfabd086b36
2026-06-12,2026-06-12 06:01:41,backfill,1,Chicago Class,2026,2026-07-17,35,35,live,25,25,0,286,233,351,0.8,model,family-direct,0,0,N5v4_Final,00fa551144bffa5b,dcfabd086b36
2026-06-12,2026-06-12 06:01:41,backfill,1,Pittsburgh Open,2026,2026-07-17,35,35,live,25,27,2,182,152,218,0.8,model,family-direct,0,0,N5v4_Final,00fa551144bffa5b,dcfabd086b36
2026-06-12,2026-06-12 06:01:41,backfill,1,Southern Open,2026,2026-07-17,35,35,live,22,22,0,152,108,219,0.8,metadata_pace,roster-pending,1,0,N5v4_Final,00fa551144bffa5b,dcfabd086b36
2026-06-12,2026-06-12 06:01:41,backfill,1,Bradley Open,2026,2026-07-24,42,42,live,17,17,0,272,240,308,0.8,model,family-direct,0,0,N5v4_Final,00fa551144bffa5b,dcfabd086b36
2026-06-12,2026-06-12 06:01:41,backfill,1,Pacific Coast Open,2026,2026-07-31,49,49,live,26,26,0,385,369,402,0.8,model,family-direct,0,0,N5v4_Final,00fa551144bffa5b,dcfabd086b36
2026-06-12,2026-06-12 06:01:41,backfill,1,Continental Open,2026,2026-08-13,62,62,live,12,12,0,283,252,317,0.8,metadata_historical_avg,roster-pending,1,0,N5v4_Final,00fa551144bffa5b,dcfabd086b36
2026-06-12,2026-06-12 06:01:41,backfill,1,Central California Open,2026,2026-08-14,63,63,live,2,4,2,175,144,203,0.8,metadata_historical_avg,roster-pending,1,0,N5v4_Final,00fa551144bffa5b,dcfabd086b36
2026-06-12,2026-06-12 06:01:41,backfill,1,Atlantic Open,2026,2026-08-21,70,70,live,2,2,0,316,251,395,0.8,metadata_historical_avg,roster-pending,1,0,N5v4_Final,00fa551144bffa5b,dcfabd086b36
2026-06-12,2026-06-12 06:01:41,backfill,1,Indianapolis Open,2026,2026-08-21,70,70,live,3,3,0,186,175,198,0.8,metadata_historical_avg,roster-pending,1,0,N5v4_Final,00fa551144bffa5b,dcfabd086b36
2026-06-12,2026-06-12 06:01:41,backfill,1,New York State Championship,2026,2026-09-04,84,84,live,9,9,0,304,237,347,0.8,metadata_historical_avg,roster-pending,1,0,N5v4_Final,00fa551144bffa5b,dcfabd086b36
2026-06-12,2026-06-12 06:01:41,backfill,1,Midwest Class Championships,2026,2026-10-09,119,119,live,3,3,0,313,296,338,0.8,metadata_historical_avg,roster-pending,1,0,N5v4_Final,00fa551144bffa5b,dcfabd086b36
2026-06-12,2026-06-12 06:01:41,backfill,1,Eastern Class Championships (in Connecticut),2026,2026-10-16,126,126,live,1,1,0,221,198,246,0.8,metadata_historical_avg,roster-pending,1,0,N5v4_Final,00fa551144bffa5b,dcfabd086b36
2026-06-12,2026-06-12 06:01:41,backfill,1,Eastern Chess Congress (in New Jersey),2026,2026-10-23,133,133,live,1,2,1,469,404,513,0.8,metadata_historical_avg,roster-pending,1,0,N5v4_Final,00fa551144bffa5b,dcfabd086b36
2026-06-12,2026-06-12 06:01:41,backfill,1,Los Angeles Open,2026,2026-11-06,147,147,live,1,1,0,365,289,413,0.8,metadata_historical_avg,roster-pending,1,0,N5v4_Final,00fa551144bffa5b,dcfabd086b36
2026-06-12,2026-06-12 06:01:41,backfill,1,Kings Island Open,2026,2026-11-13,154,154,live,1,1,0,346,318,364,0.8,metadata_historical_avg,roster-pending,1,0,N5v4_Final,00fa551144bffa5b,dcfabd086b36
2026-06-12,2026-06-12 06:01:41,backfill,1,National Chess Congress,2026,2026-11-27,168,168,live,1,1,0,623,572,677,0.8,metadata_historical_avg,roster-pending,1,0,N5v4_Final,00fa551144bffa5b,dcfabd086b36
2026-06-12,2026-06-12 06:01:41,backfill,1,North American Open,2026,2026-12-26,197,197,live,2,2,0,1081,946,1199,0.8,metadata_historical_avg,roster-pending,1,0,N5v4_Final,00fa551144bffa5b,dcfabd086b36
2026-06-12,2026-06-12 06:01:41,backfill,1,Eastern Open,2026,2026-12-26,197,197,live,0,0,0,387,367,404,0.8,metadata_historical_avg,roster-pending,1,0,N5v4_Final,00fa551144bffa5b,dcfabd086b36
2026-06-13,2026-06-13 05:46:25,backfill,1,New York State Open,2026,2026-06-19,6,6,live,54,55,1,93,59,146,0.8,model,family-direct,1,0,N5v4_Final,00fa551144bffa5b,58025effc22a
2026-06-13,2026-06-13 05:46:25,backfill,1,DC International,2026,2026-06-25,12,12,live,70,72,2,118,115,120,0.8,model,family-alias,0,0,N5v4_Final,00fa551144bffa5b,58025effc22a
2026-06-13,2026-06-13 05:46:25,backfill,1,World Open lower sections,2026,2026-06-26,13,13,live,48,48,0,128,102,160,0.8,model,family-direct,1,0,N5v4_Final,00fa551144bffa5b,58025effc22a
2026-06-13,2026-06-13 05:46:25,backfill,1,DC Open,2026,2026-06-26,13,13,live,57,58,1,261,239,284,0.8,model,family-alias,0,0,N5v4_Final,00fa551144bffa5b,58025effc22a
2026-06-13,2026-06-13 05:46:25,backfill,1,World Open Under 13 Championship,2026,2026-06-29,16,16,live,39,39,0,109,91,132,0.8,metadata_pace,roster-pending,1,0,N5v4_Final,00fa551144bffa5b,58025effc22a
2026-06-13,2026-06-13 05:46:25,backfill,1,World Open top 6 sections,2026,2026-07-01,18,18,live,506,506,0,1090,883,1345,0.8,model,family-direct,0,0,N5v4_Final,00fa551144bffa5b,58025effc22a
2026-06-13,2026-06-13 05:46:25,backfill,1,Chicago Class,2026,2026-07-17,34,34,live,25,25,0,283,234,343,0.8,model,family-direct,0,0,N5v4_Final,00fa551144bffa5b,58025effc22a
2026-06-13,2026-06-13 05:46:25,backfill,1,Pittsburgh Open,2026,2026-07-17,34,34,live,26,28,2,182,153,218,0.8,model,family-direct,0,0,N5v4_Final,00fa551144bffa5b,58025effc22a
2026-06-13,2026-06-13 05:46:25,backfill,1,Southern Open,2026,2026-07-17,34,34,live,25,25,0,172,120,249,0.8,metadata_pace,roster-pending,1,0,N5v4_Final,00fa551144bffa5b,58025effc22a
2026-06-13,2026-06-13 05:46:25,backfill,1,Bradley Open,2026,2026-07-24,41,41,live,19,19,0,275,244,310,0.8,model,family-direct,0,0,N5v4_Final,00fa551144bffa5b,58025effc22a
2026-06-13,2026-06-13 05:46:25,backfill,1,Pacific Coast Open,2026,2026-07-31,48,48,live,27,27,0,385,369,402,0.8,model,family-direct,0,0,N5v4_Final,00fa551144bffa5b,58025effc22a
2026-06-13,2026-06-13 05:46:25,backfill,1,Continental Open,2026,2026-08-13,61,61,live,12,12,0,283,252,317,0.8,metadata_historical_avg,roster-pending,1,0,N5v4_Final,00fa551144bffa5b,58025effc22a
2026-06-13,2026-06-13 05:46:25,backfill,1,Central California Open,2026,2026-08-14,62,62,live,3,5,2,175,144,203,0.8,metadata_historical_avg,roster-pending,1,0,N5v4_Final,00fa551144bffa5b,58025effc22a
2026-06-13,2026-06-13 05:46:25,backfill,1,Atlantic Open,2026,2026-08-21,69,69,live,2,2,0,316,251,395,0.8,metadata_historical_avg,roster-pending,1,0,N5v4_Final,00fa551144bffa5b,58025effc22a
2026-06-13,2026-06-13 05:46:25,backfill,1,Indianapolis Open,2026,2026-08-21,69,69,live,3,3,0,186,175,198,0.8,metadata_historical_avg,roster-pending,1,0,N5v4_Final,00fa551144bffa5b,58025effc22a
2026-06-13,2026-06-13 05:46:25,backfill,1,New York State Championship,2026,2026-09-04,83,83,live,9,9,0,304,237,347,0.8,metadata_historical_avg,roster-pending,1,0,N5v4_Final,00fa551144bffa5b,58025effc22a
2026-06-13,2026-06-13 05:46:25,backfill,1,Midwest Class Championships,2026,2026-10-09,118,118,live,3,3,0,313,296,338,0.8,metadata_historical_avg,roster-pending,1,0,N5v4_Final,00fa551144bffa5b,58025effc22a
2026-06-13,2026-06-13 05:46:25,backfill,1,Eastern Class Championships (in Connecticut),2026,2026-10-16,125,125,live,1,1,0,221,198,246,0.8,metadata_historical_avg,roster-pending,1,0,N5v4_Final,00fa551144bffa5b,58025effc22a
2026-06-13,2026-06-13 05:46:25,backfill,1,Eastern Chess Congress (in New Jersey),2026,2026-10-23,132,132,live,1,2,1,469,404,513,0.8,metadata_historical_avg,roster-pending,1,0,N5v4_Final,00fa551144bffa5b,58025effc22a
2026-06-13,2026-06-13 05:46:25,backfill,1,Los Angeles Open,2026,2026-11-06,146,146,live,1,1,0,365,289,413,0.8,metadata_historical_avg,roster-pending,1,0,N5v4_Final,00fa551144bffa5b,58025effc22a
2026-06-13,2026-06-13 05:46:25,backfill,1,Kings Island Open,2026,2026-11-13,153,153,live,1,1,0,346,318,364,0.8,metadata_historical_avg,roster-pending,1,0,N5v4_Final,00fa551144bffa5b,58025effc22a
2026-06-13,2026-06-13 05:46:25,backfill,1,National Chess Congress,2026,2026-11-27,167,167,live,1,1,0,623,572,677,0.8,metadata_historical_avg,roster-pending,1,0,N5v4_Final,00fa551144bffa5b,58025effc22a
2026-06-13,2026-06-13 05:46:25,backfill,1,North American Open,2026,2026-12-26,196,196,live,2,2,0,1081,946,1199,0.8,metadata_historical_avg,roster-pending,1,0,N5v4_Final,00fa551144bffa5b,58025effc22a
2026-06-13,2026-06-13 05:46:25,backfill,1,Eastern Open,2026,2026-12-26,196,196,live,0,0,0,387,367,404,0.8,metadata_historical_avg,roster-pending,1,0,N5v4_Final,00fa551144bffa5b,58025effc22a
2026-06-14,2026-06-14 06:05:38,backfill,1,New York State Open,2026,2026-06-19,5,5,live,56,57,1,91,61,135,0.8,model,family-direct,1,0,N5v4_Final,00fa551144bffa5b,cc023718600b
2026-06-14,2026-06-14 06:05:38,backfill,1,DC International,2026,2026-06-25,11,11,live,70,72,2,116,114,118,0.8,model,family-alias,0,0,N5v4_Final,00fa551144bffa5b,cc023718600b
2026-06-14,2026-06-14 06:05:38,backfill,1,World Open lower sections,2026,2026-06-26,12,12,live,48,48,0,127,102,158,0.8,model,family-direct,1,0,N5v4_Final,00fa551144bffa5b,cc023718600b
2026-06-14,2026-06-14 06:05:38,backfill,1,DC Open,2026,2026-06-26,12,12,live,60,61,1,262,239,286,0.8,model,family-alias,0,0,N5v4_Final,00fa551144bffa5b,cc023718600b
2026-06-14,2026-06-14 06:05:38,backfill,1,World Open Under 13 Championship,2026,2026-06-29,15,15,live,39,39,0,109,91,132,0.8,metadata_pace,roster-pending,1,0,N5v4_Final,00fa551144bffa5b,cc023718600b
2026-06-14,2026-06-14 06:05:38,backfill,1,World Open top 6 sections,2026,2026-07-01,17,17,live,511,511,0,1084,883,1332,0.8,model,family-direct,0,0,N5v4_Final,00fa551144bffa5b,cc023718600b
2026-06-14,2026-06-14 06:05:38,backfill,1,Chicago Class,2026,2026-07-17,33,33,live,25,25,0,281,235,335,0.8,model,family-direct,0,0,N5v4_Final,00fa551144bffa5b,cc023718600b
2026-06-14,2026-06-14 06:05:38,backfill,1,Pittsburgh Open,2026,2026-07-17,33,33,live,27,29,2,183,154,217,0.8,model,family-direct,0,0,N5v4_Final,00fa551144bffa5b,cc023718600b
2026-06-14,2026-06-14 06:05:38,backfill,1,Southern Open,2026,2026-07-17,33,33,live,27,27,0,186,129,269,0.8,metadata_pace,roster-pending,1,0,N5v4_Final,00fa551144bffa5b,cc023718600b
2026-06-14,2026-06-14 06:05:38,backfill,1,Bradley Open,2026,2026-07-24,40,40,live,20,20,0,276,246,310,0.8,model,family-direct,0,0,N5v4_Final,00fa551144bffa5b,cc023718600b
2026-06-14,2026-06-14 06:05:38,backfill,1,Pacific Coast Open,2026,2026-07-31,47,47,live,28,28,0,385,369,401,0.8,model,family-direct,0,0,N5v4_Final,00fa551144bffa5b,cc023718600b
2026-06-14,2026-06-14 06:05:38,backfill,1,Continental Open,2026,2026-08-13,60,60,live,12,12,0,283,252,317,0.8,metadata_historical_avg,roster-pending,1,0,N5v4_Final,00fa551144bffa5b,cc023718600b
2026-06-14,2026-06-14 06:05:38,backfill,1,Central California Open,2026,2026-08-14,61,61,live,3,5,2,175,144,203,0.8,metadata_historical_avg,roster-pending,1,0,N5v4_Final,00fa551144bffa5b,cc023718600b
2026-06-14,2026-06-14 06:05:38,backfill,1,Atlantic Open,2026,2026-08-21,68,68,live,2,2,0,316,251,395,0.8,metadata_historical_avg,roster-pending,1,0,N5v4_Final,00fa551144bffa5b,cc023718600b
2026-06-14,2026-06-14 06:05:38,backfill,1,Indianapolis Open,2026,2026-08-21,68,68,live,3,3,0,186,175,198,0.8,metadata_historical_avg,roster-pending,1,0,N5v4_Final,00fa551144bffa5b,cc023718600b
2026-06-14,2026-06-14 06:05:38,backfill,1,New York State Championship,2026,2026-09-04,82,82,live,9,9,0,304,237,347,0.8,metadata_historical_avg,roster-pending,1,0,N5v4_Final,00fa551144bffa5b,cc023718600b
2026-06-14,2026-06-14 06:05:38,backfill,1,Midwest Class Championships,2026,2026-10-09,117,117,live,3,3,0,313,296,338,0.8,metadata_historical_avg,roster-pending,1,0,N5v4_Final,00fa551144bffa5b,cc023718600b
2026-06-14,2026-06-14 06:05:38,backfill,1,Eastern Class Championships (in Connecticut),2026,2026-10-16,124,124,live,1,1,0,221,198,246,0.8,metadata_historical_avg,roster-pending,1,0,N5v4_Final,00fa551144bffa5b,cc023718600b
2026-06-14,2026-06-14 06:05:38,backfill,1,Eastern Chess Congress (in New Jersey),2026,2026-10-23,131,131,live,1,2,1,469,404,513,0.8,metadata_historical_avg,roster-pending,1,0,N5v4_Final,00fa551144bffa5b,cc023718600b
2026-06-14,2026-06-14 06:05:38,backfill,1,Los Angeles Open,2026,2026-11-06,145,145,live,1,1,0,365,289,413,0.8,metadata_historical_avg,roster-pending,1,0,N5v4_Final,00fa551144bffa5b,cc023718600b
2026-06-14,2026-06-14 06:05:38,backfill,1,Kings Island Open,2026,2026-11-13,152,152,live,1,1,0,346,318,364,0.8,metadata_historical_avg,roster-pending,1,0,N5v4_Final,00fa551144bffa5b,cc023718600b
2026-06-14,2026-06-14 06:05:38,backfill,1,National Chess Congress,2026,2026-11-27,166,166,live,1,1,0,623,572,677,0.8,metadata_historical_avg,roster-pending,1,0,N5v4_Final,00fa551144bffa5b,cc023718600b
2026-06-14,2026-06-14 06:05:38,backfill,1,North American Open,2026,2026-12-26,195,195,live,2,2,0,1081,946,1199,0.8,metadata_historical_avg,roster-pending,1,0,N5v4_Final,00fa551144bffa5b,cc023718600b
2026-06-14,2026-06-14 06:05:38,backfill,1,Eastern Open,2026,2026-12-26,195,195,live,0,0,0,387,367,404,0.8,metadata_historical_avg,roster-pending,1,0,N5v4_Final,00fa551144bffa5b,cc023718600b
2026-06-15,2026-06-15 06:38:12,backfill,1,New York State Open,2026,2026-06-19,4,4,live,58,59,1,84,58,136,0.8,model,family-direct,1,0,N5v4_Final,00fa551144bffa5b,1509e777b9f0
2026-06-15,2026-06-15 06:38:12,backfill,1,DC International,2026,2026-06-25,10,10,live,72,74,2,117,114,119,0.8,model,family-alias,0,0,N5v4_Final,00fa551144bffa5b,1509e777b9f0
2026-06-15,2026-06-15 06:38:12,backfill,1,World Open lower sections,2026,2026-06-26,11,11,live,50,50,0,128,103,158,0.8,model,family-direct,1,0,N5v4_Final,00fa551144bffa5b,1509e777b9f0
2026-06-15,2026-06-15 06:38:12,backfill,1,DC Open,2026,2026-06-26,11,11,live,63,64,1,262,240,287,0.8,model,family-alias,0,0,N5v4_Final,00fa551144bffa5b,1509e777b9f0
2026-06-15,2026-06-15 06:38:12,backfill,1,World Open Under 13 Championship,2026,2026-06-29,14,14,live,40,40,0,112,93,135,0.8,metadata_pace,roster-pending,1,0,N5v4_Final,00fa551144bffa5b,1509e777b9f0
2026-06-15,2026-06-15 06:38:12,backfill,1,World Open top 6 sections,2026,2026-07-01,16,16,live,517,517,0,1080,884,1319,0.8,model,family-direct,0,0,N5v4_Final,00fa551144bffa5b,1509e777b9f0
2026-06-15,2026-06-15 06:38:12,backfill,1,Chicago Class,2026,2026-07-17,32,32,live,27,27,0,281,238,332,0.8,model,family-direct,0,0,N5v4_Final,00fa551144bffa5b,1509e777b9f0
2026-06-15,2026-06-15 06:38:12,backfill,1,Pittsburgh Open,2026,2026-07-17,32,32,live,29,31,2,184,156,218,0.8,model,family-direct,0,0,N5v4_Final,00fa551144bffa5b,1509e777b9f0
2026-06-15,2026-06-15 06:38:12,backfill,1,Southern Open,2026,2026-07-17,32,32,live,29,29,0,200,139,289,0.8,metadata_pace,roster-pending,1,0,N5v4_Final,00fa551144bffa5b,1509e777b9f0
2026-06-15,2026-06-15 06:38:12,backfill,1,Bradley Open,2026,2026-07-24,39,39,live,20,20,0,274,245,306,0.8,model,family-direct,0,0,N5v4_Final,00fa551144bffa5b,1509e777b9f0
2026-06-15,2026-06-15 06:38:12,backfill,1,Pacific Coast Open,2026,2026-07-31,46,46,live,29,29,0,385,370,401,0.8,model,family-direct,0,0,N5v4_Final,00fa551144bffa5b,1509e777b9f0
2026-06-15,2026-06-15 06:38:12,backfill,1,Continental Open,2026,2026-08-13,59,59,live,12,12,0,283,252,317,0.8,metadata_historical_avg,roster-pending,1,0,N5v4_Final,00fa551144bffa5b,1509e777b9f0
2026-06-15,2026-06-15 06:38:12,backfill,1,Central California Open,2026,2026-08-14,60,60,live,3,5,2,175,144,203,0.8,metadata_historical_avg,roster-pending,1,0,N5v4_Final,00fa551144bffa5b,1509e777b9f0
2026-06-15,2026-06-15 06:38:12,backfill,1,Atlantic Open,2026,2026-08-21,67,67,live,2,2,0,316,251,395,0.8,metadata_historical_avg,roster-pending,1,0,N5v4_Final,00fa551144bffa5b,1509e777b9f0
2026-06-15,2026-06-15 06:38:12,backfill,1,Indianapolis Open,2026,2026-08-21,67,67,live,3,3,0,186,175,198,0.8,metadata_historical_avg,roster-pending,1,0,N5v4_Final,00fa551144bffa5b,1509e777b9f0
2026-06-15,2026-06-15 06:38:12,backfill,1,New York State Championship,2026,2026-09-04,81,81,live,9,9,0,304,237,347,0.8,metadata_historical_avg,roster-pending,1,0,N5v4_Final,00fa551144bffa5b,1509e777b9f0
2026-06-15,2026-06-15 06:38:12,backfill,1,Midwest Class Championships,2026,2026-10-09,116,116,live,3,3,0,313,296,338,0.8,metadata_historical_avg,roster-pending,1,0,N5v4_Final,00fa551144bffa5b,1509e777b9f0
2026-06-15,2026-06-15 06:38:12,backfill,1,Eastern Class Championships (in Connecticut),2026,2026-10-16,123,123,live,1,1,0,221,198,246,0.8,metadata_historical_avg,roster-pending,1,0,N5v4_Final,00fa551144bffa5b,1509e777b9f0
2026-06-15,2026-06-15 06:38:12,backfill,1,Eastern Chess Congress (in New Jersey),2026,2026-10-23,130,130,live,1,2,1,469,404,513,0.8,metadata_historical_avg,roster-pending,1,0,N5v4_Final,00fa551144bffa5b,1509e777b9f0
2026-06-15,2026-06-15 06:38:12,backfill,1,Los Angeles Open,2026,2026-11-06,144,144,live,1,1,0,365,289,413,0.8,metadata_historical_avg,roster-pending,1,0,N5v4_Final,00fa551144bffa5b,1509e777b9f0
2026-06-15,2026-06-15 06:38:12,backfill,1,Kings Island Open,2026,2026-11-13,151,151,live,1,1,0,346,318,364,0.8,metadata_historical_avg,roster-pending,1,0,N5v4_Final,00fa551144bffa5b,1509e777b9f0
2026-06-15,2026-06-15 06:38:12,backfill,1,National Chess Congress,2026,2026-11-27,165,165,live,1,1,0,623,572,677,0.8,metadata_historical_avg,roster-pending,1,0,N5v4_Final,00fa551144bffa5b,1509e777b9f0
2026-06-15,2026-06-15 06:38:12,backfill,1,North American Open,2026,2026-12-26,194,194,live,2,2,0,1081,946,1199,0.8,metadata_historical_avg,roster-pending,1,0,N5v4_Final,00fa551144bffa5b,1509e777b9f0
2026-06-15,2026-06-15 06:38:12,backfill,1,Eastern Open,2026,2026-12-26,194,194,live,0,0,0,387,367,404,0.8,metadata_historical_avg,roster-pending,1,0,N5v4_Final,00fa551144bffa5b,1509e777b9f0
2026-06-16,2026-06-16 06:43:28,backfill,1,New York State Open,2026,2026-06-19,3,3,live,72,73,1,90,72,151,0.8,model,family-direct,1,0,N5v4_Final,00fa551144bffa5b,1548d5a4cada
2026-06-16,2026-06-16 06:43:28,backfill,1,DC International,2026,2026-06-25,9,9,live,74,76,2,118,115,120,0.8,model,family-alias,0,0,N5v4_Final,00fa551144bffa5b,1548d5a4cada
2026-06-16,2026-06-16 06:43:28,backfill,1,World Open lower sections,2026,2026-06-26,10,10,live,51,51,0,127,102,158,0.8,model,family-direct,1,0,N5v4_Final,00fa551144bffa5b,1548d5a4cada
2026-06-16,2026-06-16 06:43:28,backfill,1,DC Open,2026,2026-06-26,10,10,live,66,67,1,262,237,289,0.8,model,family-alias,0,0,N5v4_Final,00fa551144bffa5b,1548d5a4cada
2026-06-16,2026-06-16 06:43:28,backfill,1,World Open Under 13 Championship,2026,2026-06-29,13,13,live,41,41,0,115,95,138,0.8,metadata_pace,roster-pending,1,0,N5v4_Final,00fa551144bffa5b,1548d5a4cada
2026-06-16,2026-06-16 06:43:28,backfill,1,World Open top 6 sections,2026,2026-07-01,15,15,live,530,530,0,1080,889,1313,0.8,model,family-direct,0,0,N5v4_Final,00fa551144bffa5b,1548d5a4cada
2026-06-16,2026-06-16 06:43:28,backfill,1,Chicago Class,2026,2026-07-17,31,31,live,30,30,0,283,243,330,0.8,model,family-direct,0,0,N5v4_Final,00fa551144bffa5b,1548d5a4cada
2026-06-16,2026-06-16 06:43:28,backfill,1,Pittsburgh Open,2026,2026-07-17,31,31,live,30,32,2,184,156,217,0.8,model,family-direct,0,0,N5v4_Final,00fa551144bffa5b,1548d5a4cada
2026-06-16,2026-06-16 06:43:28,backfill,1,Southern Open,2026,2026-07-17,31,31,live,29,29,0,200,139,289,0.8,metadata_pace,roster-pending,1,0,N5v4_Final,00fa551144bffa5b,1548d5a4cada
2026-06-16,2026-06-16 06:43:28,backfill,1,Bradley Open,2026,2026-07-24,38,38,live,22,22,0,277,249,308,0.8,model,family-direct,0,0,N5v4_Final,00fa551144bffa5b,1548d5a4cada
2026-06-16,2026-06-16 06:43:28,backfill,1,Pacific Coast Open,2026,2026-07-31,45,45,live,29,29,0,383,368,398,0.8,model,family-direct,0,0,N5v4_Final,00fa551144bffa5b,1548d5a4cada
2026-06-16,2026-06-16 06:43:28,backfill,1,Continental Open,2026,2026-08-13,58,58,live,12,12,0,283,252,317,0.8,metadata_historical_avg,roster-pending,1,0,N5v4_Final,00fa551144bffa5b,1548d5a4cada
2026-06-16,2026-06-16 06:43:28,backfill,1,Central California Open,2026,2026-08-14,59,59,live,3,5,2,175,144,203,0.8,metadata_historical_avg,roster-pending,1,0,N5v4_Final,00fa551144bffa5b,1548d5a4cada
2026-06-16,2026-06-16 06:43:28,backfill,1,Atlantic Open,2026,2026-08-21,66,66,live,2,2,0,316,251,395,0.8,metadata_historical_avg,roster-pending,1,0,N5v4_Final,00fa551144bffa5b,1548d5a4cada
2026-06-16,2026-06-16 06:43:28,backfill,1,Indianapolis Open,2026,2026-08-21,66,66,live,3,3,0,186,175,198,0.8,metadata_historical_avg,roster-pending,1,0,N5v4_Final,00fa551144bffa5b,1548d5a4cada
2026-06-16,2026-06-16 06:43:28,backfill,1,New York State Championship,2026,2026-09-04,80,80,live,9,9,0,304,237,347,0.8,metadata_historical_avg,roster-pending,1,0,N5v4_Final,00fa551144bffa5b,1548d5a4cada
2026-06-16,2026-06-16 06:43:28,backfill,1,Midwest Class Championships,2026,2026-10-09,115,115,live,3,3,0,313,296,338,0.8,metadata_historical_avg,roster-pending,1,0,N5v4_Final,00fa551144bffa5b,1548d5a4cada
2026-06-16,2026-06-16 06:43:28,backfill,1,Eastern Class Championships (in Connecticut),2026,2026-10-16,122,122,live,1,1,0,221,198,246,0.8,metadata_historical_avg,roster-pending,1,0,N5v4_Final,00fa551144bffa5b,1548d5a4cada
2026-06-16,2026-06-16 06:43:28,backfill,1,Eastern Chess Congress (in New Jersey),2026,2026-10-23,129,129,live,1,2,1,469,404,513,0.8,metadata_historical_avg,roster-pending,1,0,N5v4_Final,00fa551144bffa5b,1548d5a4cada
2026-06-16,2026-06-16 06:43:28,backfill,1,Los Angeles Open,2026,2026-11-06,143,143,live,1,1,0,365,289,413,0.8,metadata_historical_avg,roster-pending,1,0,N5v4_Final,00fa551144bffa5b,1548d5a4cada
2026-06-16,2026-06-16 06:43:28,backfill,1,Kings Island Open,2026,2026-11-13,150,150,live,1,1,0,346,318,364,0.8,metadata_historical_avg,roster-pending,1,0,N5v4_Final,00fa551144bffa5b,1548d5a4cada
2026-06-16,2026-06-16 06:43:28,backfill,1,National Chess Congress,2026,2026-11-27,164,164,live,1,1,0,623,572,677,0.8,metadata_historical_avg,roster-pending,1,0,N5v4_Final,00fa551144bffa5b,1548d5a4cada
2026-06-16,2026-06-16 06:43:28,backfill,1,North American Open,2026,2026-12-26,193,193,live,2,2,0,1081,946,1199,0.8,metadata_historical_avg,roster-pending,1,0,N5v4_Final,00fa551144bffa5b,1548d5a4cada
2026-06-16,2026-06-16 06:43:28,backfill,1,Eastern Open,2026,2026-12-26,193,193,live,0,0,0,387,367,404,0.8,metadata_historical_avg,roster-pending,1,0,N5v4_Final,00fa551144bffa5b,1548d5a4cada
2026-06-17,2026-06-17 06:27:08,backfill,1,New York State Open,2026,2026-06-19,2,2,live,93,93,0,106,93,146,0.8,model,family-direct,1,0,N5v4_Final,00fa551144bffa5b,3a824a59d956
2026-06-17,2026-06-17 06:27:08,backfill,1,DC International,2026,2026-06-25,8,8,live,76,76,0,119,116,122,0.8,model,family-alias,0,0,N5v4_Final,00fa551144bffa5b,3a824a59d956
2026-06-17,2026-06-17 06:27:08,backfill,1,World Open lower sections,2026,2026-06-26,9,9,live,51,51,0,126,101,157,0.8,model,family-direct,1,0,N5v4_Final,00fa551144bffa5b,3a824a59d956
2026-06-17,2026-06-17 06:27:08,backfill,1,DC Open,2026,2026-06-26,9,9,live,71,71,0,263,238,290,0.8,model,family-alias,0,0,N5v4_Final,00fa551144bffa5b,3a824a59d956
2026-06-17,2026-06-17 06:27:08,backfill,1,World Open Under 13 Championship,2026,2026-06-29,12,12,live,41,41,0,115,95,138,0.8,metadata_pace,roster-pending,1,0,N5v4_Final,00fa551144bffa5b,3a824a59d956
2026-06-17,2026-06-17 06:27:08,backfill,1,World Open top 6 sections,2026,2026-07-01,14,14,live,535,535,0,1075,889,1300,0.8,model,family-direct,0,0,N5v4_Final,00fa551144bffa5b,3a824a59d956
2026-06-17,2026-06-17 06:27:08,backfill,1,Chicago Class,2026,2026-07-17,30,30,live,30,30,0,281,244,323,0.8,model,family-direct,0,0,N5v4_Final,00fa551144bffa5b,3a824a59d956
2026-06-17,2026-06-17 06:27:08,backfill,1,Pittsburgh Open,2026,2026-07-17,30,30,live,31,31,0,184,157,216,0.8,model,family-direct,0,0,N5v4_Final,00fa551144bffa5b,3a824a59d956
2026-06-17,2026-06-17 06:27:08,backfill,1,Southern Open,2026,2026-07-17,30,30,live,29,29,0,200,139,289,0.8,metadata_pace,roster-pending,1,0,N5v4_Final,00fa551144bffa5b,3a824a59d956
2026-06-17,2026-06-17 06:27:08,backfill,1,Bradley Open,2026,2026-07-24,37,37,live,24,24,0,280,253,310,0.8,model,family-direct,0,0,N5v4_Final,00fa551144bffa5b,3a824a59d956
2026-06-17,2026-06-17 06:27:08,backfill,1,Pacific Coast Open,2026,2026-07-31,44,44,live,33,33,0,389,374,404,0.8,model,family-direct,0,0,N5v4_Final,00fa551144bffa5b,3a824a59d956
2026-06-17,2026-06-17 06:27:08,backfill,1,Continental Open,2026,2026-08-13,57,57,live,12,12,0,283,252,317,0.8,metadata_historical_avg,roster-pending,1,0,N5v4_Final,00fa551144bffa5b,3a824a59d956
2026-06-17,2026-06-17 06:27:08,backfill,1,Central California Open,2026,2026-08-14,58,58,live,3,3,0,175,144,203,0.8,metadata_historical_avg,roster-pending,1,0,N5v4_Final,00fa551144bffa5b,3a824a59d956
2026-06-17,2026-06-17 06:27:08,backfill,1,Atlantic Open,2026,2026-08-21,65,65,live,2,2,0,316,251,395,0.8,metadata_historical_avg,roster-pending,1,0,N5v4_Final,00fa551144bffa5b,3a824a59d956
2026-06-17,2026-06-17 06:27:08,backfill,1,Indianapolis Open,2026,2026-08-21,65,65,live,3,3,0,186,175,198,0.8,metadata_historical_avg,roster-pending,1,0,N5v4_Final,00fa551144bffa5b,3a824a59d956
2026-06-17,2026-06-17 06:27:08,backfill,1,New York State Championship,2026,2026-09-04,79,79,live,9,9,0,304,237,347,0.8,metadata_historical_avg,roster-pending,1,0,N5v4_Final,00fa551144bffa5b,3a824a59d956
2026-06-17,2026-06-17 06:27:08,backfill,1,Midwest Class Championships,2026,2026-10-09,114,114,live,3,3,0,313,296,338,0.8,metadata_historical_avg,roster-pending,1,0,N5v4_Final,00fa551144bffa5b,3a824a59d956
2026-06-17,2026-06-17 06:27:08,backfill,1,Eastern Class Championships (in Connecticut),2026,2026-10-16,121,121,live,1,1,0,221,198,246,0.8,metadata_historical_avg,roster-pending,1,0,N5v4_Final,00fa551144bffa5b,3a824a59d956
2026-06-17,2026-06-17 06:27:08,backfill,1,Eastern Chess Congress (in New Jersey),2026,2026-10-23,128,128,live,2,2,0,469,404,513,0.8,metadata_historical_avg,roster-pending,1,0,N5v4_Final,00fa551144bffa5b,3a824a59d956
2026-06-17,2026-06-17 06:27:08,backfill,1,Los Angeles Open,2026,2026-11-06,142,142,live,1,1,0,365,289,413,0.8,metadata_historical_avg,roster-pending,1,0,N5v4_Final,00fa551144bffa5b,3a824a59d956
2026-06-17,2026-06-17 06:27:08,backfill,1,Kings Island Open,2026,2026-11-13,149,149,live,1,1,0,346,318,364,0.8,metadata_historical_avg,roster-pending,1,0,N5v4_Final,00fa551144bffa5b,3a824a59d956
2026-06-17,2026-06-17 06:27:08,backfill,1,National Chess Congress,2026,2026-11-27,163,163,live,1,1,0,623,572,677,0.8,metadata_historical_avg,roster-pending,1,0,N5v4_Final,00fa551144bffa5b,3a824a59d956
2026-06-17,2026-06-17 06:27:08,backfill,1,North American Open,2026,2026-12-26,192,192,live,2,2,0,1081,946,1199,0.8,metadata_historical_avg,roster-pending,1,0,N5v4_Final,00fa551144bffa5b,3a824a59d956
2026-06-17,2026-06-17 06:27:08,backfill,1,Eastern Open,2026,2026-12-26,192,192,live,0,0,0,387,367,404,0.8,metadata_historical_avg,roster-pending,1,0,N5v4_Final,00fa551144bffa5b,3a824a59d956
2026-06-18,2026-06-18 06:10:36,backfill,1,New York State Open,2026,2026-06-19,1,1,live,98,99,1,103,98,134,0.8,model,family-direct,1,0,N5v4_Final,00fa551144bffa5b,8a23749f96fd
2026-06-18,2026-06-18 06:10:36,backfill,1,DC International,2026,2026-06-25,7,7,live,79,81,2,121,114,129,0.8,model,family-alias,0,0,N5v4_Final,00fa551144bffa5b,8a23749f96fd
2026-06-18,2026-06-18 06:10:36,backfill,1,World Open lower sections,2026,2026-06-26,8,8,live,52,52,0,126,101,157,0.8,model,family-direct,1,0,N5v4_Final,00fa551144bffa5b,8a23749f96fd
2026-06-18,2026-06-18 06:10:36,backfill,1,DC Open,2026,2026-06-26,8,8,live,71,72,1,260,235,287,0.8,model,family-alias,0,0,N5v4_Final,00fa551144bffa5b,8a23749f96fd
2026-06-18,2026-06-18 06:10:36,backfill,1,World Open Under 13 Championship,2026,2026-06-29,11,11,live,42,42,0,118,98,142,0.8,metadata_pace,roster-pending,1,0,N5v4_Final,00fa551144bffa5b,8a23749f96fd
2026-06-18,2026-06-18 06:10:36,backfill,1,World Open top 6 sections,2026,2026-07-01,13,13,live,549,549,0,1076,894,1295,0.8,model,family-direct,0,0,N5v4_Final,00fa551144bffa5b,8a23749f96fd
2026-06-18,2026-06-18 06:10:36,backfill,1,Chicago Class,2026,2026-07-17,29,29,live,31,31,0,280,246,318,0.8,model,family-direct,0,0,N5v4_Final,00fa551144bffa5b,8a23749f96fd
2026-06-18,2026-06-18 06:10:36,backfill,1,Pittsburgh Open,2026,2026-07-17,29,29,live,31,33,2,183,156,214,0.8,model,family-direct,0,0,N5v4_Final,00fa551144bffa5b,8a23749f96fd
2026-06-18,2026-06-18 06:10:36,backfill,1,Southern Open,2026,2026-07-17,29,29,live,29,30,1,200,139,289,0.8,metadata_pace,roster-pending,1,0,N5v4_Final,00fa551144bffa5b,8a23749f96fd
2026-06-18,2026-06-18 06:10:36,backfill,1,Bradley Open,2026,2026-07-24,36,36,live,24,24,0,277,252,306,0.8,model,family-direct,0,0,N5v4_Final,00fa551144bffa5b,8a23749f96fd
2026-06-18,2026-06-18 06:10:36,backfill,1,Pacific Coast Open,2026,2026-07-31,43,43,live,32,33,1,384,370,399,0.8,model,family-direct,0,0,N5v4_Final,00fa551144bffa5b,8a23749f96fd
2026-06-18,2026-06-18 06:10:36,backfill,1,Continental Open,2026,2026-08-13,56,56,live,12,12,0,283,252,317,0.8,metadata_historical_avg,roster-pending,1,0,N5v4_Final,00fa551144bffa5b,8a23749f96fd
2026-06-18,2026-06-18 06:10:36,backfill,1,Central California Open,2026,2026-08-14,57,57,live,3,5,2,175,144,203,0.8,metadata_historical_avg,roster-pending,1,0,N5v4_Final,00fa551144bffa5b,8a23749f96fd
2026-06-18,2026-06-18 06:10:36,backfill,1,Atlantic Open,2026,2026-08-21,64,64,live,2,2,0,316,251,395,0.8,metadata_historical_avg,roster-pending,1,0,N5v4_Final,00fa551144bffa5b,8a23749f96fd
2026-06-18,2026-06-18 06:10:36,backfill,1,Indianapolis Open,2026,2026-08-21,64,64,live,3,3,0,186,175,198,0.8,metadata_historical_avg,roster-pending,1,0,N5v4_Final,00fa551144bffa5b,8a23749f96fd
2026-06-18,2026-06-18 06:10:36,backfill,1,New York State Championship,2026,2026-09-04,78,78,live,9,9,0,304,237,347,0.8,metadata_historical_avg,roster-pending,1,0,N5v4_Final,00fa551144bffa5b,8a23749f96fd
2026-06-18,2026-06-18 06:10:36,backfill,1,Midwest Class Championships,2026,2026-10-09,113,113,live,3,3,0,313,296,338,0.8,metadata_historical_avg,roster-pending,1,0,N5v4_Final,00fa551144bffa5b,8a23749f96fd
2026-06-18,2026-06-18 06:10:36,backfill,1,Eastern Class Championships (in Connecticut),2026,2026-10-16,120,120,live,1,1,0,221,198,246,0.8,metadata_historical_avg,roster-pending,1,0,N5v4_Final,00fa551144bffa5b,8a23749f96fd
2026-06-18,2026-06-18 06:10:36,backfill,1,Eastern Chess Congress (in New Jersey),2026,2026-10-23,127,127,live,1,2,1,469,404,513,0.8,metadata_historical_avg,roster-pending,1,0,N5v4_Final,00fa551144bffa5b,8a23749f96fd
2026-06-18,2026-06-18 06:10:36,backfill,1,Los Angeles Open,2026,2026-11-06,141,141,live,1,1,0,365,289,413,0.8,metadata_historical_avg,roster-pending,1,0,N5v4_Final,00fa551144bffa5b,8a23749f96fd
2026-06-18,2026-06-18 06:10:36,backfill,1,Kings Island Open,2026,2026-11-13,148,148,live,1,1,0,346,318,364,0.8,metadata_historical_avg,roster-pending,1,0,N5v4_Final,00fa551144bffa5b,8a23749f96fd
2026-06-18,2026-06-18 06:10:36,backfill,1,National Chess Congress,2026,2026-11-27,162,162,live,1,1,0,623,572,677,0.8,metadata_historical_avg,roster-pending,1,0,N5v4_Final,00fa551144bffa5b,8a23749f96fd
2026-06-18,2026-06-18 06:10:36,backfill,1,North American Open,2026,2026-12-26,191,191,live,2,2,0,1081,946,1199,0.8,metadata_historical_avg,roster-pending,1,0,N5v4_Final,00fa551144bffa5b,8a23749f96fd
2026-06-18,2026-06-18 06:10:36,backfill,1,Eastern Open,2026,2026-12-26,191,191,live,0,0,0,387,367,404,0.8,metadata_historical_avg,roster-pending,1,0,N5v4_Final,00fa551144bffa5b,8a23749f96fd
2026-06-19,2026-06-19 06:31:11,backfill,1,New York State Open,2026,2026-06-19,0,1,live,102,103,1,102,102,131,0.8,model_online_window,,1,0,N5v4_Final,00fa551144bffa5b,2949dc677df1
2026-06-19,2026-06-19 06:31:11,backfill,1,DC International,2026,2026-06-25,6,6,live,85,87,2,127,120,135,0.8,model,family-alias,0,0,N5v4_Final,00fa551144bffa5b,2949dc677df1
2026-06-19,2026-06-19 06:31:11,backfill,1,World Open lower sections,2026,2026-06-26,7,7,live,52,52,0,110,88,137,0.8,model,family-direct,1,0,N5v4_Final,00fa551144bffa5b,2949dc677df1
2026-06-19,2026-06-19 06:31:11,backfill,1,DC Open,2026,2026-06-26,7,7,live,79,82,3,240,217,264,0.8,model,family-alias,0,0,N5v4_Final,00fa551144bffa5b,2949dc677df1
2026-06-19,2026-06-19 06:31:11,backfill,1,World Open Under 13 Championship,2026,2026-06-29,10,10,live,44,44,0,92,86,98,0.8,metadata_pace,roster-pending,1,0,N5v4_Final,00fa551144bffa5b,2949dc677df1
2026-06-19,2026-06-19 06:31:11,backfill,1,World Open top 6 sections,2026,2026-07-01,12,12,live,572,572,0,1082,904,1296,0.8,model,family-direct,0,0,N5v4_Final,00fa551144bffa5b,2949dc677df1
2026-06-19,2026-06-19 06:31:11,backfill,1,Chicago Class,2026,2026-07-17,28,28,live,33,33,0,277,246,312,0.8,model,family-direct,0,0,N5v4_Final,00fa551144bffa5b,2949dc677df1
2026-06-19,2026-06-19 06:31:11,backfill,1,Pittsburgh Open,2026,2026-07-17,28,28,live,31,33,2,197,169,229,0.8,model,family-direct,0,0,N5v4_Final,00fa551144bffa5b,2949dc677df1
2026-06-19,2026-06-19 06:31:11,backfill,1,Southern Open,2026,2026-07-17,28,28,live,30,30,0,207,143,299,0.8,metadata_pace,roster-pending,1,0,N5v4_Final,00fa551144bffa5b,2949dc677df1
2026-06-19,2026-06-19 06:31:11,backfill,1,Bradley Open,2026,2026-07-24,35,35,live,26,26,0,279,224,348,0.8,model,family-direct,0,0,N5v4_Final,00fa551144bffa5b,2949dc677df1
2026-06-19,2026-06-19 06:31:11,backfill,1,Pacific Coast Open,2026,2026-07-31,42,42,live,32,33,1,382,368,396,0.8,model,family-direct,0,0,N5v4_Final,00fa551144bffa5b,2949dc677df1
2026-06-19,2026-06-19 06:31:11,backfill,1,Continental Open,2026,2026-08-13,55,55,live,12,12,0,283,252,317,0.8,metadata_historical_avg,roster-pending,1,0,N5v4_Final,00fa551144bffa5b,2949dc677df1
2026-06-19,2026-06-19 06:31:11,backfill,1,Central California Open,2026,2026-08-14,56,56,live,3,5,2,175,144,203,0.8,metadata_historical_avg,roster-pending,1,0,N5v4_Final,00fa551144bffa5b,2949dc677df1
2026-06-19,2026-06-19 06:31:11,backfill,1,Atlantic Open,2026,2026-08-21,63,63,live,2,2,0,316,251,395,0.8,metadata_historical_avg,roster-pending,1,0,N5v4_Final,00fa551144bffa5b,2949dc677df1
2026-06-19,2026-06-19 06:31:11,backfill,1,Indianapolis Open,2026,2026-08-21,63,63,live,3,3,0,186,175,198,0.8,metadata_historical_avg,roster-pending,1,0,N5v4_Final,00fa551144bffa5b,2949dc677df1
2026-06-19,2026-06-19 06:31:11,backfill,1,New York State Championship,2026,2026-09-04,77,77,live,9,9,0,304,237,347,0.8,metadata_historical_avg,roster-pending,1,0,N5v4_Final,00fa551144bffa5b,2949dc677df1
2026-06-19,2026-06-19 06:31:11,backfill,1,Midwest Class Championships,2026,2026-10-09,112,112,live,3,3,0,313,296,338,0.8,metadata_historical_avg,roster-pending,1,0,N5v4_Final,00fa551144bffa5b,2949dc677df1
2026-06-19,2026-06-19 06:31:11,backfill,1,Eastern Class Championships (in Connecticut),2026,2026-10-16,119,119,live,1,1,0,221,198,246,0.8,metadata_historical_avg,roster-pending,1,0,N5v4_Final,00fa551144bffa5b,2949dc677df1
2026-06-19,2026-06-19 06:31:11,backfill,1,Eastern Chess Congress (in New Jersey),2026,2026-10-23,126,126,live,1,2,1,469,404,513,0.8,metadata_historical_avg,roster-pending,1,0,N5v4_Final,00fa551144bffa5b,2949dc677df1
2026-06-19,2026-06-19 06:31:11,backfill,1,Los Angeles Open,2026,2026-11-06,140,140,live,1,1,0,365,289,413,0.8,metadata_historical_avg,roster-pending,1,0,N5v4_Final,00fa551144bffa5b,2949dc677df1
2026-06-19,2026-06-19 06:31:11,backfill,1,Kings Island Open,2026,2026-11-13,147,147,live,1,1,0,346,318,364,0.8,metadata_historical_avg,roster-pending,1,0,N5v4_Final,00fa551144bffa5b,2949dc677df1
2026-06-19,2026-06-19 06:31:11,backfill,1,National Chess Congress,2026,2026-11-27,161,161,live,1,1,0,623,572,677,0.8,metadata_historical_avg,roster-pending,1,0,N5v4_Final,00fa551144bffa5b,2949dc677df1
2026-06-19,2026-06-19 06:31:11,backfill,1,North American Open,2026,2026-12-26,190,190,live,2,2,0,1081,946,1199,0.8,metadata_historical_avg,roster-pending,1,0,N5v4_Final,00fa551144bffa5b,2949dc677df1
2026-06-19,2026-06-19 06:31:11,backfill,1,Eastern Open,2026,2026-12-26,190,190,live,0,0,0,387,367,404,0.8,metadata_historical_avg,roster-pending,1,0,N5v4_Final,00fa551144bffa5b,2949dc677df1
2026-06-20,2026-06-20 05:44:03,backfill,1,New York State Open,2026,2026-06-19,-1,0,live,108,109,1,108,108,108,0.8,live_scrape,,1,0,N5v4_Final,00fa551144bffa5b,b78ba7abed22
2026-06-20,2026-06-20 05:44:03,backfill,1,DC International,2026,2026-06-25,5,5,live,85,87,2,120,114,127,0.8,model,family-alias,0,0,N5v4_Final,00fa551144bffa5b,b78ba7abed22
2026-06-20,2026-06-20 05:44:03,backfill,1,World Open lower sections,2026,2026-06-26,6,6,live,53,53,0,112,89,140,0.8,model,family-direct,1,0,N5v4_Final,00fa551144bffa5b,b78ba7abed22
2026-06-20,2026-06-20 05:44:03,backfill,1,DC Open,2026,2026-06-26,6,6,live,84,87,3,239,220,261,0.8,model,family-alias,0,0,N5v4_Final,00fa551144bffa5b,b78ba7abed22
2026-06-20,2026-06-20 05:44:03,backfill,1,World Open Under 13 Championship,2026,2026-06-29,9,9,live,44,44,0,92,86,98,0.8,metadata_pace,roster-pending,1,0,N5v4_Final,00fa551144bffa5b,b78ba7abed22
2026-06-20,2026-06-20 05:44:03,backfill,1,World Open top 6 sections,2026,2026-07-01,11,11,live,585,585,0,1082,907,1290,0.8,model,family-direct,0,0,N5v4_Final,00fa551144bffa5b,b78ba7abed22
2026-06-20,2026-06-20 05:44:03,backfill,1,Chicago Class,2026,2026-07-17,27,27,live,33,33,0,274,244,307,0.8,model,family-direct,0,0,N5v4_Final,00fa551144bffa5b,b78ba7abed22
2026-06-20,2026-06-20 05:44:03,backfill,1,Pittsburgh Open,2026,2026-07-17,27,27,live,31,33,2,192,167,222,0.8,model,family-direct,0,0,N5v4_Final,00fa551144bffa5b,b78ba7abed22
2026-06-20,2026-06-20 05:44:03,backfill,1,Southern Open,2026,2026-07-17,27,27,live,31,31,0,214,148,308,0.8,metadata_pace,roster-pending,1,0,N5v4_Final,00fa551144bffa5b,b78ba7abed22
2026-06-20,2026-06-20 05:44:03,backfill,1,Bradley Open,2026,2026-07-24,34,34,live,26,26,0,277,224,341,0.8,model,family-direct,0,0,N5v4_Final,00fa551144bffa5b,b78ba7abed22
2026-06-20,2026-06-20 05:44:03,backfill,1,Pacific Coast Open,2026,2026-07-31,41,41,live,34,35,1,383,370,397,0.8,model,family-direct,0,0,N5v4_Final,00fa551144bffa5b,b78ba7abed22
2026-06-20,2026-06-20 05:44:03,backfill,1,Continental Open,2026,2026-08-13,54,54,live,12,12,0,283,252,317,0.8,metadata_historical_avg,roster-pending,1,0,N5v4_Final,00fa551144bffa5b,b78ba7abed22
2026-06-20,2026-06-20 05:44:03,backfill,1,Central California Open,2026,2026-08-14,55,55,live,3,5,2,175,144,203,0.8,metadata_historical_avg,roster-pending,1,0,N5v4_Final,00fa551144bffa5b,b78ba7abed22
2026-06-20,2026-06-20 05:44:03,backfill,1,Atlantic Open,2026,2026-08-21,62,62,live,2,2,0,316,251,395,0.8,metadata_historical_avg,roster-pending,1,0,N5v4_Final,00fa551144bffa5b,b78ba7abed22
2026-06-20,2026-06-20 05:44:03,backfill,1,Indianapolis Open,2026,2026-08-21,62,62,live,3,3,0,186,175,198,0.8,metadata_historical_avg,roster-pending,1,0,N5v4_Final,00fa551144bffa5b,b78ba7abed22
2026-06-20,2026-06-20 05:44:03,backfill,1,New York State Championship,2026,2026-09-04,76,76,live,9,9,0,304,237,347,0.8,metadata_historical_avg,roster-pending,1,0,N5v4_Final,00fa551144bffa5b,b78ba7abed22
2026-06-20,2026-06-20 05:44:03,backfill,1,Midwest Class Championships,2026,2026-10-09,111,111,live,3,3,0,313,296,338,0.8,metadata_historical_avg,roster-pending,1,0,N5v4_Final,00fa551144bffa5b,b78ba7abed22
2026-06-20,2026-06-20 05:44:03,backfill,1,Eastern Class Championships (in Connecticut),2026,2026-10-16,118,118,live,1,1,0,221,198,246,0.8,metadata_historical_avg,roster-pending,1,0,N5v4_Final,00fa551144bffa5b,b78ba7abed22
2026-06-20,2026-06-20 05:44:03,backfill,1,Eastern Chess Congress (in New Jersey),2026,2026-10-23,125,125,live,1,2,1,469,404,513,0.8,metadata_historical_avg,roster-pending,1,0,N5v4_Final,00fa551144bffa5b,b78ba7abed22
2026-06-20,2026-06-20 05:44:03,backfill,1,Los Angeles Open,2026,2026-11-06,139,139,live,1,1,0,365,289,413,0.8,metadata_historical_avg,roster-pending,1,0,N5v4_Final,00fa551144bffa5b,b78ba7abed22
2026-06-20,2026-06-20 05:44:03,backfill,1,Kings Island Open,2026,2026-11-13,146,146,live,1,1,0,346,318,364,0.8,metadata_historical_avg,roster-pending,1,0,N5v4_Final,00fa551144bffa5b,b78ba7abed22
2026-06-20,2026-06-20 05:44:03,backfill,1,National Chess Congress,2026,2026-11-27,160,160,live,1,1,0,623,572,677,0.8,metadata_historical_avg,roster-pending,1,0,N5v4_Final,00fa551144bffa5b,b78ba7abed22
2026-06-20,2026-06-20 05:44:03,backfill,1,North American Open,2026,2026-12-26,189,189,live,3,3,0,1081,946,1199,0.8,metadata_historical_avg,roster-pending,1,0,N5v4_Final,00fa551144bffa5b,b78ba7abed22
2026-06-20,2026-06-20 05:44:03,backfill,1,Eastern Open,2026,2026-12-26,189,189,live,0,0,0,387,367,404,0.8,metadata_historical_avg,roster-pending,1,0,N5v4_Final,00fa551144bffa5b,b78ba7abed22
2026-06-21,2026-06-21 06:18:47,backfill,1,New York State Open,2026,2026-06-19,-2,0,live,108,109,1,108,108,108,0.8,live_scrape,,1,0,N5v4_Final,00fa551144bffa5b,fb0001a7dede
2026-06-21,2026-06-21 06:18:47,backfill,1,DC International,2026,2026-06-25,4,4,live,89,91,2,124,117,131,0.8,model,family-alias,0,0,N5v4_Final,00fa551144bffa5b,fb0001a7dede
2026-06-21,2026-06-21 06:18:47,backfill,1,World Open lower sections,2026,2026-06-26,5,5,live,56,56,0,109,89,132,0.8,model,family-direct,1,0,N5v4_Final,00fa551144bffa5b,fb0001a7dede
2026-06-21,2026-06-21 06:18:47,backfill,1,DC Open,2026,2026-06-26,5,5,live,92,95,3,233,219,248,0.8,model,family-alias,0,0,N5v4_Final,00fa551144bffa5b,fb0001a7dede
2026-06-21,2026-06-21 06:18:47,backfill,1,World Open Under 13 Championship,2026,2026-06-29,8,8,live,46,46,0,96,90,102,0.8,metadata_pace,roster-pending,1,0,N5v4_Final,00fa551144bffa5b,fb0001a7dede
2026-06-21,2026-06-21 06:18:47,backfill,1,World Open top 6 sections,2026,2026-07-01,10,10,live,609,609,0,1085,903,1303,0.8,model,family-direct,0,0,N5v4_Final,00fa551144bffa5b,fb0001a7dede
2026-06-21,2026-06-21 06:18:47,backfill,1,Chicago Class,2026,2026-07-17,26,26,live,34,34,0,272,243,306,0.8,model,family-direct,0,0,N5v4_Final,00fa551144bffa5b,fb0001a7dede
2026-06-21,2026-06-21 06:18:47,backfill,1,Pittsburgh Open,2026,2026-07-17,26,26,live,33,35,2,193,169,221,0.8,model,family-direct,0,0,N5v4_Final,00fa551144bffa5b,fb0001a7dede
2026-06-21,2026-06-21 06:18:47,backfill,1,Southern Open,2026,2026-07-17,26,26,live,31,31,0,214,148,308,0.8,metadata_pace,roster-pending,1,0,N5v4_Final,00fa551144bffa5b,fb0001a7dede
2026-06-21,2026-06-21 06:18:47,backfill,1,Bradley Open,2026,2026-07-24,33,33,live,27,27,0,276,226,338,0.8,model,family-direct,0,0,N5v4_Final,00fa551144bffa5b,fb0001a7dede
2026-06-21,2026-06-21 06:18:47,backfill,1,Pacific Coast Open,2026,2026-07-31,40,40,live,34,35,1,380,367,393,0.8,model,family-direct,0,0,N5v4_Final,00fa551144bffa5b,fb0001a7dede
2026-06-21,2026-06-21 06:18:47,backfill,1,Continental Open,2026,2026-08-13,53,53,live,12,12,0,283,252,317,0.8,metadata_historical_avg,roster-pending,1,0,N5v4_Final,00fa551144bffa5b,fb0001a7dede
2026-06-21,2026-06-21 06:18:47,backfill,1,Central California Open,2026,2026-08-14,54,54,live,3,5,2,175,144,203,0.8,metadata_historical_avg,roster-pending,1,0,N5v4_Final,00fa551144bffa5b,fb0001a7dede
2026-06-21,2026-06-21 06:18:47,backfill,1,Atlantic Open,2026,2026-08-21,61,61,live,2,2,0,316,251,395,0.8,metadata_historical_avg,roster-pending,1,0,N5v4_Final,00fa551144bffa5b,fb0001a7dede
2026-06-21,2026-06-21 06:18:47,backfill,1,Indianapolis Open,2026,2026-08-21,61,61,live,3,3,0,186,175,198,0.8,metadata_historical_avg,roster-pending,1,0,N5v4_Final,00fa551144bffa5b,fb0001a7dede
2026-06-21,2026-06-21 06:18:47,backfill,1,New York State Championship,2026,2026-09-04,75,75,live,9,9,0,304,237,347,0.8,metadata_historical_avg,roster-pending,1,0,N5v4_Final,00fa551144bffa5b,fb0001a7dede
2026-06-21,2026-06-21 06:18:47,backfill,1,Midwest Class Championships,2026,2026-10-09,110,110,live,3,3,0,313,296,338,0.8,metadata_historical_avg,roster-pending,1,0,N5v4_Final,00fa551144bffa5b,fb0001a7dede
2026-06-21,2026-06-21 06:18:47,backfill,1,Eastern Class Championships (in Connecticut),2026,2026-10-16,117,117,live,1,1,0,221,198,246,0.8,metadata_historical_avg,roster-pending,1,0,N5v4_Final,00fa551144bffa5b,fb0001a7dede
2026-06-21,2026-06-21 06:18:47,backfill,1,Eastern Chess Congress (in New Jersey),2026,2026-10-23,124,124,live,1,2,1,469,404,513,0.8,metadata_historical_avg,roster-pending,1,0,N5v4_Final,00fa551144bffa5b,fb0001a7dede
2026-06-21,2026-06-21 06:18:47,backfill,1,Los Angeles Open,2026,2026-11-06,138,138,live,1,1,0,365,289,413,0.8,metadata_historical_avg,roster-pending,1,0,N5v4_Final,00fa551144bffa5b,fb0001a7dede
2026-06-21,2026-06-21 06:18:47,backfill,1,Kings Island Open,2026,2026-11-13,145,145,live,1,1,0,346,318,364,0.8,metadata_historical_avg,roster-pending,1,0,N5v4_Final,00fa551144bffa5b,fb0001a7dede
2026-06-21,2026-06-21 06:18:47,backfill,1,National Chess Congress,2026,2026-11-27,159,159,live,1,1,0,623,572,677,0.8,metadata_historical_avg,roster-pending,1,0,N5v4_Final,00fa551144bffa5b,fb0001a7dede
2026-06-21,2026-06-21 06:18:47,backfill,1,North American Open,2026,2026-12-26,188,188,live,3,3,0,1081,946,1199,0.8,metadata_historical_avg,roster-pending,1,0,N5v4_Final,00fa551144bffa5b,fb0001a7dede
2026-06-21,2026-06-21 06:18:47,backfill,1,Eastern Open,2026,2026-12-26,188,188,live,0,0,0,387,367,404,0.8,metadata_historical_avg,roster-pending,1,0,N5v4_Final,00fa551144bffa5b,fb0001a7dede
2026-06-22,2026-06-22 06:40:57,backfill,1,DC International,2026,2026-06-25,3,3,live,95,97,2,130,121,140,0.8,model,family-alias,0,0,N5v4_Final,00fa551144bffa5b,2a6b0c0d7b5b
2026-06-22,2026-06-22 06:40:57,backfill,1,World Open lower sections,2026,2026-06-26,4,4,live,65,65,0,114,88,147,0.8,model,family-direct,1,0,N5v4_Final,00fa551144bffa5b,2a6b0c0d7b5b
2026-06-22,2026-06-22 06:40:57,backfill,1,DC Open,2026,2026-06-26,4,4,live,100,104,4,234,214,256,0.8,model,family-alias,0,0,N5v4_Final,00fa551144bffa5b,2a6b0c0d7b5b
2026-06-22,2026-06-22 06:40:57,backfill,1,World Open Under 13 Championship,2026,2026-06-29,7,7,live,52,52,0,109,102,116,0.8,metadata_pace,roster-pending,1,0,N5v4_Final,00fa551144bffa5b,2a6b0c0d7b5b
2026-06-22,2026-06-22 06:40:57,backfill,1,World Open top 6 sections,2026,2026-07-01,9,9,live,634,634,0,1085,892,1321,0.8,model,family-direct,0,0,N5v4_Final,00fa551144bffa5b,2a6b0c0d7b5b
2026-06-22,2026-06-22 06:40:57,backfill,1,Chicago Class,2026,2026-07-17,25,25,live,35,35,0,271,242,303,0.8,model,family-direct,0,0,N5v4_Final,00fa551144bffa5b,2a6b0c0d7b5b
2026-06-22,2026-06-22 06:40:57,backfill,1,Pittsburgh Open,2026,2026-07-17,25,25,live,35,37,2,193,170,218,0.8,model,family-direct,0,0,N5v4_Final,00fa551144bffa5b,2a6b0c0d7b5b
2026-06-22,2026-06-22 06:40:57,backfill,1,Southern Open,2026,2026-07-17,25,25,live,34,34,0,235,163,338,0.8,metadata_pace,roster-pending,1,0,N5v4_Final,00fa551144bffa5b,2a6b0c0d7b5b
2026-06-22,2026-06-22 06:40:57,backfill,1,Bradley Open,2026,2026-07-24,32,32,live,28,28,0,276,228,333,0.8,model,family-direct,0,0,N5v4_Final,00fa551144bffa5b,2a6b0c0d7b5b
2026-06-22,2026-06-22 06:40:57,backfill,1,Pacific Coast Open,2026,2026-07-31,39,39,live,35,36,1,378,366,391,0.8,model,family-direct,0,0,N5v4_Final,00fa551144bffa5b,2a6b0c0d7b5b
2026-06-22,2026-06-22 06:40:57,backfill,1,Continental Open,2026,2026-08-13,52,52,live,12,12,0,283,252,317,0.8,metadata_historical_avg,roster-pending,1,0,N5v4_Final,00fa551144bffa5b,2a6b0c0d7b5b
2026-06-22,2026-06-22 06:40:57,backfill,1,Central California Open,2026,2026-08-14,53,53,live,4,6,2,175,144,203,0.8,metadata_historical_avg,roster-pending,1,0,N5v4_Final,00fa551144bffa5b,2a6b0c0d7b5b
2026-06-22,2026-06-22 06:40:57,backfill,1,Atlantic Open,2026,2026-08-21,60,60,live,2,2,0,316,251,395,0.8,metadata_historical_avg,roster-pending,1,0,N5v4_Final,00fa551144bffa5b,2a6b0c0d7b5b
2026-06-22,2026-06-22 06:40:57,backfill,1,Indianapolis Open,2026,2026-08-21,60,60,live,3,3,0,186,175,198,0.8,metadata_historical_avg,roster-pending,1,0,N5v4_Final,00fa551144bffa5b,2a6b0c0d7b5b
2026-06-22,2026-06-22 06:40:57,backfill,1,New York State Championship,2026,2026-09-04,74,74,live,9,9,0,304,237,347,0.8,metadata_historical_avg,roster-pending,1,0,N5v4_Final,00fa551144bffa5b,2a6b0c0d7b5b
2026-06-22,2026-06-22 06:40:57,backfill,1,Midwest Class Championships,2026,2026-10-09,109,109,live,3,3,0,313,296,338,0.8,metadata_historical_avg,roster-pending,1,0,N5v4_Final,00fa551144bffa5b,2a6b0c0d7b5b
2026-06-22,2026-06-22 06:40:57,backfill,1,Eastern Class Championships (in Connecticut),2026,2026-10-16,116,116,live,1,1,0,221,198,246,0.8,metadata_historical_avg,roster-pending,1,0,N5v4_Final,00fa551144bffa5b,2a6b0c0d7b5b
2026-06-22,2026-06-22 06:40:57,backfill,1,Eastern Chess Congress (in New Jersey),2026,2026-10-23,123,123,live,1,2,1,469,404,513,0.8,metadata_historical_avg,roster-pending,1,0,N5v4_Final,00fa551144bffa5b,2a6b0c0d7b5b
2026-06-22,2026-06-22 06:40:57,backfill,1,Los Angeles Open,2026,2026-11-06,137,137,live,1,1,0,365,289,413,0.8,metadata_historical_avg,roster-pending,1,0,N5v4_Final,00fa551144bffa5b,2a6b0c0d7b5b
2026-06-22,2026-06-22 06:40:57,backfill,1,Kings Island Open,2026,2026-11-13,144,144,live,1,1,0,346,318,364,0.8,metadata_historical_avg,roster-pending,1,0,N5v4_Final,00fa551144bffa5b,2a6b0c0d7b5b
2026-06-22,2026-06-22 06:40:57,backfill,1,National Chess Congress,2026,2026-11-27,158,158,live,1,1,0,623,572,677,0.8,metadata_historical_avg,roster-pending,1,0,N5v4_Final,00fa551144bffa5b,2a6b0c0d7b5b
2026-06-22,2026-06-22 06:40:57,backfill,1,North American Open,2026,2026-12-26,187,187,live,3,3,0,1081,946,1199,0.8,metadata_historical_avg,roster-pending,1,0,N5v4_Final,00fa551144bffa5b,2a6b0c0d7b5b
2026-06-22,2026-06-22 06:40:57,backfill,1,Eastern Open,2026,2026-12-26,187,187,live,0,0,0,387,367,404,0.8,metadata_historical_avg,roster-pending,1,0,N5v4_Final,00fa551144bffa5b,2a6b0c0d7b5b
2026-06-23,2026-06-23 05:14:51,backfill,1,DC International,2026,2026-06-25,2,2,live,98,100,2,132,125,139,0.8,model,family-alias,0,0,N5v4_Final,00fa551144bffa5b,c80200322a89
2026-06-23,2026-06-23 05:14:51,backfill,1,World Open lower sections,2026,2026-06-26,3,3,live,70,70,0,104,76,141,0.8,model,family-direct,1,0,N5v4_Final,00fa551144bffa5b,c80200322a89
2026-06-23,2026-06-23 05:14:51,backfill,1,DC Open,2026,2026-06-26,3,3,live,109,114,5,214,191,239,0.8,model,family-alias,0,0,N5v4_Final,00fa551144bffa5b,c80200322a89
2026-06-23,2026-06-23 05:14:51,backfill,1,World Open Under 13 Championship,2026,2026-06-29,6,6,live,57,57,0,119,112,127,0.8,metadata_pace,roster-pending,1,0,N5v4_Final,00fa551144bffa5b,c80200322a89
2026-06-23,2026-06-23 05:14:51,backfill,1,World Open top 6 sections,2026,2026-07-01,8,8,live,656,656,0,1086,887,1330,0.8,model,family-direct,0,0,N5v4_Final,00fa551144bffa5b,c80200322a89
2026-06-23,2026-06-23 05:14:51,backfill,1,Chicago Class,2026,2026-07-17,24,24,live,39,39,0,275,246,308,0.8,model,family-direct,0,0,N5v4_Final,00fa551144bffa5b,c80200322a89
2026-06-23,2026-06-23 05:14:51,backfill,1,Pittsburgh Open,2026,2026-07-17,24,24,live,35,37,2,189,168,212,0.8,model,family-direct,0,0,N5v4_Final,00fa551144bffa5b,c80200322a89
2026-06-23,2026-06-23 05:14:51,backfill,1,Southern Open,2026,2026-07-17,24,24,live,35,35,0,241,167,348,0.8,metadata_pace,roster-pending,1,0,N5v4_Final,00fa551144bffa5b,c80200322a89
2026-06-23,2026-06-23 05:14:51,backfill,1,Bradley Open,2026,2026-07-24,31,31,live,28,28,0,274,228,327,0.8,model,family-direct,0,0,N5v4_Final,00fa551144bffa5b,c80200322a89
2026-06-23,2026-06-23 05:14:51,backfill,1,Pacific Coast Open,2026,2026-07-31,38,38,live,36,37,1,377,366,389,0.8,model,family-direct,0,0,N5v4_Final,00fa551144bffa5b,c80200322a89
2026-06-23,2026-06-23 05:14:51,backfill,1,Continental Open,2026,2026-08-13,51,51,live,12,12,0,283,252,317,0.8,metadata_historical_avg,roster-pending,1,0,N5v4_Final,00fa551144bffa5b,c80200322a89
2026-06-23,2026-06-23 05:14:51,backfill,1,Central California Open,2026,2026-08-14,52,52,live,4,6,2,175,144,203,0.8,metadata_historical_avg,roster-pending,1,0,N5v4_Final,00fa551144bffa5b,c80200322a89
2026-06-23,2026-06-23 05:14:51,backfill,1,Atlantic Open,2026,2026-08-21,59,59,live,2,2,0,316,251,395,0.8,metadata_historical_avg,roster-pending,1,0,N5v4_Final,00fa551144bffa5b,c80200322a89
2026-06-23,2026-06-23 05:14:51,backfill,1,Indianapolis Open,2026,2026-08-21,59,59,live,3,3,0,186,175,198,0.8,metadata_historical_avg,roster-pending,1,0,N5v4_Final,00fa551144bffa5b,c80200322a89
2026-06-23,2026-06-23 05:14:51,backfill,1,New York State Championship,2026,2026-09-04,73,73,live,9,9,0,304,237,347,0.8,metadata_historical_avg,roster-pending,1,0,N5v4_Final,00fa551144bffa5b,c80200322a89
2026-06-23,2026-06-23 05:14:51,backfill,1,Midwest Class Championships,2026,2026-10-09,108,108,live,3,3,0,313,296,338,0.8,metadata_historical_avg,roster-pending,1,0,N5v4_Final,00fa551144bffa5b,c80200322a89
2026-06-23,2026-06-23 05:14:51,backfill,1,Eastern Class Championships (in Connecticut),2026,2026-10-16,115,115,live,1,1,0,221,198,246,0.8,metadata_historical_avg,roster-pending,1,0,N5v4_Final,00fa551144bffa5b,c80200322a89
2026-06-23,2026-06-23 05:14:51,backfill,1,Eastern Chess Congress (in New Jersey),2026,2026-10-23,122,122,live,1,2,1,469,404,513,0.8,metadata_historical_avg,roster-pending,1,0,N5v4_Final,00fa551144bffa5b,c80200322a89
2026-06-23,2026-06-23 05:14:51,backfill,1,Los Angeles Open,2026,2026-11-06,136,136,live,2,2,0,365,289,413,0.8,metadata_historical_avg,roster-pending,1,0,N5v4_Final,00fa551144bffa5b,c80200322a89
2026-06-23,2026-06-23 05:14:51,backfill,1,Kings Island Open,2026,2026-11-13,143,143,live,1,1,0,346,318,364,0.8,metadata_historical_avg,roster-pending,1,0,N5v4_Final,00fa551144bffa5b,c80200322a89
2026-06-23,2026-06-23 05:14:51,backfill,1,National Chess Congress,2026,2026-11-27,157,157,live,1,1,0,623,572,677,0.8,metadata_historical_avg,roster-pending,1,0,N5v4_Final,00fa551144bffa5b,c80200322a89
2026-06-23,2026-06-23 05:14:51,backfill,1,North American Open,2026,2026-12-26,186,186,live,3,3,0,1081,946,1199,0.8,metadata_historical_avg,roster-pending,1,0,N5v4_Final,00fa551144bffa5b,c80200322a89
2026-06-23,2026-06-23 05:14:51,backfill,1,Eastern Open,2026,2026-12-26,186,186,live,0,0,0,387,367,404,0.8,metadata_historical_avg,roster-pending,1,0,N5v4_Final,00fa551144bffa5b,c80200322a89
2026-06-24,2026-06-24 05:11:39,backfill,1,DC International,2026,2026-06-25,1,1,live,100,102,2,129,121,138,0.8,model,family-alias,0,0,N5v4_Final,00fa551144bffa5b,1284c89ad4bf
2026-06-24,2026-06-24 05:11:39,backfill,1,World Open lower sections,2026,2026-06-26,2,2,live,85,85,0,118,98,141,0.8,model,family-direct,1,0,N5v4_Final,00fa551144bffa5b,1284c89ad4bf
2026-06-24,2026-06-24 05:11:39,backfill,1,DC Open,2026,2026-06-26,2,2,live,132,138,6,225,213,238,0.8,model,family-alias,0,0,N5v4_Final,00fa551144bffa5b,1284c89ad4bf
2026-06-24,2026-06-24 05:11:39,backfill,1,World Open Under 13 Championship,2026,2026-06-29,5,5,live,60,60,0,95,89,102,0.8,metadata_pace,roster-pending,1,0,N5v4_Final,00fa551144bffa5b,1284c89ad4bf
2026-06-24,2026-06-24 05:11:39,backfill,1,World Open top 6 sections,2026,2026-07-01,7,7,live,681,681,0,1068,866,1316,0.8,model,family-direct,0,0,N5v4_Final,00fa551144bffa5b,1284c89ad4bf
2026-06-24,2026-06-24 05:11:39,backfill,1,Chicago Class,2026,2026-07-17,23,23,live,41,41,0,276,247,308,0.8,model,family-direct,0,0,N5v4_Final,00fa551144bffa5b,1284c89ad4bf
2026-06-24,2026-06-24 05:11:39,backfill,1,Pittsburgh Open,2026,2026-07-17,23,23,live,35,37,2,185,166,205,0.8,model,family-direct,0,0,N5v4_Final,00fa551144bffa5b,1284c89ad4bf
2026-06-24,2026-06-24 05:11:39,backfill,1,Southern Open,2026,2026-07-17,23,23,live,37,37,0,255,177,368,0.8,metadata_pace,roster-pending,1,0,N5v4_Final,00fa551144bffa5b,1284c89ad4bf
2026-06-24,2026-06-24 05:11:39,backfill,1,Bradley Open,2026,2026-07-24,30,30,live,28,28,0,271,229,322,0.8,model,family-direct,0,0,N5v4_Final,00fa551144bffa5b,1284c89ad4bf
2026-06-24,2026-06-24 05:11:39,backfill,1,Pacific Coast Open,2026,2026-07-31,37,37,live,38,39,1,378,367,389,0.8,model,family-direct,0,0,N5v4_Final,00fa551144bffa5b,1284c89ad4bf
2026-06-24,2026-06-24 05:11:39,backfill,1,Continental Open,2026,2026-08-13,50,50,live,12,12,0,283,252,317,0.8,metadata_historical_avg,roster-pending,1,0,N5v4_Final,00fa551144bffa5b,1284c89ad4bf
2026-06-24,2026-06-24 05:11:39,backfill,1,Central California Open,2026,2026-08-14,51,51,live,5,7,2,175,144,203,0.8,metadata_historical_avg,roster-pending,1,0,N5v4_Final,00fa551144bffa5b,1284c89ad4bf
2026-06-24,2026-06-24 05:11:39,backfill,1,Atlantic Open,2026,2026-08-21,58,58,live,2,2,0,316,251,395,0.8,metadata_historical_avg,roster-pending,1,0,N5v4_Final,00fa551144bffa5b,1284c89ad4bf
2026-06-24,2026-06-24 05:11:39,backfill,1,Indianapolis Open,2026,2026-08-21,58,58,live,3,3,0,186,175,198,0.8,metadata_historical_avg,roster-pending,1,0,N5v4_Final,00fa551144bffa5b,1284c89ad4bf
2026-06-24,2026-06-24 05:11:39,backfill,1,New York State Championship,2026,2026-09-04,72,72,live,10,10,0,304,237,347,0.8,metadata_historical_avg,roster-pending,1,0,N5v4_Final,00fa551144bffa5b,1284c89ad4bf
2026-06-24,2026-06-24 05:11:39,backfill,1,Midwest Class Championships,2026,2026-10-09,107,107,live,3,3,0,313,296,338,0.8,metadata_historical_avg,roster-pending,1,0,N5v4_Final,00fa551144bffa5b,1284c89ad4bf
2026-06-24,2026-06-24 05:11:39,backfill,1,Eastern Class Championships (in Connecticut),2026,2026-10-16,114,114,live,1,1,0,221,198,246,0.8,metadata_historical_avg,roster-pending,1,0,N5v4_Final,00fa551144bffa5b,1284c89ad4bf
2026-06-24,2026-06-24 05:11:39,backfill,1,Eastern Chess Congress (in New Jersey),2026,2026-10-23,121,121,live,1,2,1,469,404,513,0.8,metadata_historical_avg,roster-pending,1,0,N5v4_Final,00fa551144bffa5b,1284c89ad4bf
2026-06-24,2026-06-24 05:11:39,backfill,1,Los Angeles Open,2026,2026-11-06,135,135,live,2,2,0,365,289,413,0.8,metadata_historical_avg,roster-pending,1,0,N5v4_Final,00fa551144bffa5b,1284c89ad4bf
2026-06-24,2026-06-24 05:11:39,backfill,1,Kings Island Open,2026,2026-11-13,142,142,live,1,1,0,346,318,364,0.8,metadata_historical_avg,roster-pending,1,0,N5v4_Final,00fa551144bffa5b,1284c89ad4bf
2026-06-24,2026-06-24 05:11:39,backfill,1,National Chess Congress,2026,2026-11-27,156,156,live,1,1,0,623,572,677,0.8,metadata_historical_avg,roster-pending,1,0,N5v4_Final,00fa551144bffa5b,1284c89ad4bf
2026-06-24,2026-06-24 05:11:39,backfill,1,North American Open,2026,2026-12-26,185,185,live,3,3,0,1081,946,1199,0.8,metadata_historical_avg,roster-pending,1,0,N5v4_Final,00fa551144bffa5b,1284c89ad4bf
2026-06-24,2026-06-24 05:11:39,backfill,1,Eastern Open,2026,2026-12-26,185,185,live,0,0,0,387,367,404,0.8,metadata_historical_avg,roster-pending,1,0,N5v4_Final,00fa551144bffa5b,1284c89ad4bf
2026-06-25,2026-06-25 05:15:58,backfill,1,World Open lower sections,2026,2026-06-26,1,1,live,88,88,0,115,98,136,0.8,model,family-direct,1,0,N5v4_Final,00fa551144bffa5b,680c95c200aa
2026-06-25,2026-06-25 05:15:58,backfill,1,DC Open,2026,2026-06-26,1,1,live,154,160,6,225,213,238,0.8,model,family-alias,0,0,N5v4_Final,00fa551144bffa5b,680c95c200aa
2026-06-25,2026-06-25 05:15:58,backfill,1,DC International,2026,2026-06-25,0,3,live,101,106,5,114,101,130,0.8,model_online_window,,0,0,N5v4_Final,00fa551144bffa5b,680c95c200aa
2026-06-25,2026-06-25 05:15:58,backfill,1,World Open Under 13 Championship,2026,2026-06-29,4,4,live,64,64,0,102,95,109,0.8,metadata_pace,roster-pending,1,0,N5v4_Final,00fa551144bffa5b,680c95c200aa
2026-06-25,2026-06-25 05:15:58,backfill,1,World Open top 6 sections,2026,2026-07-01,6,6,live,704,704,0,1094,879,1363,0.8,model,family-direct,0,0,N5v4_Final,00fa551144bffa5b,680c95c200aa
2026-06-25,2026-06-25 05:15:58,backfill,1,Chicago Class,2026,2026-07-17,22,22,live,41,41,0,272,244,304,0.8,model,family-direct,0,0,N5v4_Final,00fa551144bffa5b,680c95c200aa
2026-06-25,2026-06-25 05:15:58,backfill,1,Pittsburgh Open,2026,2026-07-17,22,22,live,36,38,2,183,166,201,0.8,model,family-direct,0,0,N5v4_Final,00fa551144bffa5b,680c95c200aa
2026-06-25,2026-06-25 05:15:58,backfill,1,Southern Open,2026,2026-07-17,22,22,live,38,38,0,262,182,378,0.8,metadata_pace,roster-pending,1,0,N5v4_Final,00fa551144bffa5b,680c95c200aa
2026-06-25,2026-06-25 05:15:58,backfill,1,Bradley Open,2026,2026-07-24,29,29,live,28,28,0,269,229,316,0.8,model,family-direct,0,0,N5v4_Final,00fa551144bffa5b,680c95c200aa
2026-06-25,2026-06-25 05:15:58,backfill,1,Pacific Coast Open,2026,2026-07-31,36,36,live,39,40,1,377,366,388,0.8,model,family-direct,0,0,N5v4_Final,00fa551144bffa5b,680c95c200aa
2026-06-25,2026-06-25 05:15:58,backfill,1,Continental Open,2026,2026-08-13,49,49,live,12,12,0,283,252,317,0.8,metadata_historical_avg,roster-pending,1,0,N5v4_Final,00fa551144bffa5b,680c95c200aa
2026-06-25,2026-06-25 05:15:58,backfill,1,Central California Open,2026,2026-08-14,50,50,live,5,7,2,175,144,203,0.8,metadata_historical_avg,roster-pending,1,0,N5v4_Final,00fa551144bffa5b,680c95c200aa
2026-06-25,2026-06-25 05:15:58,backfill,1,Atlantic Open,2026,2026-08-21,57,57,live,3,3,0,316,251,395,0.8,metadata_historical_avg,roster-pending,1,0,N5v4_Final,00fa551144bffa5b,680c95c200aa
2026-06-25,2026-06-25 05:15:58,backfill,1,Indianapolis Open,2026,2026-08-21,57,57,live,3,3,0,186,175,198,0.8,metadata_historical_avg,roster-pending,1,0,N5v4_Final,00fa551144bffa5b,680c95c200aa
2026-06-25,2026-06-25 05:15:58,backfill,1,New York State Championship,2026,2026-09-04,71,71,live,10,10,0,304,237,347,0.8,metadata_historical_avg,roster-pending,1,0,N5v4_Final,00fa551144bffa5b,680c95c200aa
2026-06-25,2026-06-25 05:15:58,backfill,1,Midwest Class Championships,2026,2026-10-09,106,106,live,3,3,0,313,296,338,0.8,metadata_historical_avg,roster-pending,1,0,N5v4_Final,00fa551144bffa5b,680c95c200aa
2026-06-25,2026-06-25 05:15:58,backfill,1,Eastern Class Championships (in Connecticut),2026,2026-10-16,113,113,live,2,2,0,221,198,246,0.8,metadata_historical_avg,roster-pending,1,0,N5v4_Final,00fa551144bffa5b,680c95c200aa
2026-06-25,2026-06-25 05:15:58,backfill,1,Eastern Chess Congress (in New Jersey),2026,2026-10-23,120,120,live,1,2,1,469,404,513,0.8,metadata_historical_avg,roster-pending,1,0,N5v4_Final,00fa551144bffa5b,680c95c200aa
2026-06-25,2026-06-25 05:15:58,backfill,1,Los Angeles Open,2026,2026-11-06,134,134,live,2,2,0,365,289,413,0.8,metadata_historical_avg,roster-pending,1,0,N5v4_Final,00fa551144bffa5b,680c95c200aa
2026-06-25,2026-06-25 05:15:58,backfill,1,Kings Island Open,2026,2026-11-13,141,141,live,1,1,0,346,318,364,0.8,metadata_historical_avg,roster-pending,1,0,N5v4_Final,00fa551144bffa5b,680c95c200aa
2026-06-25,2026-06-25 05:15:58,backfill,1,National Chess Congress,2026,2026-11-27,155,155,live,1,1,0,623,572,677,0.8,metadata_historical_avg,roster-pending,1,0,N5v4_Final,00fa551144bffa5b,680c95c200aa
2026-06-25,2026-06-25 05:15:58,backfill,1,North American Open,2026,2026-12-26,184,184,live,5,5,0,1081,946,1199,0.8,metadata_historical_avg,roster-pending,1,0,N5v4_Final,00fa551144bffa5b,680c95c200aa
2026-06-25,2026-06-25 05:15:58,backfill,1,Eastern Open,2026,2026-12-26,184,184,live,0,0,0,387,367,404,0.8,metadata_historical_avg,roster-pending,1,0,N5v4_Final,00fa551144bffa5b,680c95c200aa
2026-06-26,2026-06-26 05:38:10,backfill,1,World Open lower sections,2026,2026-06-26,0,1,live,91,91,0,104,91,134,0.8,model_online_window,,1,0,N5v4_Final,00fa551144bffa5b,edbf0b73c38f
2026-06-26,2026-06-26 05:38:10,backfill,1,DC Open,2026,2026-06-26,0,1,live,165,172,7,186,165,213,0.8,model_online_window,,0,0,N5v4_Final,00fa551144bffa5b,edbf0b73c38f
2026-06-26,2026-06-26 05:38:10,backfill,1,DC International,2026,2026-06-25,-1,2,live,102,107,5,110,102,121,0.8,model_online_window,,0,0,N5v4_Final,00fa551144bffa5b,edbf0b73c38f
2026-06-26,2026-06-26 05:38:10,backfill,1,World Open Under 13 Championship,2026,2026-06-29,3,3,live,69,69,0,110,103,117,0.8,metadata_pace,roster-pending,1,0,N5v4_Final,00fa551144bffa5b,edbf0b73c38f
2026-06-26,2026-06-26 05:38:10,backfill,1,World Open top 6 sections,2026,2026-07-01,5,5,live,730,730,0,1049,855,1287,0.8,model,family-direct,0,0,N5v4_Final,00fa551144bffa5b,edbf0b73c38f
2026-06-26,2026-06-26 05:38:10,backfill,1,Chicago Class,2026,2026-07-17,21,21,live,43,43,0,270,241,304,0.8,model,family-direct,0,0,N5v4_Final,00fa551144bffa5b,edbf0b73c38f
2026-06-26,2026-06-26 05:38:10,backfill,1,Pittsburgh Open,2026,2026-07-17,21,21,live,35,39,4,176,161,192,0.8,model,family-direct,0,0,N5v4_Final,00fa551144bffa5b,edbf0b73c38f
2026-06-26,2026-06-26 05:38:10,backfill,1,Southern Open,2026,2026-07-17,21,21,live,38,38,0,135,108,170,0.8,metadata_pace,roster-pending,1,0,N5v4_Final,00fa551144bffa5b,edbf0b73c38f
2026-06-26,2026-06-26 05:38:10,backfill,1,Bradley Open,2026,2026-07-24,28,28,live,29,29,0,282,242,329,0.8,model,family-direct,0,0,N5v4_Final,00fa551144bffa5b,edbf0b73c38f
2026-06-26,2026-06-26 05:38:10,backfill,1,Pacific Coast Open,2026,2026-07-31,35,35,live,41,42,1,376,352,402,0.8,model,family-direct,0,0,N5v4_Final,00fa551144bffa5b,edbf0b73c38f
2026-06-26,2026-06-26 05:38:10,backfill,1,Continental Open,2026,2026-08-13,48,48,live,13,13,0,283,252,317,0.8,metadata_historical_avg,roster-pending,1,0,N5v4_Final,00fa551144bffa5b,edbf0b73c38f
2026-06-26,2026-06-26 05:38:10,backfill,1,Central California Open,2026,2026-08-14,49,49,live,5,7,2,175,144,203,0.8,metadata_historical_avg,roster-pending,1,0,N5v4_Final,00fa551144bffa5b,edbf0b73c38f
2026-06-26,2026-06-26 05:38:10,backfill,1,Atlantic Open,2026,2026-08-21,56,56,live,4,4,0,316,251,395,0.8,metadata_historical_avg,roster-pending,1,0,N5v4_Final,00fa551144bffa5b,edbf0b73c38f
2026-06-26,2026-06-26 05:38:10,backfill,1,Indianapolis Open,2026,2026-08-21,56,56,live,3,3,0,186,175,198,0.8,metadata_historical_avg,roster-pending,1,0,N5v4_Final,00fa551144bffa5b,edbf0b73c38f
2026-06-26,2026-06-26 05:38:10,backfill,1,New York State Championship,2026,2026-09-04,70,70,live,10,10,0,304,237,347,0.8,metadata_historical_avg,roster-pending,1,0,N5v4_Final,00fa551144bffa5b,edbf0b73c38f
2026-06-26,2026-06-26 05:38:10,backfill,1,Midwest Class Championships,2026,2026-10-09,105,105,live,3,3,0,313,296,338,0.8,metadata_historical_avg,roster-pending,1,0,N5v4_Final,00fa551144bffa5b,edbf0b73c38f
2026-06-26,2026-06-26 05:38:10,backfill,1,Eastern Class Championships (in Connecticut),2026,2026-10-16,112,112,live,2,2,0,221,198,246,0.8,metadata_historical_avg,roster-pending,1,0,N5v4_Final,00fa551144bffa5b,edbf0b73c38f
2026-06-26,2026-06-26 05:38:10,backfill,1,Eastern Chess Congress (in New Jersey),2026,2026-10-23,119,119,live,2,2,0,469,404,513,0.8,metadata_historical_avg,roster-pending,1,0,N5v4_Final,00fa551144bffa5b,edbf0b73c38f
2026-06-26,2026-06-26 05:38:10,backfill,1,Los Angeles Open,2026,2026-11-06,133,133,live,2,2,0,365,289,413,0.8,metadata_historical_avg,roster-pending,1,0,N5v4_Final,00fa551144bffa5b,edbf0b73c38f
2026-06-26,2026-06-26 05:38:10,backfill,1,Kings Island Open,2026,2026-11-13,140,140,live,1,1,0,346,318,364,0.8,metadata_historical_avg,roster-pending,1,0,N5v4_Final,00fa551144bffa5b,edbf0b73c38f
2026-06-26,2026-06-26 05:38:10,backfill,1,National Chess Congress,2026,2026-11-27,154,154,live,1,1,0,623,572,677,0.8,metadata_historical_avg,roster-pending,1,0,N5v4_Final,00fa551144bffa5b,edbf0b73c38f
2026-06-26,2026-06-26 05:38:10,backfill,1,North American Open,2026,2026-12-26,183,183,live,5,5,0,1081,946,1199,0.8,metadata_historical_avg,roster-pending,1,0,N5v4_Final,00fa551144bffa5b,edbf0b73c38f
2026-06-26,2026-06-26 05:38:10,backfill,1,Eastern Open,2026,2026-12-26,183,183,live,0,0,0,387,367,404,0.8,metadata_historical_avg,roster-pending,1,0,N5v4_Final,00fa551144bffa5b,edbf0b73c38f
2026-06-27,2026-06-27 05:04:07,backfill,1,World Open lower sections,2026,2026-06-26,-1,0,live,93,93,0,93,93,93,0.8,live_scrape,,1,0,N5v4_Final,00fa551144bffa5b,c8121c0f9afc
2026-06-27,2026-06-27 05:04:07,backfill,1,DC Open,2026,2026-06-26,-1,0,live,176,184,8,176,176,176,0.8,live_scrape,,0,0,N5v4_Final,00fa551144bffa5b,c8121c0f9afc
2026-06-27,2026-06-27 05:04:07,backfill,1,DC International,2026,2026-06-25,-2,1,live,102,107,5,106,102,111,0.8,model_online_window,,0,0,N5v4_Final,00fa551144bffa5b,c8121c0f9afc
2026-06-27,2026-06-27 05:04:07,backfill,1,World Open Under 13 Championship,2026,2026-06-29,2,2,live,76,76,0,106,100,113,0.8,metadata_pace,roster-pending,1,0,N5v4_Final,00fa551144bffa5b,c8121c0f9afc
2026-06-27,2026-06-27 05:04:07,backfill,1,World Open top 6 sections,2026,2026-07-01,4,4,live,762,762,0,1023,795,1315,0.8,model,family-direct,0,0,N5v4_Final,00fa551144bffa5b,c8121c0f9afc
2026-06-27,2026-06-27 05:04:07,backfill,1,Chicago Class,2026,2026-07-17,20,20,live,43,43,0,267,240,298,0.8,model,family-direct,0,0,N5v4_Final,00fa551144bffa5b,c8121c0f9afc
2026-06-27,2026-06-27 05:04:07,backfill,1,Pittsburgh Open,2026,2026-07-17,20,20,live,37,41,4,176,161,192,0.8,model,family-direct,0,0,N5v4_Final,00fa551144bffa5b,c8121c0f9afc
2026-06-27,2026-06-27 05:04:07,backfill,1,Southern Open,2026,2026-07-17,20,20,live,39,39,0,139,110,175,0.8,metadata_pace,roster-pending,1,0,N5v4_Final,00fa551144bffa5b,c8121c0f9afc
2026-06-27,2026-06-27 05:04:07,backfill,1,Bradley Open,2026,2026-07-24,27,27,live,30,30,0,280,243,324,0.8,model,family-direct,0,0,N5v4_Final,00fa551144bffa5b,c8121c0f9afc
2026-06-27,2026-06-27 05:04:07,backfill,1,Pacific Coast Open,2026,2026-07-31,34,34,live,41,42,1,373,351,398,0.8,model,family-direct,0,0,N5v4_Final,00fa551144bffa5b,c8121c0f9afc
2026-06-27,2026-06-27 05:04:07,backfill,1,Continental Open,2026,2026-08-13,47,47,live,13,13,0,283,252,317,0.8,metadata_historical_avg,roster-pending,1,0,N5v4_Final,00fa551144bffa5b,c8121c0f9afc
2026-06-27,2026-06-27 05:04:07,backfill,1,Central California Open,2026,2026-08-14,48,48,live,6,8,2,175,144,203,0.8,metadata_historical_avg,roster-pending,1,0,N5v4_Final,00fa551144bffa5b,c8121c0f9afc
2026-06-27,2026-06-27 05:04:07,backfill,1,Atlantic Open,2026,2026-08-21,55,55,live,4,4,0,316,251,395,0.8,metadata_historical_avg,roster-pending,1,0,N5v4_Final,00fa551144bffa5b,c8121c0f9afc
2026-06-27,2026-06-27 05:04:07,backfill,1,Indianapolis Open,2026,2026-08-21,55,55,live,4,4,0,186,175,198,0.8,metadata_historical_avg,roster-pending,1,0,N5v4_Final,00fa551144bffa5b,c8121c0f9afc
2026-06-27,2026-06-27 05:04:07,backfill,1,New York State Championship,2026,2026-09-04,69,69,live,10,10,0,304,237,347,0.8,metadata_historical_avg,roster-pending,1,0,N5v4_Final,00fa551144bffa5b,c8121c0f9afc
2026-06-27,2026-06-27 05:04:07,backfill,1,Midwest Class Championships,2026,2026-10-09,104,104,live,3,3,0,313,296,338,0.8,metadata_historical_avg,roster-pending,1,0,N5v4_Final,00fa551144bffa5b,c8121c0f9afc
2026-06-27,2026-06-27 05:04:07,backfill,1,Eastern Class Championships (in Connecticut),2026,2026-10-16,111,111,live,2,2,0,221,198,246,0.8,metadata_historical_avg,roster-pending,1,0,N5v4_Final,00fa551144bffa5b,c8121c0f9afc
2026-06-27,2026-06-27 05:04:07,backfill,1,Eastern Chess Congress (in New Jersey),2026,2026-10-23,118,118,live,2,2,0,469,404,513,0.8,metadata_historical_avg,roster-pending,1,0,N5v4_Final,00fa551144bffa5b,c8121c0f9afc
2026-06-27,2026-06-27 05:04:07,backfill,1,Los Angeles Open,2026,2026-11-06,132,132,live,2,2,0,365,289,413,0.8,metadata_historical_avg,roster-pending,1,0,N5v4_Final,00fa551144bffa5b,c8121c0f9afc
2026-06-27,2026-06-27 05:04:07,backfill,1,Kings Island Open,2026,2026-11-13,139,139,live,1,1,0,346,318,364,0.8,metadata_historical_avg,roster-pending,1,0,N5v4_Final,00fa551144bffa5b,c8121c0f9afc
2026-06-27,2026-06-27 05:04:07,backfill,1,National Chess Congress,2026,2026-11-27,153,153,live,1,1,0,623,572,677,0.8,metadata_historical_avg,roster-pending,1,0,N5v4_Final,00fa551144bffa5b,c8121c0f9afc
2026-06-27,2026-06-27 05:04:07,backfill,1,North American Open,2026,2026-12-26,182,182,live,5,5,0,1081,946,1199,0.8,metadata_historical_avg,roster-pending,1,0,N5v4_Final,00fa551144bffa5b,c8121c0f9afc
2026-06-27,2026-06-27 05:04:07,backfill,1,Eastern Open,2026,2026-12-26,182,182,live,0,0,0,387,367,404,0.8,metadata_historical_avg,roster-pending,1,0,N5v4_Final,00fa551144bffa5b,c8121c0f9afc
2026-06-28,2026-06-28 05:44:58,backfill,1,World Open lower sections,2026,2026-06-26,-2,0,live,93,93,0,93,93,93,0.8,live_scrape,,1,0,N5v4_Final,00fa551144bffa5b,b60aa56c58e4
2026-06-28,2026-06-28 05:44:58,backfill,1,DC International,2026,2026-06-25,-3,0,live,102,107,5,102,102,102,0.8,live_scrape,,0,0,N5v4_Final,00fa551144bffa5b,b60aa56c58e4
2026-06-28,2026-06-28 05:44:58,backfill,1,DC Open,2026,2026-06-26,-2,0,live,180,188,8,180,180,180,0.8,live_scrape,,0,0,N5v4_Final,00fa551144bffa5b,b60aa56c58e4
2026-06-28,2026-06-28 05:44:58,backfill,1,World Open Under 13 Championship,2026,2026-06-29,1,1,live,77,77,0,108,101,115,0.8,metadata_pace,roster-pending,1,0,N5v4_Final,00fa551144bffa5b,b60aa56c58e4
2026-06-28,2026-06-28 05:44:58,backfill,1,World Open top 6 sections,2026,2026-07-01,3,3,live,803,803,0,948,803,1270,0.8,model,family-direct,0,0,N5v4_Final,00fa551144bffa5b,b60aa56c58e4
2026-06-28,2026-06-28 05:44:58,backfill,1,Chicago Class,2026,2026-07-17,19,19,live,48,48,0,272,246,301,0.8,model,family-direct,0,0,N5v4_Final,00fa551144bffa5b,b60aa56c58e4
2026-06-28,2026-06-28 05:44:58,backfill,1,Pittsburgh Open,2026,2026-07-17,19,19,live,37,41,4,173,159,187,0.8,model,family-direct,0,0,N5v4_Final,00fa551144bffa5b,b60aa56c58e4
2026-06-28,2026-06-28 05:44:58,backfill,1,Southern Open,2026,2026-07-17,19,19,live,42,42,0,149,118,188,0.8,metadata_pace,roster-pending,1,0,N5v4_Final,00fa551144bffa5b,b60aa56c58e4
2026-06-28,2026-06-28 05:44:58,backfill,1,Bradley Open,2026,2026-07-24,26,26,live,30,30,0,275,240,315,0.8,model,family-direct,0,0,N5v4_Final,00fa551144bffa5b,b60aa56c58e4
2026-06-28,2026-06-28 05:44:58,backfill,1,Pacific Coast Open,2026,2026-07-31,33,33,live,46,47,1,377,355,401,0.8,model,family-direct,0,0,N5v4_Final,00fa551144bffa5b,b60aa56c58e4
2026-06-28,2026-06-28 05:44:58,backfill,1,Continental Open,2026,2026-08-13,46,46,live,13,13,0,283,252,317,0.8,metadata_historical_avg,roster-pending,1,0,N5v4_Final,00fa551144bffa5b,b60aa56c58e4
2026-06-28,2026-06-28 05:44:58,backfill,1,Central California Open,2026,2026-08-14,47,47,live,6,8,2,175,144,203,0.8,metadata_historical_avg,roster-pending,1,0,N5v4_Final,00fa551144bffa5b,b60aa56c58e4
2026-06-28,2026-06-28 05:44:58,backfill,1,Atlantic Open,2026,2026-08-21,54,54,live,4,4,0,316,251,395,0.8,metadata_historical_avg,roster-pending,1,0,N5v4_Final,00fa551144bffa5b,b60aa56c58e4
2026-06-28,2026-06-28 05:44:58,backfill,1,Indianapolis Open,2026,2026-08-21,54,54,live,4,4,0,186,175,198,0.8,metadata_historical_avg,roster-pending,1,0,N5v4_Final,00fa551144bffa5b,b60aa56c58e4
2026-06-28,2026-06-28 05:44:58,backfill,1,New York State Championship,2026,2026-09-04,68,68,live,10,10,0,304,237,347,0.8,metadata_historical_avg,roster-pending,1,0,N5v4_Final,00fa551144bffa5b,b60aa56c58e4
2026-06-28,2026-06-28 05:44:58,backfill,1,Midwest Class Championships,2026,2026-10-09,103,103,live,3,3,0,313,296,338,0.8,metadata_historical_avg,roster-pending,1,0,N5v4_Final,00fa551144bffa5b,b60aa56c58e4
2026-06-28,2026-06-28 05:44:58,backfill,1,Eastern Class Championships (in Connecticut),2026,2026-10-16,110,110,live,2,2,0,221,198,246,0.8,metadata_historical_avg,roster-pending,1,0,N5v4_Final,00fa551144bffa5b,b60aa56c58e4
2026-06-28,2026-06-28 05:44:58,backfill,1,Eastern Chess Congress (in New Jersey),2026,2026-10-23,117,117,live,2,2,0,469,404,513,0.8,metadata_historical_avg,roster-pending,1,0,N5v4_Final,00fa551144bffa5b,b60aa56c58e4
2026-06-28,2026-06-28 05:44:58,backfill,1,Los Angeles Open,2026,2026-11-06,131,131,live,2,2,0,365,289,413,0.8,metadata_historical_avg,roster-pending,1,0,N5v4_Final,00fa551144bffa5b,b60aa56c58e4
2026-06-28,2026-06-28 05:44:58,backfill,1,Kings Island Open,2026,2026-11-13,138,138,live,1,1,0,346,318,364,0.8,metadata_historical_avg,roster-pending,1,0,N5v4_Final,00fa551144bffa5b,b60aa56c58e4
2026-06-28,2026-06-28 05:44:58,backfill,1,National Chess Congress,2026,2026-11-27,152,152,live,1,1,0,623,572,677,0.8,metadata_historical_avg,roster-pending,1,0,N5v4_Final,00fa551144bffa5b,b60aa56c58e4
2026-06-28,2026-06-28 05:44:58,backfill,1,North American Open,2026,2026-12-26,181,181,live,5,5,0,1081,946,1199,0.8,metadata_historical_avg,roster-pending,1,0,N5v4_Final,00fa551144bffa5b,b60aa56c58e4
2026-06-28,2026-06-28 05:44:58,backfill,1,Eastern Open,2026,2026-12-26,181,181,live,0,0,0,387,367,404,0.8,metadata_historical_avg,roster-pending,1,0,N5v4_Final,00fa551144bffa5b,b60aa56c58e4
2026-06-29,2026-06-29 06:05:43,backfill,1,DC International,2026,2026-06-25,-4,0,live,102,107,5,102,102,102,0.8,live_scrape,,0,0,N5v4_Final,00fa551144bffa5b,8f88bfdd6e5e
2026-06-29,2026-06-29 06:05:43,backfill,1,World Open top 6 sections,2026,2026-07-01,2,2,live,882,882,0,1017,882,1213,0.8,model,family-direct,0,0,N5v4_Final,00fa551144bffa5b,8f88bfdd6e5e
2026-06-29,2026-06-29 06:05:43,backfill,1,Chicago Class,2026,2026-07-17,18,18,live,51,51,0,274,250,299,0.8,model,family-direct,0,0,N5v4_Final,00fa551144bffa5b,8f88bfdd6e5e
2026-06-29,2026-06-29 06:05:43,backfill,1,Pittsburgh Open,2026,2026-07-17,18,18,live,38,42,4,171,158,185,0.8,model,family-direct,0,0,N5v4_Final,00fa551144bffa5b,8f88bfdd6e5e
2026-06-29,2026-06-29 06:05:43,backfill,1,Southern Open,2026,2026-07-17,18,18,live,43,43,0,153,121,193,0.8,metadata_pace,roster-pending,1,0,N5v4_Final,00fa551144bffa5b,8f88bfdd6e5e
2026-06-29,2026-06-29 06:05:43,backfill,1,Bradley Open,2026,2026-07-24,25,25,live,32,32,0,278,245,316,0.8,model,family-direct,0,0,N5v4_Final,00fa551144bffa5b,8f88bfdd6e5e
2026-06-29,2026-06-29 06:05:43,backfill,1,Pacific Coast Open,2026,2026-07-31,32,32,live,47,48,1,378,357,401,0.8,model,family-direct,0,0,N5v4_Final,00fa551144bffa5b,8f88bfdd6e5e
2026-06-29,2026-06-29 06:05:43,backfill,1,Continental Open,2026,2026-08-13,45,45,live,14,14,0,320,146,481,0.8,metadata_pace,roster-pending,1,0,N5v4_Final,00fa551144bffa5b,8f88bfdd6e5e
2026-06-29,2026-06-29 06:05:43,backfill,1,Central California Open,2026,2026-08-14,46,46,live,6,8,2,175,144,203,0.8,metadata_historical_avg,roster-pending,1,0,N5v4_Final,00fa551144bffa5b,8f88bfdd6e5e
2026-06-29,2026-06-29 06:05:43,backfill,1,Atlantic Open,2026,2026-08-21,53,53,live,4,4,0,316,251,395,0.8,metadata_historical_avg,roster-pending,1,0,N5v4_Final,00fa551144bffa5b,8f88bfdd6e5e
2026-06-29,2026-06-29 06:05:43,backfill,1,Indianapolis Open,2026,2026-08-21,53,53,live,4,4,0,186,175,198,0.8,metadata_historical_avg,roster-pending,1,0,N5v4_Final,00fa551144bffa5b,8f88bfdd6e5e
2026-06-29,2026-06-29 06:05:43,backfill,1,New York State Championship,2026,2026-09-04,67,67,live,10,10,0,304,237,347,0.8,metadata_historical_avg,roster-pending,1,0,N5v4_Final,00fa551144bffa5b,8f88bfdd6e5e
2026-06-29,2026-06-29 06:05:43,backfill,1,Midwest Class Championships,2026,2026-10-09,102,102,live,3,3,0,313,296,338,0.8,metadata_historical_avg,roster-pending,1,0,N5v4_Final,00fa551144bffa5b,8f88bfdd6e5e
2026-06-29,2026-06-29 06:05:43,backfill,1,Eastern Class Championships (in Connecticut),2026,2026-10-16,109,109,live,2,2,0,221,198,246,0.8,metadata_historical_avg,roster-pending,1,0,N5v4_Final,00fa551144bffa5b,8f88bfdd6e5e
2026-06-29,2026-06-29 06:05:43,backfill,1,Eastern Chess Congress (in New Jersey),2026,2026-10-23,116,116,live,2,2,0,469,404,513,0.8,metadata_historical_avg,roster-pending,1,0,N5v4_Final,00fa551144bffa5b,8f88bfdd6e5e
2026-06-29,2026-06-29 06:05:43,backfill,1,Los Angeles Open,2026,2026-11-06,130,130,live,2,2,0,365,289,413,0.8,metadata_historical_avg,roster-pending,1,0,N5v4_Final,00fa551144bffa5b,8f88bfdd6e5e
2026-06-29,2026-06-29 06:05:43,backfill,1,Kings Island Open,2026,2026-11-13,137,137,live,1,1,0,346,318,364,0.8,metadata_historical_avg,roster-pending,1,0,N5v4_Final,00fa551144bffa5b,8f88bfdd6e5e
2026-06-29,2026-06-29 06:05:43,backfill,1,National Chess Congress,2026,2026-11-27,151,151,live,1,1,0,623,572,677,0.8,metadata_historical_avg,roster-pending,1,0,N5v4_Final,00fa551144bffa5b,8f88bfdd6e5e
2026-06-29,2026-06-29 06:05:43,backfill,1,North American Open,2026,2026-12-26,180,180,live,5,5,0,1081,946,1199,0.8,metadata_historical_avg,roster-pending,1,0,N5v4_Final,00fa551144bffa5b,8f88bfdd6e5e
2026-06-29,2026-06-29 06:05:43,backfill,1,Eastern Open,2026,2026-12-26,180,180,live,0,0,0,387,367,404,0.8,metadata_historical_avg,roster-pending,1,0,N5v4_Final,00fa551144bffa5b,8f88bfdd6e5e
2026-06-30,2026-06-30 05:17:38,backfill,1,World Open top 6 sections,2026,2026-07-01,1,1,live,968,968,0,1065,968,1241,0.8,model,family-direct,0,0,N5v4_Final,00fa551144bffa5b,099ea2e3be47
2026-06-30,2026-06-30 05:17:38,backfill,1,Chicago Class,2026,2026-07-17,17,17,live,57,57,0,279,257,304,0.8,model,family-direct,0,0,N5v4_Final,00fa551144bffa5b,099ea2e3be47
2026-06-30,2026-06-30 05:17:38,backfill,1,Pittsburgh Open,2026,2026-07-17,17,17,live,39,43,4,169,157,182,0.8,model,family-direct,0,0,N5v4_Final,00fa551144bffa5b,099ea2e3be47
2026-06-30,2026-06-30 05:17:38,backfill,1,Southern Open,2026,2026-07-17,17,17,live,48,48,0,171,135,215,0.8,metadata_pace,roster-pending,1,0,N5v4_Final,00fa551144bffa5b,099ea2e3be47
2026-06-30,2026-06-30 05:17:38,backfill,1,Bradley Open,2026,2026-07-24,24,24,live,33,33,0,276,244,311,0.8,model,family-direct,0,0,N5v4_Final,00fa551144bffa5b,099ea2e3be47
2026-06-30,2026-06-30 05:17:38,backfill,1,Pacific Coast Open,2026,2026-07-31,31,31,live,48,49,1,376,355,398,0.8,model,family-direct,0,0,N5v4_Final,00fa551144bffa5b,099ea2e3be47
2026-06-30,2026-06-30 05:17:38,backfill,1,Continental Open,2026,2026-08-13,44,44,live,14,14,0,320,146,481,0.8,metadata_pace,roster-pending,1,0,N5v4_Final,00fa551144bffa5b,099ea2e3be47
2026-06-30,2026-06-30 05:17:38,backfill,1,Central California Open,2026,2026-08-14,45,45,live,6,8,2,175,144,203,0.8,metadata_historical_avg,roster-pending,1,0,N5v4_Final,00fa551144bffa5b,099ea2e3be47
2026-06-30,2026-06-30 05:17:38,backfill,1,Atlantic Open,2026,2026-08-21,52,52,live,4,4,0,316,251,395,0.8,metadata_historical_avg,roster-pending,1,0,N5v4_Final,00fa551144bffa5b,099ea2e3be47
2026-06-30,2026-06-30 05:17:38,backfill,1,Indianapolis Open,2026,2026-08-21,52,52,live,4,4,0,186,175,198,0.8,metadata_historical_avg,roster-pending,1,0,N5v4_Final,00fa551144bffa5b,099ea2e3be47
2026-06-30,2026-06-30 05:17:38,backfill,1,New York State Championship,2026,2026-09-04,66,66,live,11,11,0,304,237,347,0.8,metadata_historical_avg,roster-pending,1,0,N5v4_Final,00fa551144bffa5b,099ea2e3be47
2026-06-30,2026-06-30 05:17:38,backfill,1,Midwest Class Championships,2026,2026-10-09,101,101,live,3,3,0,313,296,338,0.8,metadata_historical_avg,roster-pending,1,0,N5v4_Final,00fa551144bffa5b,099ea2e3be47
2026-06-30,2026-06-30 05:17:38,backfill,1,Eastern Class Championships (in Connecticut),2026,2026-10-16,108,108,live,2,2,0,221,198,246,0.8,metadata_historical_avg,roster-pending,1,0,N5v4_Final,00fa551144bffa5b,099ea2e3be47
2026-06-30,2026-06-30 05:17:38,backfill,1,Eastern Chess Congress (in New Jersey),2026,2026-10-23,115,115,live,2,2,0,469,404,513,0.8,metadata_historical_avg,roster-pending,1,0,N5v4_Final,00fa551144bffa5b,099ea2e3be47
2026-06-30,2026-06-30 05:17:38,backfill,1,Los Angeles Open,2026,2026-11-06,129,129,live,2,2,0,365,289,413,0.8,metadata_historical_avg,roster-pending,1,0,N5v4_Final,00fa551144bffa5b,099ea2e3be47
2026-06-30,2026-06-30 05:17:38,backfill,1,Kings Island Open,2026,2026-11-13,136,136,live,1,1,0,346,318,364,0.8,metadata_historical_avg,roster-pending,1,0,N5v4_Final,00fa551144bffa5b,099ea2e3be47
2026-06-30,2026-06-30 05:17:38,backfill,1,National Chess Congress,2026,2026-11-27,150,150,live,1,1,0,623,572,677,0.8,metadata_historical_avg,roster-pending,1,0,N5v4_Final,00fa551144bffa5b,099ea2e3be47
2026-06-30,2026-06-30 05:17:38,backfill,1,North American Open,2026,2026-12-26,179,179,live,5,5,0,1081,946,1199,0.8,metadata_historical_avg,roster-pending,1,0,N5v4_Final,00fa551144bffa5b,099ea2e3be47
2026-06-30,2026-06-30 05:17:38,backfill,1,Eastern Open,2026,2026-12-26,179,179,live,0,0,0,387,367,404,0.8,metadata_historical_avg,roster-pending,1,0,N5v4_Final,00fa551144bffa5b,099ea2e3be47
2026-07-01,2026-07-01 05:54:41,backfill,1,World Open top 6 sections,2026,2026-07-01,0,3,live,1003,1003,0,1081,1003,1390,0.8,model_online_window,,0,0,N5v4_Final,00fa551144bffa5b,5ad20a14a9fd
2026-07-01,2026-07-01 05:54:41,backfill,1,Chicago Class,2026,2026-07-17,16,16,live,64,64,0,286,264,309,0.8,model,family-direct,0,0,N5v4_Final,00fa551144bffa5b,5ad20a14a9fd
2026-07-01,2026-07-01 05:54:41,backfill,1,Pittsburgh Open,2026,2026-07-17,16,16,live,42,46,4,170,158,183,0.8,model,family-direct,0,0,N5v4_Final,00fa551144bffa5b,5ad20a14a9fd
2026-07-01,2026-07-01 05:54:41,backfill,1,Southern Open,2026,2026-07-17,16,16,live,50,50,0,178,141,224,0.8,metadata_pace,roster-pending,1,0,N5v4_Final,00fa551144bffa5b,5ad20a14a9fd
2026-07-01,2026-07-01 05:54:41,backfill,1,Bradley Open,2026,2026-07-24,23,23,live,33,33,0,271,242,302,0.8,model,family-direct,0,0,N5v4_Final,00fa551144bffa5b,5ad20a14a9fd
2026-07-01,2026-07-01 05:54:41,backfill,1,Pacific Coast Open,2026,2026-07-31,30,30,live,49,50,1,375,355,396,0.8,model,family-direct,0,0,N5v4_Final,00fa551144bffa5b,5ad20a14a9fd
2026-07-01,2026-07-01 05:54:41,backfill,1,Continental Open,2026,2026-08-13,43,43,live,15,15,0,343,146,481,0.8,metadata_pace,roster-pending,1,0,N5v4_Final,00fa551144bffa5b,5ad20a14a9fd
2026-07-01,2026-07-01 05:54:41,backfill,1,Central California Open,2026,2026-08-14,44,44,live,6,8,2,175,144,203,0.8,metadata_historical_avg,roster-pending,1,0,N5v4_Final,00fa551144bffa5b,5ad20a14a9fd
2026-07-01,2026-07-01 05:54:41,backfill,1,Atlantic Open,2026,2026-08-21,51,51,live,4,4,0,316,251,395,0.8,metadata_historical_avg,roster-pending,1,0,N5v4_Final,00fa551144bffa5b,5ad20a14a9fd
2026-07-01,2026-07-01 05:54:41,backfill,1,Indianapolis Open,2026,2026-08-21,51,51,live,4,4,0,186,175,198,0.8,metadata_historical_avg,roster-pending,1,0,N5v4_Final,00fa551144bffa5b,5ad20a14a9fd
2026-07-01,2026-07-01 05:54:41,backfill,1,New York State Championship,2026,2026-09-04,65,65,live,11,11,0,304,237,347,0.8,metadata_historical_avg,roster-pending,1,0,N5v4_Final,00fa551144bffa5b,5ad20a14a9fd
2026-07-01,2026-07-01 05:54:41,backfill,1,Midwest Class Championships,2026,2026-10-09,100,100,live,3,3,0,313,296,338,0.8,metadata_historical_avg,roster-pending,1,0,N5v4_Final,00fa551144bffa5b,5ad20a14a9fd
2026-07-01,2026-07-01 05:54:41,backfill,1,Eastern Class Championships (in Connecticut),2026,2026-10-16,107,107,live,2,2,0,221,198,246,0.8,metadata_historical_avg,roster-pending,1,0,N5v4_Final,00fa551144bffa5b,5ad20a14a9fd
2026-07-01,2026-07-01 05:54:41,backfill,1,Eastern Chess Congress (in New Jersey),2026,2026-10-23,114,114,live,2,2,0,469,404,513,0.8,metadata_historical_avg,roster-pending,1,0,N5v4_Final,00fa551144bffa5b,5ad20a14a9fd
2026-07-01,2026-07-01 05:54:41,backfill,1,Los Angeles Open,2026,2026-11-06,128,128,live,2,2,0,365,289,413,0.8,metadata_historical_avg,roster-pending,1,0,N5v4_Final,00fa551144bffa5b,5ad20a14a9fd
2026-07-01,2026-07-01 05:54:41,backfill,1,Kings Island Open,2026,2026-11-13,135,135,live,1,1,0,346,318,364,0.8,metadata_historical_avg,roster-pending,1,0,N5v4_Final,00fa551144bffa5b,5ad20a14a9fd
2026-07-01,2026-07-01 05:54:41,backfill,1,National Chess Congress,2026,2026-11-27,149,149,live,1,1,0,623,572,677,0.8,metadata_historical_avg,roster-pending,1,0,N5v4_Final,00fa551144bffa5b,5ad20a14a9fd
2026-07-01,2026-07-01 05:54:41,backfill,1,North American Open,2026,2026-12-26,178,178,live,5,5,0,1081,946,1199,0.8,metadata_historical_avg,roster-pending,1,0,N5v4_Final,00fa551144bffa5b,5ad20a14a9fd
2026-07-01,2026-07-01 05:54:41,backfill,1,Eastern Open,2026,2026-12-26,178,178,live,0,0,0,387,367,404,0.8,metadata_historical_avg,roster-pending,1,0,N5v4_Final,00fa551144bffa5b,5ad20a14a9fd
2026-07-02,2026-07-02 05:10:10,backfill,1,World Open top 6 sections,2026,2026-07-01,-1,2,live,1050,1050,0,1103,1050,1305,0.8,model_online_window,,0,0,N5v4_Final,00fa551144bffa5b,3429ff567770
2026-07-02,2026-07-02 05:10:10,backfill,1,Chicago Class,2026,2026-07-17,15,15,live,76,76,0,298,278,320,0.8,model,family-direct,0,0,N5v4_Final,00fa551144bffa5b,3429ff567770
2026-07-02,2026-07-02 05:10:10,backfill,1,Pittsburgh Open,2026,2026-07-17,15,15,live,42,46,4,167,156,179,0.8,model,family-direct,0,0,N5v4_Final,00fa551144bffa5b,3429ff567770
2026-07-02,2026-07-02 05:10:10,backfill,1,Southern Open,2026,2026-07-17,15,15,live,58,58,0,206,164,260,0.8,metadata_pace,roster-pending,1,0,N5v4_Final,00fa551144bffa5b,3429ff567770
2026-07-02,2026-07-02 05:10:10,backfill,1,Bradley Open,2026,2026-07-24,22,22,live,37,37,0,277,252,306,0.8,model,family-direct,0,0,N5v4_Final,00fa551144bffa5b,3429ff567770
2026-07-02,2026-07-02 05:10:10,backfill,1,Pacific Coast Open,2026,2026-07-31,29,29,live,51,52,1,376,357,395,0.8,model,family-direct,0,0,N5v4_Final,00fa551144bffa5b,3429ff567770
2026-07-02,2026-07-02 05:10:10,backfill,1,Continental Open,2026,2026-08-13,42,42,live,16,16,0,366,153,481,0.8,metadata_pace,roster-pending,1,0,N5v4_Final,00fa551144bffa5b,3429ff567770
2026-07-02,2026-07-02 05:10:10,backfill,1,Central California Open,2026,2026-08-14,43,43,live,8,10,2,175,144,203,0.8,metadata_historical_avg,roster-pending,1,0,N5v4_Final,00fa551144bffa5b,3429ff567770
2026-07-02,2026-07-02 05:10:10,backfill,1,Atlantic Open,2026,2026-08-21,50,50,live,4,4,0,316,251,395,0.8,metadata_historical_avg,roster-pending,1,0,N5v4_Final,00fa551144bffa5b,3429ff567770
2026-07-02,2026-07-02 05:10:10,backfill,1,Indianapolis Open,2026,2026-08-21,50,50,live,4,4,0,186,175,198,0.8,metadata_historical_avg,roster-pending,1,0,N5v4_Final,00fa551144bffa5b,3429ff567770
2026-07-02,2026-07-02 05:10:10,backfill,1,New York State Championship,2026,2026-09-04,64,64,live,11,11,0,304,237,347,0.8,metadata_historical_avg,roster-pending,1,0,N5v4_Final,00fa551144bffa5b,3429ff567770
2026-07-02,2026-07-02 05:10:10,backfill,1,Midwest Class Championships,2026,2026-10-09,99,99,live,3,3,0,313,296,338,0.8,metadata_historical_avg,roster-pending,1,0,N5v4_Final,00fa551144bffa5b,3429ff567770
2026-07-02,2026-07-02 05:10:10,backfill,1,Eastern Class Championships (in Connecticut),2026,2026-10-16,106,106,live,2,2,0,221,198,246,0.8,metadata_historical_avg,roster-pending,1,0,N5v4_Final,00fa551144bffa5b,3429ff567770
2026-07-02,2026-07-02 05:10:10,backfill,1,Eastern Chess Congress (in New Jersey),2026,2026-10-23,113,113,live,2,2,0,469,404,513,0.8,metadata_historical_avg,roster-pending,1,0,N5v4_Final,00fa551144bffa5b,3429ff567770
2026-07-02,2026-07-02 05:10:10,backfill,1,Los Angeles Open,2026,2026-11-06,127,127,live,2,2,0,365,289,413,0.8,metadata_historical_avg,roster-pending,1,0,N5v4_Final,00fa551144bffa5b,3429ff567770
2026-07-02,2026-07-02 05:10:10,backfill,1,Kings Island Open,2026,2026-11-13,134,134,live,1,1,0,346,318,364,0.8,metadata_historical_avg,roster-pending,1,0,N5v4_Final,00fa551144bffa5b,3429ff567770
2026-07-02,2026-07-02 05:10:10,backfill,1,National Chess Congress,2026,2026-11-27,148,148,live,1,1,0,623,572,677,0.8,metadata_historical_avg,roster-pending,1,0,N5v4_Final,00fa551144bffa5b,3429ff567770
2026-07-02,2026-07-02 05:10:10,backfill,1,North American Open,2026,2026-12-26,177,177,live,5,5,0,1081,946,1199,0.8,metadata_historical_avg,roster-pending,1,0,N5v4_Final,00fa551144bffa5b,3429ff567770
2026-07-02,2026-07-02 05:10:10,backfill,1,Eastern Open,2026,2026-12-26,177,177,live,0,0,0,387,367,404,0.8,metadata_historical_avg,roster-pending,1,0,N5v4_Final,00fa551144bffa5b,3429ff567770
2026-07-03,2026-07-03 04:58:05,backfill,1,World Open top 6 sections,2026,2026-07-01,-2,1,live,1063,1063,0,1090,1063,1185,0.8,model_online_window,,0,0,N5v4_Final,00fa551144bffa5b,962aa7a74033
2026-07-03,2026-07-03 04:58:05,backfill,1,Chicago Class,2026,2026-07-17,14,14,live,82,82,0,302,283,322,0.8,model,family-direct,0,0,N5v4_Final,00fa551144bffa5b,962aa7a74033
2026-07-03,2026-07-03 04:58:05,backfill,1,Pittsburgh Open,2026,2026-07-17,14,14,live,46,50,4,169,159,181,0.8,model,family-direct,0,0,N5v4_Final,00fa551144bffa5b,962aa7a74033
2026-07-03,2026-07-03 04:58:05,backfill,1,Southern Open,2026,2026-07-17,14,14,live,62,62,0,220,175,278,0.8,metadata_pace,roster-pending,1,0,N5v4_Final,00fa551144bffa5b,962aa7a74033
2026-07-03,2026-07-03 04:58:05,backfill,1,Bradley Open,2026,2026-07-24,21,21,live,37,37,0,269,246,294,0.8,model,family-direct,0,0,N5v4_Final,00fa551144bffa5b,962aa7a74033
2026-07-03,2026-07-03 04:58:05,backfill,1,Pacific Coast Open,2026,2026-07-31,28,28,live,52,53,1,367,350,385,0.8,model,family-direct,0,0,N5v4_Final,00fa551144bffa5b,962aa7a74033
2026-07-03,2026-07-03 04:58:05,backfill,1,Continental Open,2026,2026-08-13,41,41,live,16,16,0,366,153,481,0.8,metadata_pace,roster-pending,1,0,N5v4_Final,00fa551144bffa5b,962aa7a74033
2026-07-03,2026-07-03 04:58:05,backfill,1,Central California Open,2026,2026-08-14,42,42,live,8,10,2,175,144,203,0.8,metadata_historical_avg,roster-pending,1,0,N5v4_Final,00fa551144bffa5b,962aa7a74033
2026-07-03,2026-07-03 04:58:05,backfill,1,Atlantic Open,2026,2026-08-21,49,49,live,4,4,0,316,251,395,0.8,metadata_historical_avg,roster-pending,1,0,N5v4_Final,00fa551144bffa5b,962aa7a74033
2026-07-03,2026-07-03 04:58:05,backfill,1,Indianapolis Open,2026,2026-08-21,49,49,live,4,4,0,186,175,198,0.8,metadata_historical_avg,roster-pending,1,0,N5v4_Final,00fa551144bffa5b,962aa7a74033
2026-07-03,2026-07-03 04:58:05,backfill,1,New York State Championship,2026,2026-09-04,63,63,live,11,11,0,304,237,347,0.8,metadata_historical_avg,roster-pending,1,0,N5v4_Final,00fa551144bffa5b,962aa7a74033
2026-07-03,2026-07-03 04:58:05,backfill,1,Midwest Class Championships,2026,2026-10-09,98,98,live,3,3,0,313,296,338,0.8,metadata_historical_avg,roster-pending,1,0,N5v4_Final,00fa551144bffa5b,962aa7a74033
2026-07-03,2026-07-03 04:58:05,backfill,1,Eastern Class Championships (in Connecticut),2026,2026-10-16,105,105,live,2,2,0,221,198,246,0.8,metadata_historical_avg,roster-pending,1,0,N5v4_Final,00fa551144bffa5b,962aa7a74033
2026-07-03,2026-07-03 04:58:05,backfill,1,Eastern Chess Congress (in New Jersey),2026,2026-10-23,112,112,live,2,2,0,469,404,513,0.8,metadata_historical_avg,roster-pending,1,0,N5v4_Final,00fa551144bffa5b,962aa7a74033
2026-07-03,2026-07-03 04:58:05,backfill,1,Los Angeles Open,2026,2026-11-06,126,126,live,2,2,0,365,289,413,0.8,metadata_historical_avg,roster-pending,1,0,N5v4_Final,00fa551144bffa5b,962aa7a74033
2026-07-03,2026-07-03 04:58:05,backfill,1,Kings Island Open,2026,2026-11-13,133,133,live,1,1,0,346,318,364,0.8,metadata_historical_avg,roster-pending,1,0,N5v4_Final,00fa551144bffa5b,962aa7a74033
2026-07-03,2026-07-03 04:58:05,backfill,1,National Chess Congress,2026,2026-11-27,147,147,live,1,1,0,623,572,677,0.8,metadata_historical_avg,roster-pending,1,0,N5v4_Final,00fa551144bffa5b,962aa7a74033
2026-07-03,2026-07-03 04:58:05,backfill,1,North American Open,2026,2026-12-26,176,176,live,5,5,0,1081,946,1199,0.8,metadata_historical_avg,roster-pending,1,0,N5v4_Final,00fa551144bffa5b,962aa7a74033
2026-07-03,2026-07-03 04:58:05,backfill,1,Eastern Open,2026,2026-12-26,176,176,live,0,0,0,387,367,404,0.8,metadata_historical_avg,roster-pending,1,0,N5v4_Final,00fa551144bffa5b,962aa7a74033
2026-07-04,2026-07-04 04:52:46,backfill,1,World Open top 6 sections,2026,2026-07-01,-3,0,live,1066,1066,0,1066,1066,1066,0.8,live_scrape,,0,0,N5v4_Final,00fa551144bffa5b,e3d636f1af64
2026-07-04,2026-07-04 04:52:46,backfill,1,Chicago Class,2026,2026-07-17,13,13,live,92,92,0,306,289,325,0.8,model,family-direct,0,0,N5v4_Final,00fa551144bffa5b,e3d636f1af64
2026-07-04,2026-07-04 04:52:46,backfill,1,Pittsburgh Open,2026,2026-07-17,13,13,live,47,51,4,168,157,180,0.8,model,family-direct,0,0,N5v4_Final,00fa551144bffa5b,e3d636f1af64
2026-07-04,2026-07-04 04:52:46,backfill,1,Southern Open,2026,2026-07-17,13,13,live,63,63,0,224,178,282,0.8,metadata_pace,roster-pending,1,0,N5v4_Final,00fa551144bffa5b,e3d636f1af64
2026-07-04,2026-07-04 04:52:46,backfill,1,Bradley Open,2026,2026-07-24,20,20,live,39,39,0,267,246,290,0.8,model,family-direct,0,0,N5v4_Final,00fa551144bffa5b,e3d636f1af64
2026-07-04,2026-07-04 04:52:46,backfill,1,Pacific Coast Open,2026,2026-07-31,27,27,live,55,56,1,368,349,389,0.8,model,family-direct,0,0,N5v4_Final,00fa551144bffa5b,e3d636f1af64
2026-07-04,2026-07-04 04:52:46,backfill,1,Continental Open,2026,2026-08-13,40,40,live,17,17,0,388,162,481,0.8,metadata_pace,roster-pending,1,0,N5v4_Final,00fa551144bffa5b,e3d636f1af64
2026-07-04,2026-07-04 04:52:46,backfill,1,Central California Open,2026,2026-08-14,41,41,live,8,10,2,175,144,203,0.8,metadata_historical_avg,roster-pending,1,0,N5v4_Final,00fa551144bffa5b,e3d636f1af64
2026-07-04,2026-07-04 04:52:46,backfill,1,Atlantic Open,2026,2026-08-21,48,48,live,5,5,0,316,251,395,0.8,metadata_historical_avg,roster-pending,1,0,N5v4_Final,00fa551144bffa5b,e3d636f1af64
2026-07-04,2026-07-04 04:52:46,backfill,1,Indianapolis Open,2026,2026-08-21,48,48,live,4,4,0,186,175,198,0.8,metadata_historical_avg,roster-pending,1,0,N5v4_Final,00fa551144bffa5b,e3d636f1af64
2026-07-04,2026-07-04 04:52:46,backfill,1,New York State Championship,2026,2026-09-04,62,62,live,11,11,0,304,237,347,0.8,metadata_historical_avg,roster-pending,1,0,N5v4_Final,00fa551144bffa5b,e3d636f1af64
2026-07-04,2026-07-04 04:52:46,backfill,1,Midwest Class Championships,2026,2026-10-09,97,97,live,3,3,0,313,296,338,0.8,metadata_historical_avg,roster-pending,1,0,N5v4_Final,00fa551144bffa5b,e3d636f1af64
2026-07-04,2026-07-04 04:52:46,backfill,1,Eastern Class Championships (in Connecticut),2026,2026-10-16,104,104,live,2,2,0,221,198,246,0.8,metadata_historical_avg,roster-pending,1,0,N5v4_Final,00fa551144bffa5b,e3d636f1af64
2026-07-04,2026-07-04 04:52:46,backfill,1,Eastern Chess Congress (in New Jersey),2026,2026-10-23,111,111,live,2,2,0,469,404,513,0.8,metadata_historical_avg,roster-pending,1,0,N5v4_Final,00fa551144bffa5b,e3d636f1af64
2026-07-04,2026-07-04 04:52:46,backfill,1,Los Angeles Open,2026,2026-11-06,125,125,live,2,2,0,365,289,413,0.8,metadata_historical_avg,roster-pending,1,0,N5v4_Final,00fa551144bffa5b,e3d636f1af64
2026-07-04,2026-07-04 04:52:46,backfill,1,Kings Island Open,2026,2026-11-13,132,132,live,1,1,0,346,318,364,0.8,metadata_historical_avg,roster-pending,1,0,N5v4_Final,00fa551144bffa5b,e3d636f1af64
2026-07-04,2026-07-04 04:52:46,backfill,1,National Chess Congress,2026,2026-11-27,146,146,live,1,1,0,623,572,677,0.8,metadata_historical_avg,roster-pending,1,0,N5v4_Final,00fa551144bffa5b,e3d636f1af64
2026-07-04,2026-07-04 04:52:46,backfill,1,North American Open,2026,2026-12-26,175,175,live,5,5,0,1081,946,1199,0.8,metadata_historical_avg,roster-pending,1,0,N5v4_Final,00fa551144bffa5b,e3d636f1af64
2026-07-04,2026-07-04 04:52:46,backfill,1,Eastern Open,2026,2026-12-26,175,175,live,0,0,0,387,367,404,0.8,metadata_historical_avg,roster-pending,1,0,N5v4_Final,00fa551144bffa5b,e3d636f1af64
2026-07-05,2026-07-05 05:08:37,backfill,1,World Open top 6 sections,2026,2026-07-01,-4,0,live,1066,1066,0,1066,1066,1066,0.8,live_scrape,,0,0,N5v4_Final,00fa551144bffa5b,516f56913f39
2026-07-05,2026-07-05 05:08:37,backfill,1,Chicago Class,2026,2026-07-17,12,12,live,98,98,0,305,288,323,0.8,model,family-direct,0,0,N5v4_Final,00fa551144bffa5b,516f56913f39
2026-07-05,2026-07-05 05:08:37,backfill,1,Pittsburgh Open,2026,2026-07-17,12,12,live,51,56,5,169,157,182,0.8,model,family-direct,0,0,N5v4_Final,00fa551144bffa5b,516f56913f39
2026-07-05,2026-07-05 05:08:37,backfill,1,Southern Open,2026,2026-07-17,12,12,live,67,67,0,238,189,300,0.8,metadata_pace,roster-pending,1,0,N5v4_Final,00fa551144bffa5b,516f56913f39
2026-07-05,2026-07-05 05:08:37,backfill,1,Bradley Open,2026,2026-07-24,19,19,live,41,41,0,265,245,288,0.8,model,family-direct,0,0,N5v4_Final,00fa551144bffa5b,516f56913f39
2026-07-05,2026-07-05 05:08:37,backfill,1,Pacific Coast Open,2026,2026-07-31,26,26,live,56,57,1,365,344,388,0.8,model,family-direct,0,0,N5v4_Final,00fa551144bffa5b,516f56913f39
2026-07-05,2026-07-05 05:08:37,backfill,1,Continental Open,2026,2026-08-13,39,39,live,17,17,0,388,162,481,0.8,metadata_pace,roster-pending,1,0,N5v4_Final,00fa551144bffa5b,516f56913f39
2026-07-05,2026-07-05 05:08:37,backfill,1,Central California Open,2026,2026-08-14,40,40,live,9,11,2,175,144,203,0.8,metadata_historical_avg,roster-pending,1,0,N5v4_Final,00fa551144bffa5b,516f56913f39
2026-07-05,2026-07-05 05:08:37,backfill,1,Atlantic Open,2026,2026-08-21,47,47,live,5,5,0,316,251,395,0.8,metadata_historical_avg,roster-pending,1,0,N5v4_Final,00fa551144bffa5b,516f56913f39
2026-07-05,2026-07-05 05:08:37,backfill,1,Indianapolis Open,2026,2026-08-21,47,47,live,4,4,0,186,175,198,0.8,metadata_historical_avg,roster-pending,1,0,N5v4_Final,00fa551144bffa5b,516f56913f39
2026-07-05,2026-07-05 05:08:37,backfill,1,New York State Championship,2026,2026-09-04,61,61,live,11,11,0,304,237,347,0.8,metadata_historical_avg,roster-pending,1,0,N5v4_Final,00fa551144bffa5b,516f56913f39
2026-07-05,2026-07-05 05:08:37,backfill,1,Midwest Class Championships,2026,2026-10-09,96,96,live,3,3,0,313,296,338,0.8,metadata_historical_avg,roster-pending,1,0,N5v4_Final,00fa551144bffa5b,516f56913f39
2026-07-05,2026-07-05 05:08:37,backfill,1,Eastern Class Championships (in Connecticut),2026,2026-10-16,103,103,live,2,2,0,221,198,246,0.8,metadata_historical_avg,roster-pending,1,0,N5v4_Final,00fa551144bffa5b,516f56913f39
2026-07-05,2026-07-05 05:08:37,backfill,1,Eastern Chess Congress (in New Jersey),2026,2026-10-23,110,110,live,2,2,0,469,404,513,0.8,metadata_historical_avg,roster-pending,1,0,N5v4_Final,00fa551144bffa5b,516f56913f39
2026-07-05,2026-07-05 05:08:37,backfill,1,Los Angeles Open,2026,2026-11-06,124,124,live,2,2,0,365,289,413,0.8,metadata_historical_avg,roster-pending,1,0,N5v4_Final,00fa551144bffa5b,516f56913f39
2026-07-05,2026-07-05 05:08:37,backfill,1,Kings Island Open,2026,2026-11-13,131,131,live,1,1,0,346,318,364,0.8,metadata_historical_avg,roster-pending,1,0,N5v4_Final,00fa551144bffa5b,516f56913f39
2026-07-05,2026-07-05 05:08:37,backfill,1,National Chess Congress,2026,2026-11-27,145,145,live,1,1,0,623,572,677,0.8,metadata_historical_avg,roster-pending,1,0,N5v4_Final,00fa551144bffa5b,516f56913f39
2026-07-05,2026-07-05 05:08:37,backfill,1,North American Open,2026,2026-12-26,174,174,live,5,5,0,1081,946,1199,0.8,metadata_historical_avg,roster-pending,1,0,N5v4_Final,00fa551144bffa5b,516f56913f39
2026-07-05,2026-07-05 05:08:37,backfill,1,Eastern Open,2026,2026-12-26,174,174,live,0,0,0,387,367,404,0.8,metadata_historical_avg,roster-pending,1,0,N5v4_Final,00fa551144bffa5b,516f56913f39
2026-07-06,2026-07-06 05:37:04,backfill,1,Chicago Class,2026,2026-07-17,11,11,live,102,102,0,302,287,318,0.8,model,family-direct,0,0,N5v4_Final,00fa551144bffa5b,20b716c4815b
2026-07-06,2026-07-06 05:37:04,backfill,1,Pittsburgh Open,2026,2026-07-17,11,11,live,53,58,5,169,156,183,0.8,model,family-direct,0,0,N5v4_Final,00fa551144bffa5b,20b716c4815b
2026-07-06,2026-07-06 05:37:04,backfill,1,Southern Open,2026,2026-07-17,11,11,live,77,77,0,274,217,345,0.8,metadata_pace,roster-pending,1,0,N5v4_Final,00fa551144bffa5b,20b716c4815b
2026-07-06,2026-07-06 05:37:04,backfill,1,Bradley Open,2026,2026-07-24,18,18,live,43,43,0,264,245,284,0.8,model,family-direct,0,0,N5v4_Final,00fa551144bffa5b,20b716c4815b
2026-07-06,2026-07-06 05:37:04,backfill,1,Pacific Coast Open,2026,2026-07-31,25,25,live,57,58,1,363,338,390,0.8,model,family-direct,0,0,N5v4_Final,00fa551144bffa5b,20b716c4815b
2026-07-06,2026-07-06 05:37:04,backfill,1,Continental Open,2026,2026-08-13,38,38,live,18,18,0,411,172,481,0.8,metadata_pace,roster-pending,1,0,N5v4_Final,00fa551144bffa5b,20b716c4815b
2026-07-06,2026-07-06 05:37:04,backfill,1,Central California Open,2026,2026-08-14,39,39,live,11,13,2,155,96,251,0.8,metadata_pace,roster-pending,1,0,N5v4_Final,00fa551144bffa5b,20b716c4815b
2026-07-06,2026-07-06 05:37:04,backfill,1,Atlantic Open,2026,2026-08-21,46,46,live,5,5,0,316,251,395,0.8,metadata_historical_avg,roster-pending,1,0,N5v4_Final,00fa551144bffa5b,20b716c4815b
2026-07-06,2026-07-06 05:37:04,backfill,1,Indianapolis Open,2026,2026-08-21,46,46,live,4,4,0,186,175,198,0.8,metadata_historical_avg,roster-pending,1,0,N5v4_Final,00fa551144bffa5b,20b716c4815b
2026-07-06,2026-07-06 05:37:04,backfill,1,New York State Championship,2026,2026-09-04,60,60,live,11,11,0,304,237,347,0.8,metadata_historical_avg,roster-pending,1,0,N5v4_Final,00fa551144bffa5b,20b716c4815b
2026-07-06,2026-07-06 05:37:04,backfill,1,Midwest Class Championships,2026,2026-10-09,95,95,live,3,3,0,313,296,338,0.8,metadata_historical_avg,roster-pending,1,0,N5v4_Final,00fa551144bffa5b,20b716c4815b
2026-07-06,2026-07-06 05:37:04,backfill,1,Eastern Class Championships (in Connecticut),2026,2026-10-16,102,102,live,2,2,0,221,198,246,0.8,metadata_historical_avg,roster-pending,1,0,N5v4_Final,00fa551144bffa5b,20b716c4815b
2026-07-06,2026-07-06 05:37:04,backfill,1,Eastern Chess Congress (in New Jersey),2026,2026-10-23,109,109,live,2,2,0,469,404,513,0.8,metadata_historical_avg,roster-pending,1,0,N5v4_Final,00fa551144bffa5b,20b716c4815b
2026-07-06,2026-07-06 05:37:04,backfill,1,Los Angeles Open,2026,2026-11-06,123,123,live,2,2,0,365,289,413,0.8,metadata_historical_avg,roster-pending,1,0,N5v4_Final,00fa551144bffa5b,20b716c4815b
2026-07-06,2026-07-06 05:37:04,backfill,1,Kings Island Open,2026,2026-11-13,130,130,live,1,1,0,346,318,364,0.8,metadata_historical_avg,roster-pending,1,0,N5v4_Final,00fa551144bffa5b,20b716c4815b
2026-07-06,2026-07-06 05:37:04,backfill,1,National Chess Congress,2026,2026-11-27,144,144,live,1,1,0,623,572,677,0.8,metadata_historical_avg,roster-pending,1,0,N5v4_Final,00fa551144bffa5b,20b716c4815b
2026-07-06,2026-07-06 05:37:04,backfill,1,North American Open,2026,2026-12-26,173,173,live,7,7,0,1081,946,1199,0.8,metadata_historical_avg,roster-pending,1,0,N5v4_Final,00fa551144bffa5b,20b716c4815b
2026-07-06,2026-07-06 05:37:04,backfill,1,Eastern Open,2026,2026-12-26,173,173,live,0,0,0,387,367,404,0.8,metadata_historical_avg,roster-pending,1,0,N5v4_Final,00fa551144bffa5b,20b716c4815b
2026-07-07,2026-07-07 05:08:24,backfill,1,Chicago Class,2026,2026-07-17,10,10,live,111,111,0,301,286,316,0.8,model,family-direct,0,0,N5v4_Final,00fa551144bffa5b,04112173a55f
2026-07-07,2026-07-07 05:08:24,backfill,1,Pittsburgh Open,2026,2026-07-17,10,10,live,55,60,5,167,153,182,0.8,model,family-direct,0,0,N5v4_Final,00fa551144bffa5b,04112173a55f
2026-07-07,2026-07-07 05:08:24,backfill,1,Southern Open,2026,2026-07-17,10,10,live,87,87,0,189,157,227,0.8,metadata_pace,roster-pending,1,0,N5v4_Final,00fa551144bffa5b,04112173a55f
2026-07-07,2026-07-07 05:08:24,backfill,1,Bradley Open,2026,2026-07-24,17,17,live,44,44,0,260,243,278,0.8,model,family-direct,0,0,N5v4_Final,00fa551144bffa5b,04112173a55f
2026-07-07,2026-07-07 05:08:24,backfill,1,Pacific Coast Open,2026,2026-07-31,24,24,live,60,61,1,364,337,393,0.8,model,family-direct,0,0,N5v4_Final,00fa551144bffa5b,04112173a55f
2026-07-07,2026-07-07 05:08:24,backfill,1,Continental Open,2026,2026-08-13,37,37,live,19,19,0,434,181,481,0.8,metadata_pace,roster-pending,1,0,N5v4_Final,00fa551144bffa5b,04112173a55f
2026-07-07,2026-07-07 05:08:24,backfill,1,Central California Open,2026,2026-08-14,38,38,live,11,13,2,155,96,251,0.8,metadata_pace,roster-pending,1,0,N5v4_Final,00fa551144bffa5b,04112173a55f
2026-07-07,2026-07-07 05:08:24,backfill,1,Atlantic Open,2026,2026-08-21,45,45,live,7,7,0,316,251,395,0.8,metadata_historical_avg,roster-pending,1,0,N5v4_Final,00fa551144bffa5b,04112173a55f
2026-07-07,2026-07-07 05:08:24,backfill,1,Indianapolis Open,2026,2026-08-21,45,45,live,4,4,0,186,175,198,0.8,metadata_historical_avg,roster-pending,1,0,N5v4_Final,00fa551144bffa5b,04112173a55f
2026-07-07,2026-07-07 05:08:24,backfill,1,New York State Championship,2026,2026-09-04,59,59,live,11,11,0,304,237,347,0.8,metadata_historical_avg,roster-pending,1,0,N5v4_Final,00fa551144bffa5b,04112173a55f
2026-07-07,2026-07-07 05:08:24,backfill,1,Midwest Class Championships,2026,2026-10-09,94,94,live,3,3,0,313,296,338,0.8,metadata_historical_avg,roster-pending,1,0,N5v4_Final,00fa551144bffa5b,04112173a55f
2026-07-07,2026-07-07 05:08:24,backfill,1,Eastern Class Championships (in Connecticut),2026,2026-10-16,101,101,live,2,2,0,221,198,246,0.8,metadata_historical_avg,roster-pending,1,0,N5v4_Final,00fa551144bffa5b,04112173a55f
2026-07-07,2026-07-07 05:08:24,backfill,1,Eastern Chess Congress (in New Jersey),2026,2026-10-23,108,108,live,2,2,0,469,404,513,0.8,metadata_historical_avg,roster-pending,1,0,N5v4_Final,00fa551144bffa5b,04112173a55f
2026-07-07,2026-07-07 05:08:24,backfill,1,Los Angeles Open,2026,2026-11-06,122,122,live,2,2,0,365,289,413,0.8,metadata_historical_avg,roster-pending,1,0,N5v4_Final,00fa551144bffa5b,04112173a55f
2026-07-07,2026-07-07 05:08:24,backfill,1,Kings Island Open,2026,2026-11-13,129,129,live,1,1,0,346,318,364,0.8,metadata_historical_avg,roster-pending,1,0,N5v4_Final,00fa551144bffa5b,04112173a55f
2026-07-07,2026-07-07 05:08:24,backfill,1,National Chess Congress,2026,2026-11-27,143,143,live,1,1,0,623,572,677,0.8,metadata_historical_avg,roster-pending,1,0,N5v4_Final,00fa551144bffa5b,04112173a55f
2026-07-07,2026-07-07 05:08:24,backfill,1,North American Open,2026,2026-12-26,172,172,live,7,7,0,1081,946,1199,0.8,metadata_historical_avg,roster-pending,1,0,N5v4_Final,00fa551144bffa5b,04112173a55f
2026-07-07,2026-07-07 05:08:24,backfill,1,Eastern Open,2026,2026-12-26,172,172,live,0,0,0,387,367,404,0.8,metadata_historical_avg,roster-pending,1,0,N5v4_Final,00fa551144bffa5b,04112173a55f
2026-07-08,2026-07-08 04:33:31,backfill,1,Chicago Class,2026,2026-07-17,9,9,live,114,114,0,296,281,312,0.8,model,family-direct,0,0,N5v4_Final,00fa551144bffa5b,12bf2dbc048e
2026-07-08,2026-07-08 04:33:31,backfill,1,Pittsburgh Open,2026,2026-07-17,9,9,live,58,63,5,166,152,181,0.8,model,family-direct,0,0,N5v4_Final,00fa551144bffa5b,12bf2dbc048e
2026-07-08,2026-07-08 04:33:31,backfill,1,Southern Open,2026,2026-07-17,9,9,live,92,92,0,200,166,240,0.8,metadata_pace,roster-pending,1,0,N5v4_Final,00fa551144bffa5b,12bf2dbc048e
2026-07-08,2026-07-08 04:33:31,backfill,1,Bradley Open,2026,2026-07-24,16,16,live,47,47,0,259,244,276,0.8,model,family-direct,0,0,N5v4_Final,00fa551144bffa5b,12bf2dbc048e
2026-07-08,2026-07-08 04:33:31,backfill,1,Pacific Coast Open,2026,2026-07-31,23,23,live,65,66,1,367,338,399,0.8,model,family-direct,0,0,N5v4_Final,00fa551144bffa5b,12bf2dbc048e
2026-07-08,2026-07-08 04:33:31,backfill,1,Continental Open,2026,2026-08-13,36,36,live,19,19,0,434,181,481,0.8,metadata_pace,roster-pending,1,0,N5v4_Final,00fa551144bffa5b,12bf2dbc048e
2026-07-08,2026-07-08 04:33:31,backfill,1,Central California Open,2026,2026-08-14,37,37,live,11,13,2,155,96,251,0.8,metadata_pace,roster-pending,1,0,N5v4_Final,00fa551144bffa5b,12bf2dbc048e
2026-07-08,2026-07-08 04:33:31,backfill,1,Atlantic Open,2026,2026-08-21,44,44,live,9,9,0,316,251,395,0.8,metadata_historical_avg,roster-pending,1,0,N5v4_Final,00fa551144bffa5b,12bf2dbc048e
2026-07-08,2026-07-08 04:33:31,backfill,1,Indianapolis Open,2026,2026-08-21,44,44,live,5,5,0,186,175,198,0.8,metadata_historical_avg,roster-pending,1,0,N5v4_Final,00fa551144bffa5b,12bf2dbc048e
2026-07-08,2026-07-08 04:33:31,backfill,1,New York State Championship,2026,2026-09-04,58,58,live,11,11,0,304,237,347,0.8,metadata_historical_avg,roster-pending,1,0,N5v4_Final,00fa551144bffa5b,12bf2dbc048e
2026-07-08,2026-07-08 04:33:31,backfill,1,Midwest Class Championships,2026,2026-10-09,93,93,live,3,3,0,313,296,338,0.8,metadata_historical_avg,roster-pending,1,0,N5v4_Final,00fa551144bffa5b,12bf2dbc048e
2026-07-08,2026-07-08 04:33:31,backfill,1,Eastern Class Championships (in Connecticut),2026,2026-10-16,100,100,live,2,2,0,221,198,246,0.8,metadata_historical_avg,roster-pending,1,0,N5v4_Final,00fa551144bffa5b,12bf2dbc048e
2026-07-08,2026-07-08 04:33:31,backfill,1,Eastern Chess Congress (in New Jersey),2026,2026-10-23,107,107,live,2,2,0,469,404,513,0.8,metadata_historical_avg,roster-pending,1,0,N5v4_Final,00fa551144bffa5b,12bf2dbc048e
2026-07-08,2026-07-08 04:33:31,backfill,1,Los Angeles Open,2026,2026-11-06,121,121,live,2,2,0,365,289,413,0.8,metadata_historical_avg,roster-pending,1,0,N5v4_Final,00fa551144bffa5b,12bf2dbc048e
2026-07-08,2026-07-08 04:33:31,backfill,1,Kings Island Open,2026,2026-11-13,128,128,live,1,1,0,346,318,364,0.8,metadata_historical_avg,roster-pending,1,0,N5v4_Final,00fa551144bffa5b,12bf2dbc048e
2026-07-08,2026-07-08 04:33:31,backfill,1,National Chess Congress,2026,2026-11-27,142,142,live,1,1,0,623,572,677,0.8,metadata_historical_avg,roster-pending,1,0,N5v4_Final,00fa551144bffa5b,12bf2dbc048e
2026-07-08,2026-07-08 04:33:31,backfill,1,North American Open,2026,2026-12-26,171,171,live,7,7,0,1081,946,1199,0.8,metadata_historical_avg,roster-pending,1,0,N5v4_Final,00fa551144bffa5b,12bf2dbc048e
2026-07-08,2026-07-08 04:33:31,backfill,1,Eastern Open,2026,2026-12-26,171,171,live,0,0,0,387,367,404,0.8,metadata_historical_avg,roster-pending,1,0,N5v4_Final,00fa551144bffa5b,12bf2dbc048e
2026-07-08,2026-07-08 13:52:41,backfill,1,Chicago Class,2026,2026-07-17,9,9,live,114,114,0,298,283,313,0.8,model,family-direct,0,0,N5v4_Final,00fa551144bffa5b,2061b16b7a98
2026-07-08,2026-07-08 13:52:41,backfill,1,Pittsburgh Open,2026,2026-07-17,9,9,live,63,63,5,172,158,188,0.8,model,family-direct,0,0,N5v4_Final,00fa551144bffa5b,2061b16b7a98
2026-07-08,2026-07-08 13:52:41,backfill,1,Southern Open,2026,2026-07-17,9,9,live,92,92,0,200,166,240,0.8,metadata_pace,roster-pending,1,0,N5v4_Final,00fa551144bffa5b,2061b16b7a98
2026-07-08,2026-07-08 13:52:41,backfill,1,Bradley Open,2026,2026-07-24,16,16,live,47,47,0,259,244,275,0.8,model,family-direct,0,0,N5v4_Final,00fa551144bffa5b,2061b16b7a98
2026-07-08,2026-07-08 13:52:41,backfill,1,Pacific Coast Open,2026,2026-07-31,23,23,live,66,66,1,367,339,398,0.8,model,family-direct,0,0,N5v4_Final,00fa551144bffa5b,2061b16b7a98
2026-07-08,2026-07-08 13:52:41,backfill,1,Continental Open,2026,2026-08-13,36,36,live,19,19,0,434,181,481,0.8,metadata_pace,roster-pending,1,0,N5v4_Final,00fa551144bffa5b,2061b16b7a98
2026-07-08,2026-07-08 13:52:41,backfill,1,Central California Open,2026,2026-08-14,37,37,live,11,13,2,155,96,251,0.8,metadata_pace,roster-pending,1,0,N5v4_Final,00fa551144bffa5b,2061b16b7a98
2026-07-08,2026-07-08 13:52:41,backfill,1,Atlantic Open,2026,2026-08-21,44,44,live,9,9,0,316,251,395,0.8,metadata_historical_avg,roster-pending,1,0,N5v4_Final,00fa551144bffa5b,2061b16b7a98
2026-07-08,2026-07-08 13:52:41,backfill,1,Indianapolis Open,2026,2026-08-21,44,44,live,5,5,0,186,175,198,0.8,metadata_historical_avg,roster-pending,1,0,N5v4_Final,00fa551144bffa5b,2061b16b7a98
2026-07-08,2026-07-08 13:52:41,backfill,1,New York State Championship,2026,2026-09-04,58,58,live,11,11,0,304,237,347,0.8,metadata_historical_avg,roster-pending,1,0,N5v4_Final,00fa551144bffa5b,2061b16b7a98
2026-07-08,2026-07-08 13:52:41,backfill,1,Midwest Class Championships,2026,2026-10-09,93,93,live,3,3,0,313,296,338,0.8,metadata_historical_avg,roster-pending,1,0,N5v4_Final,00fa551144bffa5b,2061b16b7a98
2026-07-08,2026-07-08 13:52:41,backfill,1,Eastern Class Championships (in Connecticut),2026,2026-10-16,100,100,live,2,2,0,221,198,246,0.8,metadata_historical_avg,roster-pending,1,0,N5v4_Final,00fa551144bffa5b,2061b16b7a98
2026-07-08,2026-07-08 13:52:41,backfill,1,Eastern Chess Congress (in New Jersey),2026,2026-10-23,107,107,live,2,2,0,469,404,513,0.8,metadata_historical_avg,roster-pending,1,0,N5v4_Final,00fa551144bffa5b,2061b16b7a98
2026-07-08,2026-07-08 13:52:41,backfill,1,Los Angeles Open,2026,2026-11-06,121,121,live,2,2,0,365,289,413,0.8,metadata_historical_avg,roster-pending,1,0,N5v4_Final,00fa551144bffa5b,2061b16b7a98
2026-07-08,2026-07-08 13:52:41,backfill,1,Kings Island Open,2026,2026-11-13,128,128,live,1,1,0,346,318,364,0.8,metadata_historical_avg,roster-pending,1,0,N5v4_Final,00fa551144bffa5b,2061b16b7a98
2026-07-08,2026-07-08 13:52:41,backfill,1,National Chess Congress,2026,2026-11-27,142,142,live,1,1,0,623,572,677,0.8,metadata_historical_avg,roster-pending,1,0,N5v4_Final,00fa551144bffa5b,2061b16b7a98
2026-07-08,2026-07-08 13:52:41,backfill,1,North American Open,2026,2026-12-26,171,171,live,7,7,0,1081,946,1199,0.8,metadata_historical_avg,roster-pending,1,0,N5v4_Final,00fa551144bffa5b,2061b16b7a98
2026-07-08,2026-07-08 13:52:41,backfill,1,Eastern Open,2026,2026-12-26,171,171,live,0,0,0,387,367,404,0.8,metadata_historical_avg,roster-pending,1,0,N5v4_Final,00fa551144bffa5b,2061b16b7a98
2026-07-09,2026-07-09 05:12:01,backfill,1,Chicago Class,2026,2026-07-17,8,8,live,121,121,0,296,281,312,0.8,model,family-direct,0,0,N5v4_Final,00fa551144bffa5b,fff47abd0ff9
2026-07-09,2026-07-09 05:12:01,backfill,1,Pittsburgh Open,2026,2026-07-17,8,8,live,74,74,5,178,163,194,0.8,model,family-direct,0,0,N5v4_Final,00fa551144bffa5b,fff47abd0ff9
2026-07-09,2026-07-09 05:12:01,backfill,1,Southern Open,2026,2026-07-17,8,8,live,101,101,0,219,182,264,0.8,metadata_pace,roster-pending,1,0,N5v4_Final,00fa551144bffa5b,fff47abd0ff9
2026-07-09,2026-07-09 05:12:01,backfill,1,Bradley Open,2026,2026-07-24,15,15,live,53,53,1,264,250,278,0.8,model,family-direct,0,0,N5v4_Final,00fa551144bffa5b,fff47abd0ff9
2026-07-09,2026-07-09 05:12:01,backfill,1,Pacific Coast Open,2026,2026-07-31,22,22,live,67,67,1,364,334,397,0.8,model,family-direct,0,0,N5v4_Final,00fa551144bffa5b,fff47abd0ff9
2026-07-09,2026-07-09 05:12:01,backfill,1,Continental Open,2026,2026-08-13,35,35,live,19,19,0,216,161,291,0.8,metadata_pace,roster-pending,1,0,N5v4_Final,00fa551144bffa5b,fff47abd0ff9
2026-07-09,2026-07-09 05:12:01,backfill,1,Central California Open,2026,2026-08-14,36,36,live,12,14,2,169,104,274,0.8,metadata_pace,roster-pending,1,0,N5v4_Final,00fa551144bffa5b,fff47abd0ff9
2026-07-09,2026-07-09 05:12:01,backfill,1,Atlantic Open,2026,2026-08-21,43,43,live,9,9,0,316,251,395,0.8,metadata_historical_avg,roster-pending,1,0,N5v4_Final,00fa551144bffa5b,fff47abd0ff9
2026-07-09,2026-07-09 05:12:01,backfill,1,Indianapolis Open,2026,2026-08-21,43,43,live,5,5,0,186,175,198,0.8,metadata_historical_avg,roster-pending,1,0,N5v4_Final,00fa551144bffa5b,fff47abd0ff9
2026-07-09,2026-07-09 05:12:01,backfill,1,New York State Championship,2026,2026-09-04,57,57,live,12,12,0,304,237,347,0.8,metadata_historical_avg,roster-pending,1,0,N5v4_Final,00fa551144bffa5b,fff47abd0ff9
2026-07-09,2026-07-09 05:12:01,backfill,1,Midwest Class Championships,2026,2026-10-09,92,92,live,3,3,0,313,296,338,0.8,metadata_historical_avg,roster-pending,1,0,N5v4_Final,00fa551144bffa5b,fff47abd0ff9
2026-07-09,2026-07-09 05:12:01,backfill,1,Eastern Class Championships (in Connecticut),2026,2026-10-16,99,99,live,2,2,0,221,198,246,0.8,metadata_historical_avg,roster-pending,1,0,N5v4_Final,00fa551144bffa5b,fff47abd0ff9
2026-07-09,2026-07-09 05:12:01,backfill,1,Eastern Chess Congress (in New Jersey),2026,2026-10-23,106,106,live,2,2,0,469,404,513,0.8,metadata_historical_avg,roster-pending,1,0,N5v4_Final,00fa551144bffa5b,fff47abd0ff9
2026-07-09,2026-07-09 05:12:01,backfill,1,Los Angeles Open,2026,2026-11-06,120,120,live,2,2,0,365,289,413,0.8,metadata_historical_avg,roster-pending,1,0,N5v4_Final,00fa551144bffa5b,fff47abd0ff9
2026-07-09,2026-07-09 05:12:01,backfill,1,Kings Island Open,2026,2026-11-13,127,127,live,1,1,0,346,318,364,0.8,metadata_historical_avg,roster-pending,1,0,N5v4_Final,00fa551144bffa5b,fff47abd0ff9
2026-07-09,2026-07-09 05:12:01,backfill,1,National Chess Congress,2026,2026-11-27,141,141,live,1,1,0,623,572,677,0.8,metadata_historical_avg,roster-pending,1,0,N5v4_Final,00fa551144bffa5b,fff47abd0ff9
2026-07-09,2026-07-09 05:12:01,backfill,1,North American Open,2026,2026-12-26,170,170,live,7,7,0,1081,946,1199,0.8,metadata_historical_avg,roster-pending,1,0,N5v4_Final,00fa551144bffa5b,fff47abd0ff9
2026-07-09,2026-07-09 05:12:01,backfill,1,Eastern Open,2026,2026-12-26,170,170,live,0,0,0,387,367,404,0.8,metadata_historical_avg,roster-pending,1,0,N5v4_Final,00fa551144bffa5b,fff47abd0ff9
2026-07-10,2026-07-10 05:09:36,backfill,1,Chicago Class,2026,2026-07-17,7,7,live,125,125,0,299,280,319,0.8,model,family-direct,0,0,N5v4_Final,00fa551144bffa5b,4d311ae600d3
2026-07-10,2026-07-10 05:09:36,backfill,1,Pittsburgh Open,2026,2026-07-17,7,7,live,80,80,5,187,171,204,0.8,model,family-direct,0,0,N5v4_Final,00fa551144bffa5b,4d311ae600d3
2026-07-10,2026-07-10 05:09:36,backfill,1,Southern Open,2026,2026-07-17,7,7,live,103,103,0,223,186,269,0.8,metadata_pace,roster-pending,1,0,N5v4_Final,00fa551144bffa5b,4d311ae600d3
2026-07-10,2026-07-10 05:09:36,backfill,1,Bradley Open,2026,2026-07-24,14,14,live,56,56,0,263,251,275,0.8,model,family-direct,0,0,N5v4_Final,00fa551144bffa5b,4d311ae600d3
2026-07-10,2026-07-10 05:09:36,backfill,1,Pacific Coast Open,2026,2026-07-31,21,21,live,70,70,1,361,327,399,0.8,model,family-direct,0,0,N5v4_Final,00fa551144bffa5b,4d311ae600d3
2026-07-10,2026-07-10 05:09:36,backfill,1,Continental Open,2026,2026-08-13,34,34,live,19,19,0,216,161,291,0.8,metadata_pace,roster-pending,1,0,N5v4_Final,00fa551144bffa5b,4d311ae600d3
2026-07-10,2026-07-10 05:09:36,backfill,1,Central California Open,2026,2026-08-14,35,35,live,12,14,2,107,76,154,0.8,metadata_pace,roster-pending,1,0,N5v4_Final,00fa551144bffa5b,4d311ae600d3
2026-07-10,2026-07-10 05:09:36,backfill,1,Atlantic Open,2026,2026-08-21,42,42,live,11,11,0,202,142,311,0.8,metadata_pace,roster-pending,1,0,N5v4_Final,00fa551144bffa5b,4d311ae600d3
2026-07-10,2026-07-10 05:09:36,backfill,1,Indianapolis Open,2026,2026-08-21,42,42,live,5,5,0,186,175,198,0.8,metadata_historical_avg,roster-pending,1,0,N5v4_Final,00fa551144bffa5b,4d311ae600d3
2026-07-10,2026-07-10 05:09:36,backfill,1,New York State Championship,2026,2026-09-04,56,56,live,15,15,0,304,237,347,0.8,metadata_historical_avg,roster-pending,1,0,N5v4_Final,00fa551144bffa5b,4d311ae600d3
2026-07-10,2026-07-10 05:09:36,backfill,1,Midwest Class Championships,2026,2026-10-09,91,91,live,3,3,0,313,296,338,0.8,metadata_historical_avg,roster-pending,1,0,N5v4_Final,00fa551144bffa5b,4d311ae600d3
2026-07-10,2026-07-10 05:09:36,backfill,1,Eastern Class Championships (in Connecticut),2026,2026-10-16,98,98,live,2,2,0,221,198,246,0.8,metadata_historical_avg,roster-pending,1,0,N5v4_Final,00fa551144bffa5b,4d311ae600d3
2026-07-10,2026-07-10 05:09:36,backfill,1,Eastern Chess Congress (in New Jersey),2026,2026-10-23,105,105,live,2,2,0,469,404,513,0.8,metadata_historical_avg,roster-pending,1,0,N5v4_Final,00fa551144bffa5b,4d311ae600d3
2026-07-10,2026-07-10 05:09:36,backfill,1,Los Angeles Open,2026,2026-11-06,119,119,live,2,2,0,365,289,413,0.8,metadata_historical_avg,roster-pending,1,0,N5v4_Final,00fa551144bffa5b,4d311ae600d3
2026-07-10,2026-07-10 05:09:36,backfill,1,Kings Island Open,2026,2026-11-13,126,126,live,1,1,0,346,318,364,0.8,metadata_historical_avg,roster-pending,1,0,N5v4_Final,00fa551144bffa5b,4d311ae600d3
2026-07-10,2026-07-10 05:09:36,backfill,1,National Chess Congress,2026,2026-11-27,140,140,live,1,1,0,623,572,677,0.8,metadata_historical_avg,roster-pending,1,0,N5v4_Final,00fa551144bffa5b,4d311ae600d3
2026-07-10,2026-07-10 05:09:36,backfill,1,North American Open,2026,2026-12-26,169,169,live,8,8,0,1081,946,1199,0.8,metadata_historical_avg,roster-pending,1,0,N5v4_Final,00fa551144bffa5b,4d311ae600d3
2026-07-10,2026-07-10 05:09:36,backfill,1,Eastern Open,2026,2026-12-26,169,169,live,0,0,0,387,367,404,0.8,metadata_historical_avg,roster-pending,1,0,N5v4_Final,00fa551144bffa5b,4d311ae600d3
2026-07-11,2026-07-11 04:29:23,backfill,1,Chicago Class,2026,2026-07-17,6,6,live,132,132,0,302,283,323,0.8,model,family-direct,0,0,N5v4_Final,00fa551144bffa5b,a8b4fc04e733
2026-07-11,2026-07-11 04:29:23,backfill,1,Pittsburgh Open,2026,2026-07-17,6,6,live,83,83,6,192,177,208,0.8,model,family-direct,0,0,N5v4_Final,00fa551144bffa5b,a8b4fc04e733
2026-07-11,2026-07-11 04:29:23,backfill,1,Southern Open,2026,2026-07-17,6,6,live,117,118,1,254,211,306,0.8,metadata_pace,roster-pending,1,0,N5v4_Final,00fa551144bffa5b,a8b4fc04e733
2026-07-11,2026-07-11 04:29:23,backfill,1,Bradley Open,2026,2026-07-24,13,13,live,59,59,0,263,249,277,0.8,model,family-direct,0,0,N5v4_Final,00fa551144bffa5b,a8b4fc04e733
2026-07-11,2026-07-11 04:29:23,backfill,1,Pacific Coast Open,2026,2026-07-31,20,20,live,76,76,1,366,330,405,0.8,model,family-direct,0,0,N5v4_Final,00fa551144bffa5b,a8b4fc04e733
2026-07-11,2026-07-11 04:29:23,backfill,1,Continental Open,2026,2026-08-13,33,33,live,19,19,0,216,161,291,0.8,metadata_pace,roster-pending,1,0,N5v4_Final,00fa551144bffa5b,a8b4fc04e733
2026-07-11,2026-07-11 04:29:23,backfill,1,Central California Open,2026,2026-08-14,34,34,live,13,15,2,116,80,167,0.8,metadata_pace,roster-pending,1,0,N5v4_Final,00fa551144bffa5b,a8b4fc04e733
2026-07-11,2026-07-11 04:29:23,backfill,1,Atlantic Open,2026,2026-08-21,41,41,live,11,11,0,202,142,311,0.8,metadata_pace,roster-pending,1,0,N5v4_Final,00fa551144bffa5b,a8b4fc04e733
2026-07-11,2026-07-11 04:29:23,backfill,1,Indianapolis Open,2026,2026-08-21,41,41,live,5,5,0,186,175,198,0.8,metadata_historical_avg,roster-pending,1,0,N5v4_Final,00fa551144bffa5b,a8b4fc04e733
2026-07-11,2026-07-11 04:29:23,backfill,1,New York State Championship,2026,2026-09-04,55,55,live,15,15,0,304,237,347,0.8,metadata_historical_avg,roster-pending,1,0,N5v4_Final,00fa551144bffa5b,a8b4fc04e733
2026-07-11,2026-07-11 04:29:23,backfill,1,Midwest Class Championships,2026,2026-10-09,90,90,live,3,3,0,313,296,338,0.8,metadata_historical_avg,roster-pending,1,0,N5v4_Final,00fa551144bffa5b,a8b4fc04e733
2026-07-11,2026-07-11 04:29:23,backfill,1,Eastern Class Championships (in Connecticut),2026,2026-10-16,97,97,live,3,3,0,221,198,246,0.8,metadata_historical_avg,roster-pending,1,0,N5v4_Final,00fa551144bffa5b,a8b4fc04e733
2026-07-11,2026-07-11 04:29:23,backfill,1,Eastern Chess Congress (in New Jersey),2026,2026-10-23,104,104,live,2,2,0,469,404,513,0.8,metadata_historical_avg,roster-pending,1,0,N5v4_Final,00fa551144bffa5b,a8b4fc04e733
2026-07-11,2026-07-11 04:29:23,backfill,1,Los Angeles Open,2026,2026-11-06,118,118,live,2,2,0,365,289,413,0.8,metadata_historical_avg,roster-pending,1,0,N5v4_Final,00fa551144bffa5b,a8b4fc04e733
2026-07-11,2026-07-11 04:29:23,backfill,1,Kings Island Open,2026,2026-11-13,125,125,live,1,1,0,346,318,364,0.8,metadata_historical_avg,roster-pending,1,0,N5v4_Final,00fa551144bffa5b,a8b4fc04e733
2026-07-11,2026-07-11 04:29:23,backfill,1,National Chess Congress,2026,2026-11-27,139,139,live,2,2,0,623,572,677,0.8,metadata_historical_avg,roster-pending,1,0,N5v4_Final,00fa551144bffa5b,a8b4fc04e733
2026-07-11,2026-07-11 04:29:23,backfill,1,North American Open,2026,2026-12-26,168,168,live,8,8,0,1081,946,1199,0.8,metadata_historical_avg,roster-pending,1,0,N5v4_Final,00fa551144bffa5b,a8b4fc04e733
2026-07-11,2026-07-11 04:29:23,backfill,1,Eastern Open,2026,2026-12-26,168,168,live,0,0,0,387,367,404,0.8,metadata_historical_avg,roster-pending,1,0,N5v4_Final,00fa551144bffa5b,a8b4fc04e733
2026-07-12,2026-07-12 04:41:38,backfill,1,Chicago Class,2026,2026-07-17,5,5,live,139,139,0,285,268,304,0.8,model,family-direct,0,0,N5v4_Final,00fa551144bffa5b,4603412e7802
2026-07-12,2026-07-12 04:41:38,backfill,1,Pittsburgh Open,2026,2026-07-17,5,5,live,87,87,6,182,172,193,0.8,model,family-direct,0,0,N5v4_Final,00fa551144bffa5b,4603412e7802
2026-07-12,2026-07-12 04:41:38,backfill,1,Southern Open,2026,2026-07-17,5,5,live,126,127,1,192,159,232,0.8,metadata_pace,roster-pending,1,0,N5v4_Final,00fa551144bffa5b,4603412e7802
2026-07-12,2026-07-12 04:41:38,backfill,1,Bradley Open,2026,2026-07-24,12,12,live,64,64,0,265,249,283,0.8,model,family-direct,0,0,N5v4_Final,00fa551144bffa5b,4603412e7802
2026-07-12,2026-07-12 04:41:38,backfill,1,Pacific Coast Open,2026,2026-07-31,19,19,live,78,78,1,364,328,405,0.8,model,family-direct,0,0,N5v4_Final,00fa551144bffa5b,4603412e7802
2026-07-12,2026-07-12 04:41:38,backfill,1,Continental Open,2026,2026-08-13,32,32,live,19,19,0,216,161,291,0.8,metadata_pace,roster-pending,1,0,N5v4_Final,00fa551144bffa5b,4603412e7802
2026-07-12,2026-07-12 04:41:38,backfill,1,Central California Open,2026,2026-08-14,33,33,live,16,18,2,143,99,205,0.8,metadata_pace,roster-pending,1,0,N5v4_Final,00fa551144bffa5b,4603412e7802
2026-07-12,2026-07-12 04:41:38,backfill,1,Atlantic Open,2026,2026-08-21,40,40,live,12,12,0,220,142,340,0.8,metadata_pace,roster-pending,1,0,N5v4_Final,00fa551144bffa5b,4603412e7802
2026-07-12,2026-07-12 04:41:38,backfill,1,Indianapolis Open,2026,2026-08-21,40,40,live,7,7,0,186,175,198,0.8,metadata_historical_avg,roster-pending,1,0,N5v4_Final,00fa551144bffa5b,4603412e7802
2026-07-12,2026-07-12 04:41:38,backfill,1,New York State Championship,2026,2026-09-04,54,54,live,16,16,0,304,237,347,0.8,metadata_historical_avg,roster-pending,1,0,N5v4_Final,00fa551144bffa5b,4603412e7802
2026-07-12,2026-07-12 04:41:38,backfill,1,Midwest Class Championships,2026,2026-10-09,89,89,live,3,3,0,313,296,338,0.8,metadata_historical_avg,roster-pending,1,0,N5v4_Final,00fa551144bffa5b,4603412e7802
2026-07-12,2026-07-12 04:41:38,backfill,1,Eastern Class Championships (in Connecticut),2026,2026-10-16,96,96,live,3,3,0,221,198,246,0.8,metadata_historical_avg,roster-pending,1,0,N5v4_Final,00fa551144bffa5b,4603412e7802
2026-07-12,2026-07-12 04:41:38,backfill,1,Eastern Chess Congress (in New Jersey),2026,2026-10-23,103,103,live,2,2,0,469,404,513,0.8,metadata_historical_avg,roster-pending,1,0,N5v4_Final,00fa551144bffa5b,4603412e7802
2026-07-12,2026-07-12 04:41:38,backfill,1,Los Angeles Open,2026,2026-11-06,117,117,live,2,2,0,365,289,413,0.8,metadata_historical_avg,roster-pending,1,0,N5v4_Final,00fa551144bffa5b,4603412e7802
2026-07-12,2026-07-12 04:41:38,backfill,1,Kings Island Open,2026,2026-11-13,124,124,live,1,1,0,346,318,364,0.8,metadata_historical_avg,roster-pending,1,0,N5v4_Final,00fa551144bffa5b,4603412e7802
2026-07-12,2026-07-12 04:41:38,backfill,1,National Chess Congress,2026,2026-11-27,138,138,live,2,2,0,623,572,677,0.8,metadata_historical_avg,roster-pending,1,0,N5v4_Final,00fa551144bffa5b,4603412e7802
2026-07-12,2026-07-12 04:41:38,backfill,1,North American Open,2026,2026-12-26,167,167,live,9,9,0,1081,946,1199,0.8,metadata_historical_avg,roster-pending,1,0,N5v4_Final,00fa551144bffa5b,4603412e7802
2026-07-12,2026-07-12 04:41:38,backfill,1,Eastern Open,2026,2026-12-26,167,167,live,0,0,0,387,367,404,0.8,metadata_historical_avg,roster-pending,1,0,N5v4_Final,00fa551144bffa5b,4603412e7802
2026-07-13,2026-07-13 04:48:02,backfill,1,Chicago Class,2026,2026-07-17,4,4,live,160,160,0,286,264,310,0.8,model,family-direct,0,0,N5v4_Final,00fa551144bffa5b,c8c664d1ef8c
2026-07-13,2026-07-13 04:48:02,backfill,1,Pittsburgh Open,2026,2026-07-17,4,4,live,97,97,6,180,169,192,0.8,model,family-direct,0,0,N5v4_Final,00fa551144bffa5b,c8c664d1ef8c
2026-07-13,2026-07-13 04:48:02,backfill,1,Southern Open,2026,2026-07-17,4,4,live,140,141,1,213,176,257,0.8,metadata_pace,roster-pending,1,0,N5v4_Final,00fa551144bffa5b,c8c664d1ef8c
2026-07-13,2026-07-13 04:48:02,backfill,1,Bradley Open,2026,2026-07-24,11,11,live,66,66,0,264,245,283,0.8,model,family-direct,0,0,N5v4_Final,00fa551144bffa5b,c8c664d1ef8c
2026-07-13,2026-07-13 04:48:02,backfill,1,Pacific Coast Open,2026,2026-07-31,18,18,live,82,82,2,365,328,407,0.8,model,family-direct,0,0,N5v4_Final,00fa551144bffa5b,c8c664d1ef8c
2026-07-13,2026-07-13 04:48:02,backfill,1,Continental Open,2026,2026-08-13,31,31,live,20,20,0,228,169,307,0.8,metadata_pace,roster-pending,1,0,N5v4_Final,00fa551144bffa5b,c8c664d1ef8c
2026-07-13,2026-07-13 04:48:02,backfill,1,Central California Open,2026,2026-08-14,32,32,live,17,19,2,151,105,218,0.8,metadata_pace,roster-pending,1,0,N5v4_Final,00fa551144bffa5b,c8c664d1ef8c
2026-07-13,2026-07-13 04:48:02,backfill,1,Atlantic Open,2026,2026-08-21,39,39,live,15,15,0,275,178,424,0.8,metadata_pace,roster-pending,1,0,N5v4_Final,00fa551144bffa5b,c8c664d1ef8c
2026-07-13,2026-07-13 04:48:02,backfill,1,Indianapolis Open,2026,2026-08-21,39,39,live,8,8,0,186,175,198,0.8,metadata_historical_avg,roster-pending,1,0,N5v4_Final,00fa551144bffa5b,c8c664d1ef8c
2026-07-13,2026-07-13 04:48:02,backfill,1,New York State Championship,2026,2026-09-04,53,53,live,16,16,0,304,237,347,0.8,metadata_historical_avg,roster-pending,1,0,N5v4_Final,00fa551144bffa5b,c8c664d1ef8c
2026-07-13,2026-07-13 04:48:02,backfill,1,Midwest Class Championships,2026,2026-10-09,88,88,live,3,3,0,313,296,338,0.8,metadata_historical_avg,roster-pending,1,0,N5v4_Final,00fa551144bffa5b,c8c664d1ef8c
2026-07-13,2026-07-13 04:48:02,backfill,1,Eastern Class Championships (in Connecticut),2026,2026-10-16,95,95,live,3,3,0,221,198,246,0.8,metadata_historical_avg,roster-pending,1,0,N5v4_Final,00fa551144bffa5b,c8c664d1ef8c
2026-07-13,2026-07-13 04:48:02,backfill,1,Eastern Chess Congress (in New Jersey),2026,2026-10-23,102,102,live,2,2,0,469,404,513,0.8,metadata_historical_avg,roster-pending,1,0,N5v4_Final,00fa551144bffa5b,c8c664d1ef8c
2026-07-13,2026-07-13 04:48:02,backfill,1,Los Angeles Open,2026,2026-11-06,116,116,live,2,2,0,365,289,413,0.8,metadata_historical_avg,roster-pending,1,0,N5v4_Final,00fa551144bffa5b,c8c664d1ef8c
2026-07-13,2026-07-13 04:48:02,backfill,1,Kings Island Open,2026,2026-11-13,123,123,live,1,1,0,346,318,364,0.8,metadata_historical_avg,roster-pending,1,0,N5v4_Final,00fa551144bffa5b,c8c664d1ef8c
2026-07-13,2026-07-13 04:48:02,backfill,1,National Chess Congress,2026,2026-11-27,137,137,live,2,2,0,623,572,677,0.8,metadata_historical_avg,roster-pending,1,0,N5v4_Final,00fa551144bffa5b,c8c664d1ef8c
2026-07-13,2026-07-13 04:48:02,backfill,1,North American Open,2026,2026-12-26,166,166,live,9,9,0,1081,946,1199,0.8,metadata_historical_avg,roster-pending,1,0,N5v4_Final,00fa551144bffa5b,c8c664d1ef8c
2026-07-13,2026-07-13 04:48:02,backfill,1,Eastern Open,2026,2026-12-26,166,166,live,0,0,0,387,367,404,0.8,metadata_historical_avg,roster-pending,1,0,N5v4_Final,00fa551144bffa5b,c8c664d1ef8c
2026-07-14,2026-07-14 04:17:58,backfill,1,Chicago Class,2026,2026-07-17,3,3,live,198,198,0,306,279,336,0.8,model,family-direct,0,0,N5v4_Final,00fa551144bffa5b,38d4692d03c3
2026-07-14,2026-07-14 04:17:58,backfill,1,Pittsburgh Open,2026,2026-07-17,3,3,live,112,112,6,185,173,198,0.8,model,family-direct,0,0,N5v4_Final,00fa551144bffa5b,38d4692d03c3
2026-07-14,2026-07-14 04:17:58,backfill,1,Southern Open,2026,2026-07-17,3,3,live,158,160,2,241,199,291,0.8,metadata_pace,roster-pending,1,0,N5v4_Final,00fa551144bffa5b,38d4692d03c3
2026-07-14,2026-07-14 04:17:58,backfill,1,Bradley Open,2026,2026-07-24,10,10,live,68,68,0,262,241,286,0.8,model,family-direct,0,0,N5v4_Final,00fa551144bffa5b,38d4692d03c3
2026-07-14,2026-07-14 04:17:58,backfill,1,Pacific Coast Open,2026,2026-07-31,17,17,live,93,93,2,375,336,418,0.8,model,family-direct,0,0,N5v4_Final,00fa551144bffa5b,38d4692d03c3
2026-07-14,2026-07-14 04:17:58,backfill,1,Continental Open,2026,2026-08-13,30,30,live,20,20,0,228,169,307,0.8,metadata_pace,roster-pending,1,0,N5v4_Final,00fa551144bffa5b,38d4692d03c3
2026-07-14,2026-07-14 04:17:58,backfill,1,Central California Open,2026,2026-08-14,31,31,live,17,19,2,151,105,218,0.8,metadata_pace,roster-pending,1,0,N5v4_Final,00fa551144bffa5b,38d4692d03c3
2026-07-14,2026-07-14 04:17:58,backfill,1,Atlantic Open,2026,2026-08-21,38,38,live,16,16,0,293,190,453,0.8,metadata_pace,roster-pending,1,0,N5v4_Final,00fa551144bffa5b,38d4692d03c3
2026-07-14,2026-07-14 04:17:58,backfill,1,Indianapolis Open,2026,2026-08-21,38,38,live,8,8,0,186,175,198,0.8,metadata_historical_avg,roster-pending,1,0,N5v4_Final,00fa551144bffa5b,38d4692d03c3
2026-07-14,2026-07-14 04:17:58,backfill,1,New York State Championship,2026,2026-09-04,52,52,live,16,16,0,304,237,347,0.8,metadata_historical_avg,roster-pending,1,0,N5v4_Final,00fa551144bffa5b,38d4692d03c3
2026-07-14,2026-07-14 04:17:58,backfill,1,Midwest Class Championships,2026,2026-10-09,87,87,live,3,3,0,313,296,338,0.8,metadata_historical_avg,roster-pending,1,0,N5v4_Final,00fa551144bffa5b,38d4692d03c3
2026-07-14,2026-07-14 04:17:58,backfill,1,Eastern Class Championships (in Connecticut),2026,2026-10-16,94,94,live,3,3,0,221,198,246,0.8,metadata_historical_avg,roster-pending,1,0,N5v4_Final,00fa551144bffa5b,38d4692d03c3
2026-07-14,2026-07-14 04:17:58,backfill,1,Eastern Chess Congress (in New Jersey),2026,2026-10-23,101,101,live,2,2,0,469,404,513,0.8,metadata_historical_avg,roster-pending,1,0,N5v4_Final,00fa551144bffa5b,38d4692d03c3
2026-07-14,2026-07-14 04:17:58,backfill,1,Los Angeles Open,2026,2026-11-06,115,115,live,2,2,0,365,289,413,0.8,metadata_historical_avg,roster-pending,1,0,N5v4_Final,00fa551144bffa5b,38d4692d03c3
2026-07-14,2026-07-14 04:17:58,backfill,1,Kings Island Open,2026,2026-11-13,122,122,live,1,1,0,346,318,364,0.8,metadata_historical_avg,roster-pending,1,0,N5v4_Final,00fa551144bffa5b,38d4692d03c3
2026-07-14,2026-07-14 04:17:58,backfill,1,National Chess Congress,2026,2026-11-27,136,136,live,2,2,0,623,572,677,0.8,metadata_historical_avg,roster-pending,1,0,N5v4_Final,00fa551144bffa5b,38d4692d03c3
2026-07-14,2026-07-14 04:17:58,backfill,1,North American Open,2026,2026-12-26,165,165,live,10,10,0,1081,946,1199,0.8,metadata_historical_avg,roster-pending,1,0,N5v4_Final,00fa551144bffa5b,38d4692d03c3
2026-07-14,2026-07-14 04:17:58,backfill,1,Eastern Open,2026,2026-12-26,165,165,live,0,0,0,387,367,404,0.8,metadata_historical_avg,roster-pending,1,0,N5v4_Final,00fa551144bffa5b,38d4692d03c3
2026-07-15,2026-07-15 04:17:48,backfill,1,Chicago Class,2026,2026-07-17,2,2,live,247,247,0,318,303,333,0.8,model,family-direct,0,0,N5v4_Final,00fa551144bffa5b,52e0c20794ec
2026-07-15,2026-07-15 04:17:48,backfill,1,Pittsburgh Open,2026,2026-07-17,2,2,live,139,139,6,186,177,195,0.8,model,family-direct,0,0,N5v4_Final,00fa551144bffa5b,52e0c20794ec
2026-07-15,2026-07-15 04:17:48,backfill,1,Southern Open,2026,2026-07-17,2,2,live,172,174,2,191,179,203,0.8,metadata_pace,roster-pending,1,0,N5v4_Final,00fa551144bffa5b,52e0c20794ec
2026-07-15,2026-07-15 04:17:48,backfill,1,Bradley Open,2026,2026-07-24,9,9,live,75,75,0,263,245,283,0.8,model,family-direct,0,0,N5v4_Final,00fa551144bffa5b,52e0c20794ec
2026-07-15,2026-07-15 04:17:48,backfill,1,Pacific Coast Open,2026,2026-07-31,16,16,live,98,98,2,376,336,421,0.8,model,family-direct,0,0,N5v4_Final,00fa551144bffa5b,52e0c20794ec
2026-07-15,2026-07-15 04:17:48,backfill,1,Continental Open,2026,2026-08-13,29,29,live,20,20,0,228,169,307,0.8,metadata_pace,roster-pending,1,0,N5v4_Final,00fa551144bffa5b,52e0c20794ec
2026-07-15,2026-07-15 04:17:48,backfill,1,Central California Open,2026,2026-08-14,30,30,live,17,19,2,151,105,218,0.8,metadata_pace,roster-pending,1,0,N5v4_Final,00fa551144bffa5b,52e0c20794ec
2026-07-15,2026-07-15 04:17:48,backfill,1,Atlantic Open,2026,2026-08-21,37,37,live,16,16,0,293,190,453,0.8,metadata_pace,roster-pending,1,0,N5v4_Final,00fa551144bffa5b,52e0c20794ec
2026-07-15,2026-07-15 04:17:48,backfill,1,Indianapolis Open,2026,2026-08-21,37,37,live,11,11,0,234,127,306,0.8,metadata_pace,roster-pending,1,0,N5v4_Final,00fa551144bffa5b,52e0c20794ec
2026-07-15,2026-07-15 04:17:48,backfill,1,New York State Championship,2026,2026-09-04,51,51,live,16,16,0,304,237,347,0.8,metadata_historical_avg,roster-pending,1,0,N5v4_Final,00fa551144bffa5b,52e0c20794ec
2026-07-15,2026-07-15 04:17:48,backfill,1,Midwest Class Championships,2026,2026-10-09,86,86,live,3,3,0,313,296,338,0.8,metadata_historical_avg,roster-pending,1,0,N5v4_Final,00fa551144bffa5b,52e0c20794ec
2026-07-15,2026-07-15 04:17:48,backfill,1,Eastern Class Championships (in Connecticut),2026,2026-10-16,93,93,live,3,3,0,221,198,246,0.8,metadata_historical_avg,roster-pending,1,0,N5v4_Final,00fa551144bffa5b,52e0c20794ec
2026-07-15,2026-07-15 04:17:48,backfill,1,Eastern Chess Congress (in New Jersey),2026,2026-10-23,100,100,live,2,2,0,469,404,513,0.8,metadata_historical_avg,roster-pending,1,0,N5v4_Final,00fa551144bffa5b,52e0c20794ec
2026-07-15,2026-07-15 04:17:48,backfill,1,Los Angeles Open,2026,2026-11-06,114,114,live,2,2,0,365,289,413,0.8,metadata_historical_avg,roster-pending,1,0,N5v4_Final,00fa551144bffa5b,52e0c20794ec
2026-07-15,2026-07-15 04:17:48,backfill,1,Kings Island Open,2026,2026-11-13,121,121,live,1,1,0,346,318,364,0.8,metadata_historical_avg,roster-pending,1,0,N5v4_Final,00fa551144bffa5b,52e0c20794ec
2026-07-15,2026-07-15 04:17:48,backfill,1,National Chess Congress,2026,2026-11-27,135,135,live,2,2,0,623,572,677,0.8,metadata_historical_avg,roster-pending,1,0,N5v4_Final,00fa551144bffa5b,52e0c20794ec
2026-07-15,2026-07-15 04:17:48,backfill,1,North American Open,2026,2026-12-26,164,164,live,11,11,0,1081,946,1199,0.8,metadata_historical_avg,roster-pending,1,0,N5v4_Final,00fa551144bffa5b,52e0c20794ec
2026-07-15,2026-07-15 04:17:48,backfill,1,Eastern Open,2026,2026-12-26,164,164,live,0,0,0,387,367,404,0.8,metadata_historical_avg,roster-pending,1,0,N5v4_Final,00fa551144bffa5b,52e0c20794ec
2026-07-16,2026-07-16 04:26:55,backfill,1,Chicago Class,2026,2026-07-17,1,1,live,256,256,0,283,267,300,0.8,model,family-direct,0,0,N5v4_Final,00fa551144bffa5b,f7f0229b0082
2026-07-16,2026-07-16 04:26:55,backfill,1,Pittsburgh Open,2026,2026-07-17,1,1,live,145,145,6,162,153,172,0.8,model,family-direct,0,0,N5v4_Final,00fa551144bffa5b,f7f0229b0082
2026-07-16,2026-07-16 04:26:55,backfill,1,Southern Open,2026,2026-07-17,1,1,live,175,177,2,194,182,207,0.8,metadata_pace,roster-pending,1,0,N5v4_Final,00fa551144bffa5b,f7f0229b0082
2026-07-16,2026-07-16 04:26:55,backfill,1,Bradley Open,2026,2026-07-24,8,8,live,80,80,0,261,247,277,0.8,model,family-direct,0,0,N5v4_Final,00fa551144bffa5b,f7f0229b0082
2026-07-16,2026-07-16 04:26:55,backfill,1,Pacific Coast Open,2026,2026-07-31,15,15,live,104,104,2,379,338,425,0.8,model,family-direct,0,0,N5v4_Final,00fa551144bffa5b,f7f0229b0082
2026-07-16,2026-07-16 04:26:55,backfill,1,Continental Open,2026,2026-08-13,28,28,live,22,22,0,251,186,337,0.8,metadata_pace,roster-pending,1,0,N5v4_Final,00fa551144bffa5b,f7f0229b0082
2026-07-16,2026-07-16 04:26:55,backfill,1,Central California Open,2026,2026-08-14,29,29,live,17,19,2,151,105,218,0.8,metadata_pace,roster-pending,1,0,N5v4_Final,00fa551144bffa5b,f7f0229b0082
2026-07-16,2026-07-16 04:26:55,backfill,1,Atlantic Open,2026,2026-08-21,36,36,live,16,16,0,293,190,453,0.8,metadata_pace,roster-pending,1,0,N5v4_Final,00fa551144bffa5b,f7f0229b0082
2026-07-16,2026-07-16 04:26:55,backfill,1,Indianapolis Open,2026,2026-08-21,36,36,live,11,11,0,234,127,306,0.8,metadata_pace,roster-pending,1,0,N5v4_Final,00fa551144bffa5b,f7f0229b0082
2026-07-16,2026-07-16 04:26:55,backfill,1,New York State Championship,2026,2026-09-04,50,50,live,17,17,0,304,237,347,0.8,metadata_historical_avg,roster-pending,1,0,N5v4_Final,00fa551144bffa5b,f7f0229b0082
2026-07-16,2026-07-16 04:26:55,backfill,1,Midwest Class Championships,2026,2026-10-09,85,85,live,3,3,0,313,296,338,0.8,metadata_historical_avg,roster-pending,1,0,N5v4_Final,00fa551144bffa5b,f7f0229b0082
2026-07-16,2026-07-16 04:26:55,backfill,1,Eastern Class Championships (in Connecticut),2026,2026-10-16,92,92,live,3,3,0,221,198,246,0.8,metadata_historical_avg,roster-pending,1,0,N5v4_Final,00fa551144bffa5b,f7f0229b0082
2026-07-16,2026-07-16 04:26:55,backfill,1,Eastern Chess Congress (in New Jersey),2026,2026-10-23,99,99,live,2,2,0,469,404,513,0.8,metadata_historical_avg,roster-pending,1,0,N5v4_Final,00fa551144bffa5b,f7f0229b0082
2026-07-16,2026-07-16 04:26:55,backfill,1,Los Angeles Open,2026,2026-11-06,113,113,live,2,2,0,365,289,413,0.8,metadata_historical_avg,roster-pending,1,0,N5v4_Final,00fa551144bffa5b,f7f0229b0082
2026-07-16,2026-07-16 04:26:55,backfill,1,Kings Island Open,2026,2026-11-13,120,120,live,1,1,0,346,318,364,0.8,metadata_historical_avg,roster-pending,1,0,N5v4_Final,00fa551144bffa5b,f7f0229b0082
2026-07-16,2026-07-16 04:26:55,backfill,1,National Chess Congress,2026,2026-11-27,134,134,live,2,2,0,623,572,677,0.8,metadata_historical_avg,roster-pending,1,0,N5v4_Final,00fa551144bffa5b,f7f0229b0082
2026-07-16,2026-07-16 04:26:55,backfill,1,North American Open,2026,2026-12-26,163,163,live,12,12,0,1081,946,1199,0.8,metadata_historical_avg,roster-pending,1,0,N5v4_Final,00fa551144bffa5b,f7f0229b0082
2026-07-16,2026-07-16 04:26:55,backfill,1,Eastern Open,2026,2026-12-26,163,163,live,0,0,0,387,367,404,0.8,metadata_historical_avg,roster-pending,1,0,N5v4_Final,00fa551144bffa5b,f7f0229b0082
2026-07-17,2026-07-17 04:26:30,backfill,1,Chicago Class,2026,2026-07-17,0,1,live,274,274,0,290,274,310,0.8,model_online_window,,0,0,N5v4_Final,00fa551144bffa5b,59d64e618194
2026-07-17,2026-07-17 04:26:30,backfill,1,Pittsburgh Open,2026,2026-07-17,0,1,live,156,156,6,165,156,176,0.8,model_online_window,,0,0,N5v4_Final,00fa551144bffa5b,59d64e618194
2026-07-17,2026-07-17 04:26:30,backfill,1,Southern Open,2026,2026-07-17,0,2,live,181,186,5,181,181,181,0.8,in_progress_actual,roster-pending,1,0,N5v4_Final,00fa551144bffa5b,59d64e618194
2026-07-17,2026-07-17 04:26:30,backfill,1,Bradley Open,2026,2026-07-24,7,7,live,84,84,0,261,244,278,0.8,model,family-direct,0,0,N5v4_Final,00fa551144bffa5b,59d64e618194
2026-07-17,2026-07-17 04:26:30,backfill,1,Pacific Coast Open,2026,2026-07-31,14,14,live,111,111,2,382,340,429,0.8,model,family-direct,0,0,N5v4_Final,00fa551144bffa5b,59d64e618194
2026-07-17,2026-07-17 04:26:30,backfill,1,Continental Open,2026,2026-08-13,27,27,live,23,23,0,262,195,353,0.8,metadata_pace,roster-pending,1,0,N5v4_Final,00fa551144bffa5b,59d64e618194
2026-07-17,2026-07-17 04:26:30,backfill,1,Central California Open,2026,2026-08-14,28,28,live,17,19,2,151,105,218,0.8,metadata_pace,roster-pending,1,0,N5v4_Final,00fa551144bffa5b,59d64e618194
2026-07-17,2026-07-17 04:26:30,backfill,1,Atlantic Open,2026,2026-08-21,35,35,live,16,16,0,143,142,184,0.8,metadata_pace,roster-pending,1,0,N5v4_Final,00fa551144bffa5b,59d64e618194
2026-07-17,2026-07-17 04:26:30,backfill,1,Indianapolis Open,2026,2026-08-21,35,35,live,11,11,0,102,102,138,0.8,metadata_pace,roster-pending,1,0,N5v4_Final,00fa551144bffa5b,59d64e618194
2026-07-17,2026-07-17 04:26:30,backfill,1,New York State Championship,2026,2026-09-04,49,49,live,18,18,0,304,237,347,0.8,metadata_historical_avg,roster-pending,1,0,N5v4_Final,00fa551144bffa5b,59d64e618194
2026-07-17,2026-07-17 04:26:30,backfill,1,Midwest Class Championships,2026,2026-10-09,84,84,live,3,3,0,313,296,338,0.8,metadata_historical_avg,roster-pending,1,0,N5v4_Final,00fa551144bffa5b,59d64e618194
2026-07-17,2026-07-17 04:26:30,backfill,1,Eastern Class Championships (in Connecticut),2026,2026-10-16,91,91,live,3,3,0,221,198,246,0.8,metadata_historical_avg,roster-pending,1,0,N5v4_Final,00fa551144bffa5b,59d64e618194
2026-07-17,2026-07-17 04:26:30,backfill,1,Eastern Chess Congress (in New Jersey),2026,2026-10-23,98,98,live,2,2,0,469,404,513,0.8,metadata_historical_avg,roster-pending,1,0,N5v4_Final,00fa551144bffa5b,59d64e618194
2026-07-17,2026-07-17 04:26:30,backfill,1,Los Angeles Open,2026,2026-11-06,112,112,live,2,2,0,365,289,413,0.8,metadata_historical_avg,roster-pending,1,0,N5v4_Final,00fa551144bffa5b,59d64e618194
2026-07-17,2026-07-17 04:26:30,backfill,1,Kings Island Open,2026,2026-11-13,119,119,live,1,1,0,346,318,364,0.8,metadata_historical_avg,roster-pending,1,0,N5v4_Final,00fa551144bffa5b,59d64e618194
2026-07-17,2026-07-17 04:26:30,backfill,1,National Chess Congress,2026,2026-11-27,133,133,live,2,2,0,623,572,677,0.8,metadata_historical_avg,roster-pending,1,0,N5v4_Final,00fa551144bffa5b,59d64e618194
2026-07-17,2026-07-17 04:26:30,backfill,1,North American Open,2026,2026-12-26,162,162,live,13,13,0,1081,946,1199,0.8,metadata_historical_avg,roster-pending,1,0,N5v4_Final,00fa551144bffa5b,59d64e618194
2026-07-17,2026-07-17 04:26:30,backfill,1,Eastern Open,2026,2026-12-26,162,162,live,0,0,0,387,367,404,0.8,metadata_historical_avg,roster-pending,1,0,N5v4_Final,00fa551144bffa5b,59d64e618194
2026-07-18,2026-07-18 04:15:28,backfill,1,Chicago Class,2026,2026-07-17,-1,0,live,286,286,0,286,286,286,0.8,live_scrape,,0,0,N5v4_Final,00fa551144bffa5b,0e78af568145
2026-07-18,2026-07-18 04:15:28,backfill,1,Pittsburgh Open,2026,2026-07-17,-1,0,live,169,169,12,169,169,169,0.8,live_scrape,,0,0,N5v4_Final,00fa551144bffa5b,0e78af568145
2026-07-18,2026-07-18 04:15:28,backfill,1,Southern Open,2026,2026-07-17,-1,1,live,197,203,6,197,197,197,0.8,in_progress_actual,roster-pending,1,0,N5v4_Final,00fa551144bffa5b,0e78af568145
2026-07-18,2026-07-18 04:15:28,backfill,1,Bradley Open,2026,2026-07-24,6,6,live,93,93,0,259,242,276,0.8,model,family-direct,0,0,N5v4_Final,00fa551144bffa5b,0e78af568145
2026-07-18,2026-07-18 04:15:28,backfill,1,Pacific Coast Open,2026,2026-07-31,13,13,live,122,122,2,386,347,431,0.8,model,family-direct,0,0,N5v4_Final,00fa551144bffa5b,0e78af568145
2026-07-18,2026-07-18 04:15:28,backfill,1,Continental Open,2026,2026-08-13,26,26,live,23,23,0,262,195,353,0.8,metadata_pace,roster-pending,1,0,N5v4_Final,00fa551144bffa5b,0e78af568145
2026-07-18,2026-07-18 04:15:28,backfill,1,Central California Open,2026,2026-08-14,27,27,live,17,19,2,151,105,218,0.8,metadata_pace,roster-pending,1,0,N5v4_Final,00fa551144bffa5b,0e78af568145
2026-07-18,2026-07-18 04:15:28,backfill,1,Atlantic Open,2026,2026-08-21,34,34,live,17,17,0,152,142,195,0.8,metadata_pace,roster-pending,1,0,N5v4_Final,00fa551144bffa5b,0e78af568145
2026-07-18,2026-07-18 04:15:28,backfill,1,Indianapolis Open,2026,2026-08-21,34,34,live,11,11,0,102,102,138,0.8,metadata_pace,roster-pending,1,0,N5v4_Final,00fa551144bffa5b,0e78af568145
2026-07-18,2026-07-18 04:15:28,backfill,1,New York State Championship,2026,2026-09-04,48,48,live,18,18,0,304,237,347,0.8,metadata_historical_avg,roster-pending,1,0,N5v4_Final,00fa551144bffa5b,0e78af568145
2026-07-18,2026-07-18 04:15:28,backfill,1,Midwest Class Championships,2026,2026-10-09,83,83,live,3,3,0,313,296,338,0.8,metadata_historical_avg,roster-pending,1,0,N5v4_Final,00fa551144bffa5b,0e78af568145
2026-07-18,2026-07-18 04:15:28,backfill,1,Eastern Class Championships (in Connecticut),2026,2026-10-16,90,90,live,3,3,0,221,198,246,0.8,metadata_historical_avg,roster-pending,1,0,N5v4_Final,00fa551144bffa5b,0e78af568145
2026-07-18,2026-07-18 04:15:28,backfill,1,Eastern Chess Congress (in New Jersey),2026,2026-10-23,97,97,live,2,2,0,469,404,513,0.8,metadata_historical_avg,roster-pending,1,0,N5v4_Final,00fa551144bffa5b,0e78af568145
2026-07-18,2026-07-18 04:15:28,backfill,1,Los Angeles Open,2026,2026-11-06,111,111,live,2,2,0,365,289,413,0.8,metadata_historical_avg,roster-pending,1,0,N5v4_Final,00fa551144bffa5b,0e78af568145
2026-07-18,2026-07-18 04:15:28,backfill,1,Kings Island Open,2026,2026-11-13,118,118,live,1,1,0,346,318,364,0.8,metadata_historical_avg,roster-pending,1,0,N5v4_Final,00fa551144bffa5b,0e78af568145
2026-07-18,2026-07-18 04:15:28,backfill,1,National Chess Congress,2026,2026-11-27,132,132,live,2,2,0,623,572,677,0.8,metadata_historical_avg,roster-pending,1,0,N5v4_Final,00fa551144bffa5b,0e78af568145
2026-07-18,2026-07-18 04:15:28,backfill,1,North American Open,2026,2026-12-26,161,161,live,13,13,0,1081,946,1199,0.8,metadata_historical_avg,roster-pending,1,0,N5v4_Final,00fa551144bffa5b,0e78af568145
2026-07-18,2026-07-18 04:15:28,backfill,1,Eastern Open,2026,2026-12-26,161,161,live,0,0,0,387,367,404,0.8,metadata_historical_avg,roster-pending,1,0,N5v4_Final,00fa551144bffa5b,0e78af568145
2026-07-19,2026-07-19 04:37:06,backfill,1,Chicago Class,2026,2026-07-17,-2,0,live,288,288,0,288,288,288,0.8,live_scrape,,0,0,N5v4_Final,00fa551144bffa5b,8ac821207ecb
2026-07-19,2026-07-19 04:37:06,backfill,1,Pittsburgh Open,2026,2026-07-17,-2,0,live,170,170,13,170,170,170,0.8,live_scrape,,0,0,N5v4_Final,00fa551144bffa5b,8ac821207ecb
2026-07-19,2026-07-19 04:37:06,backfill,1,Southern Open,2026,2026-07-17,-2,0,live,200,206,6,200,200,200,0.8,in_progress_actual,roster-pending,1,0,N5v4_Final,00fa551144bffa5b,8ac821207ecb
2026-07-19,2026-07-19 04:37:06,backfill,1,Bradley Open,2026,2026-07-24,5,5,live,97,97,0,241,229,254,0.8,model,family-direct,0,0,N5v4_Final,00fa551144bffa5b,8ac821207ecb
2026-07-19,2026-07-19 04:37:06,backfill,1,Pacific Coast Open,2026,2026-07-31,12,12,live,133,133,2,390,353,431,0.8,model,family-direct,0,0,N5v4_Final,00fa551144bffa5b,8ac821207ecb
2026-07-19,2026-07-19 04:37:06,backfill,1,Continental Open,2026,2026-08-13,25,25,live,23,23,0,262,195,353,0.8,metadata_pace,roster-pending,1,0,N5v4_Final,00fa551144bffa5b,8ac821207ecb
2026-07-19,2026-07-19 04:37:06,backfill,1,Central California Open,2026,2026-08-14,26,26,live,18,20,2,160,111,231,0.8,metadata_pace,roster-pending,1,0,N5v4_Final,00fa551144bffa5b,8ac821207ecb
2026-07-19,2026-07-19 04:37:06,backfill,1,Atlantic Open,2026,2026-08-21,33,33,live,19,19,0,170,142,218,0.8,metadata_pace,roster-pending,1,0,N5v4_Final,00fa551144bffa5b,8ac821207ecb
2026-07-19,2026-07-19 04:37:06,backfill,1,Indianapolis Open,2026,2026-08-21,33,33,live,11,11,0,102,102,138,0.8,metadata_pace,roster-pending,1,0,N5v4_Final,00fa551144bffa5b,8ac821207ecb
2026-07-19,2026-07-19 04:37:06,backfill,1,New York State Championship,2026,2026-09-04,47,47,live,18,18,0,304,237,347,0.8,metadata_historical_avg,roster-pending,1,0,N5v4_Final,00fa551144bffa5b,8ac821207ecb
2026-07-19,2026-07-19 04:37:06,backfill,1,Midwest Class Championships,2026,2026-10-09,82,82,live,3,3,0,313,296,338,0.8,metadata_historical_avg,roster-pending,1,0,N5v4_Final,00fa551144bffa5b,8ac821207ecb
2026-07-19,2026-07-19 04:37:06,backfill,1,Eastern Class Championships (in Connecticut),2026,2026-10-16,89,89,live,3,3,0,221,198,246,0.8,metadata_historical_avg,roster-pending,1,0,N5v4_Final,00fa551144bffa5b,8ac821207ecb
2026-07-19,2026-07-19 04:37:06,backfill,1,Eastern Chess Congress (in New Jersey),2026,2026-10-23,96,96,live,2,2,0,469,404,513,0.8,metadata_historical_avg,roster-pending,1,0,N5v4_Final,00fa551144bffa5b,8ac821207ecb
2026-07-19,2026-07-19 04:37:06,backfill,1,Los Angeles Open,2026,2026-11-06,110,110,live,2,2,0,365,289,413,0.8,metadata_historical_avg,roster-pending,1,0,N5v4_Final,00fa551144bffa5b,8ac821207ecb
2026-07-19,2026-07-19 04:37:06,backfill,1,Kings Island Open,2026,2026-11-13,117,117,live,1,1,0,346,318,364,0.8,metadata_historical_avg,roster-pending,1,0,N5v4_Final,00fa551144bffa5b,8ac821207ecb
2026-07-19,2026-07-19 04:37:06,backfill,1,National Chess Congress,2026,2026-11-27,131,131,live,2,2,0,623,572,677,0.8,metadata_historical_avg,roster-pending,1,0,N5v4_Final,00fa551144bffa5b,8ac821207ecb
2026-07-19,2026-07-19 04:37:06,backfill,1,North American Open,2026,2026-12-26,160,160,live,13,13,0,1081,946,1199,0.8,metadata_historical_avg,roster-pending,1,0,N5v4_Final,00fa551144bffa5b,8ac821207ecb
2026-07-19,2026-07-19 04:37:06,backfill,1,Eastern Open,2026,2026-12-26,160,160,live,0,0,0,387,367,404,0.8,metadata_historical_avg,roster-pending,1,0,N5v4_Final,00fa551144bffa5b,8ac821207ecb
2026-07-20,2026-07-20 04:53:27,backfill,1,Bradley Open,2026,2026-07-24,4,4,live,108,108,0,235,223,247,0.8,model,family-direct,0,0,N5v4_Final,00fa551144bffa5b,a4192f2e1510
2026-07-20,2026-07-20 04:53:27,backfill,1,Pacific Coast Open,2026,2026-07-31,11,11,live,146,146,2,395,363,430,0.8,model,family-direct,0,0,N5v4_Final,00fa551144bffa5b,a4192f2e1510
2026-07-20,2026-07-20 04:53:27,backfill,1,Continental Open,2026,2026-08-13,24,24,live,24,24,0,273,203,368,0.8,metadata_pace,roster-pending,1,0,N5v4_Final,00fa551144bffa5b,a4192f2e1510
2026-07-20,2026-07-20 04:53:27,backfill,1,Central California Open,2026,2026-08-14,25,25,live,19,21,2,169,118,244,0.8,metadata_pace,roster-pending,1,0,N5v4_Final,00fa551144bffa5b,a4192f2e1510
2026-07-20,2026-07-20 04:53:27,backfill,1,Atlantic Open,2026,2026-08-21,32,32,live,22,22,0,197,153,253,0.8,metadata_pace,roster-pending,1,0,N5v4_Final,00fa551144bffa5b,a4192f2e1510
2026-07-20,2026-07-20 04:53:27,backfill,1,Indianapolis Open,2026,2026-08-21,32,32,live,12,12,0,110,102,150,0.8,metadata_pace,roster-pending,1,0,N5v4_Final,00fa551144bffa5b,a4192f2e1510
2026-07-20,2026-07-20 04:53:27,backfill,1,New York State Championship,2026,2026-09-04,46,46,live,20,20,0,304,237,347,0.8,metadata_historical_avg,roster-pending,1,0,N5v4_Final,00fa551144bffa5b,a4192f2e1510
2026-07-20,2026-07-20 04:53:27,backfill,1,Midwest Class Championships,2026,2026-10-09,81,81,live,3,3,0,313,296,338,0.8,metadata_historical_avg,roster-pending,1,0,N5v4_Final,00fa551144bffa5b,a4192f2e1510
2026-07-20,2026-07-20 04:53:27,backfill,1,Eastern Class Championships (in Connecticut),2026,2026-10-16,88,88,live,3,3,0,221,198,246,0.8,metadata_historical_avg,roster-pending,1,0,N5v4_Final,00fa551144bffa5b,a4192f2e1510
2026-07-20,2026-07-20 04:53:27,backfill,1,Eastern Chess Congress (in New Jersey),2026,2026-10-23,95,95,live,2,2,0,469,404,513,0.8,metadata_historical_avg,roster-pending,1,0,N5v4_Final,00fa551144bffa5b,a4192f2e1510
2026-07-20,2026-07-20 04:53:27,backfill,1,Los Angeles Open,2026,2026-11-06,109,109,live,2,2,0,365,289,413,0.8,metadata_historical_avg,roster-pending,1,0,N5v4_Final,00fa551144bffa5b,a4192f2e1510
2026-07-20,2026-07-20 04:53:27,backfill,1,Kings Island Open,2026,2026-11-13,116,116,live,1,1,0,346,318,364,0.8,metadata_historical_avg,roster-pending,1,0,N5v4_Final,00fa551144bffa5b,a4192f2e1510
2026-07-20,2026-07-20 04:53:27,backfill,1,National Chess Congress,2026,2026-11-27,130,130,live,2,2,0,623,572,677,0.8,metadata_historical_avg,roster-pending,1,0,N5v4_Final,00fa551144bffa5b,a4192f2e1510
2026-07-20,2026-07-20 04:53:27,backfill,1,North American Open,2026,2026-12-26,159,159,live,13,13,0,1081,946,1199,0.8,metadata_historical_avg,roster-pending,1,0,N5v4_Final,00fa551144bffa5b,a4192f2e1510
2026-07-20,2026-07-20 04:53:27,backfill,1,Eastern Open,2026,2026-12-26,159,159,live,0,0,0,387,367,404,0.8,metadata_historical_avg,roster-pending,1,0,N5v4_Final,00fa551144bffa5b,a4192f2e1510
2026-07-21,2026-07-21 04:33:16,backfill,1,Bradley Open,2026,2026-07-24,3,3,live,135,135,0,245,230,261,0.8,model,family-direct,0,0,N5v4_Final,00fa551144bffa5b,bf828a3caa4f
2026-07-21,2026-07-21 04:33:16,backfill,1,Pacific Coast Open,2026,2026-07-31,10,10,live,153,153,1,393,360,430,0.8,model,family-direct,0,0,N5v4_Final,00fa551144bffa5b,bf828a3caa4f
2026-07-21,2026-07-21 04:33:16,backfill,1,Continental Open,2026,2026-08-13,23,23,live,25,25,0,285,212,383,0.8,metadata_pace,roster-pending,1,0,N5v4_Final,00fa551144bffa5b,bf828a3caa4f
2026-07-21,2026-07-21 04:33:16,backfill,1,Central California Open,2026,2026-08-14,24,24,live,20,22,2,178,124,256,0.8,metadata_pace,roster-pending,1,0,N5v4_Final,00fa551144bffa5b,bf828a3caa4f
2026-07-21,2026-07-21 04:33:16,backfill,1,Atlantic Open,2026,2026-08-21,31,31,live,22,22,0,197,153,253,0.8,metadata_pace,roster-pending,1,0,N5v4_Final,00fa551144bffa5b,bf828a3caa4f
2026-07-21,2026-07-21 04:33:16,backfill,1,Indianapolis Open,2026,2026-08-21,31,31,live,12,12,0,110,102,150,0.8,metadata_pace,roster-pending,1,0,N5v4_Final,00fa551144bffa5b,bf828a3caa4f
2026-07-21,2026-07-21 04:33:16,backfill,1,New York State Championship,2026,2026-09-04,45,45,live,21,21,0,399,245,522,0.8,metadata_pace,roster-pending,1,0,N5v4_Final,00fa551144bffa5b,bf828a3caa4f
2026-07-21,2026-07-21 04:33:16,backfill,1,Midwest Class Championships,2026,2026-10-09,80,80,live,3,3,0,313,296,338,0.8,metadata_historical_avg,roster-pending,1,0,N5v4_Final,00fa551144bffa5b,bf828a3caa4f
2026-07-21,2026-07-21 04:33:16,backfill,1,Eastern Class Championships (in Connecticut),2026,2026-10-16,87,87,live,3,3,0,221,198,246,0.8,metadata_historical_avg,roster-pending,1,0,N5v4_Final,00fa551144bffa5b,bf828a3caa4f
2026-07-21,2026-07-21 04:33:16,backfill,1,Eastern Chess Congress (in New Jersey),2026,2026-10-23,94,94,live,2,2,0,469,404,513,0.8,metadata_historical_avg,roster-pending,1,0,N5v4_Final,00fa551144bffa5b,bf828a3caa4f
2026-07-21,2026-07-21 04:33:16,backfill,1,Los Angeles Open,2026,2026-11-06,108,108,live,2,2,0,365,289,413,0.8,metadata_historical_avg,roster-pending,1,0,N5v4_Final,00fa551144bffa5b,bf828a3caa4f
2026-07-21,2026-07-21 04:33:16,backfill,1,Kings Island Open,2026,2026-11-13,115,115,live,2,2,0,346,318,364,0.8,metadata_historical_avg,roster-pending,1,0,N5v4_Final,00fa551144bffa5b,bf828a3caa4f
2026-07-21,2026-07-21 04:33:16,backfill,1,National Chess Congress,2026,2026-11-27,129,129,live,2,2,0,623,572,677,0.8,metadata_historical_avg,roster-pending,1,0,N5v4_Final,00fa551144bffa5b,bf828a3caa4f
2026-07-21,2026-07-21 04:33:16,backfill,1,North American Open,2026,2026-12-26,158,158,live,13,13,0,1081,946,1199,0.8,metadata_historical_avg,roster-pending,1,0,N5v4_Final,00fa551144bffa5b,bf828a3caa4f
2026-07-21,2026-07-21 04:33:16,backfill,1,Eastern Open,2026,2026-12-26,158,158,live,0,0,0,387,367,404,0.8,metadata_historical_avg,roster-pending,1,0,N5v4_Final,00fa551144bffa5b,bf828a3caa4f
2026-07-23,2026-07-23 04:35:27,backfill,1,Bradley Open,2026,2026-07-24,1,1,live,190,190,0,226,213,240,0.8,model,family-direct,0,0,N5v4_Final,00fa551144bffa5b,3b7b0ee30469
2026-07-23,2026-07-23 04:35:27,backfill,1,Pacific Coast Open,2026,2026-07-31,8,8,live,185,185,1,400,370,432,0.8,model,family-direct,0,0,N5v4_Final,00fa551144bffa5b,3b7b0ee30469
2026-07-23,2026-07-23 04:35:27,backfill,1,Continental Open,2026,2026-08-13,21,21,live,28,28,0,146,146,164,0.8,metadata_pace,roster-pending,1,0,N5v4_Final,00fa551144bffa5b,3b7b0ee30469
2026-07-23,2026-07-23 04:35:27,backfill,1,Central California Open,2026,2026-08-14,22,22,live,21,23,2,187,130,269,0.8,metadata_pace,roster-pending,1,0,N5v4_Final,00fa551144bffa5b,3b7b0ee30469
2026-07-23,2026-07-23 04:35:27,backfill,1,Atlantic Open,2026,2026-08-21,29,29,live,25,25,0,223,174,287,0.8,metadata_pace,roster-pending,1,0,N5v4_Final,00fa551144bffa5b,3b7b0ee30469
2026-07-23,2026-07-23 04:35:27,backfill,1,Indianapolis Open,2026,2026-08-21,29,29,live,19,19,0,174,128,238,0.8,metadata_pace,roster-pending,1,0,N5v4_Final,00fa551144bffa5b,3b7b0ee30469
2026-07-23,2026-07-23 04:35:27,backfill,1,New York State Championship,2026,2026-09-04,43,43,live,22,22,0,418,257,522,0.8,metadata_pace,roster-pending,1,0,N5v4_Final,00fa551144bffa5b,3b7b0ee30469
2026-07-23,2026-07-23 04:35:27,backfill,1,Midwest Class Championships,2026,2026-10-09,78,78,live,3,3,0,313,296,338,0.8,metadata_historical_avg,roster-pending,1,0,N5v4_Final,00fa551144bffa5b,3b7b0ee30469
2026-07-23,2026-07-23 04:35:27,backfill,1,Eastern Class Championships (in Connecticut),2026,2026-10-16,85,85,live,3,3,0,221,198,246,0.8,metadata_historical_avg,roster-pending,1,0,N5v4_Final,00fa551144bffa5b,3b7b0ee30469
2026-07-23,2026-07-23 04:35:27,backfill,1,Eastern Chess Congress (in New Jersey),2026,2026-10-23,92,92,live,2,2,0,469,404,513,0.8,metadata_historical_avg,roster-pending,1,0,N5v4_Final,00fa551144bffa5b,3b7b0ee30469
2026-07-23,2026-07-23 04:35:27,backfill,1,Los Angeles Open,2026,2026-11-06,106,106,live,2,2,0,365,289,413,0.8,metadata_historical_avg,roster-pending,1,0,N5v4_Final,00fa551144bffa5b,3b7b0ee30469
2026-07-23,2026-07-23 04:35:27,backfill,1,Kings Island Open,2026,2026-11-13,113,113,live,2,2,0,346,318,364,0.8,metadata_historical_avg,roster-pending,1,0,N5v4_Final,00fa551144bffa5b,3b7b0ee30469
2026-07-23,2026-07-23 04:35:27,backfill,1,National Chess Congress,2026,2026-11-27,127,127,live,2,2,0,623,572,677,0.8,metadata_historical_avg,roster-pending,1,0,N5v4_Final,00fa551144bffa5b,3b7b0ee30469
2026-07-23,2026-07-23 04:35:27,backfill,1,North American Open,2026,2026-12-26,156,156,live,16,16,0,1081,946,1199,0.8,metadata_historical_avg,roster-pending,1,0,N5v4_Final,00fa551144bffa5b,3b7b0ee30469
2026-07-23,2026-07-23 04:35:27,backfill,1,Eastern Open,2026,2026-12-26,156,156,live,0,0,0,387,367,404,0.8,metadata_historical_avg,roster-pending,1,0,N5v4_Final,00fa551144bffa5b,3b7b0ee30469
2026-07-24,2026-07-24 04:34:05,backfill,1,Bradley Open,2026,2026-07-24,0,1,live,197,197,0,219,201,238,0.8,model_online_window,,0,0,N5v4_Final,00fa551144bffa5b,d45f1eab2b47
2026-07-24,2026-07-24 04:34:05,backfill,1,Pacific Coast Open,2026,2026-07-31,7,7,live,199,199,2,413,385,442,0.8,model,family-direct,0,0,N5v4_Final,00fa551144bffa5b,d45f1eab2b47
2026-07-24,2026-07-24 04:34:05,backfill,1,Continental Open,2026,2026-08-13,20,20,live,29,29,0,146,146,170,0.8,metadata_pace,roster-pending,1,0,N5v4_Final,00fa551144bffa5b,d45f1eab2b47
2026-07-24,2026-07-24 04:34:05,backfill,1,Central California Open,2026,2026-08-14,21,21,live,23,25,2,92,81,105,0.8,metadata_pace,roster-pending,1,0,N5v4_Final,00fa551144bffa5b,d45f1eab2b47
2026-07-24,2026-07-24 04:34:05,backfill,1,Atlantic Open,2026,2026-08-21,28,28,live,26,26,0,232,181,298,0.8,metadata_pace,roster-pending,1,0,N5v4_Final,00fa551144bffa5b,d45f1eab2b47
2026-07-24,2026-07-24 04:34:05,backfill,1,Indianapolis Open,2026,2026-08-21,28,28,live,20,20,0,183,134,250,0.8,metadata_pace,roster-pending,1,0,N5v4_Final,00fa551144bffa5b,d45f1eab2b47
2026-07-24,2026-07-24 04:34:05,backfill,1,New York State Championship,2026,2026-09-04,42,42,live,24,24,0,456,280,522,0.8,metadata_pace,roster-pending,1,0,N5v4_Final,00fa551144bffa5b,d45f1eab2b47
2026-07-24,2026-07-24 04:34:05,backfill,1,Midwest Class Championships,2026,2026-10-09,77,77,live,3,3,0,313,296,338,0.8,metadata_historical_avg,roster-pending,1,0,N5v4_Final,00fa551144bffa5b,d45f1eab2b47
2026-07-24,2026-07-24 04:34:05,backfill,1,Eastern Class Championships (in Connecticut),2026,2026-10-16,84,84,live,3,3,0,221,198,246,0.8,metadata_historical_avg,roster-pending,1,0,N5v4_Final,00fa551144bffa5b,d45f1eab2b47
2026-07-24,2026-07-24 04:34:05,backfill,1,Eastern Chess Congress (in New Jersey),2026,2026-10-23,91,91,live,3,3,0,469,404,513,0.8,metadata_historical_avg,roster-pending,1,0,N5v4_Final,00fa551144bffa5b,d45f1eab2b47
2026-07-24,2026-07-24 04:34:05,backfill,1,Los Angeles Open,2026,2026-11-06,105,105,live,2,2,0,365,289,413,0.8,metadata_historical_avg,roster-pending,1,0,N5v4_Final,00fa551144bffa5b,d45f1eab2b47
2026-07-24,2026-07-24 04:34:05,backfill,1,Kings Island Open,2026,2026-11-13,112,112,live,2,2,0,346,318,364,0.8,metadata_historical_avg,roster-pending,1,0,N5v4_Final,00fa551144bffa5b,d45f1eab2b47
2026-07-24,2026-07-24 04:34:05,backfill,1,National Chess Congress,2026,2026-11-27,126,126,live,2,2,0,623,572,677,0.8,metadata_historical_avg,roster-pending,1,0,N5v4_Final,00fa551144bffa5b,d45f1eab2b47
2026-07-24,2026-07-24 04:34:05,backfill,1,North American Open,2026,2026-12-26,155,155,live,17,17,0,1081,946,1199,0.8,metadata_historical_avg,roster-pending,1,0,N5v4_Final,00fa551144bffa5b,d45f1eab2b47
2026-07-24,2026-07-24 04:34:05,backfill,1,Eastern Open,2026,2026-12-26,155,155,live,0,0,0,387,367,404,0.8,metadata_historical_avg,roster-pending,1,0,N5v4_Final,00fa551144bffa5b,d45f1eab2b47
2026-07-25,2026-07-25 15:16:25,backfill,1,Bradley Open,2026,2026-07-24,-1,0,live,207,207,1,207,207,207,0.8,live_scrape,,0,0,N5v4_Final,25ab5db5e7ae016e,dba6e72d78fa
2026-07-25,2026-07-25 15:16:25,backfill,1,Pacific Coast Open,2026,2026-07-31,6,6,live,218,218,2,409,381,438,0.8,model,family-direct,0,0,N5v4_Final,25ab5db5e7ae016e,dba6e72d78fa
2026-07-25,2026-07-25 15:16:25,backfill,1,Continental Open,2026,2026-08-13,19,19,live,33,33,0,166,146,193,0.8,metadata_pace,roster-pending,1,0,N5v4_Final,25ab5db5e7ae016e,dba6e72d78fa
2026-07-25,2026-07-25 15:16:25,backfill,1,Central California Open,2026,2026-08-14,20,20,live,27,27,2,108,95,123,0.8,metadata_pace,roster-pending,1,0,N5v4_Final,25ab5db5e7ae016e,dba6e72d78fa
2026-07-25,2026-07-25 15:16:25,backfill,1,Atlantic Open,2026,2026-08-21,27,27,live,27,27,0,241,188,310,0.8,metadata_pace,roster-pending,1,0,N5v4_Final,25ab5db5e7ae016e,dba6e72d78fa
2026-07-25,2026-07-25 15:16:25,backfill,1,Indianapolis Open,2026,2026-08-21,27,27,live,20,20,0,183,134,250,0.8,metadata_pace,roster-pending,1,0,N5v4_Final,25ab5db5e7ae016e,dba6e72d78fa
2026-07-25,2026-07-25 15:16:25,backfill,1,New York State Championship,2026,2026-09-04,41,41,live,24,24,0,456,280,522,0.8,metadata_pace,roster-pending,1,0,N5v4_Final,25ab5db5e7ae016e,dba6e72d78fa
2026-07-25,2026-07-25 15:16:25,backfill,1,Midwest Class Championships,2026,2026-10-09,76,76,live,3,3,0,313,296,338,0.8,metadata_historical_avg,roster-pending,1,0,N5v4_Final,25ab5db5e7ae016e,dba6e72d78fa
2026-07-25,2026-07-25 15:16:25,backfill,1,Eastern Class Championships (in Connecticut),2026,2026-10-16,83,83,live,4,4,0,221,198,246,0.8,metadata_historical_avg,roster-pending,1,0,N5v4_Final,25ab5db5e7ae016e,dba6e72d78fa
2026-07-25,2026-07-25 15:16:25,backfill,1,Eastern Chess Congress (in New Jersey),2026,2026-10-23,90,90,live,3,3,0,469,404,513,0.8,metadata_historical_avg,roster-pending,1,0,N5v4_Final,25ab5db5e7ae016e,dba6e72d78fa
2026-07-25,2026-07-25 15:16:25,backfill,1,Los Angeles Open,2026,2026-11-06,104,104,live,2,2,0,365,289,413,0.8,metadata_historical_avg,roster-pending,1,0,N5v4_Final,25ab5db5e7ae016e,dba6e72d78fa
2026-07-25,2026-07-25 15:16:25,backfill,1,Kings Island Open,2026,2026-11-13,111,111,live,2,2,0,346,318,364,0.8,metadata_historical_avg,roster-pending,1,0,N5v4_Final,25ab5db5e7ae016e,dba6e72d78fa
2026-07-25,2026-07-25 15:16:25,backfill,1,National Chess Congress,2026,2026-11-27,125,125,live,2,2,0,623,572,677,0.8,metadata_historical_avg,roster-pending,1,0,N5v4_Final,25ab5db5e7ae016e,dba6e72d78fa
2026-07-25,2026-07-25 15:16:25,backfill,1,North American Open,2026,2026-12-26,154,154,live,17,17,0,1081,946,1199,0.8,metadata_historical_avg,roster-pending,1,0,N5v4_Final,25ab5db5e7ae016e,dba6e72d78fa
2026-07-25,2026-07-25 15:16:25,backfill,1,Eastern Open,2026,2026-12-26,154,154,live,0,0,0,387,367,404,0.8,metadata_historical_avg,roster-pending,1,0,N5v4_Final,25ab5db5e7ae016e,dba6e72d78fa
2026-07-25,2026-07-25 13:59:24,backfill,1,Bradley Open,2026,2026-07-24,-1,0,live,209,209,1,209,209,209,0.8,live_scrape,,0,0,N5v4_Final,25ab5db5e7ae016e,9968b578e5ee
2026-07-25,2026-07-25 13:59:24,backfill,1,Pacific Coast Open,2026,2026-07-31,6,6,live,218,218,2,409,381,438,0.8,model,family-direct,0,0,N5v4_Final,25ab5db5e7ae016e,9968b578e5ee
2026-07-25,2026-07-25 13:59:24,backfill,1,Continental Open,2026,2026-08-13,19,19,live,33,33,0,166,146,193,0.8,metadata_pace,roster-pending,1,0,N5v4_Final,25ab5db5e7ae016e,9968b578e5ee
2026-07-25,2026-07-25 13:59:24,backfill,1,Central California Open,2026,2026-08-14,20,20,live,27,27,2,108,95,123,0.8,metadata_pace,roster-pending,1,0,N5v4_Final,25ab5db5e7ae016e,9968b578e5ee
2026-07-25,2026-07-25 13:59:24,backfill,1,Atlantic Open,2026,2026-08-21,27,27,live,27,27,0,241,188,310,0.8,metadata_pace,roster-pending,1,0,N5v4_Final,25ab5db5e7ae016e,9968b578e5ee
2026-07-25,2026-07-25 13:59:24,backfill,1,Indianapolis Open,2026,2026-08-21,27,27,live,20,20,0,183,134,250,0.8,metadata_pace,roster-pending,1,0,N5v4_Final,25ab5db5e7ae016e,9968b578e5ee
2026-07-25,2026-07-25 13:59:24,backfill,1,New York State Championship,2026,2026-09-04,41,41,live,24,24,0,456,280,522,0.8,metadata_pace,roster-pending,1,0,N5v4_Final,25ab5db5e7ae016e,9968b578e5ee
2026-07-25,2026-07-25 13:59:24,backfill,1,Midwest Class Championships,2026,2026-10-09,76,76,live,3,3,0,313,296,338,0.8,metadata_historical_avg,roster-pending,1,0,N5v4_Final,25ab5db5e7ae016e,9968b578e5ee
2026-07-25,2026-07-25 13:59:24,backfill,1,Eastern Class Championships (in Connecticut),2026,2026-10-16,83,83,live,4,4,0,221,198,246,0.8,metadata_historical_avg,roster-pending,1,0,N5v4_Final,25ab5db5e7ae016e,9968b578e5ee
2026-07-25,2026-07-25 13:59:24,backfill,1,Eastern Chess Congress (in New Jersey),2026,2026-10-23,90,90,live,3,3,0,469,404,513,0.8,metadata_historical_avg,roster-pending,1,0,N5v4_Final,25ab5db5e7ae016e,9968b578e5ee
2026-07-25,2026-07-25 13:59:24,backfill,1,Los Angeles Open,2026,2026-11-06,104,104,live,2,2,0,365,289,413,0.8,metadata_historical_avg,roster-pending,1,0,N5v4_Final,25ab5db5e7ae016e,9968b578e5ee
2026-07-25,2026-07-25 13:59:24,backfill,1,Kings Island Open,2026,2026-11-13,111,111,live,2,2,0,346,318,364,0.8,metadata_historical_avg,roster-pending,1,0,N5v4_Final,25ab5db5e7ae016e,9968b578e5ee
2026-07-25,2026-07-25 13:59:24,backfill,1,National Chess Congress,2026,2026-11-27,125,125,live,2,2,0,623,572,677,0.8,metadata_historical_avg,roster-pending,1,0,N5v4_Final,25ab5db5e7ae016e,9968b578e5ee
2026-07-25,2026-07-25 13:59:24,backfill,1,North American Open,2026,2026-12-26,154,154,live,17,17,0,1081,946,1199,0.8,metadata_historical_avg,roster-pending,1,0,N5v4_Final,25ab5db5e7ae016e,9968b578e5ee
2026-07-25,2026-07-25 13:59:24,backfill,1,Eastern Open,2026,2026-12-26,154,154,live,0,0,0,387,367,404,0.8,metadata_historical_avg,roster-pending,1,0,N5v4_Final,25ab5db5e7ae016e,9968b578e5ee
2026-07-26,2026-07-26 04:42:52,backfill,1,Bradley Open,2026,2026-07-24,-2,0,live,209,209,1,209,209,209,0.8,live_scrape,,0,0,N5v4_Final,25ab5db5e7ae016e,32801944ae85
2026-07-26,2026-07-26 04:42:52,backfill,1,Pacific Coast Open,2026,2026-07-31,5,5,live,225,225,2,379,357,401,0.8,model,family-direct,0,0,N5v4_Final,25ab5db5e7ae016e,32801944ae85
2026-07-26,2026-07-26 04:42:52,backfill,1,Continental Open,2026,2026-08-13,18,18,live,34,34,0,171,146,199,0.8,metadata_pace,roster-pending,1,0,N5v4_Final,25ab5db5e7ae016e,32801944ae85
2026-07-26,2026-07-26 04:42:52,backfill,1,Central California Open,2026,2026-08-14,19,19,live,27,27,2,108,95,123,0.8,metadata_pace,roster-pending,1,0,N5v4_Final,25ab5db5e7ae016e,32801944ae85
2026-07-26,2026-07-26 04:42:52,backfill,1,Atlantic Open,2026,2026-08-21,26,26,live,28,28,0,250,195,321,0.8,metadata_pace,roster-pending,1,0,N5v4_Final,25ab5db5e7ae016e,32801944ae85
2026-07-26,2026-07-26 04:42:52,backfill,1,Indianapolis Open,2026,2026-08-21,26,26,live,20,20,0,183,134,250,0.8,metadata_pace,roster-pending,1,0,N5v4_Final,25ab5db5e7ae016e,32801944ae85
2026-07-26,2026-07-26 04:42:52,backfill,1,New York State Championship,2026,2026-09-04,40,40,live,25,25,0,476,292,522,0.8,metadata_pace,roster-pending,1,0,N5v4_Final,25ab5db5e7ae016e,32801944ae85
2026-07-26,2026-07-26 04:42:52,backfill,1,Midwest Class Championships,2026,2026-10-09,75,75,live,3,3,0,313,296,338,0.8,metadata_historical_avg,roster-pending,1,0,N5v4_Final,25ab5db5e7ae016e,32801944ae85
2026-07-26,2026-07-26 04:42:52,backfill,1,Eastern Class Championships (in Connecticut),2026,2026-10-16,82,82,live,4,4,0,221,198,246,0.8,metadata_historical_avg,roster-pending,1,0,N5v4_Final,25ab5db5e7ae016e,32801944ae85
2026-07-26,2026-07-26 04:42:52,backfill,1,Eastern Chess Congress (in New Jersey),2026,2026-10-23,89,89,live,3,3,0,469,404,513,0.8,metadata_historical_avg,roster-pending,1,0,N5v4_Final,25ab5db5e7ae016e,32801944ae85
2026-07-26,2026-07-26 04:42:52,backfill,1,Los Angeles Open,2026,2026-11-06,103,103,live,2,2,0,365,289,413,0.8,metadata_historical_avg,roster-pending,1,0,N5v4_Final,25ab5db5e7ae016e,32801944ae85
2026-07-26,2026-07-26 04:42:52,backfill,1,Kings Island Open,2026,2026-11-13,110,110,live,2,2,0,346,318,364,0.8,metadata_historical_avg,roster-pending,1,0,N5v4_Final,25ab5db5e7ae016e,32801944ae85
2026-07-26,2026-07-26 04:42:52,backfill,1,National Chess Congress,2026,2026-11-27,124,124,live,2,2,0,623,572,677,0.8,metadata_historical_avg,roster-pending,1,0,N5v4_Final,25ab5db5e7ae016e,32801944ae85
2026-07-26,2026-07-26 04:42:52,backfill,1,North American Open,2026,2026-12-26,153,153,live,17,17,0,1081,946,1199,0.8,metadata_historical_avg,roster-pending,1,0,N5v4_Final,25ab5db5e7ae016e,32801944ae85
2026-07-26,2026-07-26 04:42:52,backfill,1,Eastern Open,2026,2026-12-26,153,153,live,0,0,0,387,367,404,0.8,metadata_historical_avg,roster-pending,1,0,N5v4_Final,25ab5db5e7ae016e,32801944ae85
2026-07-27,2026-07-27 04:53:10,backfill,1,Pacific Coast Open,2026,2026-07-31,4,4,live,249,249,2,374,353,396,0.8,model,family-direct,0,0,N5v4_Final,16c2b6a914aafb45,77d994cd8f76
2026-07-27,2026-07-27 04:53:10,backfill,1,Continental Open,2026,2026-08-13,17,17,live,38,38,0,191,163,223,0.8,metadata_pace,roster-pending,1,0,N5v4_Final,16c2b6a914aafb45,77d994cd8f76
2026-07-27,2026-07-27 04:53:10,backfill,1,Central California Open,2026,2026-08-14,18,18,live,31,31,2,124,110,141,0.8,metadata_pace,roster-pending,1,0,N5v4_Final,16c2b6a914aafb45,77d994cd8f76
2026-07-27,2026-07-27 04:53:10,backfill,1,Atlantic Open,2026,2026-08-21,25,25,live,30,30,0,268,209,344,0.8,metadata_pace,roster-pending,1,0,N5v4_Final,16c2b6a914aafb45,77d994cd8f76
2026-07-27,2026-07-27 04:53:10,backfill,1,Indianapolis Open,2026,2026-08-21,25,25,live,20,20,0,183,134,250,0.8,metadata_pace,roster-pending,1,0,N5v4_Final,16c2b6a914aafb45,77d994cd8f76
2026-07-27,2026-07-27 04:53:10,backfill,1,New York State Championship,2026,2026-09-04,39,39,live,27,27,0,514,315,522,0.8,metadata_pace,roster-pending,1,0,N5v4_Final,16c2b6a914aafb45,77d994cd8f76
2026-07-27,2026-07-27 04:53:10,backfill,1,Midwest Class Championships,2026,2026-10-09,74,74,live,3,3,0,313,296,338,0.8,metadata_historical_avg,roster-pending,1,0,N5v4_Final,16c2b6a914aafb45,77d994cd8f76
2026-07-27,2026-07-27 04:53:10,backfill,1,Eastern Class Championships (in Connecticut),2026,2026-10-16,81,81,live,4,4,0,221,198,246,0.8,metadata_historical_avg,roster-pending,1,0,N5v4_Final,16c2b6a914aafb45,77d994cd8f76
2026-07-27,2026-07-27 04:53:10,backfill,1,Eastern Chess Congress (in New Jersey),2026,2026-10-23,88,88,live,4,4,0,469,404,513,0.8,metadata_historical_avg,roster-pending,1,0,N5v4_Final,16c2b6a914aafb45,77d994cd8f76
2026-07-27,2026-07-27 04:53:10,backfill,1,Los Angeles Open,2026,2026-11-06,102,102,live,2,2,0,365,289,413,0.8,metadata_historical_avg,roster-pending,1,0,N5v4_Final,16c2b6a914aafb45,77d994cd8f76
2026-07-27,2026-07-27 04:53:10,backfill,1,Kings Island Open,2026,2026-11-13,109,109,live,2,2,0,346,318,364,0.8,metadata_historical_avg,roster-pending,1,0,N5v4_Final,16c2b6a914aafb45,77d994cd8f76
2026-07-27,2026-07-27 04:53:10,backfill,1,National Chess Congress,2026,2026-11-27,123,123,live,2,2,0,623,572,677,0.8,metadata_historical_avg,roster-pending,1,0,N5v4_Final,16c2b6a914aafb45,77d994cd8f76
2026-07-27,2026-07-27 04:53:10,backfill,1,North American Open,2026,2026-12-26,152,152,live,17,17,0,1081,946,1199,0.8,metadata_historical_avg,roster-pending,1,0,N5v4_Final,16c2b6a914aafb45,77d994cd8f76
2026-07-27,2026-07-27 04:53:10,backfill,1,Eastern Open,2026,2026-12-26,152,152,live,0,0,0,387,367,404,0.8,metadata_historical_avg,roster-pending,1,0,N5v4_Final,16c2b6a914aafb45,77d994cd8f76
2026-07-28,2026-07-28 04:29:57,backfill,1,Pacific Coast Open,2026,2026-07-31,3,3,live,284,284,2,383,356,411,0.8,model,family-direct,0,0,N5v4_Final,16c2b6a914aafb45,af148823341f
2026-07-28,2026-07-28 04:29:57,backfill,1,Continental Open,2026,2026-08-13,16,16,live,46,46,0,231,198,269,0.8,metadata_pace,roster-pending,1,0,N5v4_Final,16c2b6a914aafb45,af148823341f
2026-07-28,2026-07-28 04:29:57,backfill,1,Central California Open,2026,2026-08-14,17,17,live,33,33,2,132,117,150,0.8,metadata_pace,roster-pending,1,0,N5v4_Final,16c2b6a914aafb45,af148823341f
2026-07-28,2026-07-28 04:29:57,backfill,1,Atlantic Open,2026,2026-08-21,24,24,live,32,32,0,286,223,367,0.8,metadata_pace,roster-pending,1,0,N5v4_Final,16c2b6a914aafb45,af148823341f
2026-07-28,2026-07-28 04:29:57,backfill,1,Indianapolis Open,2026,2026-08-21,24,24,live,22,22,0,202,148,275,0.8,metadata_pace,roster-pending,1,0,N5v4_Final,16c2b6a914aafb45,af148823341f
2026-07-28,2026-07-28 04:29:57,backfill,1,New York State Championship,2026,2026-09-04,38,38,live,27,27,0,514,315,522,0.8,metadata_pace,roster-pending,1,0,N5v4_Final,16c2b6a914aafb45,af148823341f
2026-07-28,2026-07-28 04:29:57,backfill,1,Midwest Class Championships,2026,2026-10-09,73,73,live,3,3,0,313,296,338,0.8,metadata_historical_avg,roster-pending,1,0,N5v4_Final,16c2b6a914aafb45,af148823341f
2026-07-28,2026-07-28 04:29:57,backfill,1,Eastern Class Championships (in Connecticut),2026,2026-10-16,80,80,live,5,5,0,221,198,246,0.8,metadata_historical_avg,roster-pending,1,0,N5v4_Final,16c2b6a914aafb45,af148823341f
2026-07-28,2026-07-28 04:29:57,backfill,1,Eastern Chess Congress (in New Jersey),2026,2026-10-23,87,87,live,4,4,0,469,404,513,0.8,metadata_historical_avg,roster-pending,1,0,N5v4_Final,16c2b6a914aafb45,af148823341f
2026-07-28,2026-07-28 04:29:57,backfill,1,Los Angeles Open,2026,2026-11-06,101,101,live,2,2,0,365,289,413,0.8,metadata_historical_avg,roster-pending,1,0,N5v4_Final,16c2b6a914aafb45,af148823341f
2026-07-28,2026-07-28 04:29:57,backfill,1,Kings Island Open,2026,2026-11-13,108,108,live,2,2,0,346,318,364,0.8,metadata_historical_avg,roster-pending,1,0,N5v4_Final,16c2b6a914aafb45,af148823341f
2026-07-28,2026-07-28 04:29:57,backfill,1,National Chess Congress,2026,2026-11-27,122,122,live,2,2,0,623,572,677,0.8,metadata_historical_avg,roster-pending,1,0,N5v4_Final,16c2b6a914aafb45,af148823341f
2026-07-28,2026-07-28 04:29:57,backfill,1,North American Open,2026,2026-12-26,151,151,live,17,17,0,1081,946,1199,0.8,metadata_historical_avg,roster-pending,1,0,N5v4_Final,16c2b6a914aafb45,af148823341f
2026-07-28,2026-07-28 04:29:57,backfill,1,Eastern Open,2026,2026-12-26,151,151,live,0,0,0,387,367,404,0.8,metadata_historical_avg,roster-pending,1,0,N5v4_Final,16c2b6a914aafb45,af148823341f
2026-07-29,2026-07-29 04:31:56,backfill,1,Pacific Coast Open,2026,2026-07-31,2,2,live,329,329,7,399,378,421,0.8,model,family-direct,0,0,N5v4_Final,16c2b6a914aafb45,e60283189b0f
2026-07-29,2026-07-29 04:31:56,backfill,1,Continental Open,2026,2026-08-13,15,15,live,51,51,0,256,219,299,0.8,metadata_pace,roster-pending,1,0,N5v4_Final,16c2b6a914aafb45,e60283189b0f
2026-07-29,2026-07-29 04:31:56,backfill,1,Central California Open,2026,2026-08-14,16,16,live,33,33,2,132,117,150,0.8,metadata_pace,roster-pending,1,0,N5v4_Final,16c2b6a914aafb45,e60283189b0f
2026-07-29,2026-07-29 04:31:56,backfill,1,Atlantic Open,2026,2026-08-21,23,23,live,34,34,0,304,237,390,0.8,metadata_pace,roster-pending,1,0,N5v4_Final,16c2b6a914aafb45,e60283189b0f
2026-07-29,2026-07-29 04:31:56,backfill,1,Indianapolis Open,2026,2026-08-21,23,23,live,27,27,0,248,181,306,0.8,metadata_pace,roster-pending,1,0,N5v4_Final,16c2b6a914aafb45,e60283189b0f
2026-07-29,2026-07-29 04:31:56,backfill,1,New York State Championship,2026,2026-09-04,37,37,live,28,28,0,522,327,522,0.8,metadata_pace,roster-pending,1,0,N5v4_Final,16c2b6a914aafb45,e60283189b0f
2026-07-29,2026-07-29 04:31:56,backfill,1,Midwest Class Championships,2026,2026-10-09,72,72,live,3,3,0,313,296,338,0.8,metadata_historical_avg,roster-pending,1,0,N5v4_Final,16c2b6a914aafb45,e60283189b0f
2026-07-29,2026-07-29 04:31:56,backfill,1,Eastern Class Championships (in Connecticut),2026,2026-10-16,79,79,live,6,6,0,221,198,246,0.8,metadata_historical_avg,roster-pending,1,0,N5v4_Final,16c2b6a914aafb45,e60283189b0f
2026-07-29,2026-07-29 04:31:56,backfill,1,Eastern Chess Congress (in New Jersey),2026,2026-10-23,86,86,live,4,4,0,469,404,513,0.8,metadata_historical_avg,roster-pending,1,0,N5v4_Final,16c2b6a914aafb45,e60283189b0f
2026-07-29,2026-07-29 04:31:56,backfill,1,Los Angeles Open,2026,2026-11-06,100,100,live,2,2,0,365,289,413,0.8,metadata_historical_avg,roster-pending,1,0,N5v4_Final,16c2b6a914aafb45,e60283189b0f
2026-07-29,2026-07-29 04:31:56,backfill,1,Kings Island Open,2026,2026-11-13,107,107,live,3,3,0,346,318,364,0.8,metadata_historical_avg,roster-pending,1,0,N5v4_Final,16c2b6a914aafb45,e60283189b0f
2026-07-29,2026-07-29 04:31:56,backfill,1,National Chess Congress,2026,2026-11-27,121,121,live,3,3,1,623,572,677,0.8,metadata_historical_avg,roster-pending,1,0,N5v4_Final,16c2b6a914aafb45,e60283189b0f
2026-07-29,2026-07-29 04:31:56,backfill,1,North American Open,2026,2026-12-26,150,150,live,18,18,0,1081,946,1199,0.8,metadata_historical_avg,roster-pending,1,0,N5v4_Final,16c2b6a914aafb45,e60283189b0f
2026-07-29,2026-07-29 04:31:56,backfill,1,Eastern Open,2026,2026-12-26,150,150,live,0,0,0,387,367,404,0.8,metadata_historical_avg,roster-pending,1,0,N5v4_Final,16c2b6a914aafb45,e60283189b0f
2026-07-30,2026-07-30 04:22:03,backfill,1,Pacific Coast Open,2026,2026-07-31,1,1,live,352,352,8,382,357,407,0.8,model,family-direct,0,0,N5v4_Final,16c2b6a914aafb45,73a88427b2fa
2026-07-30,2026-07-30 04:22:03,backfill,1,Continental Open,2026,2026-08-13,14,14,live,56,56,0,281,241,328,0.8,metadata_pace,roster-pending,1,0,N5v4_Final,16c2b6a914aafb45,73a88427b2fa
2026-07-30,2026-07-30 04:22:03,backfill,1,Central California Open,2026,2026-08-14,15,15,live,38,38,2,152,134,173,0.8,metadata_pace,roster-pending,1,0,N5v4_Final,16c2b6a914aafb45,73a88427b2fa
2026-07-30,2026-07-30 04:22:03,backfill,1,Atlantic Open,2026,2026-08-21,22,22,live,37,37,0,331,258,425,0.8,metadata_pace,roster-pending,1,0,N5v4_Final,16c2b6a914aafb45,73a88427b2fa
2026-07-30,2026-07-30 04:22:03,backfill,1,Indianapolis Open,2026,2026-08-21,22,22,live,29,29,0,266,195,306,0.8,metadata_pace,roster-pending,1,0,N5v4_Final,16c2b6a914aafb45,73a88427b2fa
2026-07-30,2026-07-30 04:22:03,backfill,1,New York State Championship,2026,2026-09-04,36,36,live,30,30,0,522,350,522,0.8,metadata_pace,roster-pending,1,0,N5v4_Final,16c2b6a914aafb45,73a88427b2fa
2026-07-30,2026-07-30 04:22:03,backfill,1,Midwest Class Championships,2026,2026-10-09,71,71,live,3,3,0,313,296,338,0.8,metadata_historical_avg,roster-pending,1,0,N5v4_Final,16c2b6a914aafb45,73a88427b2fa
2026-07-30,2026-07-30 04:22:03,backfill,1,Eastern Class Championships (in Connecticut),2026,2026-10-16,78,78,live,6,6,0,221,198,246,0.8,metadata_historical_avg,roster-pending,1,0,N5v4_Final,16c2b6a914aafb45,73a88427b2fa
2026-07-30,2026-07-30 04:22:03,backfill,1,Eastern Chess Congress (in New Jersey),2026,2026-10-23,85,85,live,4,4,0,469,404,513,0.8,metadata_historical_avg,roster-pending,1,0,N5v4_Final,16c2b6a914aafb45,73a88427b2fa
2026-07-30,2026-07-30 04:22:03,backfill,1,Los Angeles Open,2026,2026-11-06,99,99,live,2,2,0,365,289,413,0.8,metadata_historical_avg,roster-pending,1,0,N5v4_Final,16c2b6a914aafb45,73a88427b2fa
2026-07-30,2026-07-30 04:22:03,backfill,1,Kings Island Open,2026,2026-11-13,106,106,live,3,3,0,346,318,364,0.8,metadata_historical_avg,roster-pending,1,0,N5v4_Final,16c2b6a914aafb45,73a88427b2fa
2026-07-30,2026-07-30 04:22:03,backfill,1,National Chess Congress,2026,2026-11-27,120,120,live,3,3,0,623,572,677,0.8,metadata_historical_avg,roster-pending,1,0,N5v4_Final,16c2b6a914aafb45,73a88427b2fa
2026-07-30,2026-07-30 04:22:03,backfill,1,North American Open,2026,2026-12-26,149,149,live,19,19,0,1081,946,1199,0.8,metadata_historical_avg,roster-pending,1,0,N5v4_Final,16c2b6a914aafb45,73a88427b2fa
2026-07-30,2026-07-30 04:22:03,backfill,1,Eastern Open,2026,2026-12-26,149,149,live,0,0,0,387,367,404,0.8,metadata_historical_avg,roster-pending,1,0,N5v4_Final,16c2b6a914aafb45,73a88427b2fa
2026-07-30,2026-07-30 11:22:17,backfill,1,Pacific Coast Open,2026,2026-07-31,1,1,live,352,352,8,362,352,395,0.8,model,family-direct,0,0,N5v4_Final,1ca0a9aa4feaed2d,8905e91b038e
2026-07-30,2026-07-30 11:22:17,backfill,1,Continental Open,2026,2026-08-13,14,14,live,56,56,0,261,237,288,0.8,model,roster-pending,0,0,N5v4_Final,1ca0a9aa4feaed2d,8905e91b038e
2026-07-30,2026-07-30 11:22:17,backfill,1,Central California Open,2026,2026-08-14,15,15,live,38,38,2,166,152,182,0.8,model,roster-pending,0,0,N5v4_Final,1ca0a9aa4feaed2d,8905e91b038e
2026-07-30,2026-07-30 11:22:17,backfill,1,Atlantic Open,2026,2026-08-21,22,22,live,37,37,0,241,199,292,0.8,model,roster-pending,0,0,N5v4_Final,1ca0a9aa4feaed2d,8905e91b038e
2026-07-30,2026-07-30 11:22:17,backfill,1,Indianapolis Open,2026,2026-08-21,22,22,live,29,29,0,183,165,203,0.8,model,roster-pending,0,0,N5v4_Final,1ca0a9aa4feaed2d,8905e91b038e
2026-07-30,2026-07-30 11:22:17,backfill,1,New York State Championship,2026,2026-09-04,36,36,live,30,30,0,322,292,354,0.8,model,roster-pending,0,0,N5v4_Final,1ca0a9aa4feaed2d,8905e91b038e
2026-07-30,2026-07-30 11:22:17,backfill,1,Midwest Class Championships,2026,2026-10-09,71,71,live,3,3,0,313,296,338,0.8,metadata_historical_avg,roster-pending,1,0,N5v4_Final,1ca0a9aa4feaed2d,8905e91b038e
2026-07-30,2026-07-30 11:22:17,backfill,1,Eastern Class Championships (in Connecticut),2026,2026-10-16,78,78,live,6,6,0,221,198,246,0.8,metadata_historical_avg,roster-pending,1,0,N5v4_Final,1ca0a9aa4feaed2d,8905e91b038e
2026-07-30,2026-07-30 11:22:17,backfill,1,Eastern Chess Congress (in New Jersey),2026,2026-10-23,85,85,live,4,4,0,469,404,513,0.8,metadata_historical_avg,roster-pending,1,0,N5v4_Final,1ca0a9aa4feaed2d,8905e91b038e
2026-07-30,2026-07-30 11:22:17,backfill,1,Los Angeles Open,2026,2026-11-06,99,99,live,2,2,0,365,289,413,0.8,metadata_historical_avg,roster-pending,1,0,N5v4_Final,1ca0a9aa4feaed2d,8905e91b038e
2026-07-30,2026-07-30 11:22:17,backfill,1,Kings Island Open,2026,2026-11-13,106,106,live,3,3,0,346,318,364,0.8,metadata_historical_avg,roster-pending,1,0,N5v4_Final,1ca0a9aa4feaed2d,8905e91b038e
2026-07-30,2026-07-30 11:22:17,backfill,1,National Chess Congress,2026,2026-11-27,120,120,live,3,3,0,623,572,677,0.8,metadata_historical_avg,roster-pending,1,0,N5v4_Final,1ca0a9aa4feaed2d,8905e91b038e
2026-07-30,2026-07-30 11:22:17,backfill,1,North American Open,2026,2026-12-26,149,149,live,19,19,0,1081,946,1199,0.8,metadata_historical_avg,roster-pending,1,0,N5v4_Final,1ca0a9aa4feaed2d,8905e91b038e
2026-07-30,2026-07-30 11:22:17,backfill,1,Eastern Open,2026,2026-12-26,149,149,live,0,0,0,387,367,404,0.8,metadata_historical_avg,roster-pending,1,0,N5v4_Final,1ca0a9aa4feaed2d,8905e91b038e
2026-07-31,2026-07-31 06:57:29,backfill,1,Pacific Coast Open,2026,2026-07-31,0,1,live,367,367,10,386,367,411,0.8,model_online_window,,0,0,N5v4_Final,d16d1da2378acc7c,bfc0a30c5747
2026-07-31,2026-07-31 06:57:29,backfill,1,Continental Open,2026,2026-08-13,13,13,live,64,64,0,267,243,294,0.8,model,roster-pending,0,0,N5v4_Final,d16d1da2378acc7c,bfc0a30c5747
2026-07-31,2026-07-31 06:57:29,backfill,1,Central California Open,2026,2026-08-14,14,14,live,40,40,2,166,153,180,0.8,model,roster-pending,0,0,N5v4_Final,d16d1da2378acc7c,bfc0a30c5747
2026-07-31,2026-07-31 06:57:29,backfill,1,Atlantic Open,2026,2026-08-21,21,21,live,45,45,0,248,207,297,0.8,model,roster-pending,0,0,N5v4_Final,d16d1da2378acc7c,bfc0a30c5747
2026-07-31,2026-07-31 06:57:29,backfill,1,Indianapolis Open,2026,2026-08-21,21,21,live,33,33,0,186,171,202,0.8,model,roster-pending,0,0,N5v4_Final,d16d1da2378acc7c,bfc0a30c5747
2026-07-31,2026-07-31 06:57:29,backfill,1,New York State Championship,2026,2026-09-04,35,35,live,30,30,0,321,255,404,0.8,model,roster-pending,0,0,N5v4_Final,d16d1da2378acc7c,bfc0a30c5747
2026-07-31,2026-07-31 06:57:29,backfill,1,Midwest Class Championships,2026,2026-10-09,70,70,live,3,3,0,313,296,338,0.8,metadata_historical_avg,roster-pending,1,0,N5v4_Final,d16d1da2378acc7c,bfc0a30c5747
2026-07-31,2026-07-31 06:57:29,backfill,1,Eastern Class Championships (in Connecticut),2026,2026-10-16,77,77,live,6,6,0,221,198,246,0.8,metadata_historical_avg,roster-pending,1,0,N5v4_Final,d16d1da2378acc7c,bfc0a30c5747
2026-07-31,2026-07-31 06:57:29,backfill,1,Eastern Chess Congress (in New Jersey),2026,2026-10-23,84,84,live,4,4,0,469,404,513,0.8,metadata_historical_avg,roster-pending,1,0,N5v4_Final,d16d1da2378acc7c,bfc0a30c5747
2026-07-31,2026-07-31 06:57:29,backfill,1,Los Angeles Open,2026,2026-11-06,98,98,live,2,2,0,365,289,413,0.8,metadata_historical_avg,roster-pending,1,0,N5v4_Final,d16d1da2378acc7c,bfc0a30c5747
2026-07-31,2026-07-31 06:57:29,backfill,1,Kings Island Open,2026,2026-11-13,105,105,live,3,3,0,346,318,364,0.8,metadata_historical_avg,roster-pending,1,0,N5v4_Final,d16d1da2378acc7c,bfc0a30c5747
2026-07-31,2026-07-31 06:57:29,backfill,1,National Chess Congress,2026,2026-11-27,119,119,live,4,4,0,623,572,677,0.8,metadata_historical_avg,roster-pending,1,0,N5v4_Final,d16d1da2378acc7c,bfc0a30c5747
2026-07-31,2026-07-31 06:57:29,backfill,1,North American Open,2026,2026-12-26,148,148,live,19,19,0,1081,946,1199,0.8,metadata_historical_avg,roster-pending,1,0,N5v4_Final,d16d1da2378acc7c,bfc0a30c5747
2026-07-31,2026-07-31 06:57:29,backfill,1,Eastern Open,2026,2026-12-26,148,148,live,0,0,0,387,367,404,0.8,metadata_historical_avg,roster-pending,1,0,N5v4_Final,d16d1da2378acc7c,bfc0a30c5747
2026-08-01,2026-08-01 04:36:12,backfill,1,Pacific Coast Open,2026,2026-07-31,-1,0,live,380,380,13,380,380,380,0.8,live_scrape,,0,0,N5v4_Final,f9263d3ebc0ca4e2,b85e14d83ef1
2026-08-01,2026-08-01 04:36:12,backfill,1,Continental Open,2026,2026-08-13,12,12,live,68,68,0,268,244,293,0.8,model,roster-pending,0,0,N5v4_Final,f9263d3ebc0ca4e2,b85e14d83ef1
2026-08-01,2026-08-01 04:36:12,backfill,1,Central California Open,2026,2026-08-14,13,13,live,43,43,2,165,154,177,0.8,model,roster-pending,0,0,N5v4_Final,f9263d3ebc0ca4e2,b85e14d83ef1
2026-08-01,2026-08-01 04:36:12,backfill,1,Atlantic Open,2026,2026-08-21,20,20,live,47,47,0,247,209,292,0.8,model,roster-pending,0,0,N5v4_Final,f9263d3ebc0ca4e2,b85e14d83ef1
2026-08-01,2026-08-01 04:36:12,backfill,1,Indianapolis Open,2026,2026-08-21,20,20,live,38,38,1,191,177,206,0.8,model,roster-pending,0,0,N5v4_Final,f9263d3ebc0ca4e2,b85e14d83ef1
2026-08-01,2026-08-01 04:36:12,backfill,1,New York State Championship,2026,2026-09-04,34,34,live,32,32,0,321,259,398,0.8,model,roster-pending,0,0,N5v4_Final,f9263d3ebc0ca4e2,b85e14d83ef1
2026-08-01,2026-08-01 04:36:12,backfill,1,Midwest Class Championships,2026,2026-10-09,69,69,live,4,4,0,313,296,338,0.8,metadata_historical_avg,roster-pending,1,0,N5v4_Final,f9263d3ebc0ca4e2,b85e14d83ef1
2026-08-01,2026-08-01 04:36:12,backfill,1,Eastern Class Championships (in Connecticut),2026,2026-10-16,76,76,live,6,6,0,221,198,246,0.8,metadata_historical_avg,roster-pending,1,0,N5v4_Final,f9263d3ebc0ca4e2,b85e14d83ef1
2026-08-01,2026-08-01 04:36:12,backfill,1,Eastern Chess Congress (in New Jersey),2026,2026-10-23,83,83,live,5,5,0,469,404,513,0.8,metadata_historical_avg,roster-pending,1,0,N5v4_Final,f9263d3ebc0ca4e2,b85e14d83ef1
2026-08-01,2026-08-01 04:36:12,backfill,1,Los Angeles Open,2026,2026-11-06,97,97,live,2,2,0,365,289,413,0.8,metadata_historical_avg,roster-pending,1,0,N5v4_Final,f9263d3ebc0ca4e2,b85e14d83ef1
2026-08-01,2026-08-01 04:36:12,backfill,1,Kings Island Open,2026,2026-11-13,104,104,live,3,3,0,346,318,364,0.8,metadata_historical_avg,roster-pending,1,0,N5v4_Final,f9263d3ebc0ca4e2,b85e14d83ef1
2026-08-01,2026-08-01 04:36:12,backfill,1,National Chess Congress,2026,2026-11-27,118,118,live,5,5,0,623,572,677,0.8,metadata_historical_avg,roster-pending,1,0,N5v4_Final,f9263d3ebc0ca4e2,b85e14d83ef1
2026-08-01,2026-08-01 04:36:12,backfill,1,North American Open,2026,2026-12-26,147,147,live,20,20,0,1081,946,1199,0.8,metadata_historical_avg,roster-pending,1,0,N5v4_Final,f9263d3ebc0ca4e2,b85e14d83ef1
2026-08-01,2026-08-01 04:36:12,backfill,1,Eastern Open,2026,2026-12-26,147,147,live,0,0,0,387,367,404,0.8,metadata_historical_avg,roster-pending,1,0,N5v4_Final,f9263d3ebc0ca4e2,b85e14d83ef1
2026-08-02,2026-08-02 04:39:56,backfill,1,Pacific Coast Open,2026,2026-07-31,-2,0,live,394,394,13,394,394,394,0.8,live_scrape,,0,0,N5v4_Final,f9263d3ebc0ca4e2,57a3510fcc9f
2026-08-02,2026-08-02 04:39:56,backfill,1,Continental Open,2026,2026-08-13,11,11,live,73,73,0,269,246,293,0.8,model,roster-pending,0,0,N5v4_Final,f9263d3ebc0ca4e2,57a3510fcc9f
2026-08-02,2026-08-02 04:39:56,backfill,1,Central California Open,2026,2026-08-14,12,12,live,47,47,2,165,156,175,0.8,model,roster-pending,0,0,N5v4_Final,f9263d3ebc0ca4e2,57a3510fcc9f
2026-08-02,2026-08-02 04:39:56,backfill,1,Atlantic Open,2026,2026-08-21,19,19,live,50,50,0,247,212,288,0.8,model,roster-pending,0,0,N5v4_Final,f9263d3ebc0ca4e2,57a3510fcc9f
2026-08-02,2026-08-02 04:39:56,backfill,1,Indianapolis Open,2026,2026-08-21,19,19,live,38,38,1,187,174,202,0.8,model,roster-pending,0,0,N5v4_Final,f9263d3ebc0ca4e2,57a3510fcc9f
2026-08-02,2026-08-02 04:39:56,backfill,1,New York State Championship,2026,2026-09-04,33,33,live,35,35,1,323,265,394,0.8,model,roster-pending,0,0,N5v4_Final,f9263d3ebc0ca4e2,57a3510fcc9f
2026-08-02,2026-08-02 04:39:56,backfill,1,Midwest Class Championships,2026,2026-10-09,68,68,live,4,4,0,313,296,338,0.8,metadata_historical_avg,roster-pending,1,0,N5v4_Final,f9263d3ebc0ca4e2,57a3510fcc9f
2026-08-02,2026-08-02 04:39:56,backfill,1,Eastern Class Championships (in Connecticut),2026,2026-10-16,75,75,live,6,6,0,221,198,246,0.8,metadata_historical_avg,roster-pending,1,0,N5v4_Final,f9263d3ebc0ca4e2,57a3510fcc9f
2026-08-02,2026-08-02 04:39:56,backfill,1,Eastern Chess Congress (in New Jersey),2026,2026-10-23,82,82,live,5,5,0,469,404,513,0.8,metadata_historical_avg,roster-pending,1,0,N5v4_Final,f9263d3ebc0ca4e2,57a3510fcc9f
2026-08-02,2026-08-02 04:39:56,backfill,1,Los Angeles Open,2026,2026-11-06,96,96,live,2,2,0,365,289,413,0.8,metadata_historical_avg,roster-pending,1,0,N5v4_Final,f9263d3ebc0ca4e2,57a3510fcc9f
2026-08-02,2026-08-02 04:39:56,backfill,1,Kings Island Open,2026,2026-11-13,103,103,live,5,5,1,346,318,364,0.8,metadata_historical_avg,roster-pending,1,0,N5v4_Final,f9263d3ebc0ca4e2,57a3510fcc9f
2026-08-02,2026-08-02 04:39:56,backfill,1,National Chess Congress,2026,2026-11-27,117,117,live,5,5,0,623,572,677,0.8,metadata_historical_avg,roster-pending,1,0,N5v4_Final,f9263d3ebc0ca4e2,57a3510fcc9f
2026-08-02,2026-08-02 04:39:56,backfill,1,North American Open,2026,2026-12-26,146,146,live,21,21,0,1081,946,1199,0.8,metadata_historical_avg,roster-pending,1,0,N5v4_Final,f9263d3ebc0ca4e2,57a3510fcc9f
2026-08-02,2026-08-02 04:39:56,backfill,1,Eastern Open,2026,2026-12-26,146,146,live,0,0,0,387,367,404,0.8,metadata_historical_avg,roster-pending,1,0,N5v4_Final,f9263d3ebc0ca4e2,57a3510fcc9f
2026-08-03,2026-08-03 04:47:52,backfill,1,Continental Open,2026,2026-08-13,10,10,live,83,83,0,278,256,303,0.8,model,roster-pending,0,0,N5v4_Final,f9263d3ebc0ca4e2,e71e324742b2
2026-08-03,2026-08-03 04:47:52,backfill,1,Central California Open,2026,2026-08-14,11,11,live,52,52,2,167,159,175,0.8,model,roster-pending,0,0,N5v4_Final,f9263d3ebc0ca4e2,e71e324742b2
2026-08-03,2026-08-03 04:47:52,backfill,1,Atlantic Open,2026,2026-08-21,18,18,live,53,53,0,247,215,284,0.8,model,roster-pending,0,0,N5v4_Final,f9263d3ebc0ca4e2,e71e324742b2
2026-08-03,2026-08-03 04:47:52,backfill,1,Indianapolis Open,2026,2026-08-21,18,18,live,39,39,1,186,173,199,0.8,model,roster-pending,0,0,N5v4_Final,f9263d3ebc0ca4e2,e71e324742b2
2026-08-03,2026-08-03 04:47:52,backfill,1,New York State Championship,2026,2026-09-04,32,32,live,40,40,1,328,275,392,0.8,model,roster-pending,0,0,N5v4_Final,f9263d3ebc0ca4e2,e71e324742b2
2026-08-03,2026-08-03 04:47:52,backfill,1,Midwest Class Championships,2026,2026-10-09,67,67,live,4,4,0,313,296,338,0.8,metadata_historical_avg,roster-pending,1,0,N5v4_Final,f9263d3ebc0ca4e2,e71e324742b2
2026-08-03,2026-08-03 04:47:52,backfill,1,Eastern Class Championships (in Connecticut),2026,2026-10-16,74,74,live,7,7,0,221,198,246,0.8,metadata_historical_avg,roster-pending,1,0,N5v4_Final,f9263d3ebc0ca4e2,e71e324742b2
2026-08-03,2026-08-03 04:47:52,backfill,1,Eastern Chess Congress (in New Jersey),2026,2026-10-23,81,81,live,6,6,0,469,404,513,0.8,metadata_historical_avg,roster-pending,1,0,N5v4_Final,f9263d3ebc0ca4e2,e71e324742b2
2026-08-03,2026-08-03 04:47:52,backfill,1,Los Angeles Open,2026,2026-11-06,95,95,live,2,2,0,365,289,413,0.8,metadata_historical_avg,roster-pending,1,0,N5v4_Final,f9263d3ebc0ca4e2,e71e324742b2
2026-08-03,2026-08-03 04:47:52,backfill,1,Kings Island Open,2026,2026-11-13,102,102,live,5,5,0,346,318,364,0.8,metadata_historical_avg,roster-pending,1,0,N5v4_Final,f9263d3ebc0ca4e2,e71e324742b2
2026-08-03,2026-08-03 04:47:52,backfill,1,National Chess Congress,2026,2026-11-27,116,116,live,5,5,0,623,572,677,0.8,metadata_historical_avg,roster-pending,1,0,N5v4_Final,f9263d3ebc0ca4e2,e71e324742b2
2026-08-03,2026-08-03 04:47:52,backfill,1,North American Open,2026,2026-12-26,145,145,live,24,24,0,1081,946,1199,0.8,metadata_historical_avg,roster-pending,1,0,N5v4_Final,f9263d3ebc0ca4e2,e71e324742b2
2026-08-03,2026-08-03 04:47:52,backfill,1,Eastern Open,2026,2026-12-26,145,145,live,0,0,0,387,367,404,0.8,metadata_historical_avg,roster-pending,1,0,N5v4_Final,f9263d3ebc0ca4e2,e71e324742b2
2026-08-04,2026-08-04 04:32:11,backfill,1,Continental Open,2026,2026-08-13,9,9,live,94,94,0,282,258,309,0.8,model,roster-pending,0,0,N5v4_Final,f9263d3ebc0ca4e2,4ef2b1fb6546
2026-08-04,2026-08-04 04:32:11,backfill,1,Central California Open,2026,2026-08-14,10,10,live,61,61,2,172,166,179,0.8,model,roster-pending,0,0,N5v4_Final,f9263d3ebc0ca4e2,4ef2b1fb6546
2026-08-04,2026-08-04 04:32:11,backfill,1,Atlantic Open,2026,2026-08-21,17,17,live,57,57,0,248,219,281,0.8,model,roster-pending,0,0,N5v4_Final,f9263d3ebc0ca4e2,4ef2b1fb6546
2026-08-04,2026-08-04 04:32:11,backfill,1,Indianapolis Open,2026,2026-08-21,17,17,live,42,42,1,187,175,199,0.8,model,roster-pending,0,0,N5v4_Final,f9263d3ebc0ca4e2,4ef2b1fb6546
2026-08-04,2026-08-04 04:32:11,backfill,1,New York State Championship,2026,2026-09-04,31,31,live,40,40,1,325,276,383,0.8,model,roster-pending,0,0,N5v4_Final,f9263d3ebc0ca4e2,4ef2b1fb6546
2026-08-04,2026-08-04 04:32:11,backfill,1,Midwest Class Championships,2026,2026-10-09,66,66,live,5,5,0,313,296,338,0.8,metadata_historical_avg,roster-pending,1,0,N5v4_Final,f9263d3ebc0ca4e2,4ef2b1fb6546
2026-08-04,2026-08-04 04:32:11,backfill,1,Eastern Class Championships (in Connecticut),2026,2026-10-16,73,73,live,7,7,0,221,198,246,0.8,metadata_historical_avg,roster-pending,1,0,N5v4_Final,f9263d3ebc0ca4e2,4ef2b1fb6546
2026-08-04,2026-08-04 04:32:11,backfill,1,Eastern Chess Congress (in New Jersey),2026,2026-10-23,80,80,live,7,7,0,469,404,513,0.8,metadata_historical_avg,roster-pending,1,0,N5v4_Final,f9263d3ebc0ca4e2,4ef2b1fb6546
2026-08-04,2026-08-04 04:32:11,backfill,1,Los Angeles Open,2026,2026-11-06,94,94,live,2,2,0,365,289,413,0.8,metadata_historical_avg,roster-pending,1,0,N5v4_Final,f9263d3ebc0ca4e2,4ef2b1fb6546
2026-08-04,2026-08-04 04:32:11,backfill,1,Kings Island Open,2026,2026-11-13,101,101,live,5,5,0,346,318,364,0.8,metadata_historical_avg,roster-pending,1,0,N5v4_Final,f9263d3ebc0ca4e2,4ef2b1fb6546
2026-08-04,2026-08-04 04:32:11,backfill,1,National Chess Congress,2026,2026-11-27,115,115,live,5,5,0,623,572,677,0.8,metadata_historical_avg,roster-pending,1,0,N5v4_Final,f9263d3ebc0ca4e2,4ef2b1fb6546
2026-08-04,2026-08-04 04:32:11,backfill,1,North American Open,2026,2026-12-26,144,144,live,24,24,0,1081,946,1199,0.8,metadata_historical_avg,roster-pending,1,0,N5v4_Final,f9263d3ebc0ca4e2,4ef2b1fb6546
2026-08-04,2026-08-04 04:32:11,backfill,1,Eastern Open,2026,2026-12-26,144,144,live,0,0,0,387,367,404,0.8,metadata_historical_avg,roster-pending,1,0,N5v4_Final,f9263d3ebc0ca4e2,4ef2b1fb6546
2026-08-05,2026-08-05 04:30:02,backfill,1,Continental Open,2026,2026-08-13,8,8,live,104,104,0,284,259,312,0.8,model,roster-pending,0,0,N5v4_Final,f9263d3ebc0ca4e2,ecad8247eb6d
2026-08-05,2026-08-05 04:30:02,backfill,1,Central California Open,2026,2026-08-14,9,9,live,67,67,2,173,166,180,0.8,model,roster-pending,0,0,N5v4_Final,f9263d3ebc0ca4e2,ecad8247eb6d
2026-08-05,2026-08-05 04:30:02,backfill,1,Atlantic Open,2026,2026-08-21,16,16,live,60,60,0,247,221,277,0.8,model,roster-pending,0,0,N5v4_Final,f9263d3ebc0ca4e2,ecad8247eb6d
2026-08-05,2026-08-05 04:30:02,backfill,1,Indianapolis Open,2026,2026-08-21,16,16,live,45,45,2,187,176,199,0.8,model,roster-pending,0,0,N5v4_Final,f9263d3ebc0ca4e2,ecad8247eb6d
2026-08-05,2026-08-05 04:30:02,backfill,1,New York State Championship,2026,2026-09-04,30,30,live,41,41,1,323,278,376,0.8,model,roster-pending,0,0,N5v4_Final,f9263d3ebc0ca4e2,ecad8247eb6d
2026-08-05,2026-08-05 04:30:02,backfill,1,Midwest Class Championships,2026,2026-10-09,65,65,live,5,5,0,313,296,338,0.8,metadata_historical_avg,roster-pending,1,0,N5v4_Final,f9263d3ebc0ca4e2,ecad8247eb6d
2026-08-05,2026-08-05 04:30:02,backfill,1,Eastern Class Championships (in Connecticut),2026,2026-10-16,72,72,live,7,7,0,221,198,246,0.8,metadata_historical_avg,roster-pending,1,0,N5v4_Final,f9263d3ebc0ca4e2,ecad8247eb6d
2026-08-05,2026-08-05 04:30:02,backfill,1,Eastern Chess Congress (in New Jersey),2026,2026-10-23,79,79,live,7,7,0,469,404,513,0.8,metadata_historical_avg,roster-pending,1,0,N5v4_Final,f9263d3ebc0ca4e2,ecad8247eb6d
2026-08-05,2026-08-05 04:30:02,backfill,1,Los Angeles Open,2026,2026-11-06,93,93,live,3,3,0,365,289,413,0.8,metadata_historical_avg,roster-pending,1,0,N5v4_Final,f9263d3ebc0ca4e2,ecad8247eb6d
2026-08-05,2026-08-05 04:30:02,backfill,1,Kings Island Open,2026,2026-11-13,100,100,live,6,6,1,346,318,364,0.8,metadata_historical_avg,roster-pending,1,0,N5v4_Final,f9263d3ebc0ca4e2,ecad8247eb6d
2026-08-05,2026-08-05 04:30:02,backfill,1,National Chess Congress,2026,2026-11-27,114,114,live,5,5,0,623,572,677,0.8,metadata_historical_avg,roster-pending,1,0,N5v4_Final,f9263d3ebc0ca4e2,ecad8247eb6d
2026-08-05,2026-08-05 04:30:02,backfill,1,North American Open,2026,2026-12-26,143,143,live,28,28,0,1081,946,1199,0.8,metadata_historical_avg,roster-pending,1,0,N5v4_Final,f9263d3ebc0ca4e2,ecad8247eb6d
2026-08-05,2026-08-05 04:30:02,backfill,1,Eastern Open,2026,2026-12-26,143,143,live,0,0,0,387,367,404,0.8,metadata_historical_avg,roster-pending,1,0,N5v4_Final,f9263d3ebc0ca4e2,ecad8247eb6d
2026-08-06,2026-08-06 04:31:20,backfill,1,Continental Open,2026,2026-08-13,7,7,live,116,116,0,301,274,332,0.8,model,roster-pending,0,0,N5v4_Final,f9263d3ebc0ca4e2,4d51e305bd75
2026-08-06,2026-08-06 04:31:20,backfill,1,Central California Open,2026,2026-08-14,8,8,live,71,71,2,172,164,179,0.8,model,roster-pending,0,0,N5v4_Final,f9263d3ebc0ca4e2,4d51e305bd75
2026-08-06,2026-08-06 04:31:20,backfill,1,Atlantic Open,2026,2026-08-21,15,15,live,64,64,0,248,224,274,0.8,model,roster-pending,0,0,N5v4_Final,f9263d3ebc0ca4e2,4d51e305bd75
2026-08-06,2026-08-06 04:31:20,backfill,1,Indianapolis Open,2026,2026-08-21,15,15,live,48,48,1,188,177,199,0.8,model,roster-pending,0,0,N5v4_Final,f9263d3ebc0ca4e2,4d51e305bd75
2026-08-06,2026-08-06 04:31:20,backfill,1,New York State Championship,2026,2026-09-04,29,29,live,42,42,1,321,280,368,0.8,model,roster-pending,0,0,N5v4_Final,f9263d3ebc0ca4e2,4d51e305bd75
2026-08-06,2026-08-06 04:31:20,backfill,1,Midwest Class Championships,2026,2026-10-09,64,64,live,8,8,0,313,296,338,0.8,metadata_historical_avg,roster-pending,1,0,N5v4_Final,f9263d3ebc0ca4e2,4d51e305bd75
2026-08-06,2026-08-06 04:31:20,backfill,1,Eastern Class Championships (in Connecticut),2026,2026-10-16,71,71,live,8,8,0,221,198,246,0.8,metadata_historical_avg,roster-pending,1,0,N5v4_Final,f9263d3ebc0ca4e2,4d51e305bd75
2026-08-06,2026-08-06 04:31:20,backfill,1,Eastern Chess Congress (in New Jersey),2026,2026-10-23,78,78,live,7,7,0,469,404,513,0.8,metadata_historical_avg,roster-pending,1,0,N5v4_Final,f9263d3ebc0ca4e2,4d51e305bd75
2026-08-06,2026-08-06 04:31:20,backfill,1,Los Angeles Open,2026,2026-11-06,92,92,live,3,3,0,365,289,413,0.8,metadata_historical_avg,roster-pending,1,0,N5v4_Final,f9263d3ebc0ca4e2,4d51e305bd75
2026-08-06,2026-08-06 04:31:20,backfill,1,Kings Island Open,2026,2026-11-13,99,99,live,6,6,0,346,318,364,0.8,metadata_historical_avg,roster-pending,1,0,N5v4_Final,f9263d3ebc0ca4e2,4d51e305bd75
2026-08-06,2026-08-06 04:31:20,backfill,1,National Chess Congress,2026,2026-11-27,113,113,live,5,5,0,623,572,677,0.8,metadata_historical_avg,roster-pending,1,0,N5v4_Final,f9263d3ebc0ca4e2,4d51e305bd75
2026-08-06,2026-08-06 04:31:20,backfill,1,North American Open,2026,2026-12-26,142,142,live,28,28,0,1081,946,1199,0.8,metadata_historical_avg,roster-pending,1,0,N5v4_Final,f9263d3ebc0ca4e2,4d51e305bd75
2026-08-06,2026-08-06 04:31:20,backfill,1,Eastern Open,2026,2026-12-26,142,142,live,0,0,0,387,367,404,0.8,metadata_historical_avg,roster-pending,1,0,N5v4_Final,f9263d3ebc0ca4e2,4d51e305bd75
2026-08-07,2026-08-07 04:03:51,backfill,1,Continental Open,2026,2026-08-13,6,6,live,121,121,0,306,275,341,0.8,model,roster-pending,0,0,N5v4_Final,f9263d3ebc0ca4e2,dce805b0383e
2026-08-07,2026-08-07 04:03:51,backfill,1,Central California Open,2026,2026-08-14,7,7,live,76,76,2,167,155,179,0.8,model,roster-pending,0,0,N5v4_Final,f9263d3ebc0ca4e2,dce805b0383e
2026-08-07,2026-08-07 04:03:51,backfill,1,Atlantic Open,2026,2026-08-21,14,14,live,68,68,0,248,228,270,0.8,model,roster-pending,0,0,N5v4_Final,f9263d3ebc0ca4e2,dce805b0383e
2026-08-07,2026-08-07 04:03:51,backfill,1,Indianapolis Open,2026,2026-08-21,14,14,live,49,49,1,185,175,196,0.8,model,roster-pending,0,0,N5v4_Final,f9263d3ebc0ca4e2,dce805b0383e
2026-08-07,2026-08-07 04:03:51,backfill,1,New York State Championship,2026,2026-09-04,28,28,live,43,43,1,321,284,364,0.8,model,roster-pending,0,0,N5v4_Final,f9263d3ebc0ca4e2,dce805b0383e
2026-08-07,2026-08-07 04:03:51,backfill,1,Midwest Class Championships,2026,2026-10-09,63,63,live,9,9,0,313,296,338,0.8,metadata_historical_avg,roster-pending,1,0,N5v4_Final,f9263d3ebc0ca4e2,dce805b0383e
2026-08-07,2026-08-07 04:03:51,backfill,1,Eastern Class Championships (in Connecticut),2026,2026-10-16,70,70,live,8,8,0,221,198,246,0.8,metadata_historical_avg,roster-pending,1,0,N5v4_Final,f9263d3ebc0ca4e2,dce805b0383e
2026-08-07,2026-08-07 04:03:51,backfill,1,Eastern Chess Congress (in New Jersey),2026,2026-10-23,77,77,live,7,7,0,469,404,513,0.8,metadata_historical_avg,roster-pending,1,0,N5v4_Final,f9263d3ebc0ca4e2,dce805b0383e
2026-08-07,2026-08-07 04:03:51,backfill,1,Los Angeles Open,2026,2026-11-06,91,91,live,3,3,0,365,289,413,0.8,metadata_historical_avg,roster-pending,1,0,N5v4_Final,f9263d3ebc0ca4e2,dce805b0383e
2026-08-07,2026-08-07 04:03:51,backfill,1,Kings Island Open,2026,2026-11-13,98,98,live,7,7,0,346,318,364,0.8,metadata_historical_avg,roster-pending,1,0,N5v4_Final,f9263d3ebc0ca4e2,dce805b0383e
2026-08-07,2026-08-07 04:03:51,backfill,1,National Chess Congress,2026,2026-11-27,112,112,live,5,5,0,623,572,677,0.8,metadata_historical_avg,roster-pending,1,0,N5v4_Final,f9263d3ebc0ca4e2,dce805b0383e
2026-08-07,2026-08-07 04:03:51,backfill,1,North American Open,2026,2026-12-26,141,141,live,28,28,0,1081,946,1199,0.8,metadata_historical_avg,roster-pending,1,0,N5v4_Final,f9263d3ebc0ca4e2,dce805b0383e
2026-08-07,2026-08-07 04:03:51,backfill,1,Eastern Open,2026,2026-12-26,141,141,live,0,0,0,387,367,404,0.8,metadata_historical_avg,roster-pending,1,0,N5v4_Final,f9263d3ebc0ca4e2,dce805b0383e
2026-08-08,2026-08-08 03:01:04,backfill,1,Continental Open,2026,2026-08-13,5,5,live,127,127,0,268,225,318,0.8,model,roster-pending,0,0,N5v4_Final,f9263d3ebc0ca4e2,9dd1f2986606
2026-08-08,2026-08-08 03:01:04,backfill,1,Central California Open,2026,2026-08-14,6,6,live,91,91,2,177,164,190,0.8,model,roster-pending,0,0,N5v4_Final,f9263d3ebc0ca4e2,9dd1f2986606
2026-08-08,2026-08-08 03:01:04,backfill,1,Atlantic Open,2026,2026-08-21,13,13,live,70,70,0,246,228,265,0.8,model,roster-pending,0,0,N5v4_Final,f9263d3ebc0ca4e2,9dd1f2986606
2026-08-08,2026-08-08 03:01:04,backfill,1,Indianapolis Open,2026,2026-08-21,13,13,live,50,50,1,183,174,192,0.8,model,roster-pending,0,0,N5v4_Final,f9263d3ebc0ca4e2,9dd1f2986606
2026-08-08,2026-08-08 03:01:04,backfill,1,New York State Championship,2026,2026-09-04,27,27,live,45,45,1,320,282,363,0.8,model,roster-pending,0,0,N5v4_Final,f9263d3ebc0ca4e2,9dd1f2986606
2026-08-08,2026-08-08 03:01:04,backfill,1,Midwest Class Championships,2026,2026-10-09,62,62,live,9,9,0,313,296,338,0.8,metadata_historical_avg,roster-pending,1,0,N5v4_Final,f9263d3ebc0ca4e2,9dd1f2986606
2026-08-08,2026-08-08 03:01:04,backfill,1,Eastern Class Championships (in Connecticut),2026,2026-10-16,69,69,live,9,9,0,221,198,246,0.8,metadata_historical_avg,roster-pending,1,0,N5v4_Final,f9263d3ebc0ca4e2,9dd1f2986606
2026-08-08,2026-08-08 03:01:04,backfill,1,Eastern Chess Congress (in New Jersey),2026,2026-10-23,76,76,live,7,7,0,469,404,513,0.8,metadata_historical_avg,roster-pending,1,0,N5v4_Final,f9263d3ebc0ca4e2,9dd1f2986606
2026-08-08,2026-08-08 03:01:04,backfill,1,Los Angeles Open,2026,2026-11-06,90,90,live,3,3,0,365,289,413,0.8,metadata_historical_avg,roster-pending,1,0,N5v4_Final,f9263d3ebc0ca4e2,9dd1f2986606
2026-08-08,2026-08-08 03:01:04,backfill,1,Kings Island Open,2026,2026-11-13,97,97,live,7,7,0,346,318,364,0.8,metadata_historical_avg,roster-pending,1,0,N5v4_Final,f9263d3ebc0ca4e2,9dd1f2986606
2026-08-08,2026-08-08 03:01:04,backfill,1,National Chess Congress,2026,2026-11-27,111,111,live,5,5,0,623,572,677,0.8,metadata_historical_avg,roster-pending,1,0,N5v4_Final,f9263d3ebc0ca4e2,9dd1f2986606
2026-08-08,2026-08-08 03:01:04,backfill,1,North American Open,2026,2026-12-26,140,140,live,28,28,0,1081,946,1199,0.8,metadata_historical_avg,roster-pending,1,0,N5v4_Final,f9263d3ebc0ca4e2,9dd1f2986606
2026-08-08,2026-08-08 03:01:04,backfill,1,Eastern Open,2026,2026-12-26,140,140,live,0,0,0,387,367,404,0.8,metadata_historical_avg,roster-pending,1,0,N5v4_Final,f9263d3ebc0ca4e2,9dd1f2986606
2026-08-09,2026-08-09 03:08:23,backfill,1,Continental Open,2026,2026-08-13,4,4,live,141,141,0,262,206,333,0.8,model,roster-pending,0,0,N5v4_Final,f9263d3ebc0ca4e2,3a44cab32aa0
2026-08-09,2026-08-09 03:08:23,backfill,1,Central California Open,2026,2026-08-14,5,5,live,99,99,2,156,135,180,0.8,model,roster-pending,0,0,N5v4_Final,f9263d3ebc0ca4e2,3a44cab32aa0
2026-08-09,2026-08-09 03:08:23,backfill,1,Atlantic Open,2026,2026-08-21,12,12,live,77,77,0,250,234,267,0.8,model,roster-pending,0,0,N5v4_Final,f9263d3ebc0ca4e2,3a44cab32aa0
2026-08-09,2026-08-09 03:08:23,backfill,1,Indianapolis Open,2026,2026-08-21,12,12,live,56,56,1,186,178,194,0.8,model,roster-pending,0,0,N5v4_Final,f9263d3ebc0ca4e2,3a44cab32aa0
2026-08-09,2026-08-09 03:08:23,backfill,1,New York State Championship,2026,2026-09-04,26,26,live,46,46,1,317,279,360,0.8,model,roster-pending,0,0,N5v4_Final,f9263d3ebc0ca4e2,3a44cab32aa0
2026-08-09,2026-08-09 03:08:23,backfill,1,Midwest Class Championships,2026,2026-10-09,61,61,live,9,9,0,313,296,338,0.8,metadata_historical_avg,roster-pending,1,0,N5v4_Final,f9263d3ebc0ca4e2,3a44cab32aa0
2026-08-09,2026-08-09 03:08:23,backfill,1,Eastern Class Championships (in Connecticut),2026,2026-10-16,68,68,live,9,9,0,221,198,246,0.8,metadata_historical_avg,roster-pending,1,0,N5v4_Final,f9263d3ebc0ca4e2,3a44cab32aa0
2026-08-09,2026-08-09 03:08:23,backfill,1,Eastern Chess Congress (in New Jersey),2026,2026-10-23,75,75,live,8,8,0,469,404,513,0.8,metadata_historical_avg,roster-pending,1,0,N5v4_Final,f9263d3ebc0ca4e2,3a44cab32aa0
2026-08-09,2026-08-09 03:08:23,backfill,1,Los Angeles Open,2026,2026-11-06,89,89,live,3,3,0,365,289,413,0.8,metadata_historical_avg,roster-pending,1,0,N5v4_Final,f9263d3ebc0ca4e2,3a44cab32aa0
2026-08-09,2026-08-09 03:08:23,backfill,1,Kings Island Open,2026,2026-11-13,96,96,live,7,7,0,346,318,364,0.8,metadata_historical_avg,roster-pending,1,0,N5v4_Final,f9263d3ebc0ca4e2,3a44cab32aa0
2026-08-09,2026-08-09 03:08:23,backfill,1,National Chess Congress,2026,2026-11-27,110,110,live,6,6,0,623,572,677,0.8,metadata_historical_avg,roster-pending,1,0,N5v4_Final,f9263d3ebc0ca4e2,3a44cab32aa0
2026-08-09,2026-08-09 03:08:23,backfill,1,North American Open,2026,2026-12-26,139,139,live,30,30,0,1081,946,1199,0.8,metadata_historical_avg,roster-pending,1,0,N5v4_Final,f9263d3ebc0ca4e2,3a44cab32aa0
2026-08-09,2026-08-09 03:08:23,backfill,1,Eastern Open,2026,2026-12-26,139,139,live,0,0,0,387,367,404,0.8,metadata_historical_avg,roster-pending,1,0,N5v4_Final,f9263d3ebc0ca4e2,3a44cab32aa0
2026-08-10,2026-08-10 03:18:59,backfill,1,Continental Open,2026,2026-08-13,3,3,live,156,156,0,255,186,351,0.8,model,roster-pending,0,0,N5v4_Final,f9263d3ebc0ca4e2,ad02e75f10ab
2026-08-10,2026-08-10 03:18:59,backfill,1,Central California Open,2026,2026-08-14,4,4,live,109,109,3,155,122,197,0.8,model,roster-pending,0,0,N5v4_Final,f9263d3ebc0ca4e2,ad02e75f10ab
2026-08-10,2026-08-10 03:18:59,backfill,1,Atlantic Open,2026,2026-08-21,11,11,live,85,85,0,255,241,269,0.8,model,roster-pending,0,0,N5v4_Final,f9263d3ebc0ca4e2,ad02e75f10ab
2026-08-10,2026-08-10 03:18:59,backfill,1,Indianapolis Open,2026,2026-08-21,11,11,live,62,62,1,189,182,196,0.8,model,roster-pending,0,0,N5v4_Final,f9263d3ebc0ca4e2,ad02e75f10ab
2026-08-10,2026-08-10 03:18:59,backfill,1,New York State Championship,2026,2026-09-04,25,25,live,48,48,1,315,277,359,0.8,model,roster-pending,0,0,N5v4_Final,f9263d3ebc0ca4e2,ad02e75f10ab
2026-08-10,2026-08-10 03:18:59,backfill,1,Midwest Class Championships,2026,2026-10-09,60,60,live,9,9,0,313,296,338,0.8,metadata_historical_avg,roster-pending,1,0,N5v4_Final,f9263d3ebc0ca4e2,ad02e75f10ab
2026-08-10,2026-08-10 03:18:59,backfill,1,Eastern Class Championships (in Connecticut),2026,2026-10-16,67,67,live,9,9,0,221,198,246,0.8,metadata_historical_avg,roster-pending,1,0,N5v4_Final,f9263d3ebc0ca4e2,ad02e75f10ab
2026-08-10,2026-08-10 03:18:59,backfill,1,Eastern Chess Congress (in New Jersey),2026,2026-10-23,74,74,live,8,8,0,469,404,513,0.8,metadata_historical_avg,roster-pending,1,0,N5v4_Final,f9263d3ebc0ca4e2,ad02e75f10ab
2026-08-10,2026-08-10 03:18:59,backfill,1,Los Angeles Open,2026,2026-11-06,88,88,live,3,3,0,365,289,413,0.8,metadata_historical_avg,roster-pending,1,0,N5v4_Final,f9263d3ebc0ca4e2,ad02e75f10ab
2026-08-10,2026-08-10 03:18:59,backfill,1,Kings Island Open,2026,2026-11-13,95,95,live,7,7,0,346,318,364,0.8,metadata_historical_avg,roster-pending,1,0,N5v4_Final,f9263d3ebc0ca4e2,ad02e75f10ab
2026-08-10,2026-08-10 03:18:59,backfill,1,National Chess Congress,2026,2026-11-27,109,109,live,9,9,0,623,572,677,0.8,metadata_historical_avg,roster-pending,1,0,N5v4_Final,f9263d3ebc0ca4e2,ad02e75f10ab
2026-08-10,2026-08-10 03:18:59,backfill,1,North American Open,2026,2026-12-26,138,138,live,33,33,0,1081,946,1199,0.8,metadata_historical_avg,roster-pending,1,0,N5v4_Final,f9263d3ebc0ca4e2,ad02e75f10ab
2026-08-10,2026-08-10 03:18:59,backfill,1,Eastern Open,2026,2026-12-26,138,138,live,0,0,0,387,367,404,0.8,metadata_historical_avg,roster-pending,1,0,N5v4_Final,f9263d3ebc0ca4e2,ad02e75f10ab
2026-08-11,2026-08-11 03:11:50,backfill,1,Continental Open,2026,2026-08-13,2,2,live,195,195,0,269,243,297,0.8,model,roster-pending,0,0,N5v4_Final,f9263d3ebc0ca4e2,a3423e3d48a6
2026-08-11,2026-08-11 03:11:50,backfill,1,Central California Open,2026,2026-08-14,3,3,live,118,118,3,149,118,211,0.8,model,roster-pending,0,0,N5v4_Final,f9263d3ebc0ca4e2,a3423e3d48a6
2026-08-11,2026-08-11 03:11:50,backfill,1,Atlantic Open,2026,2026-08-21,10,10,live,88,88,0,256,244,268,0.8,model,roster-pending,0,0,N5v4_Final,f9263d3ebc0ca4e2,a3423e3d48a6
2026-08-11,2026-08-11 03:11:50,backfill,1,Indianapolis Open,2026,2026-08-21,10,10,live,65,65,1,190,183,196,0.8,model,roster-pending,0,0,N5v4_Final,f9263d3ebc0ca4e2,a3423e3d48a6
2026-08-11,2026-08-11 03:11:50,backfill,1,New York State Championship,2026,2026-09-04,24,24,live,51,51,1,316,277,360,0.8,model,roster-pending,0,0,N5v4_Final,f9263d3ebc0ca4e2,a3423e3d48a6
2026-08-11,2026-08-11 03:11:50,backfill,1,Midwest Class Championships,2026,2026-10-09,59,59,live,11,11,0,313,296,338,0.8,metadata_historical_avg,roster-pending,1,0,N5v4_Final,f9263d3ebc0ca4e2,a3423e3d48a6
2026-08-11,2026-08-11 03:11:50,backfill,1,Eastern Class Championships (in Connecticut),2026,2026-10-16,66,66,live,9,9,0,221,198,246,0.8,metadata_historical_avg,roster-pending,1,0,N5v4_Final,f9263d3ebc0ca4e2,a3423e3d48a6
2026-08-11,2026-08-11 03:11:50,backfill,1,Eastern Chess Congress (in New Jersey),2026,2026-10-23,73,73,live,9,9,0,469,404,513,0.8,metadata_historical_avg,roster-pending,1,0,N5v4_Final,f9263d3ebc0ca4e2,a3423e3d48a6
2026-08-11,2026-08-11 03:11:50,backfill,1,Los Angeles Open,2026,2026-11-06,87,87,live,4,4,1,365,289,413,0.8,metadata_historical_avg,roster-pending,1,0,N5v4_Final,f9263d3ebc0ca4e2,a3423e3d48a6
2026-08-11,2026-08-11 03:11:50,backfill,1,Kings Island Open,2026,2026-11-13,94,94,live,7,7,0,346,318,364,0.8,metadata_historical_avg,roster-pending,1,0,N5v4_Final,f9263d3ebc0ca4e2,a3423e3d48a6
2026-08-11,2026-08-11 03:11:50,backfill,1,National Chess Congress,2026,2026-11-27,108,108,live,9,9,0,623,572,677,0.8,metadata_historical_avg,roster-pending,1,0,N5v4_Final,f9263d3ebc0ca4e2,a3423e3d48a6
2026-08-11,2026-08-11 03:11:50,backfill,1,North American Open,2026,2026-12-26,137,137,live,35,35,0,1081,946,1199,0.8,metadata_historical_avg,roster-pending,1,0,N5v4_Final,f9263d3ebc0ca4e2,a3423e3d48a6
2026-08-11,2026-08-11 03:11:50,backfill,1,Eastern Open,2026,2026-12-26,137,137,live,0,0,0,387,367,404,0.8,metadata_historical_avg,roster-pending,1,0,N5v4_Final,f9263d3ebc0ca4e2,a3423e3d48a6
2026-08-12,2026-08-12 03:29:49,backfill,1,Continental Open,2026,2026-08-13,1,1,live,235,235,0,258,237,279,0.8,model,roster-pending,0,0,N5v4_Final,f9263d3ebc0ca4e2,348122b9625a
2026-08-12,2026-08-12 03:29:49,backfill,1,Central California Open,2026,2026-08-14,2,2,live,127,127,3,153,138,169,0.8,model,roster-pending,0,0,N5v4_Final,f9263d3ebc0ca4e2,348122b9625a
2026-08-12,2026-08-12 03:29:49,backfill,1,Atlantic Open,2026,2026-08-21,9,9,live,96,96,0,259,245,273,0.8,model,roster-pending,0,0,N5v4_Final,f9263d3ebc0ca4e2,348122b9625a
2026-08-12,2026-08-12 03:29:49,backfill,1,Indianapolis Open,2026,2026-08-21,9,9,live,68,68,1,188,181,196,0.8,model,roster-pending,0,0,N5v4_Final,f9263d3ebc0ca4e2,348122b9625a
2026-08-12,2026-08-12 03:29:49,backfill,1,New York State Championship,2026,2026-09-04,23,23,live,60,60,1,326,286,373,0.8,model,roster-pending,0,0,N5v4_Final,f9263d3ebc0ca4e2,348122b9625a
2026-08-12,2026-08-12 03:29:49,backfill,1,Midwest Class Championships,2026,2026-10-09,58,58,live,12,12,0,313,296,338,0.8,metadata_historical_avg,roster-pending,1,0,N5v4_Final,f9263d3ebc0ca4e2,348122b9625a
2026-08-12,2026-08-12 03:29:49,backfill,1,Eastern Class Championships (in Connecticut),2026,2026-10-16,65,65,live,9,9,0,221,198,246,0.8,metadata_historical_avg,roster-pending,1,0,N5v4_Final,f9263d3ebc0ca4e2,348122b9625a
2026-08-12,2026-08-12 03:29:49,backfill,1,Eastern Chess Congress (in New Jersey),2026,2026-10-23,72,72,live,9,9,0,469,404,513,0.8,metadata_historical_avg,roster-pending,1,0,N5v4_Final,f9263d3ebc0ca4e2,348122b9625a
2026-08-12,2026-08-12 03:29:49,backfill,1,Los Angeles Open,2026,2026-11-06,86,86,live,5,5,0,365,289,413,0.8,metadata_historical_avg,roster-pending,1,0,N5v4_Final,f9263d3ebc0ca4e2,348122b9625a
2026-08-12,2026-08-12 03:29:49,backfill,1,Kings Island Open,2026,2026-11-13,93,93,live,8,8,0,346,318,364,0.8,metadata_historical_avg,roster-pending,1,0,N5v4_Final,f9263d3ebc0ca4e2,348122b9625a
2026-08-12,2026-08-12 03:29:49,backfill,1,National Chess Congress,2026,2026-11-27,107,107,live,9,9,0,623,572,677,0.8,metadata_historical_avg,roster-pending,1,0,N5v4_Final,f9263d3ebc0ca4e2,348122b9625a
2026-08-12,2026-08-12 03:29:49,backfill,1,North American Open,2026,2026-12-26,136,136,live,37,37,0,1081,946,1199,0.8,metadata_historical_avg,roster-pending,1,0,N5v4_Final,f9263d3ebc0ca4e2,348122b9625a
2026-08-12,2026-08-12 03:29:49,backfill,1,Eastern Open,2026,2026-12-26,136,136,live,0,0,0,387,367,404,0.8,metadata_historical_avg,roster-pending,1,0,N5v4_Final,f9263d3ebc0ca4e2,348122b9625a
2026-08-13,2026-08-13 03:33:19,backfill,1,Central California Open,2026,2026-08-14,1,1,live,141,141,3,150,141,163,0.8,model,roster-pending,0,0,N5v4_Final,f9263d3ebc0ca4e2,44285f364d18
2026-08-13,2026-08-13 03:33:19,backfill,1,Continental Open,2026,2026-08-13,0,3,live,249,249,0,249,249,249,0.8,in_progress_actual,roster-pending,1,0,N5v4_Final,f9263d3ebc0ca4e2,44285f364d18
2026-08-13,2026-08-13 03:33:19,backfill,1,Atlantic Open,2026,2026-08-21,8,8,live,100,100,0,258,242,274,0.8,model,roster-pending,0,0,N5v4_Final,f9263d3ebc0ca4e2,44285f364d18
2026-08-13,2026-08-13 03:33:19,backfill,1,Indianapolis Open,2026,2026-08-21,8,8,live,71,71,1,187,178,196,0.8,model,roster-pending,0,0,N5v4_Final,f9263d3ebc0ca4e2,44285f364d18
2026-08-13,2026-08-13 03:33:19,backfill,1,New York State Championship,2026,2026-09-04,22,22,live,64,64,1,327,286,374,0.8,model,roster-pending,0,0,N5v4_Final,f9263d3ebc0ca4e2,44285f364d18
2026-08-13,2026-08-13 03:33:19,backfill,1,Midwest Class Championships,2026,2026-10-09,57,57,live,12,12,0,313,296,338,0.8,metadata_historical_avg,roster-pending,1,0,N5v4_Final,f9263d3ebc0ca4e2,44285f364d18
2026-08-13,2026-08-13 03:33:19,backfill,1,Eastern Class Championships (in Connecticut),2026,2026-10-16,64,64,live,9,9,0,221,198,246,0.8,metadata_historical_avg,roster-pending,1,0,N5v4_Final,f9263d3ebc0ca4e2,44285f364d18
2026-08-13,2026-08-13 03:33:19,backfill,1,Eastern Chess Congress (in New Jersey),2026,2026-10-23,71,71,live,9,9,0,469,404,513,0.8,metadata_historical_avg,roster-pending,1,0,N5v4_Final,f9263d3ebc0ca4e2,44285f364d18
2026-08-13,2026-08-13 03:33:19,backfill,1,Los Angeles Open,2026,2026-11-06,85,85,live,5,5,0,365,289,413,0.8,metadata_historical_avg,roster-pending,1,0,N5v4_Final,f9263d3ebc0ca4e2,44285f364d18
2026-08-13,2026-08-13 03:33:19,backfill,1,Kings Island Open,2026,2026-11-13,92,92,live,8,8,0,346,318,364,0.8,metadata_historical_avg,roster-pending,1,0,N5v4_Final,f9263d3ebc0ca4e2,44285f364d18
2026-08-13,2026-08-13 03:33:19,backfill,1,National Chess Congress,2026,2026-11-27,106,106,live,9,9,0,623,572,677,0.8,metadata_historical_avg,roster-pending,1,0,N5v4_Final,f9263d3ebc0ca4e2,44285f364d18
2026-08-13,2026-08-13 03:33:19,backfill,1,North American Open,2026,2026-12-26,135,135,live,40,40,0,1081,946,1199,0.8,metadata_historical_avg,roster-pending,1,0,N5v4_Final,f9263d3ebc0ca4e2,44285f364d18
2026-08-13,2026-08-13 03:33:19,backfill,1,Eastern Open,2026,2026-12-26,135,135,live,0,0,0,387,367,404,0.8,metadata_historical_avg,roster-pending,1,0,N5v4_Final,f9263d3ebc0ca4e2,44285f364d18
2026-08-14,2026-08-14 03:30:40,backfill,1,Central California Open,2026,2026-08-14,0,2,live,154,154,4,154,154,154,0.8,in_progress_actual,roster-pending,1,0,N5v4_Final,f9263d3ebc0ca4e2,2426ef9e6732
2026-08-14,2026-08-14 03:30:40,backfill,1,Continental Open,2026,2026-08-13,-1,2,live,261,261,0,261,261,261,0.8,in_progress_actual,roster-pending,1,0,N5v4_Final,f9263d3ebc0ca4e2,2426ef9e6732
2026-08-14,2026-08-14 03:30:40,backfill,1,Atlantic Open,2026,2026-08-21,7,7,live,102,102,0,240,223,258,0.8,model,roster-pending,0,0,N5v4_Final,f9263d3ebc0ca4e2,2426ef9e6732
2026-08-14,2026-08-14 03:30:40,backfill,1,Indianapolis Open,2026,2026-08-21,7,7,live,73,73,1,188,174,201,0.8,model,roster-pending,0,0,N5v4_Final,f9263d3ebc0ca4e2,2426ef9e6732
2026-08-14,2026-08-14 03:30:40,backfill,1,New York State Championship,2026,2026-09-04,21,21,live,70,70,1,327,287,373,0.8,model,roster-pending,0,0,N5v4_Final,f9263d3ebc0ca4e2,2426ef9e6732
2026-08-14,2026-08-14 03:30:40,backfill,1,Midwest Class Championships,2026,2026-10-09,56,56,live,12,12,0,313,296,338,0.8,metadata_historical_avg,roster-pending,1,0,N5v4_Final,f9263d3ebc0ca4e2,2426ef9e6732
2026-08-14,2026-08-14 03:30:40,backfill,1,Eastern Class Championships (in Connecticut),2026,2026-10-16,63,63,live,9,9,0,221,198,246,0.8,metadata_historical_avg,roster-pending,1,0,N5v4_Final,f9263d3ebc0ca4e2,2426ef9e6732
2026-08-14,2026-08-14 03:30:40,backfill,1,Eastern Chess Congress (in New Jersey),2026,2026-10-23,70,70,live,9,9,0,469,404,513,0.8,metadata_historical_avg,roster-pending,1,0,N5v4_Final,f9263d3ebc0ca4e2,2426ef9e6732
2026-08-14,2026-08-14 03:30:40,backfill,1,Los Angeles Open,2026,2026-11-06,84,84,live,5,5,0,365,289,413,0.8,metadata_historical_avg,roster-pending,1,0,N5v4_Final,f9263d3ebc0ca4e2,2426ef9e6732
2026-08-14,2026-08-14 03:30:40,backfill,1,Kings Island Open,2026,2026-11-13,91,91,live,8,8,0,346,318,364,0.8,metadata_historical_avg,roster-pending,1,0,N5v4_Final,f9263d3ebc0ca4e2,2426ef9e6732
2026-08-14,2026-08-14 03:30:40,backfill,1,National Chess Congress,2026,2026-11-27,105,105,live,9,9,0,623,572,677,0.8,metadata_historical_avg,roster-pending,1,0,N5v4_Final,f9263d3ebc0ca4e2,2426ef9e6732
2026-08-14,2026-08-14 03:30:40,backfill,1,North American Open,2026,2026-12-26,134,134,live,42,42,0,1081,946,1199,0.8,metadata_historical_avg,roster-pending,1,0,N5v4_Final,f9263d3ebc0ca4e2,2426ef9e6732
2026-08-14,2026-08-14 03:30:40,backfill,1,Eastern Open,2026,2026-12-26,134,134,live,0,0,0,387,367,404,0.8,metadata_historical_avg,roster-pending,1,0,N5v4_Final,f9263d3ebc0ca4e2,2426ef9e6732
2026-08-15,2026-08-15 02:19:25,backfill,1,Central California Open,2026,2026-08-14,-1,1,live,165,165,4,165,165,165,0.8,in_progress_actual,roster-pending,1,0,N5v4_Final,f9263d3ebc0ca4e2,192bb26bb004
2026-08-15,2026-08-15 02:19:25,backfill,1,Continental Open,2026,2026-08-13,-2,1,live,266,266,0,266,266,266,0.8,in_progress_actual,roster-pending,1,0,N5v4_Final,f9263d3ebc0ca4e2,192bb26bb004
2026-08-15,2026-08-15 02:19:25,backfill,1,Atlantic Open,2026,2026-08-21,6,6,live,112,112,0,263,243,284,0.8,model,roster-pending,0,0,N5v4_Final,f9263d3ebc0ca4e2,192bb26bb004
2026-08-15,2026-08-15 02:19:25,backfill,1,Indianapolis Open,2026,2026-08-21,6,6,live,80,80,1,189,176,203,0.8,model,roster-pending,0,0,N5v4_Final,f9263d3ebc0ca4e2,192bb26bb004
2026-08-15,2026-08-15 02:19:25,backfill,1,New York State Championship,2026,2026-09-04,20,20,live,72,72,1,324,284,369,0.8,model,roster-pending,0,0,N5v4_Final,f9263d3ebc0ca4e2,192bb26bb004
2026-08-15,2026-08-15 02:19:25,backfill,1,Midwest Class Championships,2026,2026-10-09,55,55,live,12,12,0,313,296,338,0.8,metadata_historical_avg,roster-pending,1,0,N5v4_Final,f9263d3ebc0ca4e2,192bb26bb004
2026-08-15,2026-08-15 02:19:25,backfill,1,Eastern Class Championships (in Connecticut),2026,2026-10-16,62,62,live,9,9,0,221,198,246,0.8,metadata_historical_avg,roster-pending,1,0,N5v4_Final,f9263d3ebc0ca4e2,192bb26bb004
2026-08-15,2026-08-15 02:19:25,backfill,1,Eastern Chess Congress (in New Jersey),2026,2026-10-23,69,69,live,9,9,0,469,404,513,0.8,metadata_historical_avg,roster-pending,1,0,N5v4_Final,f9263d3ebc0ca4e2,192bb26bb004
2026-08-15,2026-08-15 02:19:25,backfill,1,Los Angeles Open,2026,2026-11-06,83,83,live,5,5,0,365,289,413,0.8,metadata_historical_avg,roster-pending,1,0,N5v4_Final,f9263d3ebc0ca4e2,192bb26bb004
2026-08-15,2026-08-15 02:19:25,backfill,1,Kings Island Open,2026,2026-11-13,90,90,live,8,8,0,346,318,364,0.8,metadata_historical_avg,roster-pending,1,0,N5v4_Final,f9263d3ebc0ca4e2,192bb26bb004
2026-08-15,2026-08-15 02:19:25,backfill,1,National Chess Congress,2026,2026-11-27,104,104,live,9,9,0,623,572,677,0.8,metadata_historical_avg,roster-pending,1,0,N5v4_Final,f9263d3ebc0ca4e2,192bb26bb004
2026-08-15,2026-08-15 02:19:25,backfill,1,North American Open,2026,2026-12-26,133,133,live,42,42,0,1081,946,1199,0.8,metadata_historical_avg,roster-pending,1,0,N5v4_Final,f9263d3ebc0ca4e2,192bb26bb004
2026-08-15,2026-08-15 02:19:25,backfill,1,Eastern Open,2026,2026-12-26,133,133,live,0,0,0,387,367,404,0.8,metadata_historical_avg,roster-pending,1,0,N5v4_Final,f9263d3ebc0ca4e2,192bb26bb004
2026-08-16,2026-08-16 02:34:53,backfill,1,Central California Open,2026,2026-08-14,-2,0,live,169,169,4,169,169,169,0.8,in_progress_actual,roster-pending,1,0,N5v4_Final,f9263d3ebc0ca4e2,2fb377f38655
2026-08-16,2026-08-16 02:34:53,backfill,1,Continental Open,2026,2026-08-13,-3,0,live,266,266,0,266,266,266,0.8,in_progress_actual,roster-pending,1,0,N5v4_Final,f9263d3ebc0ca4e2,2fb377f38655
2026-08-16,2026-08-16 02:34:53,backfill,1,Atlantic Open,2026,2026-08-21,5,5,live,122,122,0,237,209,268,0.8,model,roster-pending,0,0,N5v4_Final,f9263d3ebc0ca4e2,2fb377f38655
2026-08-16,2026-08-16 02:34:53,backfill,1,Indianapolis Open,2026,2026-08-21,5,5,live,93,93,1,176,157,198,0.8,model,roster-pending,0,0,N5v4_Final,f9263d3ebc0ca4e2,2fb377f38655
2026-08-16,2026-08-16 02:34:53,backfill,1,New York State Championship,2026,2026-09-04,19,19,live,77,77,1,325,285,370,0.8,model,roster-pending,0,0,N5v4_Final,f9263d3ebc0ca4e2,2fb377f38655
2026-08-16,2026-08-16 02:34:53,backfill,1,Midwest Class Championships,2026,2026-10-09,54,54,live,12,12,0,313,296,338,0.8,metadata_historical_avg,roster-pending,1,0,N5v4_Final,f9263d3ebc0ca4e2,2fb377f38655
2026-08-16,2026-08-16 02:34:53,backfill,1,Eastern Class Championships (in Connecticut),2026,2026-10-16,61,61,live,9,9,0,221,198,246,0.8,metadata_historical_avg,roster-pending,1,0,N5v4_Final,f9263d3ebc0ca4e2,2fb377f38655
2026-08-16,2026-08-16 02:34:53,backfill,1,Eastern Chess Congress (in New Jersey),2026,2026-10-23,68,68,live,10,10,1,469,404,513,0.8,metadata_historical_avg,roster-pending,1,0,N5v4_Final,f9263d3ebc0ca4e2,2fb377f38655
2026-08-16,2026-08-16 02:34:53,backfill,1,Los Angeles Open,2026,2026-11-06,82,82,live,6,6,0,365,289,413,0.8,metadata_historical_avg,roster-pending,1,0,N5v4_Final,f9263d3ebc0ca4e2,2fb377f38655
2026-08-16,2026-08-16 02:34:53,backfill,1,Kings Island Open,2026,2026-11-13,89,89,live,8,8,0,346,318,364,0.8,metadata_historical_avg,roster-pending,1,0,N5v4_Final,f9263d3ebc0ca4e2,2fb377f38655
2026-08-16,2026-08-16 02:34:53,backfill,1,National Chess Congress,2026,2026-11-27,103,103,live,9,9,0,623,572,677,0.8,metadata_historical_avg,roster-pending,1,0,N5v4_Final,f9263d3ebc0ca4e2,2fb377f38655
2026-08-16,2026-08-16 02:34:53,backfill,1,North American Open,2026,2026-12-26,132,132,live,42,42,0,1081,946,1199,0.8,metadata_historical_avg,roster-pending,1,0,N5v4_Final,f9263d3ebc0ca4e2,2fb377f38655
2026-08-16,2026-08-16 02:34:53,backfill,1,Eastern Open,2026,2026-12-26,132,132,live,0,0,0,387,367,404,0.8,metadata_historical_avg,roster-pending,1,0,N5v4_Final,f9263d3ebc0ca4e2,2fb377f38655
2026-08-17,2026-08-17 02:34:21,backfill,1,Atlantic Open,2026,2026-08-21,4,4,live,141,141,0,242,207,283,0.8,model,roster-pending,0,0,N5v4_Final,f9263d3ebc0ca4e2,bce1ca580d2a
2026-08-17,2026-08-17 02:34:21,backfill,1,Indianapolis Open,2026,2026-08-21,4,4,live,103,103,1,169,146,196,0.8,model,roster-pending,0,0,N5v4_Final,f9263d3ebc0ca4e2,bce1ca580d2a
2026-08-17,2026-08-17 02:34:21,backfill,1,New York State Championship,2026,2026-09-04,18,18,live,81,81,1,324,285,368,0.8,model,roster-pending,0,0,N5v4_Final,f9263d3ebc0ca4e2,bce1ca580d2a
2026-08-17,2026-08-17 02:34:21,backfill,1,Midwest Class Championships,2026,2026-10-09,53,53,live,12,12,0,313,296,338,0.8,metadata_historical_avg,roster-pending,1,0,N5v4_Final,f9263d3ebc0ca4e2,bce1ca580d2a
2026-08-17,2026-08-17 02:34:21,backfill,1,Eastern Class Championships (in Connecticut),2026,2026-10-16,60,60,live,9,9,0,221,198,246,0.8,metadata_historical_avg,roster-pending,1,0,N5v4_Final,f9263d3ebc0ca4e2,bce1ca580d2a
2026-08-17,2026-08-17 02:34:21,backfill,1,Eastern Chess Congress (in New Jersey),2026,2026-10-23,67,67,live,10,10,1,469,404,513,0.8,metadata_historical_avg,roster-pending,1,0,N5v4_Final,f9263d3ebc0ca4e2,bce1ca580d2a
2026-08-17,2026-08-17 02:34:21,backfill,1,Los Angeles Open,2026,2026-11-06,81,81,live,6,6,0,365,289,413,0.8,metadata_historical_avg,roster-pending,1,0,N5v4_Final,f9263d3ebc0ca4e2,bce1ca580d2a
2026-08-17,2026-08-17 02:34:21,backfill,1,Kings Island Open,2026,2026-11-13,88,88,live,8,8,0,346,318,364,0.8,metadata_historical_avg,roster-pending,1,0,N5v4_Final,f9263d3ebc0ca4e2,bce1ca580d2a
2026-08-17,2026-08-17 02:34:21,backfill,1,National Chess Congress,2026,2026-11-27,102,102,live,9,9,0,623,572,677,0.8,metadata_historical_avg,roster-pending,1,0,N5v4_Final,f9263d3ebc0ca4e2,bce1ca580d2a
2026-08-17,2026-08-17 02:34:21,backfill,1,North American Open,2026,2026-12-26,131,131,live,43,43,0,1081,946,1199,0.8,metadata_historical_avg,roster-pending,1,0,N5v4_Final,f9263d3ebc0ca4e2,bce1ca580d2a
2026-08-17,2026-08-17 02:34:21,backfill,1,Eastern Open,2026,2026-12-26,131,131,live,0,0,0,387,367,404,0.8,metadata_historical_avg,roster-pending,1,0,N5v4_Final,f9263d3ebc0ca4e2,bce1ca580d2a
2026-08-18,2026-08-18 02:29:39,backfill,1,Atlantic Open,2026,2026-08-21,3,3,live,168,168,0,238,197,289,0.8,model,roster-pending,0,0,N5v4_Final,f9263d3ebc0ca4e2,cd44d5aebc8a
2026-08-18,2026-08-18 02:29:39,backfill,1,Indianapolis Open,2026,2026-08-21,3,3,live,115,115,1,163,137,195,0.8,model,roster-pending,0,0,N5v4_Final,f9263d3ebc0ca4e2,cd44d5aebc8a
2026-08-18,2026-08-18 02:29:39,backfill,1,New York State Championship,2026,2026-09-04,17,17,live,89,89,1,328,289,372,0.8,model,roster-pending,0,0,N5v4_Final,f9263d3ebc0ca4e2,cd44d5aebc8a
2026-08-18,2026-08-18 02:29:39,backfill,1,Midwest Class Championships,2026,2026-10-09,52,52,live,13,13,0,313,296,338,0.8,metadata_historical_avg,roster-pending,1,0,N5v4_Final,f9263d3ebc0ca4e2,cd44d5aebc8a
2026-08-18,2026-08-18 02:29:39,backfill,1,Eastern Class Championships (in Connecticut),2026,2026-10-16,59,59,live,9,9,0,221,198,246,0.8,metadata_historical_avg,roster-pending,1,0,N5v4_Final,f9263d3ebc0ca4e2,cd44d5aebc8a
2026-08-18,2026-08-18 02:29:39,backfill,1,Eastern Chess Congress (in New Jersey),2026,2026-10-23,66,66,live,10,10,1,469,404,513,0.8,metadata_historical_avg,roster-pending,1,0,N5v4_Final,f9263d3ebc0ca4e2,cd44d5aebc8a
2026-08-18,2026-08-18 02:29:39,backfill,1,Los Angeles Open,2026,2026-11-06,80,80,live,7,7,0,365,289,413,0.8,metadata_historical_avg,roster-pending,1,0,N5v4_Final,f9263d3ebc0ca4e2,cd44d5aebc8a
2026-08-18,2026-08-18 02:29:39,backfill,1,Kings Island Open,2026,2026-11-13,87,87,live,8,8,0,346,318,364,0.8,metadata_historical_avg,roster-pending,1,0,N5v4_Final,f9263d3ebc0ca4e2,cd44d5aebc8a
2026-08-18,2026-08-18 02:29:39,backfill,1,National Chess Congress,2026,2026-11-27,101,101,live,9,9,0,623,572,677,0.8,metadata_historical_avg,roster-pending,1,0,N5v4_Final,f9263d3ebc0ca4e2,cd44d5aebc8a
2026-08-18,2026-08-18 02:29:39,backfill,1,North American Open,2026,2026-12-26,130,130,live,43,43,0,1081,946,1199,0.8,metadata_historical_avg,roster-pending,1,0,N5v4_Final,f9263d3ebc0ca4e2,cd44d5aebc8a
2026-08-18,2026-08-18 02:29:39,backfill,1,Eastern Open,2026,2026-12-26,130,130,live,0,0,0,387,367,404,0.8,metadata_historical_avg,roster-pending,1,0,N5v4_Final,f9263d3ebc0ca4e2,cd44d5aebc8a
2026-08-19,2026-08-19 02:32:15,backfill,1,Atlantic Open,2026,2026-08-21,2,2,live,195,195,4,256,238,273,0.8,model,roster-pending,0,0,N5v4_Final,f9263d3ebc0ca4e2,7a43681b5665
2026-08-19,2026-08-19 02:32:15,backfill,1,Indianapolis Open,2026,2026-08-21,2,2,live,144,144,2,178,166,190,0.8,model,roster-pending,0,0,N5v4_Final,f9263d3ebc0ca4e2,7a43681b5665
2026-08-19,2026-08-19 02:32:15,backfill,1,New York State Championship,2026,2026-09-04,16,16,live,93,93,1,326,288,370,0.8,model,roster-pending,0,0,N5v4_Final,f9263d3ebc0ca4e2,7a43681b5665
2026-08-19,2026-08-19 02:32:15,backfill,1,Midwest Class Championships,2026,2026-10-09,51,51,live,13,13,0,313,296,338,0.8,metadata_historical_avg,roster-pending,1,0,N5v4_Final,f9263d3ebc0ca4e2,7a43681b5665
2026-08-19,2026-08-19 02:32:15,backfill,1,Eastern Class Championships (in Connecticut),2026,2026-10-16,58,58,live,9,9,0,221,198,246,0.8,metadata_historical_avg,roster-pending,1,0,N5v4_Final,f9263d3ebc0ca4e2,7a43681b5665
2026-08-19,2026-08-19 02:32:15,backfill,1,Eastern Chess Congress (in New Jersey),2026,2026-10-23,65,65,live,11,11,2,469,404,513,0.8,metadata_historical_avg,roster-pending,1,0,N5v4_Final,f9263d3ebc0ca4e2,7a43681b5665
2026-08-19,2026-08-19 02:32:15,backfill,1,Los Angeles Open,2026,2026-11-06,79,79,live,7,7,0,365,289,413,0.8,metadata_historical_avg,roster-pending,1,0,N5v4_Final,f9263d3ebc0ca4e2,7a43681b5665
2026-08-19,2026-08-19 02:32:15,backfill,1,Kings Island Open,2026,2026-11-13,86,86,live,8,8,0,346,318,364,0.8,metadata_historical_avg,roster-pending,1,0,N5v4_Final,f9263d3ebc0ca4e2,7a43681b5665
2026-08-19,2026-08-19 02:32:15,backfill,1,National Chess Congress,2026,2026-11-27,100,100,live,10,10,0,623,572,677,0.8,metadata_historical_avg,roster-pending,1,0,N5v4_Final,f9263d3ebc0ca4e2,7a43681b5665
2026-08-19,2026-08-19 02:32:15,backfill,1,North American Open,2026,2026-12-26,129,129,live,44,44,0,1081,946,1199,0.8,metadata_historical_avg,roster-pending,1,0,N5v4_Final,f9263d3ebc0ca4e2,7a43681b5665
2026-08-19,2026-08-19 02:32:15,backfill,1,Eastern Open,2026,2026-12-26,129,129,live,0,0,0,387,367,404,0.8,metadata_historical_avg,roster-pending,1,0,N5v4_Final,f9263d3ebc0ca4e2,7a43681b5665
2026-08-20,2026-08-20 02:30:59,backfill,1,Atlantic Open,2026,2026-08-21,1,1,live,210,210,6,241,221,261,0.8,model,roster-pending,0,0,N5v4_Final,f9263d3ebc0ca4e2,af92ab4c1e0e
2026-08-20,2026-08-20 02:30:59,backfill,1,Indianapolis Open,2026,2026-08-21,1,1,live,155,155,2,164,155,177,0.8,model,roster-pending,0,0,N5v4_Final,f9263d3ebc0ca4e2,af92ab4c1e0e
2026-08-20,2026-08-20 02:30:59,backfill,1,New York State Championship,2026,2026-09-04,15,15,live,101,101,1,329,290,373,0.8,model,roster-pending,0,0,N5v4_Final,f9263d3ebc0ca4e2,af92ab4c1e0e
2026-08-20,2026-08-20 02:30:59,backfill,1,Midwest Class Championships,2026,2026-10-09,50,50,live,13,13,0,313,296,338,0.8,metadata_historical_avg,roster-pending,1,0,N5v4_Final,f9263d3ebc0ca4e2,af92ab4c1e0e
2026-08-20,2026-08-20 02:30:59,backfill,1,Eastern Class Championships (in Connecticut),2026,2026-10-16,57,57,live,9,9,0,221,198,246,0.8,metadata_historical_avg,roster-pending,1,0,N5v4_Final,f9263d3ebc0ca4e2,af92ab4c1e0e
2026-08-20,2026-08-20 02:30:59,backfill,1,Eastern Chess Congress (in New Jersey),2026,2026-10-23,64,64,live,11,11,2,469,404,513,0.8,metadata_historical_avg,roster-pending,1,0,N5v4_Final,f9263d3ebc0ca4e2,af92ab4c1e0e
2026-08-20,2026-08-20 02:30:59,backfill,1,Los Angeles Open,2026,2026-11-06,78,78,live,7,7,0,365,289,413,0.8,metadata_historical_avg,roster-pending,1,0,N5v4_Final,f9263d3ebc0ca4e2,af92ab4c1e0e
2026-08-20,2026-08-20 02:30:59,backfill,1,Kings Island Open,2026,2026-11-13,85,85,live,8,8,0,346,318,364,0.8,metadata_historical_avg,roster-pending,1,0,N5v4_Final,f9263d3ebc0ca4e2,af92ab4c1e0e
2026-08-20,2026-08-20 02:30:59,backfill,1,National Chess Congress,2026,2026-11-27,99,99,live,10,10,0,623,572,677,0.8,metadata_historical_avg,roster-pending,1,0,N5v4_Final,f9263d3ebc0ca4e2,af92ab4c1e0e
2026-08-20,2026-08-20 02:30:59,backfill,1,North American Open,2026,2026-12-26,128,128,live,44,44,0,1081,946,1199,0.8,metadata_historical_avg,roster-pending,1,0,N5v4_Final,f9263d3ebc0ca4e2,af92ab4c1e0e
2026-08-20,2026-08-20 02:30:59,backfill,1,Eastern Open,2026,2026-12-26,128,128,live,0,0,0,387,367,404,0.8,metadata_historical_avg,roster-pending,1,0,N5v4_Final,f9263d3ebc0ca4e2,af92ab4c1e0e
2026-08-21,2026-08-21 02:37:15,backfill,1,Atlantic Open,2026,2026-08-21,0,2,live,219,219,8,219,219,219,0.8,in_progress_actual,roster-pending,1,0,N5v4_Final,f9263d3ebc0ca4e2,a1d45304085a
2026-08-21,2026-08-21 02:37:15,backfill,1,Indianapolis Open,2026,2026-08-21,0,2,live,160,160,4,160,160,160,0.8,in_progress_actual,roster-pending,1,0,N5v4_Final,f9263d3ebc0ca4e2,a1d45304085a
2026-08-21,2026-08-21 02:37:15,backfill,1,New York State Championship,2026,2026-09-04,14,14,live,109,109,1,331,293,374,0.8,model,roster-pending,0,0,N5v4_Final,f9263d3ebc0ca4e2,a1d45304085a
2026-08-21,2026-08-21 02:37:15,backfill,1,Midwest Class Championships,2026,2026-10-09,49,49,live,13,13,0,313,296,338,0.8,metadata_historical_avg,roster-pending,1,0,N5v4_Final,f9263d3ebc0ca4e2,a1d45304085a
2026-08-21,2026-08-21 02:37:15,backfill,1,Eastern Class Championships,2026,2026-10-16,56,56,live,10,10,0,219,202,236,0.8,model,roster-pending,0,0,N5v4_Final,f9263d3ebc0ca4e2,a1d45304085a
2026-08-21,2026-08-21 02:37:15,backfill,1,Eastern Chess Congress (in New Jersey),2026,2026-10-23,63,63,live,14,14,4,469,404,513,0.8,metadata_historical_avg,roster-pending,1,0,N5v4_Final,f9263d3ebc0ca4e2,a1d45304085a
2026-08-21,2026-08-21 02:37:15,backfill,1,Los Angeles Open,2026,2026-11-06,77,77,live,8,8,0,365,289,413,0.8,metadata_historical_avg,roster-pending,1,0,N5v4_Final,f9263d3ebc0ca4e2,a1d45304085a
2026-08-21,2026-08-21 02:37:15,backfill,1,Kings Island Open,2026,2026-11-13,84,84,live,8,8,0,346,318,364,0.8,metadata_historical_avg,roster-pending,1,0,N5v4_Final,f9263d3ebc0ca4e2,a1d45304085a
2026-08-21,2026-08-21 02:37:15,backfill,1,National Chess Congress,2026,2026-11-27,98,98,live,10,10,0,623,572,677,0.8,metadata_historical_avg,roster-pending,1,0,N5v4_Final,f9263d3ebc0ca4e2,a1d45304085a
2026-08-21,2026-08-21 02:37:15,backfill,1,North American Open,2026,2026-12-26,127,127,live,46,46,1,1081,946,1199,0.8,metadata_historical_avg,roster-pending,1,0,N5v4_Final,f9263d3ebc0ca4e2,a1d45304085a
2026-08-21,2026-08-21 02:37:15,backfill,1,Eastern Open,2026,2026-12-26,127,127,live,0,0,0,387,367,404,0.8,metadata_historical_avg,roster-pending,1,0,N5v4_Final,f9263d3ebc0ca4e2,a1d45304085a
2026-08-22,2026-08-22 02:29:07,backfill,1,Atlantic Open,2026,2026-08-21,-1,1,live,236,236,8,236,236,236,0.8,in_progress_actual,roster-pending,1,0,N5v4_Final,f9263d3ebc0ca4e2,37b5b609532f
2026-08-22,2026-08-22 02:29:07,backfill,1,Indianapolis Open,2026,2026-08-21,-1,1,live,179,179,5,179,179,179,0.8,in_progress_actual,roster-pending,1,0,N5v4_Final,f9263d3ebc0ca4e2,37b5b609532f
2026-08-22,2026-08-22 02:29:07,backfill,1,New York State Championship,2026,2026-09-04,13,13,live,115,115,1,331,296,369,0.8,model,roster-pending,0,0,N5v4_Final,f9263d3ebc0ca4e2,37b5b609532f
2026-08-22,2026-08-22 02:29:07,backfill,1,Midwest Class Championships,2026,2026-10-09,48,48,live,13,13,0,313,296,338,0.8,metadata_historical_avg,roster-pending,1,0,N5v4_Final,f9263d3ebc0ca4e2,37b5b609532f
2026-08-22,2026-08-22 02:29:07,backfill,1,Eastern Class Championships,2026,2026-10-16,55,55,live,10,10,0,217,201,234,0.8,model,roster-pending,0,0,N5v4_Final,f9263d3ebc0ca4e2,37b5b609532f
2026-08-22,2026-08-22 02:29:07,backfill,1,Eastern Chess Congress (in New Jersey),2026,2026-10-23,62,62,live,14,14,4,469,404,513,0.8,metadata_historical_avg,roster-pending,1,0,N5v4_Final,f9263d3ebc0ca4e2,37b5b609532f
2026-08-22,2026-08-22 02:29:07,backfill,1,Los Angeles Open,2026,2026-11-06,76,76,live,8,8,0,365,289,413,0.8,metadata_historical_avg,roster-pending,1,0,N5v4_Final,f9263d3ebc0ca4e2,37b5b609532f
2026-08-22,2026-08-22 02:29:07,backfill,1,Kings Island Open,2026,2026-11-13,83,83,live,8,8,0,346,318,364,0.8,metadata_historical_avg,roster-pending,1,0,N5v4_Final,f9263d3ebc0ca4e2,37b5b609532f
2026-08-22,2026-08-22 02:29:07,backfill,1,National Chess Congress,2026,2026-11-27,97,97,live,10,10,0,623,572,677,0.8,metadata_historical_avg,roster-pending,1,0,N5v4_Final,f9263d3ebc0ca4e2,37b5b609532f
2026-08-22,2026-08-22 02:29:07,backfill,1,North American Open,2026,2026-12-26,126,126,live,48,48,0,1081,946,1199,0.8,metadata_historical_avg,roster-pending,1,0,N5v4_Final,f9263d3ebc0ca4e2,37b5b609532f
2026-08-22,2026-08-22 02:29:07,backfill,1,Eastern Open,2026,2026-12-26,126,126,live,0,0,0,387,367,404,0.8,metadata_historical_avg,roster-pending,1,0,N5v4_Final,f9263d3ebc0ca4e2,37b5b609532f
2026-08-22,2026-08-22 02:29:07,backfill,1,Atlantic Open,2026,2026-08-21,-1,1,live,236,236,8,236,236,236,0.8,in_progress_actual,roster-pending,1,1,N5v4_Final,f9263d3ebc0ca4e2,68a07599a4fe
2026-08-22,2026-08-22 02:29:07,backfill,1,Indianapolis Open,2026,2026-08-21,-1,1,live,179,179,5,179,179,179,0.8,in_progress_actual,roster-pending,1,1,N5v4_Final,f9263d3ebc0ca4e2,68a07599a4fe
2026-08-22,2026-08-22 02:29:07,backfill,1,New York State Championship,2026,2026-09-04,13,13,live,115,115,1,331,296,369,0.8,model,roster-pending,0,1,N5v4_Final,f9263d3ebc0ca4e2,68a07599a4fe
2026-08-22,2026-08-22 02:29:07,backfill,1,Midwest Class Championships,2026,2026-10-09,48,48,live,13,13,0,313,296,338,0.8,metadata_historical_avg,roster-pending,1,1,N5v4_Final,f9263d3ebc0ca4e2,68a07599a4fe
2026-08-22,2026-08-22 02:29:07,backfill,1,Eastern Class Championships,2026,2026-10-16,55,55,live,10,10,0,217,201,234,0.8,model,roster-pending,0,1,N5v4_Final,f9263d3ebc0ca4e2,68a07599a4fe
2026-08-22,2026-08-22 02:29:07,backfill,1,Eastern Chess Congress (in New Jersey),2026,2026-10-23,62,62,live,14,14,4,469,404,513,0.8,metadata_historical_avg,roster-pending,1,1,N5v4_Final,f9263d3ebc0ca4e2,68a07599a4fe
2026-08-22,2026-08-22 02:29:07,backfill,1,Los Angeles Open,2026,2026-11-06,76,76,live,8,8,0,365,289,413,0.8,metadata_historical_avg,roster-pending,1,1,N5v4_Final,f9263d3ebc0ca4e2,68a07599a4fe
2026-08-22,2026-08-22 02:29:07,backfill,1,Kings Island Open,2026,2026-11-13,83,83,live,8,8,0,346,318,364,0.8,metadata_historical_avg,roster-pending,1,1,N5v4_Final,f9263d3ebc0ca4e2,68a07599a4fe
2026-08-22,2026-08-22 02:29:07,backfill,1,National Chess Congress,2026,2026-11-27,97,97,live,10,10,0,623,572,677,0.8,metadata_historical_avg,roster-pending,1,1,N5v4_Final,f9263d3ebc0ca4e2,68a07599a4fe
2026-08-22,2026-08-22 02:29:07,backfill,1,North American Open,2026,2026-12-26,126,126,live,48,48,0,1081,946,1199,0.8,metadata_historical_avg,roster-pending,1,1,N5v4_Final,f9263d3ebc0ca4e2,68a07599a4fe
2026-08-22,2026-08-22 02:29:07,backfill,1,Eastern Open,2026,2026-12-26,126,126,live,0,0,0,387,367,404,0.8,metadata_historical_avg,roster-pending,1,1,N5v4_Final,f9263d3ebc0ca4e2,68a07599a4fe
2026-08-23,2026-08-23 17:29:47,backfill,1,Atlantic Open,2026,2026-08-21,-2,0,live,242,242,8,242,242,242,0.8,in_progress_actual,roster-pending,1,0,N5v4_Final,f9263d3ebc0ca4e2,6dea7ec872a2
2026-08-23,2026-08-23 17:29:47,backfill,1,Indianapolis Open,2026,2026-08-21,-2,0,live,180,180,5,180,180,180,0.8,in_progress_actual,roster-pending,1,0,N5v4_Final,f9263d3ebc0ca4e2,6dea7ec872a2
2026-08-23,2026-08-23 17:29:47,backfill,1,New York State Championship,2026,2026-09-04,12,12,live,125,125,1,333,302,368,0.8,model,roster-pending,0,0,N5v4_Final,f9263d3ebc0ca4e2,6dea7ec872a2
2026-08-23,2026-08-23 17:29:47,backfill,1,Midwest Class Championships,2026,2026-10-09,47,47,live,14,14,0,291,192,441,0.8,model,roster-pending,0,0,N5v4_Final,f9263d3ebc0ca4e2,6dea7ec872a2
2026-08-23,2026-08-23 17:29:47,backfill,1,Eastern Class Championships,2026,2026-10-16,54,54,live,11,11,0,219,203,236,0.8,model,roster-pending,0,0,N5v4_Final,f9263d3ebc0ca4e2,6dea7ec872a2
2026-08-23,2026-08-23 17:29:47,backfill,1,Eastern Chess Congress (in New Jersey),2026,2026-10-23,61,61,live,14,14,3,469,404,513,0.8,metadata_historical_avg,roster-pending,1,0,N5v4_Final,f9263d3ebc0ca4e2,6dea7ec872a2
2026-08-23,2026-08-23 17:29:47,backfill,1,Los Angeles Open,2026,2026-11-06,75,75,live,8,8,0,365,289,413,0.8,metadata_historical_avg,roster-pending,1,0,N5v4_Final,f9263d3ebc0ca4e2,6dea7ec872a2
2026-08-23,2026-08-23 17:29:47,backfill,1,Kings Island Open,2026,2026-11-13,82,82,live,9,9,0,346,318,364,0.8,metadata_historical_avg,roster-pending,1,0,N5v4_Final,f9263d3ebc0ca4e2,6dea7ec872a2
2026-08-23,2026-08-23 17:29:47,backfill,1,National Chess Congress,2026,2026-11-27,96,96,live,10,10,0,623,572,677,0.8,metadata_historical_avg,roster-pending,1,0,N5v4_Final,f9263d3ebc0ca4e2,6dea7ec872a2
2026-08-23,2026-08-23 17:29:47,backfill,1,North American Open,2026,2026-12-26,125,125,live,50,50,0,1081,946,1199,0.8,metadata_historical_avg,roster-pending,1,0,N5v4_Final,f9263d3ebc0ca4e2,6dea7ec872a2
2026-08-23,2026-08-23 17:29:47,backfill,1,Eastern Open,2026,2026-12-26,125,125,live,0,0,0,387,367,404,0.8,metadata_historical_avg,roster-pending,1,0,N5v4_Final,f9263d3ebc0ca4e2,6dea7ec872a2
2026-08-24,2026-08-24 02:37:41,backfill,1,New York State Championship,2026,2026-09-04,11,11,live,127,127,1,329,301,358,0.8,model,roster-pending,0,0,N5v4_Final,f9263d3ebc0ca4e2,0d5bcf8f565b
2026-08-24,2026-08-24 02:37:41,backfill,1,Midwest Class Championships,2026,2026-10-09,46,46,live,14,14,0,289,191,439,0.8,model,roster-pending,0,0,N5v4_Final,f9263d3ebc0ca4e2,0d5bcf8f565b
2026-08-24,2026-08-24 02:37:41,backfill,1,Eastern Class Championships,2026,2026-10-16,53,53,live,12,12,0,221,204,238,0.8,model,roster-pending,0,0,N5v4_Final,f9263d3ebc0ca4e2,0d5bcf8f565b
2026-08-24,2026-08-24 02:37:41,backfill,1,Eastern Chess Congress (in New Jersey),2026,2026-10-23,60,60,live,14,14,2,469,404,513,0.8,metadata_historical_avg,roster-pending,1,0,N5v4_Final,f9263d3ebc0ca4e2,0d5bcf8f565b
2026-08-24,2026-08-24 02:37:41,backfill,1,Los Angeles Open,2026,2026-11-06,74,74,live,8,8,0,365,289,413,0.8,metadata_historical_avg,roster-pending,1,0,N5v4_Final,f9263d3ebc0ca4e2,0d5bcf8f565b
2026-08-24,2026-08-24 02:37:41,backfill,1,Kings Island Open,2026,2026-11-13,81,81,live,9,9,0,346,318,364,0.8,metadata_historical_avg,roster-pending,1,0,N5v4_Final,f9263d3ebc0ca4e2,0d5bcf8f565b
2026-08-24,2026-08-24 02:37:41,backfill,1,National Chess Congress,2026,2026-11-27,95,95,live,10,10,0,623,572,677,0.8,metadata_historical_avg,roster-pending,1,0,N5v4_Final,f9263d3ebc0ca4e2,0d5bcf8f565b
2026-08-24,2026-08-24 02:37:41,backfill,1,North American Open,2026,2026-12-26,124,124,live,50,50,0,1081,946,1199,0.8,metadata_historical_avg,roster-pending,1,0,N5v4_Final,f9263d3ebc0ca4e2,0d5bcf8f565b
2026-08-24,2026-08-24 02:37:41,backfill,1,Eastern Open,2026,2026-12-26,124,124,live,0,0,0,387,367,404,0.8,metadata_historical_avg,roster-pending,1,0,N5v4_Final,f9263d3ebc0ca4e2,0d5bcf8f565b
2026-08-25,2026-08-25 02:31:29,backfill,1,New York State Championship,2026,2026-09-04,10,10,live,135,135,1,332,308,358,0.8,model,roster-pending,0,0,N5v4_Final,f9263d3ebc0ca4e2,5993f443cb78
2026-08-25,2026-08-25 02:31:29,backfill,1,Midwest Class Championships,2026,2026-10-09,45,45,live,16,16,0,293,265,324,0.8,model,roster-pending,0,0,N5v4_Final,f9263d3ebc0ca4e2,5993f443cb78
2026-08-25,2026-08-25 02:31:29,backfill,1,Eastern Class Championships,2026,2026-10-16,52,52,live,15,15,0,228,211,247,0.8,model,roster-pending,0,0,N5v4_Final,f9263d3ebc0ca4e2,5993f443cb78
2026-08-25,2026-08-25 02:31:29,backfill,1,Eastern Chess Congress (in New Jersey),2026,2026-10-23,59,59,live,14,14,0,469,404,513,0.8,metadata_historical_avg,roster-pending,1,0,N5v4_Final,f9263d3ebc0ca4e2,5993f443cb78
2026-08-25,2026-08-25 02:31:29,backfill,1,Los Angeles Open,2026,2026-11-06,73,73,live,8,8,0,365,289,413,0.8,metadata_historical_avg,roster-pending,1,0,N5v4_Final,f9263d3ebc0ca4e2,5993f443cb78
2026-08-25,2026-08-25 02:31:29,backfill,1,Kings Island Open,2026,2026-11-13,80,80,live,10,10,0,346,318,364,0.8,metadata_historical_avg,roster-pending,1,0,N5v4_Final,f9263d3ebc0ca4e2,5993f443cb78
2026-08-25,2026-08-25 02:31:29,backfill,1,National Chess Congress,2026,2026-11-27,94,94,live,10,10,0,623,572,677,0.8,metadata_historical_avg,roster-pending,1,0,N5v4_Final,f9263d3ebc0ca4e2,5993f443cb78
2026-08-25,2026-08-25 02:31:29,backfill,1,North American Open,2026,2026-12-26,123,123,live,53,53,0,1081,946,1199,0.8,metadata_historical_avg,roster-pending,1,0,N5v4_Final,f9263d3ebc0ca4e2,5993f443cb78
2026-08-25,2026-08-25 02:31:29,backfill,1,Eastern Open,2026,2026-12-26,123,123,live,0,0,0,387,367,404,0.8,metadata_historical_avg,roster-pending,1,0,N5v4_Final,f9263d3ebc0ca4e2,5993f443cb78
2026-08-26,2026-08-26 02:39:42,backfill,1,New York State Championship,2026,2026-09-04,9,9,live,149,149,2,337,312,364,0.8,model,roster-pending,0,0,N5v4_Final,f9263d3ebc0ca4e2,91a29a4e7846
2026-08-26,2026-08-26 02:39:42,backfill,1,Midwest Class Championships,2026,2026-10-09,44,44,live,16,16,0,291,262,322,0.8,model,roster-pending,0,0,N5v4_Final,f9263d3ebc0ca4e2,91a29a4e7846
2026-08-26,2026-08-26 02:39:42,backfill,1,Eastern Class Championships,2026,2026-10-16,51,51,live,15,15,0,223,198,251,0.8,model,roster-pending,0,0,N5v4_Final,f9263d3ebc0ca4e2,91a29a4e7846
2026-08-26,2026-08-26 02:39:42,backfill,1,Eastern Chess Congress (in New Jersey),2026,2026-10-23,58,58,live,14,14,0,469,404,513,0.8,metadata_historical_avg,roster-pending,1,0,N5v4_Final,f9263d3ebc0ca4e2,91a29a4e7846
2026-08-26,2026-08-26 02:39:42,backfill,1,Los Angeles Open,2026,2026-11-06,72,72,live,8,8,0,365,289,413,0.8,metadata_historical_avg,roster-pending,1,0,N5v4_Final,f9263d3ebc0ca4e2,91a29a4e7846
2026-08-26,2026-08-26 02:39:42,backfill,1,Kings Island Open,2026,2026-11-13,79,79,live,10,10,0,346,318,364,0.8,metadata_historical_avg,roster-pending,1,0,N5v4_Final,f9263d3ebc0ca4e2,91a29a4e7846
2026-08-26,2026-08-26 02:39:42,backfill,1,National Chess Congress,2026,2026-11-27,93,93,live,10,10,0,623,572,677,0.8,metadata_historical_avg,roster-pending,1,0,N5v4_Final,f9263d3ebc0ca4e2,91a29a4e7846
2026-08-26,2026-08-26 02:39:42,backfill,1,North American Open,2026,2026-12-26,122,122,live,55,55,0,1081,946,1199,0.8,metadata_historical_avg,roster-pending,1,0,N5v4_Final,f9263d3ebc0ca4e2,91a29a4e7846
2026-08-26,2026-08-26 02:39:42,backfill,1,Eastern Open,2026,2026-12-26,122,122,live,0,0,0,387,367,404,0.8,metadata_historical_avg,roster-pending,1,0,N5v4_Final,f9263d3ebc0ca4e2,91a29a4e7846
2026-08-27,2026-08-27 11:12:59,backfill,1,New York State Championship,2026,2026-09-04,8,8,live,158,158,2,337,313,364,0.8,model,roster-pending,0,0,N5v4_Final,f9263d3ebc0ca4e2,0a45d9beebf9
2026-08-27,2026-08-27 11:12:59,backfill,1,Midwest Class Championships,2026,2026-10-09,43,43,live,17,17,0,291,263,323,0.8,model,roster-pending,0,0,N5v4_Final,f9263d3ebc0ca4e2,0a45d9beebf9
2026-08-27,2026-08-27 11:12:59,backfill,1,Eastern Class Championships,2026,2026-10-16,50,50,live,16,16,0,224,198,252,0.8,model,roster-pending,0,0,N5v4_Final,f9263d3ebc0ca4e2,0a45d9beebf9
2026-08-27,2026-08-27 11:12:59,backfill,1,Eastern Chess Congress (in New Jersey),2026,2026-10-23,57,57,live,16,16,0,469,404,513,0.8,metadata_historical_avg,roster-pending,1,0,N5v4_Final,f9263d3ebc0ca4e2,0a45d9beebf9
2026-08-27,2026-08-27 11:12:59,backfill,1,Los Angeles Open,2026,2026-11-06,71,71,live,9,9,0,365,289,413,0.8,metadata_historical_avg,roster-pending,1,0,N5v4_Final,f9263d3ebc0ca4e2,0a45d9beebf9
2026-08-27,2026-08-27 11:12:59,backfill,1,Kings Island Open,2026,2026-11-13,78,78,live,11,11,0,346,318,364,0.8,metadata_historical_avg,roster-pending,1,0,N5v4_Final,f9263d3ebc0ca4e2,0a45d9beebf9
2026-08-27,2026-08-27 11:12:59,backfill,1,National Chess Congress,2026,2026-11-27,92,92,live,12,12,0,623,572,677,0.8,metadata_historical_avg,roster-pending,1,0,N5v4_Final,f9263d3ebc0ca4e2,0a45d9beebf9
2026-08-27,2026-08-27 11:12:59,backfill,1,North American Open,2026,2026-12-26,121,121,live,56,56,0,1081,946,1199,0.8,metadata_historical_avg,roster-pending,1,0,N5v4_Final,f9263d3ebc0ca4e2,0a45d9beebf9
2026-08-27,2026-08-27 11:12:59,backfill,1,Eastern Open,2026,2026-12-26,121,121,live,0,0,0,387,367,404,0.8,metadata_historical_avg,roster-pending,1,0,N5v4_Final,f9263d3ebc0ca4e2,0a45d9beebf9
2026-08-28,2026-08-28 12:48:07,backfill,1,New York State Championship,2026,2026-09-04,7,7,live,167,167,2,351,326,378,0.8,model,roster-pending,0,0,N5v4_Final,f9263d3ebc0ca4e2,27c93acc6e0d
2026-08-28,2026-08-28 12:48:07,backfill,1,Midwest Class Championships,2026,2026-10-09,42,42,live,18,18,0,292,263,324,0.8,model,roster-pending,0,0,N5v4_Final,f9263d3ebc0ca4e2,27c93acc6e0d
2026-08-28,2026-08-28 12:48:07,backfill,1,Eastern Class Championships,2026,2026-10-16,49,49,live,17,17,0,225,199,254,0.8,model,roster-pending,0,0,N5v4_Final,f9263d3ebc0ca4e2,27c93acc6e0d
2026-08-28,2026-08-28 12:48:07,backfill,1,Eastern Chess Congress (in New Jersey),2026,2026-10-23,56,56,live,16,16,0,561,340,790,0.8,metadata_pace,roster-pending,1,0,N5v4_Final,f9263d3ebc0ca4e2,27c93acc6e0d
2026-08-28,2026-08-28 12:48:07,backfill,1,Los Angeles Open,2026,2026-11-06,70,70,live,9,9,0,365,289,413,0.8,metadata_historical_avg,roster-pending,1,0,N5v4_Final,f9263d3ebc0ca4e2,27c93acc6e0d
2026-08-28,2026-08-28 12:48:07,backfill,1,Kings Island Open,2026,2026-11-13,77,77,live,11,11,0,346,318,364,0.8,metadata_historical_avg,roster-pending,1,0,N5v4_Final,f9263d3ebc0ca4e2,27c93acc6e0d
2026-08-28,2026-08-28 12:48:07,backfill,1,National Chess Congress,2026,2026-11-27,91,91,live,13,13,0,623,572,677,0.8,metadata_historical_avg,roster-pending,1,0,N5v4_Final,f9263d3ebc0ca4e2,27c93acc6e0d
2026-08-28,2026-08-28 12:48:07,backfill,1,North American Open,2026,2026-12-26,120,120,live,57,57,0,1081,946,1199,0.8,metadata_historical_avg,roster-pending,1,0,N5v4_Final,f9263d3ebc0ca4e2,27c93acc6e0d
2026-08-28,2026-08-28 12:48:07,backfill,1,Eastern Open,2026,2026-12-26,120,120,live,0,0,0,387,367,404,0.8,metadata_historical_avg,roster-pending,1,0,N5v4_Final,f9263d3ebc0ca4e2,27c93acc6e0d
2026-08-29,2026-08-29 07:53:52,backfill,1,New York State Championship,2026,2026-09-04,6,6,live,178,178,2,347,321,375,0.8,model,roster-pending,0,0,N5v4_Final,f9263d3ebc0ca4e2,2ac393359a0a
2026-08-29,2026-08-29 07:53:52,backfill,1,Midwest Class Championships,2026,2026-10-09,41,41,live,18,18,0,289,262,319,0.8,model,roster-pending,0,0,N5v4_Final,f9263d3ebc0ca4e2,2ac393359a0a
2026-08-29,2026-08-29 07:53:52,backfill,1,Eastern Class Championships,2026,2026-10-16,48,48,live,17,17,0,223,197,251,0.8,model,roster-pending,0,0,N5v4_Final,f9263d3ebc0ca4e2,2ac393359a0a
2026-08-29,2026-08-29 07:53:52,backfill,1,Eastern Chess Congress (in New Jersey),2026,2026-10-23,55,55,live,16,16,0,561,340,790,0.8,metadata_pace,roster-pending,1,0,N5v4_Final,f9263d3ebc0ca4e2,2ac393359a0a
2026-08-29,2026-08-29 07:53:52,backfill,1,Los Angeles Open,2026,2026-11-06,69,69,live,9,9,0,365,289,413,0.8,metadata_historical_avg,roster-pending,1,0,N5v4_Final,f9263d3ebc0ca4e2,2ac393359a0a
2026-08-29,2026-08-29 07:53:52,backfill,1,Kings Island Open,2026,2026-11-13,76,76,live,11,11,0,346,318,364,0.8,metadata_historical_avg,roster-pending,1,0,N5v4_Final,f9263d3ebc0ca4e2,2ac393359a0a
2026-08-29,2026-08-29 07:53:52,backfill,1,National Chess Congress,2026,2026-11-27,90,90,live,13,13,0,623,572,677,0.8,metadata_historical_avg,roster-pending,1,0,N5v4_Final,f9263d3ebc0ca4e2,2ac393359a0a
2026-08-29,2026-08-29 07:53:52,backfill,1,North American Open,2026,2026-12-26,119,119,live,59,59,0,1081,946,1199,0.8,metadata_historical_avg,roster-pending,1,0,N5v4_Final,f9263d3ebc0ca4e2,2ac393359a0a
2026-08-29,2026-08-29 07:53:52,backfill,1,Eastern Open,2026,2026-12-26,119,119,live,1,1,0,387,367,404,0.8,metadata_historical_avg,roster-pending,1,0,N5v4_Final,f9263d3ebc0ca4e2,2ac393359a0a
2026-08-30,2026-08-30 06:41:54,backfill,1,New York State Championship,2026,2026-09-04,5,5,live,185,185,2,306,271,344,0.8,model,roster-pending,0,0,N5v4_Final,f9263d3ebc0ca4e2,ab4c89e31f68
2026-08-30,2026-08-30 06:41:54,backfill,1,Midwest Class Championships,2026,2026-10-09,40,40,live,19,19,0,289,263,317,0.8,model,roster-pending,0,0,N5v4_Final,f9263d3ebc0ca4e2,ab4c89e31f68
2026-08-30,2026-08-30 06:41:54,backfill,1,Eastern Class Championships,2026,2026-10-16,47,47,live,19,19,0,226,200,255,0.8,model,roster-pending,0,0,N5v4_Final,f9263d3ebc0ca4e2,ab4c89e31f68
2026-08-30,2026-08-30 06:41:54,backfill,1,Eastern Chess Congress (in New Jersey),2026,2026-10-23,54,54,live,17,17,0,596,361,790,0.8,metadata_pace,roster-pending,1,0,N5v4_Final,f9263d3ebc0ca4e2,ab4c89e31f68
2026-08-30,2026-08-30 06:41:54,backfill,1,Los Angeles Open,2026,2026-11-06,68,68,live,10,10,0,395,300,520,0.8,model,roster-pending,0,0,N5v4_Final,f9263d3ebc0ca4e2,ab4c89e31f68
2026-08-30,2026-08-30 06:41:54,backfill,1,Kings Island Open,2026,2026-11-13,75,75,live,11,11,0,346,318,364,0.8,metadata_historical_avg,roster-pending,1,0,N5v4_Final,f9263d3ebc0ca4e2,ab4c89e31f68
2026-08-30,2026-08-30 06:41:54,backfill,1,National Chess Congress,2026,2026-11-27,89,89,live,14,14,0,623,572,677,0.8,metadata_historical_avg,roster-pending,1,0,N5v4_Final,f9263d3ebc0ca4e2,ab4c89e31f68
2026-08-30,2026-08-30 06:41:54,backfill,1,North American Open,2026,2026-12-26,118,118,live,61,61,0,1081,946,1199,0.8,metadata_historical_avg,roster-pending,1,0,N5v4_Final,f9263d3ebc0ca4e2,ab4c89e31f68
2026-08-30,2026-08-30 06:41:54,backfill,1,Eastern Open,2026,2026-12-26,118,118,live,1,1,0,387,367,404,0.8,metadata_historical_avg,roster-pending,1,0,N5v4_Final,f9263d3ebc0ca4e2,ab4c89e31f68
2026-08-31,2026-08-31 07:02:58,backfill,1,New York State Championship,2026,2026-09-04,4,4,live,200,200,2,297,262,337,0.8,model,roster-pending,0,0,N5v4_Final,f9263d3ebc0ca4e2,af6a65b48f6f
2026-08-31,2026-08-31 07:02:58,backfill,1,Midwest Class Championships,2026,2026-10-09,39,39,live,20,20,0,288,264,315,0.8,model,roster-pending,0,0,N5v4_Final,f9263d3ebc0ca4e2,af6a65b48f6f
2026-08-31,2026-08-31 07:02:58,backfill,1,Eastern Class Championships,2026,2026-10-16,46,46,live,19,19,0,224,198,253,0.8,model,roster-pending,0,0,N5v4_Final,f9263d3ebc0ca4e2,af6a65b48f6f
2026-08-31,2026-08-31 07:02:58,backfill,1,Eastern Chess Congress (in New Jersey),2026,2026-10-23,53,53,live,19,19,0,666,404,790,0.8,metadata_pace,roster-pending,1,0,N5v4_Final,f9263d3ebc0ca4e2,af6a65b48f6f
2026-08-31,2026-08-31 07:02:58,backfill,1,Los Angeles Open,2026,2026-11-06,67,67,live,10,10,0,394,299,518,0.8,model,roster-pending,0,0,N5v4_Final,f9263d3ebc0ca4e2,af6a65b48f6f
2026-08-31,2026-08-31 07:02:58,backfill,1,Kings Island Open,2026,2026-11-13,74,74,live,11,11,0,346,318,364,0.8,metadata_historical_avg,roster-pending,1,0,N5v4_Final,f9263d3ebc0ca4e2,af6a65b48f6f
2026-08-31,2026-08-31 07:02:58,backfill,1,National Chess Congress,2026,2026-11-27,88,88,live,14,14,0,623,572,677,0.8,metadata_historical_avg,roster-pending,1,0,N5v4_Final,f9263d3ebc0ca4e2,af6a65b48f6f
2026-08-31,2026-08-31 07:02:58,backfill,1,North American Open,2026,2026-12-26,117,117,live,61,61,0,1081,946,1199,0.8,metadata_historical_avg,roster-pending,1,0,N5v4_Final,f9263d3ebc0ca4e2,af6a65b48f6f
2026-08-31,2026-08-31 07:02:58,backfill,1,Eastern Open,2026,2026-12-26,117,117,live,1,1,0,387,367,404,0.8,metadata_historical_avg,roster-pending,1,0,N5v4_Final,f9263d3ebc0ca4e2,af6a65b48f6f
2026-09-01,2026-09-01 06:15:21,backfill,1,New York State Championship,2026,2026-09-04,3,3,live,229,229,2,302,264,343,0.8,model,roster-pending,0,0,N5v4_Final,f9263d3ebc0ca4e2,c4bb9659f5a7
2026-09-01,2026-09-01 06:15:21,backfill,1,Midwest Class Championships,2026,2026-10-09,38,38,live,21,21,0,288,264,313,0.8,model,roster-pending,0,0,N5v4_Final,f9263d3ebc0ca4e2,c4bb9659f5a7
2026-09-01,2026-09-01 06:15:21,backfill,1,Eastern Class Championships,2026,2026-10-16,45,45,live,19,19,0,222,196,251,0.8,model,roster-pending,0,0,N5v4_Final,f9263d3ebc0ca4e2,c4bb9659f5a7
2026-09-01,2026-09-01 06:15:21,backfill,1,Eastern Chess Congress (in New Jersey),2026,2026-10-23,52,52,live,21,21,2,736,446,790,0.8,metadata_pace,roster-pending,1,0,N5v4_Final,f9263d3ebc0ca4e2,c4bb9659f5a7
2026-09-01,2026-09-01 06:15:21,backfill,1,Los Angeles Open,2026,2026-11-06,66,66,live,10,10,0,393,299,517,0.8,model,roster-pending,0,0,N5v4_Final,f9263d3ebc0ca4e2,c4bb9659f5a7
2026-09-01,2026-09-01 06:15:21,backfill,1,Kings Island Open,2026,2026-11-13,73,73,live,11,11,0,346,318,364,0.8,metadata_historical_avg,roster-pending,1,0,N5v4_Final,f9263d3ebc0ca4e2,c4bb9659f5a7
2026-09-01,2026-09-01 06:15:21,backfill,1,National Chess Congress,2026,2026-11-27,87,87,live,14,14,0,623,572,677,0.8,metadata_historical_avg,roster-pending,1,0,N5v4_Final,f9263d3ebc0ca4e2,c4bb9659f5a7
2026-09-01,2026-09-01 06:15:21,backfill,1,North American Open,2026,2026-12-26,116,116,live,62,62,1,1081,946,1199,0.8,metadata_historical_avg,roster-pending,1,0,N5v4_Final,f9263d3ebc0ca4e2,c4bb9659f5a7
2026-09-01,2026-09-01 06:15:21,backfill,1,Eastern Open,2026,2026-12-26,116,116,live,1,1,0,387,367,404,0.8,metadata_historical_avg,roster-pending,1,0,N5v4_Final,f9263d3ebc0ca4e2,c4bb9659f5a7
2026-09-02,2026-09-02 05:51:25,backfill,1,New York State Championship,2026,2026-09-04,2,2,live,282,282,3,330,307,353,0.8,model,roster-pending,0,0,N5v4_Final,f9263d3ebc0ca4e2,6bd31f8a9c59
2026-09-02,2026-09-02 05:51:25,backfill,1,Midwest Class Championships,2026,2026-10-09,37,37,live,21,21,0,285,263,309,0.8,model,roster-pending,0,0,N5v4_Final,f9263d3ebc0ca4e2,6bd31f8a9c59
2026-09-02,2026-09-02 05:51:25,backfill,1,Eastern Class Championships,2026,2026-10-16,44,44,live,20,20,0,223,197,252,0.8,model,roster-pending,0,0,N5v4_Final,f9263d3ebc0ca4e2,6bd31f8a9c59
2026-09-02,2026-09-02 05:51:25,backfill,1,Eastern Chess Congress (in New Jersey),2026,2026-10-23,51,51,live,22,22,2,305,211,442,0.8,metadata_pace,roster-pending,1,0,N5v4_Final,f9263d3ebc0ca4e2,6bd31f8a9c59
2026-09-02,2026-09-02 05:51:25,backfill,1,Los Angeles Open,2026,2026-11-06,65,65,live,10,10,0,392,298,516,0.8,model,roster-pending,0,0,N5v4_Final,f9263d3ebc0ca4e2,6bd31f8a9c59
2026-09-02,2026-09-02 05:51:25,backfill,1,Kings Island Open,2026,2026-11-13,72,72,live,11,11,0,346,318,364,0.8,metadata_historical_avg,roster-pending,1,0,N5v4_Final,f9263d3ebc0ca4e2,6bd31f8a9c59
2026-09-02,2026-09-02 05:51:25,backfill,1,National Chess Congress,2026,2026-11-27,86,86,live,14,14,0,623,572,677,0.8,metadata_historical_avg,roster-pending,1,0,N5v4_Final,f9263d3ebc0ca4e2,6bd31f8a9c59
2026-09-02,2026-09-02 05:51:25,backfill,1,North American Open,2026,2026-12-26,115,115,live,63,63,1,1081,946,1199,0.8,metadata_historical_avg,roster-pending,1,0,N5v4_Final,f9263d3ebc0ca4e2,6bd31f8a9c59
2026-09-02,2026-09-02 05:51:25,backfill,1,Eastern Open,2026,2026-12-26,115,115,live,1,1,0,387,367,404,0.8,metadata_historical_avg,roster-pending,1,0,N5v4_Final,f9263d3ebc0ca4e2,6bd31f8a9c59
2026-09-03,2026-09-03 05:50:13,backfill,1,New York State Championship,2026,2026-09-04,1,1,live,291,291,4,297,291,322,0.8,model,roster-pending,0,0,N5v4_Final,f9263d3ebc0ca4e2,e8422b6771f7
2026-09-03,2026-09-03 05:50:13,backfill,1,Midwest Class Championships,2026,2026-10-09,36,36,live,21,21,0,283,262,305,0.8,model,roster-pending,0,0,N5v4_Final,f9263d3ebc0ca4e2,e8422b6771f7
2026-09-03,2026-09-03 05:50:13,backfill,1,Eastern Class Championships,2026,2026-10-16,43,43,live,22,22,0,225,199,255,0.8,model,roster-pending,0,0,N5v4_Final,f9263d3ebc0ca4e2,e8422b6771f7
2026-09-03,2026-09-03 05:50:13,backfill,1,Eastern Chess Congress (in New Jersey),2026,2026-10-23,50,50,live,23,23,1,319,221,462,0.8,metadata_pace,roster-pending,1,0,N5v4_Final,f9263d3ebc0ca4e2,e8422b6771f7
2026-09-03,2026-09-03 05:50:13,backfill,1,Los Angeles Open,2026,2026-11-06,64,64,live,10,10,0,392,296,518,0.8,model,roster-pending,0,0,N5v4_Final,f9263d3ebc0ca4e2,e8422b6771f7
2026-09-03,2026-09-03 05:50:13,backfill,1,Kings Island Open,2026,2026-11-13,71,71,live,11,11,0,346,318,364,0.8,metadata_historical_avg,roster-pending,1,0,N5v4_Final,f9263d3ebc0ca4e2,e8422b6771f7
2026-09-03,2026-09-03 05:50:13,backfill,1,National Chess Congress,2026,2026-11-27,85,85,live,14,14,0,623,572,677,0.8,metadata_historical_avg,roster-pending,1,0,N5v4_Final,f9263d3ebc0ca4e2,e8422b6771f7
2026-09-03,2026-09-03 05:50:13,backfill,1,North American Open,2026,2026-12-26,114,114,live,66,66,1,1081,946,1199,0.8,metadata_historical_avg,roster-pending,1,0,N5v4_Final,f9263d3ebc0ca4e2,e8422b6771f7
2026-09-03,2026-09-03 05:50:13,backfill,1,Eastern Open,2026,2026-12-26,114,114,live,1,1,0,387,367,404,0.8,metadata_historical_avg,roster-pending,1,0,N5v4_Final,f9263d3ebc0ca4e2,e8422b6771f7
2026-09-04,2026-09-04 05:55:50,backfill,1,New York State Championship,2026,2026-09-04,0,3,live,300,300,5,300,300,300,0.8,in_progress_actual,roster-pending,1,0,N5v4_Final,f9263d3ebc0ca4e2,46b85349767b
2026-09-04,2026-09-04 05:55:50,backfill,1,Midwest Class Championships,2026,2026-10-09,35,35,live,21,21,0,284,238,337,0.8,model,roster-pending,0,0,N5v4_Final,f9263d3ebc0ca4e2,46b85349767b
2026-09-04,2026-09-04 05:55:50,backfill,1,Eastern Class Championships,2026,2026-10-16,42,42,live,22,22,0,223,197,253,0.8,model,roster-pending,0,0,N5v4_Final,f9263d3ebc0ca4e2,46b85349767b
2026-09-04,2026-09-04 05:55:50,backfill,1,Eastern Chess Congress (in New Jersey),2026,2026-10-23,49,49,live,23,23,1,319,221,462,0.8,metadata_pace,roster-pending,1,0,N5v4_Final,f9263d3ebc0ca4e2,46b85349767b
2026-09-04,2026-09-04 05:55:50,backfill,1,Los Angeles Open,2026,2026-11-06,63,63,live,10,10,1,391,293,522,0.8,model,roster-pending,0,0,N5v4_Final,f9263d3ebc0ca4e2,46b85349767b
2026-09-04,2026-09-04 05:55:50,backfill,1,Kings Island Open,2026,2026-11-13,70,70,live,11,11,0,346,318,364,0.8,metadata_historical_avg,roster-pending,1,0,N5v4_Final,f9263d3ebc0ca4e2,46b85349767b
2026-09-04,2026-09-04 05:55:50,backfill,1,National Chess Congress,2026,2026-11-27,84,84,live,17,17,0,623,572,677,0.8,metadata_historical_avg,roster-pending,1,0,N5v4_Final,f9263d3ebc0ca4e2,46b85349767b
2026-09-04,2026-09-04 05:55:50,backfill,1,North American Open,2026,2026-12-26,113,113,live,67,67,1,1081,946,1199,0.8,metadata_historical_avg,roster-pending,1,0,N5v4_Final,f9263d3ebc0ca4e2,46b85349767b
2026-09-04,2026-09-04 05:55:50,backfill,1,Eastern Open,2026,2026-12-26,113,113,live,1,1,0,387,367,404,0.8,metadata_historical_avg,roster-pending,1,0,N5v4_Final,f9263d3ebc0ca4e2,46b85349767b
2026-09-05,2026-09-05 05:46:39,backfill,1,New York State Championship,2026,2026-09-04,-1,2,live,322,322,7,322,322,322,0.8,in_progress_actual,roster-pending,1,0,N5v4_Final,f9263d3ebc0ca4e2,330a76015def
2026-09-05,2026-09-05 05:46:39,backfill,1,Midwest Class Championships,2026,2026-10-09,34,34,live,22,22,0,283,241,333,0.8,model,roster-pending,0,0,N5v4_Final,f9263d3ebc0ca4e2,330a76015def
2026-09-05,2026-09-05 05:46:39,backfill,1,Eastern Class Championships,2026,2026-10-16,41,41,live,22,22,0,222,197,250,0.8,model,roster-pending,0,0,N5v4_Final,f9263d3ebc0ca4e2,330a76015def
2026-09-05,2026-09-05 05:46:39,backfill,1,Eastern Chess Congress,2026,2026-10-23,48,48,live,24,24,2,469,416,527,0.8,model,roster-pending,0,0,N5v4_Final,f9263d3ebc0ca4e2,330a76015def
2026-09-05,2026-09-05 05:46:39,backfill,1,Los Angeles Open,2026,2026-11-06,62,62,live,10,10,1,390,289,527,0.8,model,roster-pending,0,0,N5v4_Final,f9263d3ebc0ca4e2,330a76015def
2026-09-05,2026-09-05 05:46:39,backfill,1,Kings Island Open,2026,2026-11-13,69,69,live,11,11,0,346,318,364,0.8,metadata_historical_avg,roster-pending,1,0,N5v4_Final,f9263d3ebc0ca4e2,330a76015def
2026-09-05,2026-09-05 05:46:39,backfill,1,National Chess Congress,2026,2026-11-27,83,83,live,17,17,0,623,572,677,0.8,metadata_historical_avg,roster-pending,1,0,N5v4_Final,f9263d3ebc0ca4e2,330a76015def
2026-09-05,2026-09-05 05:46:39,backfill,1,North American Open,2026,2026-12-26,112,112,live,67,67,1,1081,946,1199,0.8,metadata_historical_avg,roster-pending,1,0,N5v4_Final,f9263d3ebc0ca4e2,330a76015def
2026-09-05,2026-09-05 05:46:39,backfill,1,Eastern Open,2026,2026-12-26,112,112,live,1,1,0,387,367,404,0.8,metadata_historical_avg,roster-pending,1,0,N5v4_Final,f9263d3ebc0ca4e2,330a76015def
2026-09-06,2026-09-06 05:59:01,backfill,1,New York State Championship,2026,2026-09-04,-2,1,live,332,332,7,332,332,332,0.8,in_progress_actual,roster-pending,1,0,N5v4_Final,f9263d3ebc0ca4e2,b1574a9678e0
2026-09-06,2026-09-06 05:59:01,backfill,1,Midwest Class Championships,2026,2026-10-09,33,33,live,24,24,0,284,244,330,0.8,model,roster-pending,0,0,N5v4_Final,f9263d3ebc0ca4e2,b1574a9678e0
2026-09-06,2026-09-06 05:59:01,backfill,1,Eastern Class Championships,2026,2026-10-16,40,40,live,22,22,0,220,196,247,0.8,model,roster-pending,0,0,N5v4_Final,f9263d3ebc0ca4e2,b1574a9678e0
2026-09-06,2026-09-06 05:59:01,backfill,1,Eastern Chess Congress,2026,2026-10-23,47,47,live,24,24,2,466,415,523,0.8,model,roster-pending,0,0,N5v4_Final,f9263d3ebc0ca4e2,b1574a9678e0
2026-09-06,2026-09-06 05:59:01,backfill,1,Los Angeles Open,2026,2026-11-06,61,61,live,11,11,1,390,291,523,0.8,model,roster-pending,0,0,N5v4_Final,f9263d3ebc0ca4e2,b1574a9678e0
2026-09-06,2026-09-06 05:59:01,backfill,1,Kings Island Open,2026,2026-11-13,68,68,live,11,11,0,346,318,364,0.8,metadata_historical_avg,roster-pending,1,0,N5v4_Final,f9263d3ebc0ca4e2,b1574a9678e0
2026-09-06,2026-09-06 05:59:01,backfill,1,National Chess Congress,2026,2026-11-27,82,82,live,17,17,0,623,572,677,0.8,metadata_historical_avg,roster-pending,1,0,N5v4_Final,f9263d3ebc0ca4e2,b1574a9678e0
2026-09-06,2026-09-06 05:59:01,backfill,1,North American Open,2026,2026-12-26,111,111,live,67,67,1,1081,946,1199,0.8,metadata_historical_avg,roster-pending,1,0,N5v4_Final,f9263d3ebc0ca4e2,b1574a9678e0
2026-09-06,2026-09-06 05:59:01,backfill,1,Eastern Open,2026,2026-12-26,111,111,live,1,1,0,387,367,404,0.8,metadata_historical_avg,roster-pending,1,0,N5v4_Final,f9263d3ebc0ca4e2,b1574a9678e0
2026-09-07,2026-09-07 06:08:14,backfill,1,New York State Championship,2026,2026-09-04,-3,0,live,332,332,7,332,332,332,0.8,in_progress_actual,roster-pending,1,0,N5v4_Final,f9263d3ebc0ca4e2,196420403145
2026-09-07,2026-09-07 06:08:14,backfill,1,Midwest Class Championships,2026,2026-10-09,32,32,live,24,24,0,282,245,324,0.8,model,roster-pending,0,0,N5v4_Final,f9263d3ebc0ca4e2,196420403145
2026-09-07,2026-09-07 06:08:14,backfill,1,Eastern Class Championships,2026,2026-10-16,39,39,live,22,22,0,218,196,244,0.8,model,roster-pending,0,0,N5v4_Final,f9263d3ebc0ca4e2,196420403145
2026-09-07,2026-09-07 06:08:14,backfill,1,Eastern Chess Congress,2026,2026-10-23,46,46,live,28,28,6,472,422,529,0.8,model,roster-pending,0,0,N5v4_Final,f9263d3ebc0ca4e2,196420403145
2026-09-07,2026-09-07 06:08:14,backfill,1,Los Angeles Open,2026,2026-11-06,60,60,live,12,12,1,391,293,520,0.8,model,roster-pending,0,0,N5v4_Final,f9263d3ebc0ca4e2,196420403145
2026-09-07,2026-09-07 06:08:14,backfill,1,Kings Island Open,2026,2026-11-13,67,67,live,11,11,0,346,318,364,0.8,metadata_historical_avg,roster-pending,1,0,N5v4_Final,f9263d3ebc0ca4e2,196420403145
2026-09-07,2026-09-07 06:08:14,backfill,1,National Chess Congress,2026,2026-11-27,81,81,live,19,19,0,623,572,677,0.8,metadata_historical_avg,roster-pending,1,0,N5v4_Final,f9263d3ebc0ca4e2,196420403145
2026-09-07,2026-09-07 06:08:14,backfill,1,North American Open,2026,2026-12-26,110,110,live,70,70,1,1081,946,1199,0.8,metadata_historical_avg,roster-pending,1,0,N5v4_Final,f9263d3ebc0ca4e2,196420403145
2026-09-07,2026-09-07 06:08:14,backfill,1,Eastern Open,2026,2026-12-26,110,110,live,1,1,0,387,367,404,0.8,metadata_historical_avg,roster-pending,1,0,N5v4_Final,f9263d3ebc0ca4e2,196420403145
2026-09-08,2026-09-08 05:59:08,backfill,1,Midwest Class Championships,2026,2026-10-09,31,31,live,27,27,0,293,260,329,0.8,model,roster-pending,0,0,N5v4_Final,6207791f692bd127,3dc91bb53377
2026-09-08,2026-09-08 05:59:08,backfill,1,Eastern Class Championships,2026,2026-10-16,38,38,live,26,26,0,230,212,249,0.8,model,roster-pending,0,0,N5v4_Final,6207791f692bd127,3dc91bb53377
2026-09-08,2026-09-08 05:59:08,backfill,1,Eastern Chess Congress,2026,2026-10-23,45,45,live,33,33,7,487,446,531,0.8,model,roster-pending,0,0,N5v4_Final,6207791f692bd127,3dc91bb53377
2026-09-08,2026-09-08 05:59:08,backfill,1,Los Angeles Open,2026,2026-11-06,59,59,live,14,14,1,393,298,517,0.8,model,roster-pending,0,0,N5v4_Final,6207791f692bd127,3dc91bb53377
2026-09-08,2026-09-08 05:59:08,backfill,1,Kings Island Open,2026,2026-11-13,66,66,live,11,11,0,346,318,364,0.8,metadata_historical_avg,roster-pending,1,0,N5v4_Final,6207791f692bd127,3dc91bb53377
2026-09-08,2026-09-08 05:59:08,backfill,1,National Chess Congress,2026,2026-11-27,80,80,live,19,19,0,623,572,677,0.8,metadata_historical_avg,roster-pending,1,0,N5v4_Final,6207791f692bd127,3dc91bb53377
2026-09-08,2026-09-08 05:59:08,backfill,1,North American Open,2026,2026-12-26,109,109,live,73,73,1,1081,946,1199,0.8,metadata_historical_avg,roster-pending,1,0,N5v4_Final,6207791f692bd127,3dc91bb53377
2026-09-08,2026-09-08 05:59:08,backfill,1,Eastern Open,2026,2026-12-26,109,109,live,1,1,0,387,367,404,0.8,metadata_historical_avg,roster-pending,1,0,N5v4_Final,6207791f692bd127,3dc91bb53377
2026-09-09,2026-09-09 06:00:09,backfill,1,Midwest Class Championships,2026,2026-10-09,30,30,live,31,31,0,294,262,329,0.8,model,roster-pending,0,0,N5v4_Final,6207791f692bd127,10ba1ec2d7fb
2026-09-09,2026-09-09 06:00:09,backfill,1,Eastern Class Championships,2026,2026-10-16,37,37,live,30,30,0,236,218,255,0.8,model,roster-pending,0,0,N5v4_Final,6207791f692bd127,10ba1ec2d7fb
2026-09-09,2026-09-09 06:00:09,backfill,1,Eastern Chess Congress,2026,2026-10-23,44,44,live,35,35,6,487,447,531,0.8,model,roster-pending,0,0,N5v4_Final,6207791f692bd127,10ba1ec2d7fb
2026-09-09,2026-09-09 06:00:09,backfill,1,Los Angeles Open,2026,2026-11-06,58,58,live,15,15,1,391,348,439,0.8,model,roster-pending,0,0,N5v4_Final,6207791f692bd127,10ba1ec2d7fb
2026-09-09,2026-09-09 06:00:09,backfill,1,Kings Island Open,2026,2026-11-13,65,65,live,11,11,0,346,318,364,0.8,metadata_historical_avg,roster-pending,1,0,N5v4_Final,6207791f692bd127,10ba1ec2d7fb
2026-09-09,2026-09-09 06:00:09,backfill,1,National Chess Congress,2026,2026-11-27,79,79,live,19,19,0,623,572,677,0.8,metadata_historical_avg,roster-pending,1,0,N5v4_Final,6207791f692bd127,10ba1ec2d7fb
2026-09-09,2026-09-09 06:00:09,backfill,1,North American Open,2026,2026-12-26,108,108,live,79,79,1,1081,946,1199,0.8,metadata_historical_avg,roster-pending,1,0,N5v4_Final,6207791f692bd127,10ba1ec2d7fb
2026-09-09,2026-09-09 06:00:09,backfill,1,Eastern Open,2026,2026-12-26,108,108,live,1,1,0,387,367,404,0.8,metadata_historical_avg,roster-pending,1,0,N5v4_Final,6207791f692bd127,10ba1ec2d7fb
2026-09-10,2026-09-10 05:59:50,backfill,1,Midwest Class Championships,2026,2026-10-09,29,29,live,31,31,0,293,263,327,0.8,model,roster-pending,0,0,N5v4_Final,6207791f692bd127,d7418a686429
2026-09-10,2026-09-10 05:59:50,backfill,1,Eastern Class Championships,2026,2026-10-16,36,36,live,30,30,0,234,217,252,0.8,model,roster-pending,0,0,N5v4_Final,6207791f692bd127,d7418a686429
2026-09-10,2026-09-10 05:59:50,backfill,1,Eastern Chess Congress,2026,2026-10-23,43,43,live,36,36,6,486,447,529,0.8,model,roster-pending,0,0,N5v4_Final,6207791f692bd127,d7418a686429
2026-09-10,2026-09-10 05:59:50,backfill,1,Los Angeles Open,2026,2026-11-06,57,57,live,15,15,1,390,349,437,0.8,model,roster-pending,0,0,N5v4_Final,6207791f692bd127,d7418a686429
2026-09-10,2026-09-10 05:59:50,backfill,1,Kings Island Open,2026,2026-11-13,64,64,live,12,12,0,346,318,364,0.8,metadata_historical_avg,roster-pending,1,0,N5v4_Final,6207791f692bd127,d7418a686429
2026-09-10,2026-09-10 05:59:50,backfill,1,National Chess Congress,2026,2026-11-27,78,78,live,19,19,0,623,572,677,0.8,metadata_historical_avg,roster-pending,1,0,N5v4_Final,6207791f692bd127,d7418a686429
2026-09-10,2026-09-10 05:59:50,backfill,1,North American Open,2026,2026-12-26,107,107,live,81,81,1,1081,946,1199,0.8,metadata_historical_avg,roster-pending,1,0,N5v4_Final,6207791f692bd127,d7418a686429
2026-09-10,2026-09-10 05:59:50,backfill,1,Eastern Open,2026,2026-12-26,107,107,live,1,1,0,387,367,404,0.8,metadata_historical_avg,roster-pending,1,0,N5v4_Final,6207791f692bd127,d7418a686429
2026-09-11,2026-09-11 06:01:57,backfill,1,Midwest Class Championships,2026,2026-10-09,28,28,live,32,32,0,285,257,317,0.8,model,roster-pending,0,0,N5v4_Final,6207791f692bd127,c8e9b670207b
2026-09-11,2026-09-11 06:01:57,backfill,1,Eastern Class Championships,2026,2026-10-16,35,35,live,32,32,0,234,201,272,0.8,model,roster-pending,0,0,N5v4_Final,6207791f692bd127,c8e9b670207b
2026-09-11,2026-09-11 06:01:57,backfill,1,Eastern Chess Congress,2026,2026-10-23,42,42,live,40,40,8,488,449,530,0.8,model,roster-pending,0,0,N5v4_Final,6207791f692bd127,c8e9b670207b
2026-09-11,2026-09-11 06:01:57,backfill,1,Los Angeles Open,2026,2026-11-06,56,56,live,17,17,1,391,351,436,0.8,model,roster-pending,0,0,N5v4_Final,6207791f692bd127,c8e9b670207b
2026-09-11,2026-09-11 06:01:57,backfill,1,Kings Island Open,2026,2026-11-13,63,63,live,13,13,0,346,318,364,0.8,metadata_historical_avg,roster-pending,1,0,N5v4_Final,6207791f692bd127,c8e9b670207b
2026-09-11,2026-09-11 06:01:57,backfill,1,National Chess Congress,2026,2026-11-27,77,77,live,22,22,0,623,572,677,0.8,metadata_historical_avg,roster-pending,1,0,N5v4_Final,6207791f692bd127,c8e9b670207b
2026-09-11,2026-09-11 06:01:57,backfill,1,North American Open,2026,2026-12-26,106,106,live,88,88,1,1081,946,1199,0.8,metadata_historical_avg,roster-pending,1,0,N5v4_Final,6207791f692bd127,c8e9b670207b
2026-09-11,2026-09-11 06:01:57,backfill,1,Eastern Open,2026,2026-12-26,106,106,live,1,1,0,387,367,404,0.8,metadata_historical_avg,roster-pending,1,0,N5v4_Final,6207791f692bd127,c8e9b670207b
2026-09-12,2026-09-12 05:49:11,backfill,1,Midwest Class Championships,2026,2026-10-09,27,27,live,32,32,0,283,255,315,0.8,model,roster-pending,0,0,N5v4_Final,6207791f692bd127,df10d4f3d651
2026-09-12,2026-09-12 05:49:11,backfill,1,Eastern Class Championships,2026,2026-10-16,34,34,live,32,32,0,232,201,269,0.8,model,roster-pending,0,0,N5v4_Final,6207791f692bd127,df10d4f3d651
2026-09-12,2026-09-12 05:49:11,backfill,1,Eastern Chess Congress,2026,2026-10-23,41,41,live,40,40,8,487,449,528,0.8,model,roster-pending,0,0,N5v4_Final,6207791f692bd127,df10d4f3d651
2026-09-12,2026-09-12 05:49:11,backfill,1,Los Angeles Open,2026,2026-11-06,55,55,live,17,17,1,391,351,434,0.8,model,roster-pending,0,0,N5v4_Final,6207791f692bd127,df10d4f3d651
2026-09-12,2026-09-12 05:49:11,backfill,1,Kings Island Open,2026,2026-11-13,62,62,live,14,14,0,346,318,364,0.8,metadata_historical_avg,roster-pending,1,0,N5v4_Final,6207791f692bd127,df10d4f3d651
2026-09-12,2026-09-12 05:49:11,backfill,1,National Chess Congress,2026,2026-11-27,76,76,live,22,22,0,623,572,677,0.8,metadata_historical_avg,roster-pending,1,0,N5v4_Final,6207791f692bd127,df10d4f3d651
2026-09-12,2026-09-12 05:49:11,backfill,1,North American Open,2026,2026-12-26,105,105,live,90,90,1,1081,946,1199,0.8,metadata_historical_avg,roster-pending,1,0,N5v4_Final,6207791f692bd127,df10d4f3d651
2026-09-12,2026-09-12 05:49:11,backfill,1,Eastern Open,2026,2026-12-26,105,105,live,1,1,0,387,367,404,0.8,metadata_historical_avg,roster-pending,1,0,N5v4_Final,6207791f692bd127,df10d4f3d651
2026-09-13,2026-09-13 06:12:36,backfill,1,Midwest Class Championships,2026,2026-10-09,26,26,live,34,34,0,284,255,316,0.8,model,roster-pending,0,0,N5v4_Final,6207791f692bd127,c5601751a669
2026-09-13,2026-09-13 06:12:36,backfill,1,Eastern Class Championships,2026,2026-10-16,33,33,live,34,34,0,234,203,269,0.8,model,roster-pending,0,0,N5v4_Final,6207791f692bd127,c5601751a669
2026-09-13,2026-09-13 06:12:36,backfill,1,Eastern Chess Congress,2026,2026-10-23,40,40,live,42,42,8,487,450,527,0.8,model,roster-pending,0,0,N5v4_Final,6207791f692bd127,c5601751a669
2026-09-13,2026-09-13 06:12:36,backfill,1,Los Angeles Open,2026,2026-11-06,54,54,live,18,18,1,391,352,433,0.8,model,roster-pending,0,0,N5v4_Final,6207791f692bd127,c5601751a669
2026-09-13,2026-09-13 06:12:36,backfill,1,Kings Island Open,2026,2026-11-13,61,61,live,14,14,0,346,318,364,0.8,metadata_historical_avg,roster-pending,1,0,N5v4_Final,6207791f692bd127,c5601751a669
2026-09-13,2026-09-13 06:12:36,backfill,1,National Chess Congress,2026,2026-11-27,75,75,live,22,22,0,623,572,677,0.8,metadata_historical_avg,roster-pending,1,0,N5v4_Final,6207791f692bd127,c5601751a669
2026-09-13,2026-09-13 06:12:36,backfill,1,North American Open,2026,2026-12-26,104,104,live,92,92,1,1081,946,1199,0.8,metadata_historical_avg,roster-pending,1,0,N5v4_Final,6207791f692bd127,c5601751a669
2026-09-13,2026-09-13 06:12:36,backfill,1,Eastern Open,2026,2026-12-26,104,104,live,1,1,0,387,367,404,0.8,metadata_historical_avg,roster-pending,1,0,N5v4_Final,6207791f692bd127,c5601751a669
2026-09-14,2026-09-14 06:19:25,backfill,1,Midwest Class Championships,2026,2026-10-09,25,25,live,37,37,0,285,256,319,0.8,model,roster-pending,0,0,N5v4_Final,6207791f692bd127,188a1cbf4415
2026-09-14,2026-09-14 06:19:25,backfill,1,Eastern Class Championships,2026,2026-10-16,32,32,live,36,36,0,235,205,269,0.8,model,roster-pending,0,0,N5v4_Final,6207791f692bd127,188a1cbf4415
2026-09-14,2026-09-14 06:19:25,backfill,1,Eastern Chess Congress,2026,2026-10-23,39,39,live,43,43,7,486,450,525,0.8,model,roster-pending,0,0,N5v4_Final,6207791f692bd127,188a1cbf4415
2026-09-14,2026-09-14 06:19:25,backfill,1,Los Angeles Open,2026,2026-11-06,53,53,live,19,19,1,391,353,432,0.8,model,roster-pending,0,0,N5v4_Final,6207791f692bd127,188a1cbf4415
2026-09-14,2026-09-14 06:19:25,backfill,1,Kings Island Open,2026,2026-11-13,60,60,live,14,14,0,346,318,364,0.8,metadata_historical_avg,roster-pending,1,0,N5v4_Final,6207791f692bd127,188a1cbf4415
2026-09-14,2026-09-14 06:19:25,backfill,1,National Chess Congress,2026,2026-11-27,74,74,live,22,22,0,623,572,677,0.8,metadata_historical_avg,roster-pending,1,0,N5v4_Final,6207791f692bd127,188a1cbf4415
2026-09-14,2026-09-14 06:19:25,backfill,1,North American Open,2026,2026-12-26,103,103,live,104,104,1,1081,946,1199,0.8,metadata_historical_avg,roster-pending,1,0,N5v4_Final,6207791f692bd127,188a1cbf4415
2026-09-14,2026-09-14 06:19:25,backfill,1,Eastern Open,2026,2026-12-26,103,103,live,1,1,0,387,367,404,0.8,metadata_historical_avg,roster-pending,1,0,N5v4_Final,6207791f692bd127,188a1cbf4415
2026-09-15,2026-09-15 06:10:59,backfill,1,Midwest Class Championships,2026,2026-10-09,24,24,live,38,38,0,285,255,318,0.8,model,roster-pending,0,0,N5v4_Final,6207791f692bd127,378aae4f65c6
2026-09-15,2026-09-15 06:10:59,backfill,1,Eastern Class Championships,2026,2026-10-16,31,31,live,36,36,0,233,204,266,0.8,model,roster-pending,0,0,N5v4_Final,6207791f692bd127,378aae4f65c6
2026-09-15,2026-09-15 06:10:59,backfill,1,Eastern Chess Congress,2026,2026-10-23,38,38,live,47,47,11,487,452,525,0.8,model,roster-pending,0,0,N5v4_Final,6207791f692bd127,378aae4f65c6
2026-09-15,2026-09-15 06:10:59,backfill,1,Los Angeles Open,2026,2026-11-06,52,52,live,21,21,1,392,355,432,0.8,model,roster-pending,0,0,N5v4_Final,6207791f692bd127,378aae4f65c6
2026-09-15,2026-09-15 06:10:59,backfill,1,Kings Island Open,2026,2026-11-13,59,59,live,14,14,0,346,318,364,0.8,metadata_historical_avg,roster-pending,1,0,N5v4_Final,6207791f692bd127,378aae4f65c6
2026-09-15,2026-09-15 06:10:59,backfill,1,National Chess Congress,2026,2026-11-27,73,73,live,23,23,0,623,572,677,0.8,metadata_historical_avg,roster-pending,1,0,N5v4_Final,6207791f692bd127,378aae4f65c6
2026-09-15,2026-09-15 06:10:59,backfill,1,North American Open,2026,2026-12-26,102,102,live,116,116,1,1081,946,1199,0.8,metadata_historical_avg,roster-pending,1,0,N5v4_Final,6207791f692bd127,378aae4f65c6
2026-09-15,2026-09-15 06:10:59,backfill,1,Eastern Open,2026,2026-12-26,102,102,live,1,1,0,387,367,404,0.8,metadata_historical_avg,roster-pending,1,0,N5v4_Final,6207791f692bd127,378aae4f65c6
2026-09-16,2026-09-16 06:03:54,backfill,1,Midwest Class Championships,2026,2026-10-09,23,23,live,42,42,0,287,256,321,0.8,model,roster-pending,0,0,N5v4_Final,6207791f692bd127,6b63384726b4
2026-09-16,2026-09-16 06:03:54,backfill,1,Eastern Class Championships,2026,2026-10-16,30,30,live,39,39,0,236,208,267,0.8,model,roster-pending,0,0,N5v4_Final,6207791f692bd127,6b63384726b4
2026-09-16,2026-09-16 06:03:54,backfill,1,Eastern Chess Congress,2026,2026-10-23,37,37,live,49,49,10,487,453,524,0.8,model,roster-pending,0,0,N5v4_Final,6207791f692bd127,6b63384726b4
2026-09-16,2026-09-16 06:03:54,backfill,1,Los Angeles Open,2026,2026-11-06,51,51,live,24,24,1,394,358,433,0.8,model,roster-pending,0,0,N5v4_Final,6207791f692bd127,6b63384726b4
2026-09-16,2026-09-16 06:03:54,backfill,1,Kings Island Open,2026,2026-11-13,58,58,live,14,14,0,346,318,364,0.8,metadata_historical_avg,roster-pending,1,0,N5v4_Final,6207791f692bd127,6b63384726b4
2026-09-16,2026-09-16 06:03:54,backfill,1,National Chess Congress,2026,2026-11-27,72,72,live,23,23,0,623,572,677,0.8,metadata_historical_avg,roster-pending,1,0,N5v4_Final,6207791f692bd127,6b63384726b4
2026-09-16,2026-09-16 06:03:54,backfill,1,North American Open,2026,2026-12-26,101,101,live,123,123,1,1081,946,1199,0.8,metadata_historical_avg,roster-pending,1,0,N5v4_Final,6207791f692bd127,6b63384726b4
2026-09-16,2026-09-16 06:03:54,backfill,1,Eastern Open,2026,2026-12-26,101,101,live,1,1,0,387,367,404,0.8,metadata_historical_avg,roster-pending,1,0,N5v4_Final,6207791f692bd127,6b63384726b4
2026-09-17,2026-09-17 06:10:05,backfill,1,Midwest Class Championships,2026,2026-10-09,22,22,live,44,44,0,287,256,321,0.8,model,roster-pending,0,0,N5v4_Final,6207791f692bd127,c56a4dfd10b5
2026-09-17,2026-09-17 06:10:05,backfill,1,Eastern Class Championships,2026,2026-10-16,29,29,live,39,39,0,234,207,264,0.8,model,roster-pending,0,0,N5v4_Final,6207791f692bd127,c56a4dfd10b5
2026-09-17,2026-09-17 06:10:05,backfill,1,Eastern Chess Congress,2026,2026-10-23,36,36,live,49,49,10,486,452,522,0.8,model,roster-pending,0,0,N5v4_Final,6207791f692bd127,c56a4dfd10b5
2026-09-17,2026-09-17 06:10:05,backfill,1,Los Angeles Open,2026,2026-11-06,50,50,live,27,27,1,395,361,433,0.8,model,roster-pending,0,0,N5v4_Final,6207791f692bd127,c56a4dfd10b5
2026-09-17,2026-09-17 06:10:05,backfill,1,Kings Island Open,2026,2026-11-13,57,57,live,14,14,0,346,318,364,0.8,metadata_historical_avg,roster-pending,1,0,N5v4_Final,6207791f692bd127,c56a4dfd10b5
2026-09-17,2026-09-17 06:10:05,backfill,1,National Chess Congress,2026,2026-11-27,71,71,live,24,24,0,623,572,677,0.8,metadata_historical_avg,roster-pending,1,0,N5v4_Final,6207791f692bd127,c56a4dfd10b5
2026-09-17,2026-09-17 06:10:05,backfill,1,North American Open,2026,2026-12-26,100,100,live,137,137,1,1081,946,1199,0.8,metadata_historical_avg,roster-pending,1,0,N5v4_Final,6207791f692bd127,c56a4dfd10b5
2026-09-17,2026-09-17 06:10:05,backfill,1,Eastern Open,2026,2026-12-26,100,100,live,1,1,0,387,367,404,0.8,metadata_historical_avg,roster-pending,1,0,N5v4_Final,6207791f692bd127,c56a4dfd10b5
2026-09-17,2026-09-17 14:29:23,backfill,1,Midwest Class Championships,2026,2026-10-09,22,22,live,44,44,0,287,256,321,0.8,model,roster-pending,0,0,N5v4_Final,9a1a3db86a85b4c4,3a7c6799f0a1
2026-09-17,2026-09-17 14:29:23,backfill,1,Eastern Class Championships,2026,2026-10-16,29,29,live,39,39,0,234,207,264,0.8,model,roster-pending,0,0,N5v4_Final,9a1a3db86a85b4c4,3a7c6799f0a1
2026-09-17,2026-09-17 14:29:23,backfill,1,Eastern Chess Congress,2026,2026-10-23,36,36,live,49,49,10,486,452,522,0.8,model,roster-pending,0,0,N5v4_Final,9a1a3db86a85b4c4,3a7c6799f0a1
2026-09-17,2026-09-17 14:29:23,backfill,1,Los Angeles Open,2026,2026-11-06,50,50,live,27,27,1,395,361,433,0.8,model,roster-pending,0,0,N5v4_Final,9a1a3db86a85b4c4,3a7c6799f0a1
2026-09-17,2026-09-17 14:29:23,backfill,1,Kings Island Open,2026,2026-11-13,57,57,live,14,14,0,346,318,364,0.8,metadata_historical_avg,roster-pending,1,0,N5v4_Final,9a1a3db86a85b4c4,3a7c6799f0a1
2026-09-17,2026-09-17 14:29:23,backfill,1,National Chess Congress,2026,2026-11-27,71,71,live,24,24,0,623,572,677,0.8,metadata_historical_avg,roster-pending,1,0,N5v4_Final,9a1a3db86a85b4c4,3a7c6799f0a1
2026-09-17,2026-09-17 14:29:23,backfill,1,North American Open,2026,2026-12-26,100,100,live,138,138,1,1081,946,1199,0.8,metadata_historical_avg,roster-pending,1,0,N5v4_Final,9a1a3db86a85b4c4,3a7c6799f0a1
2026-09-17,2026-09-17 14:29:23,backfill,1,Eastern Open,2026,2026-12-26,100,100,live,1,1,0,387,367,404,0.8,metadata_historical_avg,roster-pending,1,0,N5v4_Final,9a1a3db86a85b4c4,3a7c6799f0a1
2026-09-17,2026-09-17 14:29:23,backfill,1,Boston Chess Congress,2027,2027-01-08,113,113,live,1,1,0,338,278,387,0.8,metadata_historical_avg,roster-pending,1,0,N5v4_Final,9a1a3db86a85b4c4,3a7c6799f0a1
2026-09-17,2026-09-17 14:29:23,backfill,1,Golden State Open,2027,2027-01-15,120,120,live,0,0,0,316,274,382,0.8,metadata_historical_avg,roster-pending,1,0,N5v4_Final,9a1a3db86a85b4c4,3a7c6799f0a1
2026-09-17,2026-09-17 14:29:23,backfill,1,Liberty Bell Open,2027,2027-01-15,120,120,live,2,2,0,449,324,547,0.8,metadata_historical_avg,roster-pending,1,0,N5v4_Final,9a1a3db86a85b4c4,3a7c6799f0a1
2026-09-17,2026-09-17 14:29:23,backfill,1,Southwest Class Championships,2027,2027-02-11,147,147,live,0,0,0,438,391,490,0.8,metadata_historical_avg,roster-pending,1,0,N5v4_Final,9a1a3db86a85b4c4,3a7c6799f0a1
2026-09-17,2026-09-17 14:29:23,backfill,1,George Washington Open,2027,2027-02-26,162,162,live,1,1,0,264,225,313,0.8,metadata_historical_avg,roster-pending,1,0,N5v4_Final,9a1a3db86a85b4c4,3a7c6799f0a1
2026-09-17,2026-09-17 14:29:23,backfill,1,Western Class Championships,2027,2027-03-12,176,176,live,0,0,0,348,285,405,0.8,metadata_historical_avg,roster-pending,1,0,N5v4_Final,9a1a3db86a85b4c4,3a7c6799f0a1
2026-09-17,2026-09-17 14:29:23,backfill,1,Mid-America Open,2027,2027-03-19,183,183,live,0,0,0,283,231,324,0.8,metadata_historical_avg,roster-pending,1,0,N5v4_Final,9a1a3db86a85b4c4,3a7c6799f0a1
2026-09-17,2026-09-17 14:29:23,backfill,1,Southern Class Championships,2027,2027-03-19,183,183,live,0,0,0,214,182,261,0.8,metadata_historical_avg,roster-pending,1,0,N5v4_Final,9a1a3db86a85b4c4,3a7c6799f0a1
2026-09-17,2026-09-17 14:29:23,backfill,1,Atlantic City Open,2027,2027-03-24,188,188,live,1,1,0,465,419,523,0.8,metadata_historical_avg,roster-pending,1,0,N5v4_Final,9a1a3db86a85b4c4,3a7c6799f0a1
2026-09-18,2026-09-18 05:56:43,backfill,1,Midwest Class Championships,2026,2026-10-09,21,21,live,44,44,0,279,247,316,0.8,model,roster-pending,0,0,N5v4_Final,9a1a3db86a85b4c4,a7763c8457f6
2026-09-18,2026-09-18 05:56:43,backfill,1,Eastern Class Championships,2026,2026-10-16,28,28,live,40,40,0,251,223,282,0.8,model,roster-pending,0,0,N5v4_Final,9a1a3db86a85b4c4,a7763c8457f6
2026-09-18,2026-09-18 05:56:43,backfill,1,Eastern Chess Congress,2026,2026-10-23,35,35,live,51,51,11,484,419,559,0.8,model,roster-pending,0,0,N5v4_Final,9a1a3db86a85b4c4,a7763c8457f6
2026-09-18,2026-09-18 05:56:43,backfill,1,Los Angeles Open,2026,2026-11-06,49,49,live,27,27,1,394,361,431,0.8,model,roster-pending,0,0,N5v4_Final,9a1a3db86a85b4c4,a7763c8457f6
2026-09-18,2026-09-18 05:56:43,backfill,1,Kings Island Open,2026,2026-11-13,56,56,live,14,14,0,346,318,364,0.8,metadata_historical_avg,roster-pending,1,0,N5v4_Final,9a1a3db86a85b4c4,a7763c8457f6
2026-09-18,2026-09-18 05:56:43,backfill,1,National Chess Congress,2026,2026-11-27,70,70,live,24,24,0,623,572,677,0.8,metadata_historical_avg,roster-pending,1,0,N5v4_Final,9a1a3db86a85b4c4,a7763c8457f6
2026-09-18,2026-09-18 05:56:43,backfill,1,North American Open,2026,2026-12-26,99,99,live,149,149,1,1081,946,1199,0.8,metadata_historical_avg,roster-pending,1,0,N5v4_Final,9a1a3db86a85b4c4,a7763c8457f6
2026-09-18,2026-09-18 05:56:43,backfill,1,Eastern Open,2026,2026-12-26,99,99,live,1,1,0,387,367,404,0.8,metadata_historical_avg,roster-pending,1,0,N5v4_Final,9a1a3db86a85b4c4,a7763c8457f6
2026-09-18,2026-09-18 05:56:43,backfill,1,Boston Chess Congress,2027,2027-01-08,112,112,live,1,1,0,338,278,387,0.8,metadata_historical_avg,roster-pending,1,0,N5v4_Final,9a1a3db86a85b4c4,a7763c8457f6
2026-09-18,2026-09-18 05:56:43,backfill,1,Golden State Open,2027,2027-01-15,119,119,live,0,0,0,316,274,382,0.8,metadata_historical_avg,roster-pending,1,0,N5v4_Final,9a1a3db86a85b4c4,a7763c8457f6
2026-09-18,2026-09-18 05:56:43,backfill,1,Liberty Bell Open,2027,2027-01-15,119,119,live,2,2,0,449,324,547,0.8,metadata_historical_avg,roster-pending,1,0,N5v4_Final,9a1a3db86a85b4c4,a7763c8457f6
2026-09-18,2026-09-18 05:56:43,backfill,1,Southwest Class Championships,2027,2027-02-11,146,146,live,0,0,0,438,391,490,0.8,metadata_historical_avg,roster-pending,1,0,N5v4_Final,9a1a3db86a85b4c4,a7763c8457f6
2026-09-18,2026-09-18 05:56:43,backfill,1,George Washington Open,2027,2027-02-26,161,161,live,1,1,0,264,225,313,0.8,metadata_historical_avg,roster-pending,1,0,N5v4_Final,9a1a3db86a85b4c4,a7763c8457f6
2026-09-18,2026-09-18 05:56:43,backfill,1,Western Class Championships,2027,2027-03-12,175,175,live,0,0,0,348,285,405,0.8,metadata_historical_avg,roster-pending,1,0,N5v4_Final,9a1a3db86a85b4c4,a7763c8457f6
2026-09-18,2026-09-18 05:56:43,backfill,1,Mid-America Open,2027,2027-03-19,182,182,live,0,0,0,283,231,324,0.8,metadata_historical_avg,roster-pending,1,0,N5v4_Final,9a1a3db86a85b4c4,a7763c8457f6
2026-09-18,2026-09-18 05:56:43,backfill,1,Southern Class Championships,2027,2027-03-19,182,182,live,1,1,0,214,182,261,0.8,metadata_historical_avg,roster-pending,1,0,N5v4_Final,9a1a3db86a85b4c4,a7763c8457f6
2026-09-18,2026-09-18 05:56:43,backfill,1,Atlantic City Open,2027,2027-03-24,187,187,live,1,1,0,465,419,523,0.8,metadata_historical_avg,roster-pending,1,0,N5v4_Final,9a1a3db86a85b4c4,a7763c8457f6
2026-09-19,2026-09-19 05:55:38,backfill,1,Midwest Class Championships,2026,2026-10-09,20,20,live,46,46,0,279,247,314,0.8,model,roster-pending,0,0,N5v4_Final,9a1a3db86a85b4c4,86de7c9706e5
2026-09-19,2026-09-19 05:55:38,backfill,1,Eastern Class Championships,2026,2026-10-16,27,27,live,40,40,0,246,219,277,0.8,model,roster-pending,0,0,N5v4_Final,9a1a3db86a85b4c4,86de7c9706e5
2026-09-19,2026-09-19 05:55:38,backfill,1,Eastern Chess Congress,2026,2026-10-23,34,34,live,53,53,13,483,420,556,0.8,model,roster-pending,0,0,N5v4_Final,9a1a3db86a85b4c4,86de7c9706e5
2026-09-19,2026-09-19 05:55:38,backfill,1,Los Angeles Open,2026,2026-11-06,48,48,live,28,28,1,394,362,430,0.8,model,roster-pending,0,0,N5v4_Final,9a1a3db86a85b4c4,86de7c9706e5
2026-09-19,2026-09-19 05:55:38,backfill,1,Kings Island Open,2026,2026-11-13,55,55,live,14,14,0,350,266,461,0.8,model,roster-pending,0,0,N5v4_Final,9a1a3db86a85b4c4,86de7c9706e5
2026-09-19,2026-09-19 05:55:38,backfill,1,National Chess Congress,2026,2026-11-27,69,69,live,26,26,0,623,572,677,0.8,metadata_historical_avg,roster-pending,1,0,N5v4_Final,9a1a3db86a85b4c4,86de7c9706e5
2026-09-19,2026-09-19 05:55:38,backfill,1,North American Open,2026,2026-12-26,98,98,live,159,159,1,1081,946,1199,0.8,metadata_historical_avg,roster-pending,1,0,N5v4_Final,9a1a3db86a85b4c4,86de7c9706e5
2026-09-19,2026-09-19 05:55:38,backfill,1,Eastern Open,2026,2026-12-26,98,98,live,1,1,0,387,367,404,0.8,metadata_historical_avg,roster-pending,1,0,N5v4_Final,9a1a3db86a85b4c4,86de7c9706e5
2026-09-19,2026-09-19 05:55:38,backfill,1,Boston Chess Congress,2027,2027-01-08,111,111,live,1,1,0,338,278,387,0.8,metadata_historical_avg,roster-pending,1,0,N5v4_Final,9a1a3db86a85b4c4,86de7c9706e5
2026-09-19,2026-09-19 05:55:38,backfill,1,Golden State Open,2027,2027-01-15,118,118,live,0,0,0,316,274,382,0.8,metadata_historical_avg,roster-pending,1,0,N5v4_Final,9a1a3db86a85b4c4,86de7c9706e5
2026-09-19,2026-09-19 05:55:38,backfill,1,Liberty Bell Open,2027,2027-01-15,118,118,live,2,2,0,449,324,547,0.8,metadata_historical_avg,roster-pending,1,0,N5v4_Final,9a1a3db86a85b4c4,86de7c9706e5
2026-09-19,2026-09-19 05:55:38,backfill,1,Southwest Class Championships,2027,2027-02-11,145,145,live,0,0,0,438,391,490,0.8,metadata_historical_avg,roster-pending,1,0,N5v4_Final,9a1a3db86a85b4c4,86de7c9706e5
2026-09-19,2026-09-19 05:55:38,backfill,1,George Washington Open,2027,2027-02-26,160,160,live,1,1,0,264,225,313,0.8,metadata_historical_avg,roster-pending,1,0,N5v4_Final,9a1a3db86a85b4c4,86de7c9706e5
2026-09-19,2026-09-19 05:55:38,backfill,1,Western Class Championships,2027,2027-03-12,174,174,live,0,0,0,348,285,405,0.8,metadata_historical_avg,roster-pending,1,0,N5v4_Final,9a1a3db86a85b4c4,86de7c9706e5
2026-09-19,2026-09-19 05:55:38,backfill,1,Mid-America Open,2027,2027-03-19,181,181,live,0,0,0,283,231,324,0.8,metadata_historical_avg,roster-pending,1,0,N5v4_Final,9a1a3db86a85b4c4,86de7c9706e5
2026-09-19,2026-09-19 05:55:38,backfill,1,Southern Class Championships,2027,2027-03-19,181,181,live,1,1,0,214,182,261,0.8,metadata_historical_avg,roster-pending,1,0,N5v4_Final,9a1a3db86a85b4c4,86de7c9706e5
2026-09-19,2026-09-19 05:55:38,backfill,1,Atlantic City Open,2027,2027-03-24,186,186,live,1,1,0,465,419,523,0.8,metadata_historical_avg,roster-pending,1,0,N5v4_Final,9a1a3db86a85b4c4,86de7c9706e5
2026-09-20,2026-09-20 06:19:32,backfill,1,Midwest Class Championships,2026,2026-10-09,19,19,live,48,48,0,279,248,313,0.8,model,roster-pending,0,0,N5v4_Final,9a1a3db86a85b4c4,a21c089af3c0
2026-09-20,2026-09-20 06:19:32,backfill,1,Eastern Class Championships,2026,2026-10-16,26,26,live,42,42,0,246,219,277,0.8,model,roster-pending,0,0,N5v4_Final,9a1a3db86a85b4c4,a21c089af3c0
2026-09-20,2026-09-20 06:19:32,backfill,1,Eastern Chess Congress,2026,2026-10-23,33,33,live,54,54,12,483,421,553,0.8,model,roster-pending,0,0,N5v4_Final,9a1a3db86a85b4c4,a21c089af3c0
2026-09-20,2026-09-20 06:19:32,backfill,1,Los Angeles Open,2026,2026-11-06,47,47,live,28,28,1,394,362,428,0.8,model,roster-pending,0,0,N5v4_Final,9a1a3db86a85b4c4,a21c089af3c0
2026-09-20,2026-09-20 06:19:32,backfill,1,Kings Island Open,2026,2026-11-13,54,54,live,14,14,0,350,266,460,0.8,model,roster-pending,0,0,N5v4_Final,9a1a3db86a85b4c4,a21c089af3c0
2026-09-20,2026-09-20 06:19:32,backfill,1,National Chess Congress,2026,2026-11-27,68,68,live,27,27,0,623,572,677,0.8,metadata_historical_avg,roster-pending,1,0,N5v4_Final,9a1a3db86a85b4c4,a21c089af3c0
2026-09-20,2026-09-20 06:19:32,backfill,1,North American Open,2026,2026-12-26,97,97,live,203,203,1,1081,946,1199,0.8,metadata_historical_avg,roster-pending,1,0,N5v4_Final,9a1a3db86a85b4c4,a21c089af3c0
2026-09-20,2026-09-20 06:19:32,backfill,1,Eastern Open,2026,2026-12-26,97,97,live,1,1,0,387,367,404,0.8,metadata_historical_avg,roster-pending,1,0,N5v4_Final,9a1a3db86a85b4c4,a21c089af3c0
2026-09-20,2026-09-20 06:19:32,backfill,1,Boston Chess Congress,2027,2027-01-08,110,110,live,1,1,0,338,278,387,0.8,metadata_historical_avg,roster-pending,1,0,N5v4_Final,9a1a3db86a85b4c4,a21c089af3c0
2026-09-20,2026-09-20 06:19:32,backfill,1,Golden State Open,2027,2027-01-15,117,117,live,0,0,0,316,274,382,0.8,metadata_historical_avg,roster-pending,1,0,N5v4_Final,9a1a3db86a85b4c4,a21c089af3c0
2026-09-20,2026-09-20 06:19:32,backfill,1,Liberty Bell Open,2027,2027-01-15,117,117,live,2,2,0,449,324,547,0.8,metadata_historical_avg,roster-pending,1,0,N5v4_Final,9a1a3db86a85b4c4,a21c089af3c0
2026-09-20,2026-09-20 06:19:32,backfill,1,Southwest Class Championships,2027,2027-02-11,144,144,live,0,0,0,438,391,490,0.8,metadata_historical_avg,roster-pending,1,0,N5v4_Final,9a1a3db86a85b4c4,a21c089af3c0
2026-09-20,2026-09-20 06:19:32,backfill,1,George Washington Open,2027,2027-02-26,159,159,live,1,1,0,264,225,313,0.8,metadata_historical_avg,roster-pending,1,0,N5v4_Final,9a1a3db86a85b4c4,a21c089af3c0
2026-09-20,2026-09-20 06:19:32,backfill,1,Western Class Championships,2027,2027-03-12,173,173,live,0,0,0,348,285,405,0.8,metadata_historical_avg,roster-pending,1,0,N5v4_Final,9a1a3db86a85b4c4,a21c089af3c0
2026-09-20,2026-09-20 06:19:32,backfill,1,Mid-America Open,2027,2027-03-19,180,180,live,0,0,0,283,231,324,0.8,metadata_historical_avg,roster-pending,1,0,N5v4_Final,9a1a3db86a85b4c4,a21c089af3c0
2026-09-20,2026-09-20 06:19:32,backfill,1,Southern Class Championships,2027,2027-03-19,180,180,live,1,1,0,214,182,261,0.8,metadata_historical_avg,roster-pending,1,0,N5v4_Final,9a1a3db86a85b4c4,a21c089af3c0
2026-09-20,2026-09-20 06:19:32,backfill,1,Atlantic City Open,2027,2027-03-24,185,185,live,1,1,0,465,419,523,0.8,metadata_historical_avg,roster-pending,1,0,N5v4_Final,9a1a3db86a85b4c4,a21c089af3c0
2026-09-21,2026-09-21 06:23:27,backfill,1,Midwest Class Championships,2026,2026-10-09,18,18,live,48,48,0,276,247,309,0.8,model,roster-pending,0,0,N5v4_Final,9a1a3db86a85b4c4,89bcbe1f4f95
2026-09-21,2026-09-21 06:23:27,backfill,1,Eastern Class Championships,2026,2026-10-16,25,25,live,47,47,0,253,225,285,0.8,model,roster-pending,0,0,N5v4_Final,9a1a3db86a85b4c4,89bcbe1f4f95
2026-09-21,2026-09-21 06:23:27,backfill,1,Eastern Chess Congress,2026,2026-10-23,32,32,live,55,55,8,482,422,551,0.8,model,roster-pending,0,0,N5v4_Final,9a1a3db86a85b4c4,89bcbe1f4f95
2026-09-21,2026-09-21 06:23:27,backfill,1,Los Angeles Open,2026,2026-11-06,46,46,live,28,28,1,393,363,426,0.8,model,roster-pending,0,0,N5v4_Final,9a1a3db86a85b4c4,89bcbe1f4f95
2026-09-21,2026-09-21 06:23:27,backfill,1,Kings Island Open,2026,2026-11-13,53,53,live,15,15,0,350,324,377,0.8,model,roster-pending,0,0,N5v4_Final,9a1a3db86a85b4c4,89bcbe1f4f95
2026-09-21,2026-09-21 06:23:27,backfill,1,National Chess Congress,2026,2026-11-27,67,67,live,28,28,0,623,572,677,0.8,metadata_historical_avg,roster-pending,1,0,N5v4_Final,9a1a3db86a85b4c4,89bcbe1f4f95
2026-09-21,2026-09-21 06:23:27,backfill,1,North American Open,2026,2026-12-26,96,96,live,281,281,1,1081,946,1199,0.8,metadata_historical_avg,roster-pending,1,0,N5v4_Final,9a1a3db86a85b4c4,89bcbe1f4f95
2026-09-21,2026-09-21 06:23:27,backfill,1,Eastern Open,2026,2026-12-26,96,96,live,1,1,0,387,367,404,0.8,metadata_historical_avg,roster-pending,1,0,N5v4_Final,9a1a3db86a85b4c4,89bcbe1f4f95
2026-09-21,2026-09-21 06:23:27,backfill,1,Boston Chess Congress,2027,2027-01-08,109,109,live,1,1,0,338,278,387,0.8,metadata_historical_avg,roster-pending,1,0,N5v4_Final,9a1a3db86a85b4c4,89bcbe1f4f95
2026-09-21,2026-09-21 06:23:27,backfill,1,Golden State Open,2027,2027-01-15,116,116,live,0,0,0,316,274,382,0.8,metadata_historical_avg,roster-pending,1,0,N5v4_Final,9a1a3db86a85b4c4,89bcbe1f4f95
2026-09-21,2026-09-21 06:23:27,backfill,1,Liberty Bell Open,2027,2027-01-15,116,116,live,2,2,0,449,324,547,0.8,metadata_historical_avg,roster-pending,1,0,N5v4_Final,9a1a3db86a85b4c4,89bcbe1f4f95
2026-09-21,2026-09-21 06:23:27,backfill,1,Southwest Class Championships,2027,2027-02-11,143,143,live,0,0,0,438,391,490,0.8,metadata_historical_avg,roster-pending,1,0,N5v4_Final,9a1a3db86a85b4c4,89bcbe1f4f95
2026-09-21,2026-09-21 06:23:27,backfill,1,George Washington Open,2027,2027-02-26,158,158,live,1,1,0,264,225,313,0.8,metadata_historical_avg,roster-pending,1,0,N5v4_Final,9a1a3db86a85b4c4,89bcbe1f4f95
2026-09-21,2026-09-21 06:23:27,backfill,1,Western Class Championships,2027,2027-03-12,172,172,live,0,0,0,348,285,405,0.8,metadata_historical_avg,roster-pending,1,0,N5v4_Final,9a1a3db86a85b4c4,89bcbe1f4f95
2026-09-21,2026-09-21 06:23:27,backfill,1,Mid-America Open,2027,2027-03-19,179,179,live,0,0,0,283,231,324,0.8,metadata_historical_avg,roster-pending,1,0,N5v4_Final,9a1a3db86a85b4c4,89bcbe1f4f95
2026-09-21,2026-09-21 06:23:27,backfill,1,Southern Class Championships,2027,2027-03-19,179,179,live,1,1,0,214,182,261,0.8,metadata_historical_avg,roster-pending,1,0,N5v4_Final,9a1a3db86a85b4c4,89bcbe1f4f95
2026-09-21,2026-09-21 06:23:27,backfill,1,Atlantic City Open,2027,2027-03-24,184,184,live,1,1,0,465,419,523,0.8,metadata_historical_avg,roster-pending,1,0,N5v4_Final,9a1a3db86a85b4c4,89bcbe1f4f95
2026-09-21,2026-09-21 06:23:27,backfill,1,Midwest Class Championships,2026,2026-10-09,18,18,live,48,48,0,276,247,309,0.8,model,roster-pending,0,1,N5v4_Final,9a1a3db86a85b4c4,c0b158247968
2026-09-21,2026-09-21 06:23:27,backfill,1,Eastern Class Championships,2026,2026-10-16,25,25,live,47,47,0,253,225,285,0.8,model,roster-pending,0,1,N5v4_Final,9a1a3db86a85b4c4,c0b158247968
2026-09-21,2026-09-21 06:23:27,backfill,1,Eastern Chess Congress,2026,2026-10-23,32,32,live,55,55,8,482,422,551,0.8,model,roster-pending,0,1,N5v4_Final,9a1a3db86a85b4c4,c0b158247968
2026-09-21,2026-09-21 06:23:27,backfill,1,Los Angeles Open,2026,2026-11-06,46,46,live,28,28,1,393,363,426,0.8,model,roster-pending,0,1,N5v4_Final,9a1a3db86a85b4c4,c0b158247968
2026-09-21,2026-09-21 06:23:27,backfill,1,Kings Island Open,2026,2026-11-13,53,53,live,15,15,0,350,324,377,0.8,model,roster-pending,0,1,N5v4_Final,9a1a3db86a85b4c4,c0b158247968
2026-09-21,2026-09-21 06:23:27,backfill,1,National Chess Congress,2026,2026-11-27,67,67,live,28,28,0,623,572,677,0.8,metadata_historical_avg,roster-pending,1,1,N5v4_Final,9a1a3db86a85b4c4,c0b158247968
2026-09-21,2026-09-21 06:23:27,backfill,1,North American Open,2026,2026-12-26,96,96,live,281,281,1,1081,946,1199,0.8,metadata_historical_avg,roster-pending,1,1,N5v4_Final,9a1a3db86a85b4c4,c0b158247968
2026-09-21,2026-09-21 06:23:27,backfill,1,Eastern Open,2026,2026-12-26,96,96,live,1,1,0,387,367,404,0.8,metadata_historical_avg,roster-pending,1,1,N5v4_Final,9a1a3db86a85b4c4,c0b158247968
2026-09-21,2026-09-21 06:23:27,backfill,1,Boston Chess Congress,2027,2027-01-08,109,109,live,1,1,0,338,278,387,0.8,metadata_historical_avg,roster-pending,1,1,N5v4_Final,9a1a3db86a85b4c4,c0b158247968
2026-09-21,2026-09-21 06:23:27,backfill,1,Golden State Open,2027,2027-01-15,116,116,live,0,0,0,316,274,382,0.8,metadata_historical_avg,roster-pending,1,1,N5v4_Final,9a1a3db86a85b4c4,c0b158247968
2026-09-21,2026-09-21 06:23:27,backfill,1,Liberty Bell Open,2027,2027-01-15,116,116,live,2,2,0,449,324,547,0.8,metadata_historical_avg,roster-pending,1,1,N5v4_Final,9a1a3db86a85b4c4,c0b158247968
2026-09-21,2026-09-21 06:23:27,backfill,1,Southwest Class Championships,2027,2027-02-11,143,143,live,0,0,0,438,391,490,0.8,metadata_historical_avg,roster-pending,1,1,N5v4_Final,9a1a3db86a85b4c4,c0b158247968
2026-09-21,2026-09-21 06:23:27,backfill,1,George Washington Open,2027,2027-02-26,158,158,live,1,1,0,264,225,313,0.8,metadata_historical_avg,roster-pending,1,1,N5v4_Final,9a1a3db86a85b4c4,c0b158247968
2026-09-21,2026-09-21 06:23:27,backfill,1,Western Class Championships,2027,2027-03-12,172,172,live,0,0,0,348,285,405,0.8,metadata_historical_avg,roster-pending,1,1,N5v4_Final,9a1a3db86a85b4c4,c0b158247968
2026-09-21,2026-09-21 06:23:27,backfill,1,Mid-America Open,2027,2027-03-19,179,179,live,0,0,0,283,231,324,0.8,metadata_historical_avg,roster-pending,1,1,N5v4_Final,9a1a3db86a85b4c4,c0b158247968
2026-09-21,2026-09-21 06:23:27,backfill,1,Southern Class Championships,2027,2027-03-19,179,179,live,1,1,0,214,182,261,0.8,metadata_historical_avg,roster-pending,1,1,N5v4_Final,9a1a3db86a85b4c4,c0b158247968
2026-09-21,2026-09-21 06:23:27,backfill,1,Atlantic City Open,2027,2027-03-24,184,184,live,1,1,0,465,419,523,0.8,metadata_historical_avg,roster-pending,1,1,N5v4_Final,9a1a3db86a85b4c4,c0b158247968
2026-09-22,2026-09-22 12:32:39,backfill,1,Midwest Class Championships,2026,2026-10-09,17,17,live,50,50,0,276,248,307,0.8,model,roster-pending,0,0,N5v4_Final,9a1a3db86a85b4c4,c6ad8bbb3f42
2026-09-22,2026-09-22 12:32:39,backfill,1,Eastern Class Championships,2026,2026-10-16,24,24,live,49,49,0,253,225,284,0.8,model,roster-pending,0,0,N5v4_Final,9a1a3db86a85b4c4,c6ad8bbb3f42
2026-09-22,2026-09-22 12:32:39,backfill,1,Eastern Chess Congress,2026,2026-10-23,31,31,live,50,50,1,478,420,545,0.8,model,roster-pending,0,0,N5v4_Final,9a1a3db86a85b4c4,c6ad8bbb3f42
2026-09-22,2026-09-22 12:32:39,backfill,1,Los Angeles Open,2026,2026-11-06,45,45,live,28,28,1,392,363,424,0.8,model,roster-pending,0,0,N5v4_Final,9a1a3db86a85b4c4,c6ad8bbb3f42
2026-09-22,2026-09-22 12:32:39,backfill,1,Kings Island Open,2026,2026-11-13,52,52,live,15,15,0,349,324,376,0.8,model,roster-pending,0,0,N5v4_Final,9a1a3db86a85b4c4,c6ad8bbb3f42
2026-09-22,2026-09-22 12:32:39,backfill,1,National Chess Congress,2026,2026-11-27,66,66,live,28,28,0,623,572,677,0.8,metadata_historical_avg,roster-pending,1,0,N5v4_Final,9a1a3db86a85b4c4,c6ad8bbb3f42
2026-09-22,2026-09-22 12:32:39,backfill,1,North American Open,2026,2026-12-26,95,95,live,285,285,1,1081,946,1199,0.8,metadata_historical_avg,roster-pending,1,0,N5v4_Final,9a1a3db86a85b4c4,c6ad8bbb3f42
2026-09-22,2026-09-22 12:32:39,backfill,1,Eastern Open,2026,2026-12-26,95,95,live,1,1,0,387,367,404,0.8,metadata_historical_avg,roster-pending,1,0,N5v4_Final,9a1a3db86a85b4c4,c6ad8bbb3f42
2026-09-22,2026-09-22 12:32:39,backfill,1,Boston Chess Congress,2027,2027-01-08,108,108,live,1,1,0,338,278,387,0.8,metadata_historical_avg,roster-pending,1,0,N5v4_Final,9a1a3db86a85b4c4,c6ad8bbb3f42
2026-09-22,2026-09-22 12:32:39,backfill,1,Golden State Open,2027,2027-01-15,115,115,live,0,0,0,316,274,382,0.8,metadata_historical_avg,roster-pending,1,0,N5v4_Final,9a1a3db86a85b4c4,c6ad8bbb3f42
2026-09-22,2026-09-22 12:32:39,backfill,1,Liberty Bell Open,2027,2027-01-15,115,115,live,2,2,0,449,324,547,0.8,metadata_historical_avg,roster-pending,1,0,N5v4_Final,9a1a3db86a85b4c4,c6ad8bbb3f42
2026-09-22,2026-09-22 12:32:39,backfill,1,Southwest Class Championships,2027,2027-02-11,142,142,live,0,0,0,438,391,490,0.8,metadata_historical_avg,roster-pending,1,0,N5v4_Final,9a1a3db86a85b4c4,c6ad8bbb3f42
2026-09-22,2026-09-22 12:32:39,backfill,1,George Washington Open,2027,2027-02-26,157,157,live,1,1,0,264,225,313,0.8,metadata_historical_avg,roster-pending,1,0,N5v4_Final,9a1a3db86a85b4c4,c6ad8bbb3f42
2026-09-22,2026-09-22 12:32:39,backfill,1,Western Class Championships,2027,2027-03-12,171,171,live,0,0,0,348,285,405,0.8,metadata_historical_avg,roster-pending,1,0,N5v4_Final,9a1a3db86a85b4c4,c6ad8bbb3f42
2026-09-22,2026-09-22 12:32:39,backfill,1,Mid-America Open,2027,2027-03-19,178,178,live,0,0,0,283,231,324,0.8,metadata_historical_avg,roster-pending,1,0,N5v4_Final,9a1a3db86a85b4c4,c6ad8bbb3f42
2026-09-22,2026-09-22 12:32:39,backfill,1,Southern Class Championships,2027,2027-03-19,178,178,live,1,1,0,214,182,261,0.8,metadata_historical_avg,roster-pending,1,0,N5v4_Final,9a1a3db86a85b4c4,c6ad8bbb3f42
2026-09-22,2026-09-22 12:32:39,backfill,1,Atlantic City Open,2027,2027-03-24,183,183,live,1,1,0,465,419,523,0.8,metadata_historical_avg,roster-pending,1,0,N5v4_Final,9a1a3db86a85b4c4,c6ad8bbb3f42
2026-09-23,2026-09-23 06:00:15,backfill,1,Midwest Class Championships,2026,2026-10-09,16,16,live,50,50,0,274,247,304,0.8,model,roster-pending,0,0,N5v4_Final,9a1a3db86a85b4c4,3e26251fa3c8
2026-09-23,2026-09-23 06:00:15,backfill,1,Eastern Class Championships,2026,2026-10-16,23,23,live,49,49,0,248,220,279,0.8,model,roster-pending,0,0,N5v4_Final,9a1a3db86a85b4c4,3e26251fa3c8
2026-09-23,2026-09-23 06:00:15,backfill,1,Eastern Chess Congress,2026,2026-10-23,30,30,live,51,51,2,478,421,542,0.8,model,roster-pending,0,0,N5v4_Final,9a1a3db86a85b4c4,3e26251fa3c8
2026-09-23,2026-09-23 06:00:15,backfill,1,Los Angeles Open,2026,2026-11-06,44,44,live,30,30,1,393,364,423,0.8,model,roster-pending,0,0,N5v4_Final,9a1a3db86a85b4c4,3e26251fa3c8
2026-09-23,2026-09-23 06:00:15,backfill,1,Kings Island Open,2026,2026-11-13,51,51,live,15,15,0,350,325,376,0.8,model,roster-pending,0,0,N5v4_Final,9a1a3db86a85b4c4,3e26251fa3c8
2026-09-23,2026-09-23 06:00:15,backfill,1,National Chess Congress,2026,2026-11-27,65,65,live,30,30,0,623,572,677,0.8,metadata_historical_avg,roster-pending,1,0,N5v4_Final,9a1a3db86a85b4c4,3e26251fa3c8
2026-09-23,2026-09-23 06:00:15,backfill,1,North American Open,2026,2026-12-26,94,94,live,286,286,2,1081,946,1199,0.8,metadata_historical_avg,roster-pending,1,0,N5v4_Final,9a1a3db86a85b4c4,3e26251fa3c8
2026-09-23,2026-09-23 06:00:15,backfill,1,Eastern Open,2026,2026-12-26,94,94,live,1,1,0,387,367,404,0.8,metadata_historical_avg,roster-pending,1,0,N5v4_Final,9a1a3db86a85b4c4,3e26251fa3c8
2026-09-23,2026-09-23 06:00:15,backfill,1,Boston Chess Congress,2027,2027-01-08,107,107,live,2,2,0,338,278,387,0.8,metadata_historical_avg,roster-pending,1,0,N5v4_Final,9a1a3db86a85b4c4,3e26251fa3c8
2026-09-23,2026-09-23 06:00:15,backfill,1,Golden State Open,2027,2027-01-15,114,114,live,0,0,0,316,274,382,0.8,metadata_historical_avg,roster-pending,1,0,N5v4_Final,9a1a3db86a85b4c4,3e26251fa3c8
2026-09-23,2026-09-23 06:00:15,backfill,1,Liberty Bell Open,2027,2027-01-15,114,114,live,2,2,0,449,324,547,0.8,metadata_historical_avg,roster-pending,1,0,N5v4_Final,9a1a3db86a85b4c4,3e26251fa3c8
2026-09-23,2026-09-23 06:00:15,backfill,1,Southwest Class Championships,2027,2027-02-11,141,141,live,0,0,0,438,391,490,0.8,metadata_historical_avg,roster-pending,1,0,N5v4_Final,9a1a3db86a85b4c4,3e26251fa3c8
2026-09-23,2026-09-23 06:00:15,backfill,1,George Washington Open,2027,2027-02-26,156,156,live,1,1,0,264,225,313,0.8,metadata_historical_avg,roster-pending,1,0,N5v4_Final,9a1a3db86a85b4c4,3e26251fa3c8
2026-09-23,2026-09-23 06:00:15,backfill,1,Western Class Championships,2027,2027-03-12,170,170,live,0,0,0,348,285,405,0.8,metadata_historical_avg,roster-pending,1,0,N5v4_Final,9a1a3db86a85b4c4,3e26251fa3c8
2026-09-23,2026-09-23 06:00:15,backfill,1,Mid-America Open,2027,2027-03-19,177,177,live,0,0,0,283,231,324,0.8,metadata_historical_avg,roster-pending,1,0,N5v4_Final,9a1a3db86a85b4c4,3e26251fa3c8
2026-09-23,2026-09-23 06:00:15,backfill,1,Southern Class Championships,2027,2027-03-19,177,177,live,1,1,0,214,182,261,0.8,metadata_historical_avg,roster-pending,1,0,N5v4_Final,9a1a3db86a85b4c4,3e26251fa3c8
2026-09-23,2026-09-23 06:00:15,backfill,1,Atlantic City Open,2027,2027-03-24,182,182,live,1,1,0,465,419,523,0.8,metadata_historical_avg,roster-pending,1,0,N5v4_Final,9a1a3db86a85b4c4,3e26251fa3c8
2026-09-24,2026-09-24 06:11:49,backfill,1,Midwest Class Championships,2026,2026-10-09,15,15,live,52,52,0,274,248,302,0.8,model,roster-pending,0,0,N5v4_Final,9a1a3db86a85b4c4,a4dbbf8ddf96
2026-09-24,2026-09-24 06:11:49,backfill,1,Eastern Class Championships,2026,2026-10-16,22,22,live,49,49,0,243,216,273,0.8,model,roster-pending,0,0,N5v4_Final,9a1a3db86a85b4c4,a4dbbf8ddf96
2026-09-24,2026-09-24 06:11:49,backfill,1,Eastern Chess Congress,2026,2026-10-23,29,29,live,51,51,2,476,421,539,0.8,model,roster-pending,0,0,N5v4_Final,9a1a3db86a85b4c4,a4dbbf8ddf96
2026-09-24,2026-09-24 06:11:49,backfill,1,Los Angeles Open,2026,2026-11-06,43,43,live,30,30,1,392,365,421,0.8,model,roster-pending,0,0,N5v4_Final,9a1a3db86a85b4c4,a4dbbf8ddf96
2026-09-24,2026-09-24 06:11:49,backfill,1,Kings Island Open,2026,2026-11-13,50,50,live,17,17,0,351,327,378,0.8,model,roster-pending,0,0,N5v4_Final,9a1a3db86a85b4c4,a4dbbf8ddf96
2026-09-24,2026-09-24 06:11:49,backfill,1,National Chess Congress,2026,2026-11-27,64,64,live,31,31,0,623,572,677,0.8,metadata_historical_avg,roster-pending,1,0,N5v4_Final,9a1a3db86a85b4c4,a4dbbf8ddf96
2026-09-24,2026-09-24 06:11:49,backfill,1,North American Open,2026,2026-12-26,93,93,live,287,287,2,1081,946,1199,0.8,metadata_historical_avg,roster-pending,1,0,N5v4_Final,9a1a3db86a85b4c4,a4dbbf8ddf96
2026-09-24,2026-09-24 06:11:49,backfill,1,Eastern Open,2026,2026-12-26,93,93,live,1,1,0,387,367,404,0.8,metadata_historical_avg,roster-pending,1,0,N5v4_Final,9a1a3db86a85b4c4,a4dbbf8ddf96
2026-09-24,2026-09-24 06:11:49,backfill,1,Boston Chess Congress,2027,2027-01-08,106,106,live,2,2,0,338,278,387,0.8,metadata_historical_avg,roster-pending,1,0,N5v4_Final,9a1a3db86a85b4c4,a4dbbf8ddf96
2026-09-24,2026-09-24 06:11:49,backfill,1,Golden State Open,2027,2027-01-15,113,113,live,0,0,0,316,274,382,0.8,metadata_historical_avg,roster-pending,1,0,N5v4_Final,9a1a3db86a85b4c4,a4dbbf8ddf96
2026-09-24,2026-09-24 06:11:49,backfill,1,Liberty Bell Open,2027,2027-01-15,113,113,live,2,2,0,449,324,547,0.8,metadata_historical_avg,roster-pending,1,0,N5v4_Final,9a1a3db86a85b4c4,a4dbbf8ddf96
2026-09-24,2026-09-24 06:11:49,backfill,1,Southwest Class Championships,2027,2027-02-11,140,140,live,0,0,0,438,391,490,0.8,metadata_historical_avg,roster-pending,1,0,N5v4_Final,9a1a3db86a85b4c4,a4dbbf8ddf96
2026-09-24,2026-09-24 06:11:49,backfill,1,George Washington Open,2027,2027-02-26,155,155,live,1,1,0,264,225,313,0.8,metadata_historical_avg,roster-pending,1,0,N5v4_Final,9a1a3db86a85b4c4,a4dbbf8ddf96
2026-09-24,2026-09-24 06:11:49,backfill,1,Western Class Championships,2027,2027-03-12,169,169,live,0,0,0,348,285,405,0.8,metadata_historical_avg,roster-pending,1,0,N5v4_Final,9a1a3db86a85b4c4,a4dbbf8ddf96
2026-09-24,2026-09-24 06:11:49,backfill,1,Mid-America Open,2027,2027-03-19,176,176,live,0,0,0,283,231,324,0.8,metadata_historical_avg,roster-pending,1,0,N5v4_Final,9a1a3db86a85b4c4,a4dbbf8ddf96
2026-09-24,2026-09-24 06:11:49,backfill,1,Southern Class Championships,2027,2027-03-19,176,176,live,1,1,0,214,182,261,0.8,metadata_historical_avg,roster-pending,1,0,N5v4_Final,9a1a3db86a85b4c4,a4dbbf8ddf96
2026-09-24,2026-09-24 06:11:49,backfill,1,Atlantic City Open,2027,2027-03-24,181,181,live,1,1,0,465,419,523,0.8,metadata_historical_avg,roster-pending,1,0,N5v4_Final,9a1a3db86a85b4c4,a4dbbf8ddf96
2026-09-25,2026-09-25 06:10:24,backfill,1,Midwest Class Championships,2026,2026-10-09,14,14,live,54,54,0,262,238,288,0.8,model,roster-pending,0,0,N5v4_Final,9a1a3db86a85b4c4,ff47e26a1043
2026-09-25,2026-09-25 06:10:24,backfill,1,Eastern Class Championships,2026,2026-10-16,21,21,live,50,50,0,236,208,268,0.8,model,roster-pending,0,0,N5v4_Final,9a1a3db86a85b4c4,ff47e26a1043
2026-09-25,2026-09-25 06:10:24,backfill,1,Eastern Chess Congress,2026,2026-10-23,28,28,live,52,52,2,462,410,521,0.8,model,roster-pending,0,0,N5v4_Final,9a1a3db86a85b4c4,ff47e26a1043
2026-09-25,2026-09-25 06:10:24,backfill,1,Los Angeles Open,2026,2026-11-06,42,42,live,33,33,1,393,366,421,0.8,model,roster-pending,0,0,N5v4_Final,9a1a3db86a85b4c4,ff47e26a1043
2026-09-25,2026-09-25 06:10:24,backfill,1,Kings Island Open,2026,2026-11-13,49,49,live,17,17,0,351,326,377,0.8,model,roster-pending,0,0,N5v4_Final,9a1a3db86a85b4c4,ff47e26a1043
2026-09-25,2026-09-25 06:10:24,backfill,1,National Chess Congress,2026,2026-11-27,63,63,live,31,31,0,623,572,677,0.8,metadata_historical_avg,roster-pending,1,0,N5v4_Final,9a1a3db86a85b4c4,ff47e26a1043
2026-09-25,2026-09-25 06:10:24,backfill,1,North American Open,2026,2026-12-26,92,92,live,289,289,2,1081,946,1199,0.8,metadata_historical_avg,roster-pending,1,0,N5v4_Final,9a1a3db86a85b4c4,ff47e26a1043
2026-09-25,2026-09-25 06:10:24,backfill,1,Eastern Open,2026,2026-12-26,92,92,live,1,1,0,387,367,404,0.8,metadata_historical_avg,roster-pending,1,0,N5v4_Final,9a1a3db86a85b4c4,ff47e26a1043
2026-09-25,2026-09-25 06:10:24,backfill,1,Boston Chess Congress,2027,2027-01-08,105,105,live,2,2,0,338,278,387,0.8,metadata_historical_avg,roster-pending,1,0,N5v4_Final,9a1a3db86a85b4c4,ff47e26a1043
2026-09-25,2026-09-25 06:10:24,backfill,1,Golden State Open,2027,2027-01-15,112,112,live,0,0,0,316,274,382,0.8,metadata_historical_avg,roster-pending,1,0,N5v4_Final,9a1a3db86a85b4c4,ff47e26a1043
2026-09-25,2026-09-25 06:10:24,backfill,1,Liberty Bell Open,2027,2027-01-15,112,112,live,2,2,0,449,324,547,0.8,metadata_historical_avg,roster-pending,1,0,N5v4_Final,9a1a3db86a85b4c4,ff47e26a1043
2026-09-25,2026-09-25 06:10:24,backfill,1,Southwest Class Championships,2027,2027-02-11,139,139,live,0,0,0,438,391,490,0.8,metadata_historical_avg,roster-pending,1,0,N5v4_Final,9a1a3db86a85b4c4,ff47e26a1043
2026-09-25,2026-09-25 06:10:24,backfill,1,George Washington Open,2027,2027-02-26,154,154,live,1,1,0,264,225,313,0.8,metadata_historical_avg,roster-pending,1,0,N5v4_Final,9a1a3db86a85b4c4,ff47e26a1043
2026-09-25,2026-09-25 06:10:24,backfill,1,Western Class Championships,2027,2027-03-12,168,168,live,0,0,0,348,285,405,0.8,metadata_historical_avg,roster-pending,1,0,N5v4_Final,9a1a3db86a85b4c4,ff47e26a1043
2026-09-25,2026-09-25 06:10:24,backfill,1,Mid-America Open,2027,2027-03-19,175,175,live,0,0,0,283,231,324,0.8,metadata_historical_avg,roster-pending,1,0,N5v4_Final,9a1a3db86a85b4c4,ff47e26a1043
2026-09-25,2026-09-25 06:10:24,backfill,1,Southern Class Championships,2027,2027-03-19,175,175,live,1,1,0,214,182,261,0.8,metadata_historical_avg,roster-pending,1,0,N5v4_Final,9a1a3db86a85b4c4,ff47e26a1043
2026-09-25,2026-09-25 06:10:24,backfill,1,Atlantic City Open,2027,2027-03-24,180,180,live,1,1,0,465,419,523,0.8,metadata_historical_avg,roster-pending,1,0,N5v4_Final,9a1a3db86a85b4c4,ff47e26a1043
2026-09-26,2026-09-26 06:10:35,backfill,1,Midwest Class Championships,2026,2026-10-09,13,13,live,56,56,0,261,238,287,0.8,model,roster-pending,0,0,N5v4_Final,9a1a3db86a85b4c4,d36ca114b859
2026-09-26,2026-09-26 06:10:35,backfill,1,Eastern Class Championships,2026,2026-10-16,20,20,live,51,51,0,233,206,264,0.8,model,roster-pending,0,0,N5v4_Final,9a1a3db86a85b4c4,d36ca114b859
2026-09-26,2026-09-26 06:10:35,backfill,1,Eastern Chess Congress,2026,2026-10-23,27,27,live,53,53,2,460,408,519,0.8,model,roster-pending,0,0,N5v4_Final,9a1a3db86a85b4c4,d36ca114b859
2026-09-26,2026-09-26 06:10:35,backfill,1,Los Angeles Open,2026,2026-11-06,41,41,live,35,35,1,393,367,420,0.8,model,roster-pending,0,0,N5v4_Final,9a1a3db86a85b4c4,d36ca114b859
2026-09-26,2026-09-26 06:10:35,backfill,1,Kings Island Open,2026,2026-11-13,48,48,live,17,17,0,350,326,376,0.8,model,roster-pending,0,0,N5v4_Final,9a1a3db86a85b4c4,d36ca114b859
2026-09-26,2026-09-26 06:10:35,backfill,1,National Chess Congress,2026,2026-11-27,62,62,live,31,31,0,623,572,677,0.8,metadata_historical_avg,roster-pending,1,0,N5v4_Final,9a1a3db86a85b4c4,d36ca114b859
2026-09-26,2026-09-26 06:10:35,backfill,1,North American Open,2026,2026-12-26,91,91,live,289,289,2,1081,946,1199,0.8,metadata_historical_avg,roster-pending,1,0,N5v4_Final,9a1a3db86a85b4c4,d36ca114b859
2026-09-26,2026-09-26 06:10:35,backfill,1,Eastern Open,2026,2026-12-26,91,91,live,1,1,0,387,367,404,0.8,metadata_historical_avg,roster-pending,1,0,N5v4_Final,9a1a3db86a85b4c4,d36ca114b859
2026-09-26,2026-09-26 06:10:35,backfill,1,Boston Chess Congress,2027,2027-01-08,104,104,live,2,2,0,338,278,387,0.8,metadata_historical_avg,roster-pending,1,0,N5v4_Final,9a1a3db86a85b4c4,d36ca114b859
2026-09-26,2026-09-26 06:10:35,backfill,1,Golden State Open,2027,2027-01-15,111,111,live,0,0,0,316,274,382,0.8,metadata_historical_avg,roster-pending,1,0,N5v4_Final,9a1a3db86a85b4c4,d36ca114b859
2026-09-26,2026-09-26 06:10:35,backfill,1,Liberty Bell Open,2027,2027-01-15,111,111,live,2,2,0,449,324,547,0.8,metadata_historical_avg,roster-pending,1,0,N5v4_Final,9a1a3db86a85b4c4,d36ca114b859
2026-09-26,2026-09-26 06:10:35,backfill,1,Southwest Class Championships,2027,2027-02-11,138,138,live,0,0,0,438,391,490,0.8,metadata_historical_avg,roster-pending,1,0,N5v4_Final,9a1a3db86a85b4c4,d36ca114b859
2026-09-26,2026-09-26 06:10:35,backfill,1,George Washington Open,2027,2027-02-26,153,153,live,1,1,0,264,225,313,0.8,metadata_historical_avg,roster-pending,1,0,N5v4_Final,9a1a3db86a85b4c4,d36ca114b859
2026-09-26,2026-09-26 06:10:35,backfill,1,Western Class Championships,2027,2027-03-12,167,167,live,0,0,0,348,285,405,0.8,metadata_historical_avg,roster-pending,1,0,N5v4_Final,9a1a3db86a85b4c4,d36ca114b859
2026-09-26,2026-09-26 06:10:35,backfill,1,Mid-America Open,2027,2027-03-19,174,174,live,0,0,0,283,231,324,0.8,metadata_historical_avg,roster-pending,1,0,N5v4_Final,9a1a3db86a85b4c4,d36ca114b859
2026-09-26,2026-09-26 06:10:35,backfill,1,Southern Class Championships,2027,2027-03-19,174,174,live,1,1,0,214,182,261,0.8,metadata_historical_avg,roster-pending,1,0,N5v4_Final,9a1a3db86a85b4c4,d36ca114b859
2026-09-26,2026-09-26 06:10:35,backfill,1,Atlantic City Open,2027,2027-03-24,179,179,live,1,1,0,465,419,523,0.8,metadata_historical_avg,roster-pending,1,0,N5v4_Final,9a1a3db86a85b4c4,d36ca114b859
2026-09-26,2026-09-26 14:15:35,backfill,1,Midwest Class Championships,2026,2026-10-09,13,13,live,56,56,0,261,238,287,0.8,model,roster-pending,0,0,N5v4_Final,9a1a3db86a85b4c4,b4c6c8c1fc9f
2026-09-26,2026-09-26 14:15:35,backfill,1,Eastern Class Championships,2026,2026-10-16,20,20,live,51,51,0,233,206,264,0.8,model,roster-pending,0,0,N5v4_Final,9a1a3db86a85b4c4,b4c6c8c1fc9f
2026-09-26,2026-09-26 14:15:35,backfill,1,Eastern Chess Congress,2026,2026-10-23,27,27,live,53,53,2,460,408,519,0.8,model,roster-pending,0,0,N5v4_Final,9a1a3db86a85b4c4,b4c6c8c1fc9f
2026-09-26,2026-09-26 14:15:35,backfill,1,Los Angeles Open,2026,2026-11-06,41,41,live,35,35,1,393,367,420,0.8,model,roster-pending,0,0,N5v4_Final,9a1a3db86a85b4c4,b4c6c8c1fc9f
2026-09-26,2026-09-26 14:15:35,backfill,1,Kings Island Open,2026,2026-11-13,48,48,live,17,17,0,350,326,376,0.8,model,roster-pending,0,0,N5v4_Final,9a1a3db86a85b4c4,b4c6c8c1fc9f
2026-09-26,2026-09-26 14:15:35,backfill,1,National Chess Congress,2026,2026-11-27,62,62,live,31,31,0,623,572,677,0.8,metadata_historical_avg,roster-pending,1,0,N5v4_Final,9a1a3db86a85b4c4,b4c6c8c1fc9f
2026-09-26,2026-09-26 14:15:35,backfill,1,North American Open,2026,2026-12-26,91,91,live,289,289,2,1081,946,1199,0.8,metadata_historical_avg,roster-pending,1,0,N5v4_Final,9a1a3db86a85b4c4,b4c6c8c1fc9f
2026-09-26,2026-09-26 14:15:35,backfill,1,Eastern Open,2026,2026-12-26,91,91,live,1,1,0,387,367,404,0.8,metadata_historical_avg,roster-pending,1,0,N5v4_Final,9a1a3db86a85b4c4,b4c6c8c1fc9f
2026-09-26,2026-09-26 14:15:35,backfill,1,Boston Chess Congress,2027,2027-01-08,104,104,live,2,2,0,338,278,387,0.8,metadata_historical_avg,roster-pending,1,0,N5v4_Final,9a1a3db86a85b4c4,b4c6c8c1fc9f
2026-09-26,2026-09-26 14:15:35,backfill,1,Golden State Open,2027,2027-01-15,111,111,live,0,0,0,316,274,382,0.8,metadata_historical_avg,roster-pending,1,0,N5v4_Final,9a1a3db86a85b4c4,b4c6c8c1fc9f
2026-09-26,2026-09-26 14:15:35,backfill,1,Liberty Bell Open,2027,2027-01-15,111,111,live,2,2,0,449,324,547,0.8,metadata_historical_avg,roster-pending,1,0,N5v4_Final,9a1a3db86a85b4c4,b4c6c8c1fc9f
2026-09-26,2026-09-26 14:15:35,backfill,1,Southwest Class Championships,2027,2027-02-11,138,138,live,0,0,0,438,391,490,0.8,metadata_historical_avg,roster-pending,1,0,N5v4_Final,9a1a3db86a85b4c4,b4c6c8c1fc9f
2026-09-26,2026-09-26 14:15:35,backfill,1,George Washington Open,2027,2027-02-26,153,153,live,1,1,0,264,225,313,0.8,metadata_historical_avg,roster-pending,1,0,N5v4_Final,9a1a3db86a85b4c4,b4c6c8c1fc9f
2026-09-26,2026-09-26 14:15:35,backfill,1,Western Class Championships,2027,2027-03-12,167,167,live,0,0,0,348,285,405,0.8,metadata_historical_avg,roster-pending,1,0,N5v4_Final,9a1a3db86a85b4c4,b4c6c8c1fc9f
2026-09-26,2026-09-26 14:15:35,backfill,1,Mid-America Open,2027,2027-03-19,174,174,live,0,0,0,283,231,324,0.8,metadata_historical_avg,roster-pending,1,0,N5v4_Final,9a1a3db86a85b4c4,b4c6c8c1fc9f
2026-09-26,2026-09-26 14:15:35,backfill,1,Southern Class Championships,2027,2027-03-19,174,174,live,1,1,0,214,182,261,0.8,metadata_historical_avg,roster-pending,1,0,N5v4_Final,9a1a3db86a85b4c4,b4c6c8c1fc9f
2026-09-26,2026-09-26 14:15:35,backfill,1,Atlantic City Open,2027,2027-03-24,179,179,live,1,1,0,465,419,523,0.8,metadata_historical_avg,roster-pending,1,0,N5v4_Final,9a1a3db86a85b4c4,b4c6c8c1fc9f
2026-09-27,2026-09-27 06:37:53,backfill,1,Midwest Class Championships,2026,2026-10-09,12,12,live,58,58,0,261,238,285,0.8,model,roster-pending,0,0,N5v4_Final,9a1a3db86a85b4c4,37e076da44ad
2026-09-27,2026-09-27 06:37:53,backfill,1,Eastern Class Championships,2026,2026-10-16,19,19,live,52,52,0,231,204,261,0.8,model,roster-pending,0,0,N5v4_Final,9a1a3db86a85b4c4,37e076da44ad
2026-09-27,2026-09-27 06:37:53,backfill,1,Eastern Chess Congress,2026,2026-10-23,26,26,live,54,54,2,458,406,517,0.8,model,roster-pending,0,0,N5v4_Final,9a1a3db86a85b4c4,37e076da44ad
2026-09-27,2026-09-27 06:37:53,backfill,1,Los Angeles Open,2026,2026-11-06,40,40,live,40,40,1,394,369,421,0.8,model,roster-pending,0,0,N5v4_Final,9a1a3db86a85b4c4,37e076da44ad
2026-09-27,2026-09-27 06:37:53,backfill,1,Kings Island Open,2026,2026-11-13,47,47,live,17,17,0,350,326,375,0.8,model,roster-pending,0,0,N5v4_Final,9a1a3db86a85b4c4,37e076da44ad
2026-09-27,2026-09-27 06:37:53,backfill,1,National Chess Congress,2026,2026-11-27,61,61,live,32,32,0,623,572,677,0.8,metadata_historical_avg,roster-pending,1,0,N5v4_Final,9a1a3db86a85b4c4,37e076da44ad
2026-09-27,2026-09-27 06:37:53,backfill,1,North American Open,2026,2026-12-26,90,90,live,294,294,2,1207,1105,1317,0.8,model,roster-pending,0,0,N5v4_Final,9a1a3db86a85b4c4,37e076da44ad
2026-09-27,2026-09-27 06:37:53,backfill,1,Eastern Open,2026,2026-12-26,90,90,live,2,2,0,387,367,404,0.8,metadata_historical_avg,roster-pending,1,0,N5v4_Final,9a1a3db86a85b4c4,37e076da44ad
2026-09-27,2026-09-27 06:37:53,backfill,1,Boston Chess Congress,2027,2027-01-08,103,103,live,2,2,0,338,278,387,0.8,metadata_historical_avg,roster-pending,1,0,N5v4_Final,9a1a3db86a85b4c4,37e076da44ad
2026-09-27,2026-09-27 06:37:53,backfill,1,Golden State Open,2027,2027-01-15,110,110,live,0,0,0,316,274,382,0.8,metadata_historical_avg,roster-pending,1,0,N5v4_Final,9a1a3db86a85b4c4,37e076da44ad
2026-09-27,2026-09-27 06:37:53,backfill,1,Liberty Bell Open,2027,2027-01-15,110,110,live,2,2,0,449,324,547,0.8,metadata_historical_avg,roster-pending,1,0,N5v4_Final,9a1a3db86a85b4c4,37e076da44ad
2026-09-27,2026-09-27 06:37:53,backfill,1,Southwest Class Championships,2027,2027-02-11,137,137,live,0,0,0,438,391,490,0.8,metadata_historical_avg,roster-pending,1,0,N5v4_Final,9a1a3db86a85b4c4,37e076da44ad
2026-09-27,2026-09-27 06:37:53,backfill,1,George Washington Open,2027,2027-02-26,152,152,live,1,1,0,264,225,313,0.8,metadata_historical_avg,roster-pending,1,0,N5v4_Final,9a1a3db86a85b4c4,37e076da44ad
2026-09-27,2026-09-27 06:37:53,backfill,1,Western Class Championships,2027,2027-03-12,166,166,live,0,0,0,348,285,405,0.8,metadata_historical_avg,roster-pending,1,0,N5v4_Final,9a1a3db86a85b4c4,37e076da44ad
2026-09-27,2026-09-27 06:37:53,backfill,1,Mid-America Open,2027,2027-03-19,173,173,live,0,0,0,283,231,324,0.8,metadata_historical_avg,roster-pending,1,0,N5v4_Final,9a1a3db86a85b4c4,37e076da44ad
2026-09-27,2026-09-27 06:37:53,backfill,1,Southern Class Championships,2027,2027-03-19,173,173,live,1,1,0,214,182,261,0.8,metadata_historical_avg,roster-pending,1,0,N5v4_Final,9a1a3db86a85b4c4,37e076da44ad
2026-09-27,2026-09-27 06:37:53,backfill,1,Atlantic City Open,2027,2027-03-24,178,178,live,1,1,0,465,419,523,0.8,metadata_historical_avg,roster-pending,1,0,N5v4_Final,9a1a3db86a85b4c4,37e076da44ad
