run_timestamp,family,status,current_count,point_estimate,ci_lower,ci_upper,days_remaining
2026-03-23 17:43:19,Atlantic Open,live,0,316,221,411,9
2026-03-23 17:43:19,Chicago Open,live,179,929,871,987,59
2026-03-23 17:43:19,Cleveland Open,live,2,201,179,225,74
2026-03-23 17:43:19,New York State Open,live,1,79,55,102,88
2026-03-23 17:43:19,World Open,live,34,1706,1588,1954,100
2026-03-23 17:43:19,Chicago Class,live,1,294,274,334,116
2026-03-23 17:43:19,Pittsburgh Open,live,2,176,157,190,116
2026-03-23 17:43:19,Bradley Open,live,2,246,193,264,125
2026-03-23 17:43:19,Pacific Coast Open,live,3,361,275,398,130
2026-03-23 17:43:19,Hartford Open,live,3,198,141,213,206
2026-03-23 17:43:19,National Chess Congress,live,0,623,436,810,250
2026-03-23 17:43:19,Boston Chess Congress,complete,359,359,359,359,0
2026-03-23 17:43:19,Liberty Bell Open,complete,564,564,564,564,0
2026-03-23 17:43:19,Golden State Open,complete,387,387,387,387,0
2026-03-23 17:43:19,George Washington Open,complete,209,209,209,209,0
2026-03-23 17:43:19,Southwest Class Championships,complete,492,492,492,492,0
2026-03-23 17:43:19,Atlantic City Open,complete,184,184,184,184,0
2026-03-23 17:43:19,Western Class Championships,complete,318,318,318,318,0
2026-03-23 17:43:19,Mid-America Open,complete,200,200,200,200,0
2026-03-23 17:43:19,New York State High School Championship,complete,198,198,198,198,0
2026-03-23 17:43:19,New York State Senior Championship With Young Adult Mi,complete,61,61,61,61,0
2026-03-23 17:43:19,New York State Scholastic Championships Grades K-8,complete,1753,1753,1753,1753,0
2026-03-23 17:43:19,Southern Class,complete,195,195,195,195,0
2026-03-23 17:48:20,Atlantic City Open,live,184,445,421,470,9
2026-03-23 17:48:20,Atlantic Open,live,0,316,221,411,9
2026-03-23 17:48:20,Chicago Open,live,179,929,871,987,59
2026-03-23 17:48:20,Cleveland Open,live,2,201,179,225,74
2026-03-23 17:48:20,New York State Open,live,1,79,55,102,88
2026-03-23 17:48:20,World Open,live,34,1706,1588,1954,100
2026-03-23 17:48:20,Chicago Class,live,1,294,274,334,116
2026-03-23 17:48:20,Pittsburgh Open,live,2,176,157,190,116
2026-03-23 17:48:20,Bradley Open,live,2,246,193,264,125
2026-03-23 17:48:20,Pacific Coast Open,live,3,361,275,398,130
2026-03-23 17:48:20,Hartford Open,live,3,198,141,213,206
2026-03-23 17:48:20,National Chess Congress,live,0,623,436,810,250
2026-03-23 17:48:20,Boston Chess Congress,complete,359,359,359,359,0
2026-03-23 17:48:20,Liberty Bell Open,complete,564,564,564,564,0
2026-03-23 17:48:20,Golden State Open,complete,387,387,387,387,0
2026-03-23 17:48:20,George Washington Open,complete,209,209,209,209,0
2026-03-23 17:48:20,Southwest Class Championships,complete,492,492,492,492,0
2026-03-23 17:48:20,Western Class Championships,complete,318,318,318,318,0
2026-03-23 17:48:20,Mid-America Open,complete,200,200,200,200,0
2026-03-23 17:48:20,New York State High School Championship,complete,198,198,198,198,0
2026-03-23 17:48:20,New York State Senior Championship With Young Adult Mi,complete,61,61,61,61,0
2026-03-23 17:48:20,New York State Scholastic Championships Grades K-8,complete,1753,1753,1753,1753,0
2026-03-23 17:48:20,Southern Class,complete,195,195,195,195,0
2026-03-23 17:51:06,Atlantic City Open,live,184,445,421,470,9
2026-03-23 17:51:06,Atlantic Open,live,0,316,221,411,9
2026-03-23 17:51:06,Chicago Open,live,179,929,871,987,59
2026-03-23 17:51:06,Cleveland Open,live,2,201,179,225,74
2026-03-23 17:51:06,New York State Open,live,1,79,55,102,88
2026-03-23 17:51:06,World Open,live,34,1706,1588,1954,100
2026-03-23 17:51:06,Chicago Class,live,1,294,274,334,116
2026-03-23 17:51:06,Pittsburgh Open,live,2,176,157,190,116
2026-03-23 17:51:06,Bradley Open,live,2,246,193,264,125
2026-03-23 17:51:06,Pacific Coast Open,live,3,361,275,398,130
2026-03-23 17:51:06,Hartford Open,live,3,198,141,213,206
2026-03-23 17:51:06,National Chess Congress,live,0,623,436,810,250
2026-03-23 17:51:06,Boston Chess Congress,complete,359,359,359,359,0
2026-03-23 17:51:06,Liberty Bell Open,complete,564,564,564,564,0
2026-03-23 17:51:06,Golden State Open,complete,387,387,387,387,0
2026-03-23 17:51:06,George Washington Open,complete,209,209,209,209,0
2026-03-23 17:51:06,Southwest Class Championships,complete,492,492,492,492,0
2026-03-23 17:51:06,Western Class Championships,complete,318,318,318,318,0
2026-03-23 17:51:06,Mid-America Open,complete,200,200,200,200,0
2026-03-23 17:51:06,New York State High School Championship,complete,198,198,198,198,0
2026-03-23 17:51:06,New York State Senior Championship With Young Adult Mi,complete,61,61,61,61,0
2026-03-23 17:51:06,New York State Scholastic Championships Grades K-8,complete,1753,1753,1753,1753,0
2026-03-23 17:51:06,Southern Class,complete,195,195,195,195,0
2026-03-23 20:20:33,Atlantic City Open,live,195,454,423,487,9
2026-03-23 20:20:33,Atlantic Open,live,0,316,221,411,9
2026-03-23 20:20:33,Chicago Open,live,180,930,847,1021,59
2026-03-23 20:20:33,Cleveland Open,live,2,201,179,225,74
2026-03-23 20:20:33,New York State Open,live,1,79,55,102,88
2026-03-23 20:20:33,World Open,live,35,1706,1588,1954,100
2026-03-23 20:20:33,Chicago Class,live,1,294,274,334,116
2026-03-23 20:20:33,Pittsburgh Open,live,2,176,157,190,116
2026-03-23 20:20:33,Bradley Open,live,2,246,193,264,125
2026-03-23 20:20:33,Pacific Coast Open,live,3,361,275,398,130
2026-03-23 20:20:33,Hartford Open,live,3,198,141,213,206
2026-03-23 20:20:33,National Chess Congress,live,0,623,436,810,250
2026-03-23 20:20:33,Boston Chess Congress,complete,359,359,359,359,0
2026-03-23 20:20:33,Liberty Bell Open,complete,564,564,564,564,0
2026-03-23 20:20:33,Golden State Open,complete,387,387,387,387,0
2026-03-23 20:20:33,George Washington Open,complete,209,209,209,209,0
2026-03-23 20:20:33,Southwest Class Championships,complete,492,492,492,492,0
2026-03-23 20:20:33,Western Class Championships,complete,318,318,318,318,0
2026-03-23 20:20:33,Mid-America Open,complete,200,200,200,200,0
2026-03-23 20:20:33,New York State High School Championship,complete,198,198,198,198,0
2026-03-23 20:20:33,New York State Senior Championship With Young Adult Mi,complete,61,61,61,61,0
2026-03-23 20:20:33,New York State Scholastic Championships Grades K-8,complete,1753,1753,1753,1753,0
2026-03-23 20:20:33,Southern Class,complete,195,195,195,195,0
2026-03-23 20:32:29,Atlantic City Open,live,195,454,423,487,9
2026-03-23 20:32:29,Chicago Open,live,180,930,847,1021,59
2026-03-23 20:32:29,Cleveland Open,live,2,201,179,225,74
2026-03-23 20:32:29,New York State Open,live,1,79,55,102,88
2026-03-23 20:32:29,World Open,live,35,1706,1588,1954,100
2026-03-23 20:32:29,Chicago Class,live,1,294,274,334,116
2026-03-23 20:32:29,Pittsburgh Open,live,2,176,157,190,116
2026-03-23 20:32:29,Bradley Open,live,2,246,193,264,125
2026-03-23 20:32:29,Pacific Coast Open,live,3,361,275,398,130
2026-03-23 20:32:29,Hartford Open,live,3,198,141,213,206
2026-03-23 20:32:29,National Chess Congress,live,0,623,572,677,250
2026-03-23 20:32:29,Boston Chess Congress,complete,359,359,359,359,0
2026-03-23 20:32:29,Liberty Bell Open,complete,564,564,564,564,0
2026-03-23 20:32:29,Golden State Open,complete,387,387,387,387,0
2026-03-23 20:32:29,George Washington Open,complete,209,209,209,209,0
2026-03-23 20:32:29,Southwest Class Championships,complete,492,492,492,492,0
2026-03-23 20:32:29,Western Class Championships,complete,318,318,318,318,0
2026-03-23 20:32:29,Mid-America Open,complete,200,200,200,200,0
2026-03-23 20:32:29,New York State High School Championship,complete,198,198,198,198,0
2026-03-23 20:32:29,New York State Senior Championship With Young Adult Mi,complete,61,61,61,61,0
2026-03-23 20:32:29,New York State Scholastic Championships Grades K-8,complete,1753,1753,1753,1753,0
2026-03-23 20:32:29,Southern Class,complete,195,195,195,195,0
2026-03-23 20:41:28,Atlantic City Open,live,195,454,423,487,9
2026-03-23 20:41:28,Chicago Open,live,180,930,847,1021,59
2026-03-23 20:41:28,Cleveland Open,live,2,201,179,225,74
2026-03-23 20:41:28,New York State Open,live,1,79,55,102,88
2026-03-23 20:41:28,World Open,live,35,1706,1588,1954,100
2026-03-23 20:41:28,Chicago Class,live,1,294,274,334,116
2026-03-23 20:41:28,Pittsburgh Open,live,2,176,157,190,116
2026-03-23 20:41:28,Bradley Open,live,2,246,193,264,125
2026-03-23 20:41:28,Pacific Coast Open,live,3,361,275,398,130
2026-03-23 20:41:28,Hartford Open,live,3,198,141,213,206
2026-03-23 20:41:28,National Chess Congress,live,0,623,572,677,250
2026-03-23 20:41:28,Boston Chess Congress,complete,359,359,359,359,0
2026-03-23 20:41:28,Liberty Bell Open,complete,564,564,564,564,0
2026-03-23 20:41:28,Golden State Open,complete,387,387,387,387,0
2026-03-23 20:41:28,George Washington Open,complete,209,209,209,209,0
2026-03-23 20:41:28,Southwest Class Championships,complete,492,492,492,492,0
2026-03-23 20:41:28,Western Class Championships,complete,318,318,318,318,0
2026-03-23 20:41:28,Mid-America Open,complete,200,200,200,200,0
2026-03-23 20:41:28,New York State High School Championship,complete,198,198,198,198,0
2026-03-23 20:41:28,New York State Senior Championship With Young Adult Mi,complete,61,61,61,61,0
2026-03-23 20:41:28,New York State Scholastic Championships Grades K-8,complete,1753,1753,1753,1753,0
2026-03-23 20:41:28,Southern Class,complete,195,195,195,195,0
2026-03-23 21:04:38,Atlantic City Open,live,195,454,423,487,9
2026-03-23 21:04:38,Chicago Open,live,180,930,847,1021,59
2026-03-23 21:04:38,Cleveland Open,live,2,201,179,225,74
2026-03-23 21:04:38,New York State Open,live,1,79,55,102,88
2026-03-23 21:04:38,World Open,live,35,1706,1588,1954,100
2026-03-23 21:04:38,Chicago Class,live,1,294,274,334,116
2026-03-23 21:04:38,Pittsburgh Open,live,2,176,157,190,116
2026-03-23 21:04:38,Bradley Open,live,2,246,193,264,125
2026-03-23 21:04:38,Pacific Coast Open,live,3,361,275,398,130
2026-03-23 21:04:38,Hartford Open,live,3,198,141,213,206
2026-03-23 21:04:38,National Chess Congress,live,0,623,572,677,250
2026-03-23 21:04:38,Boston Chess Congress,complete,359,359,359,359,0
2026-03-23 21:04:38,Liberty Bell Open,complete,564,564,564,564,0
2026-03-23 21:04:38,Golden State Open,complete,387,387,387,387,0
2026-03-23 21:04:38,George Washington Open,complete,209,209,209,209,0
2026-03-23 21:04:38,Southwest Class Championships,complete,492,492,492,492,0
2026-03-23 21:04:38,Western Class Championships,complete,318,318,318,318,0
2026-03-23 21:04:38,Mid-America Open,complete,200,200,200,200,0
2026-03-23 21:04:38,New York State High School Championship,complete,198,198,198,198,0
2026-03-23 21:04:38,New York State Senior Championship With Young Adult Mi,complete,61,61,61,61,0
2026-03-23 21:04:38,New York State Scholastic Championships Grades K-8,complete,1753,1753,1753,1753,0
2026-03-23 21:04:38,Southern Class,complete,195,195,195,195,0
2026-03-23 21:04:54,Atlantic City Open,live,195,454,423,487,9
2026-03-23 21:04:54,Chicago Open,live,180,930,847,1021,59
2026-03-23 21:04:54,Cleveland Open,live,2,201,179,225,74
2026-03-23 21:04:54,New York State Open,live,1,79,55,102,88
2026-03-23 21:04:54,World Open,live,35,1706,1588,1954,100
2026-03-23 21:04:54,Chicago Class,live,1,294,274,334,116
2026-03-23 21:04:54,Pittsburgh Open,live,2,176,157,190,116
2026-03-23 21:04:54,Bradley Open,live,2,246,193,264,125
2026-03-23 21:04:54,Pacific Coast Open,live,3,361,275,398,130
2026-03-23 21:04:54,Hartford Open,live,3,198,141,213,206
2026-03-23 21:04:54,National Chess Congress,live,0,623,572,677,250
2026-03-23 21:04:54,Boston Chess Congress,complete,359,359,359,359,0
2026-03-23 21:04:54,Liberty Bell Open,complete,564,564,564,564,0
2026-03-23 21:04:54,Golden State Open,complete,387,387,387,387,0
2026-03-23 21:04:54,George Washington Open,complete,209,209,209,209,0
2026-03-23 21:04:54,Southwest Class Championships,complete,492,492,492,492,0
2026-03-23 21:04:54,Western Class Championships,complete,318,318,318,318,0
2026-03-23 21:04:54,Mid-America Open,complete,200,200,200,200,0
2026-03-23 21:04:54,New York State High School Championship,complete,198,198,198,198,0
2026-03-23 21:04:54,New York State Senior Championship With Young Adult Mi,complete,61,61,61,61,0
2026-03-23 21:04:54,New York State Scholastic Championships Grades K-8,complete,1753,1753,1753,1753,0
2026-03-23 21:04:54,Southern Class,complete,195,195,195,195,0
2026-03-23 21:08:26,Atlantic City Open,live,195,454,423,487,9
2026-03-23 21:08:26,Chicago Open,live,180,930,847,1021,59
2026-03-23 21:08:26,Cleveland Open,live,2,201,179,225,74
2026-03-23 21:08:26,New York State Open,live,1,79,55,102,88
2026-03-23 21:08:26,World Open,live,35,1706,1588,1954,100
2026-03-23 21:08:26,Chicago Class,live,1,294,274,334,116
2026-03-23 21:08:26,Pittsburgh Open,live,2,176,157,190,116
2026-03-23 21:08:26,Bradley Open,live,2,246,193,264,125
2026-03-23 21:08:26,Pacific Coast Open,live,3,361,275,398,130
2026-03-23 21:08:26,Hartford Open,live,3,198,141,213,206
2026-03-23 21:08:26,National Chess Congress,live,0,623,572,677,250
2026-03-23 21:08:26,Boston Chess Congress,complete,359,359,359,359,0
2026-03-23 21:08:26,Liberty Bell Open,complete,564,564,564,564,0
2026-03-23 21:08:26,Golden State Open,complete,387,387,387,387,0
2026-03-23 21:08:26,George Washington Open,complete,209,209,209,209,0
2026-03-23 21:08:26,Southwest Class Championships,complete,492,492,492,492,0
2026-03-23 21:08:26,Western Class Championships,complete,318,318,318,318,0
2026-03-23 21:08:26,Mid-America Open,complete,200,200,200,200,0
2026-03-23 21:08:26,New York State High School Championship,complete,198,198,198,198,0
2026-03-23 21:08:26,New York State Senior Championship With Young Adult Mi,complete,61,61,61,61,0
2026-03-23 21:08:26,New York State Scholastic Championships Grades K-8,complete,1753,1753,1753,1753,0
2026-03-23 21:08:26,Southern Class,complete,195,195,195,195,0
2026-03-23 21:15:30,Atlantic City Open,live,195,454,424,485,9
2026-03-23 21:15:30,Chicago Open,live,180,930,863,1002,59
2026-03-23 21:15:30,Cleveland Open,live,2,201,179,225,74
2026-03-23 21:15:30,New York State Open,live,1,79,55,102,88
2026-03-23 21:15:30,World Open,live,35,1706,1588,1954,100
2026-03-23 21:15:30,Chicago Class,live,1,294,274,334,116
2026-03-23 21:15:30,Pittsburgh Open,live,2,176,157,190,116
2026-03-23 21:15:30,Bradley Open,live,2,246,193,264,125
2026-03-23 21:15:30,Pacific Coast Open,live,3,361,275,398,130
2026-03-23 21:15:30,Hartford Open,live,3,198,141,213,206
2026-03-23 21:15:30,National Chess Congress,live,0,623,572,677,250
2026-03-23 21:15:30,Boston Chess Congress,complete,359,359,359,359,0
2026-03-23 21:15:30,Liberty Bell Open,complete,564,564,564,564,0
2026-03-23 21:15:30,Golden State Open,complete,387,387,387,387,0
2026-03-23 21:15:30,George Washington Open,complete,209,209,209,209,0
2026-03-23 21:15:30,Southwest Class Championships,complete,492,492,492,492,0
2026-03-23 21:15:30,Western Class Championships,complete,318,318,318,318,0
2026-03-23 21:15:30,Mid-America Open,complete,200,200,200,200,0
2026-03-23 21:15:30,New York State High School Championship,complete,198,198,198,198,0
2026-03-23 21:15:30,New York State Senior Championship With Young Adult Mi,complete,61,61,61,61,0
2026-03-23 21:15:30,New York State Scholastic Championships Grades K-8,complete,1753,1753,1753,1753,0
2026-03-23 21:15:30,Southern Class,complete,195,195,195,195,0
2026-03-23 21:21:48,Atlantic City Open,live,195,454,424,485,9
2026-03-23 21:21:48,Chicago Open,live,180,930,863,1002,59
2026-03-23 21:21:48,Cleveland Open,live,2,201,179,225,74
2026-03-23 21:21:48,New York State Open,live,1,79,55,102,88
2026-03-23 21:21:48,World Open,live,35,1706,1588,1954,100
2026-03-23 21:21:48,Chicago Class,live,1,294,274,334,116
2026-03-23 21:21:48,Pittsburgh Open,live,2,176,157,190,116
2026-03-23 21:21:48,Bradley Open,live,2,246,193,264,125
2026-03-23 21:21:48,Pacific Coast Open,live,3,361,275,398,130
2026-03-23 21:21:48,Hartford Open,live,3,198,141,213,206
2026-03-23 21:21:48,National Chess Congress,live,0,623,572,677,250
2026-03-23 21:21:48,Boston Chess Congress,complete,359,359,359,359,0
2026-03-23 21:21:48,Liberty Bell Open,complete,564,564,564,564,0
2026-03-23 21:21:48,Golden State Open,complete,387,387,387,387,0
2026-03-23 21:21:48,George Washington Open,complete,209,209,209,209,0
2026-03-23 21:21:48,Southwest Class Championships,complete,492,492,492,492,0
2026-03-23 21:21:48,Western Class Championships,complete,318,318,318,318,0
2026-03-23 21:21:48,Mid-America Open,complete,200,200,200,200,0
2026-03-23 21:21:48,New York State High School Championship,complete,198,198,198,198,0
2026-03-23 21:21:48,New York State Senior Championship With Young Adult Mi,complete,61,61,61,61,0
2026-03-23 21:21:48,New York State Scholastic Championships Grades K-8,complete,1753,1753,1753,1753,0
2026-03-23 21:21:48,Southern Class,complete,195,195,195,195,0
2026-03-23 21:31:39,Atlantic City Open,live,195,454,423,487,9
2026-03-23 21:31:39,Chicago Open,live,180,918,849,993,59
2026-03-23 21:31:39,Cleveland Open,live,2,201,179,225,74
2026-03-23 21:31:39,New York State Open,live,1,79,55,102,88
2026-03-23 21:31:39,World Open,live,35,1706,1588,1954,100
2026-03-23 21:31:39,Chicago Class,live,1,294,274,334,116
2026-03-23 21:31:39,Pittsburgh Open,live,2,176,157,190,116
2026-03-23 21:31:39,Bradley Open,live,2,246,193,264,125
2026-03-23 21:31:39,Pacific Coast Open,live,3,361,275,398,130
2026-03-23 21:31:39,Hartford Open,live,3,198,141,213,206
2026-03-23 21:31:39,National Chess Congress,live,0,623,572,677,250
2026-03-23 21:31:39,Boston Chess Congress,complete,359,359,359,359,0
2026-03-23 21:31:39,Liberty Bell Open,complete,564,564,564,564,0
2026-03-23 21:31:39,Golden State Open,complete,387,387,387,387,0
2026-03-23 21:31:39,George Washington Open,complete,209,209,209,209,0
2026-03-23 21:31:39,Southwest Class Championships,complete,492,492,492,492,0
2026-03-23 21:31:39,Western Class Championships,complete,318,318,318,318,0
2026-03-23 21:31:39,Mid-America Open,complete,200,200,200,200,0
2026-03-23 21:31:39,New York State High School Championship,complete,198,198,198,198,0
2026-03-23 21:31:39,New York State Senior Championship With Young Adult Mi,complete,61,61,61,61,0
2026-03-23 21:31:39,New York State Scholastic Championships Grades K-8,complete,1753,1753,1753,1753,0
2026-03-23 21:31:39,Southern Class,complete,195,195,195,195,0
2026-03-23 21:39:09,Atlantic City Open,live,195,454,423,487,9
2026-03-23 21:39:09,Chicago Open,live,180,918,849,993,59
2026-03-23 21:39:09,Cleveland Open,live,2,201,179,225,74
2026-03-23 21:39:09,New York State Open,live,1,79,55,102,88
2026-03-23 21:39:09,World Open,live,35,1706,1588,1954,100
2026-03-23 21:39:09,Chicago Class,live,1,294,274,334,116
2026-03-23 21:39:09,Pittsburgh Open,live,2,176,157,190,116
2026-03-23 21:39:09,Bradley Open,live,2,246,193,264,125
2026-03-23 21:39:09,Pacific Coast Open,live,3,361,275,398,130
2026-03-23 21:39:09,Hartford Open,live,3,198,141,213,206
2026-03-23 21:39:09,National Chess Congress,live,0,623,572,677,250
2026-03-23 21:39:09,Boston Chess Congress,complete,359,359,359,359,0
2026-03-23 21:39:09,Liberty Bell Open,complete,564,564,564,564,0
2026-03-23 21:39:09,Golden State Open,complete,387,387,387,387,0
2026-03-23 21:39:09,George Washington Open,complete,209,209,209,209,0
2026-03-23 21:39:09,Southwest Class Championships,complete,492,492,492,492,0
2026-03-23 21:39:09,Western Class Championships,complete,318,318,318,318,0
2026-03-23 21:39:09,Mid-America Open,complete,200,200,200,200,0
2026-03-23 21:39:09,New York State High School Championship,complete,198,198,198,198,0
2026-03-23 21:39:09,New York State Senior Championship With Young Adult Mi,complete,61,61,61,61,0
2026-03-23 21:39:09,New York State Scholastic Championships Grades K-8,complete,1753,1753,1753,1753,0
2026-03-23 21:39:09,Southern Class,complete,195,195,195,195,0
2026-03-23 21:46:06,Atlantic City Open,live,195,439,412,467,9
2026-03-23 21:46:06,Chicago Open,live,180,918,849,993,59
2026-03-23 21:46:06,Cleveland Open,live,2,201,179,225,74
2026-03-23 21:46:06,New York State Open,live,1,79,55,102,88
2026-03-23 21:46:06,World Open,live,35,1706,1588,1954,100
2026-03-23 21:46:06,Chicago Class,live,1,294,274,334,116
2026-03-23 21:46:06,Pittsburgh Open,live,2,176,157,190,116
2026-03-23 21:46:06,Bradley Open,live,2,246,193,264,125
2026-03-23 21:46:06,Pacific Coast Open,live,3,361,275,398,130
2026-03-23 21:46:06,Hartford Open,live,3,198,141,213,206
2026-03-23 21:46:06,National Chess Congress,live,0,623,572,677,250
2026-03-23 21:46:06,Boston Chess Congress,complete,359,359,359,359,0
2026-03-23 21:46:06,Liberty Bell Open,complete,564,564,564,564,0
2026-03-23 21:46:06,Golden State Open,complete,387,387,387,387,0
2026-03-23 21:46:06,George Washington Open,complete,209,209,209,209,0
2026-03-23 21:46:06,Southwest Class Championships,complete,492,492,492,492,0
2026-03-23 21:46:06,Western Class Championships,complete,318,318,318,318,0
2026-03-23 21:46:06,Mid-America Open,complete,200,200,200,200,0
2026-03-23 21:46:06,New York State High School Championship,complete,198,198,198,198,0
2026-03-23 21:46:06,New York State Senior Championship With Young Adult Mi,complete,61,61,61,61,0
2026-03-23 21:46:06,New York State Scholastic Championships Grades K-8,complete,1753,1753,1753,1753,0
2026-03-23 21:46:06,Southern Class,complete,195,195,195,195,0
2026-03-23 21:49:47,Atlantic City Open,live,195,439,412,467,9
2026-03-23 21:49:47,Chicago Open,live,180,918,849,993,59
2026-03-23 21:49:47,Cleveland Open,live,2,201,179,225,74
2026-03-23 21:49:47,New York State Open,live,1,79,55,102,88
2026-03-23 21:49:47,World Open,live,35,1706,1588,1954,100
2026-03-23 21:49:47,Chicago Class,live,1,294,274,334,116
2026-03-23 21:49:47,Pittsburgh Open,live,2,176,157,190,116
2026-03-23 21:49:47,Bradley Open,live,2,246,193,264,125
2026-03-23 21:49:47,Pacific Coast Open,live,3,361,275,398,130
2026-03-23 21:49:47,Hartford Open,live,3,198,141,213,206
2026-03-23 21:49:47,National Chess Congress,live,0,623,572,677,250
2026-03-23 21:49:47,Boston Chess Congress,complete,359,359,359,359,0
2026-03-23 21:49:47,Liberty Bell Open,complete,564,564,564,564,0
2026-03-23 21:49:47,Golden State Open,complete,387,387,387,387,0
2026-03-23 21:49:47,George Washington Open,complete,209,209,209,209,0
2026-03-23 21:49:47,Southwest Class Championships,complete,492,492,492,492,0
2026-03-23 21:49:47,Western Class Championships,complete,318,318,318,318,0
2026-03-23 21:49:47,Mid-America Open,complete,200,200,200,200,0
2026-03-23 21:49:47,New York State High School Championship,complete,198,198,198,198,0
2026-03-23 21:49:47,New York State Senior Championship With Young Adult Mi,complete,61,61,61,61,0
2026-03-23 21:49:47,New York State Scholastic Championships Grades K-8,complete,1753,1753,1753,1753,0
2026-03-23 21:49:47,Southern Class,complete,195,195,195,195,0
2026-03-23 21:52:49,Atlantic City Open,live,195,439,412,467,9
2026-03-23 21:52:49,Chicago Open,live,180,918,849,993,59
2026-03-23 21:52:49,Cleveland Open,live,2,201,179,225,74
2026-03-23 21:52:49,New York State Open,live,1,79,55,102,88
2026-03-23 21:52:49,World Open,live,35,1706,1588,1954,100
2026-03-23 21:52:49,Chicago Class,live,1,294,274,334,116
2026-03-23 21:52:49,Pittsburgh Open,live,2,176,157,190,116
2026-03-23 21:52:49,Bradley Open,live,2,246,193,264,125
2026-03-23 21:52:49,Pacific Coast Open,live,3,361,275,398,130
2026-03-23 21:52:49,Hartford Open,live,3,198,141,213,206
2026-03-23 21:52:49,National Chess Congress,live,0,623,572,677,250
2026-03-23 21:52:49,Boston Chess Congress,complete,359,359,359,359,0
2026-03-23 21:52:49,Liberty Bell Open,complete,564,564,564,564,0
2026-03-23 21:52:49,Golden State Open,complete,387,387,387,387,0
2026-03-23 21:52:49,George Washington Open,complete,209,209,209,209,0
2026-03-23 21:52:49,Southwest Class Championships,complete,492,492,492,492,0
2026-03-23 21:52:49,Western Class Championships,complete,318,318,318,318,0
2026-03-23 21:52:49,Mid-America Open,complete,200,200,200,200,0
2026-03-23 21:52:49,New York State High School Championship,complete,198,198,198,198,0
2026-03-23 21:52:49,New York State Senior Championship With Young Adult Mi,complete,61,61,61,61,0
2026-03-23 21:52:49,New York State Scholastic Championships Grades K-8,complete,1753,1753,1753,1753,0
2026-03-23 21:52:49,Southern Class,complete,195,195,195,195,0
2026-03-23 21:58:43,Atlantic City Open,live,195,439,410,469,9
2026-03-23 21:58:43,Chicago Open,live,180,918,849,993,59
2026-03-23 21:58:43,Cleveland Open,live,2,201,179,225,74
2026-03-23 21:58:43,New York State Open,live,1,79,55,102,88
2026-03-23 21:58:43,World Open,live,35,1706,1588,1954,100
2026-03-23 21:58:43,Chicago Class,live,1,294,274,334,116
2026-03-23 21:58:43,Pittsburgh Open,live,2,176,157,190,116
2026-03-23 21:58:43,Bradley Open,live,2,246,193,264,125
2026-03-23 21:58:43,Pacific Coast Open,live,3,361,275,398,130
2026-03-23 21:58:43,Hartford Open,live,3,198,141,213,206
2026-03-23 21:58:43,National Chess Congress,live,0,623,572,677,250
2026-03-23 21:58:43,Boston Chess Congress,complete,359,359,359,359,0
2026-03-23 21:58:43,Liberty Bell Open,complete,564,564,564,564,0
2026-03-23 21:58:43,Golden State Open,complete,387,387,387,387,0
2026-03-23 21:58:43,George Washington Open,complete,209,209,209,209,0
2026-03-23 21:58:43,Southwest Class Championships,complete,492,492,492,492,0
2026-03-23 21:58:43,Western Class Championships,complete,318,318,318,318,0
2026-03-23 21:58:43,Mid-America Open,complete,200,200,200,200,0
2026-03-23 21:58:43,New York State High School Championship,complete,198,198,198,198,0
2026-03-23 21:58:43,New York State Senior Championship With Young Adult Mi,complete,61,61,61,61,0
2026-03-23 21:58:43,New York State Scholastic Championships Grades K-8,complete,1753,1753,1753,1753,0
2026-03-23 21:58:43,Southern Class,complete,195,195,195,195,0
2026-03-23 22:04:25,Atlantic City Open,live,195,439,410,469,9
2026-03-23 22:04:25,Chicago Open,live,180,918,849,993,59
2026-03-23 22:04:25,Cleveland Open,live,2,201,179,225,74
2026-03-23 22:04:25,New York State Open,live,1,79,55,102,88
2026-03-23 22:04:25,World Open,live,35,1706,1588,1954,100
2026-03-23 22:04:25,Chicago Class,live,1,294,274,334,116
2026-03-23 22:04:25,Pittsburgh Open,live,2,176,157,190,116
2026-03-23 22:04:25,Bradley Open,live,2,246,193,264,125
2026-03-23 22:04:25,Pacific Coast Open,live,3,361,275,398,130
2026-03-23 22:04:25,Hartford Open,live,3,198,141,213,206
2026-03-23 22:04:25,National Chess Congress,live,0,623,572,677,250
2026-03-23 22:04:25,Boston Chess Congress,complete,359,359,359,359,0
2026-03-23 22:04:25,Liberty Bell Open,complete,564,564,564,564,0
2026-03-23 22:04:25,Golden State Open,complete,387,387,387,387,0
2026-03-23 22:04:25,George Washington Open,complete,209,209,209,209,0
2026-03-23 22:04:25,Southwest Class Championships,complete,492,492,492,492,0
2026-03-23 22:04:25,Western Class Championships,complete,318,318,318,318,0
2026-03-23 22:04:25,Mid-America Open,complete,200,200,200,200,0
2026-03-23 22:04:25,New York State High School Championship,complete,198,198,198,198,0
2026-03-23 22:04:25,New York State Senior Championship With Young Adult Mi,complete,61,61,61,61,0
2026-03-23 22:04:25,New York State Scholastic Championships Grades K-8,complete,1753,1753,1753,1753,0
2026-03-23 22:04:25,Southern Class,complete,195,195,195,195,0
2026-03-23 22:08:06,Atlantic City Open,live,195,439,410,469,9
2026-03-23 22:08:06,Chicago Open,live,180,918,849,993,59
2026-03-23 22:08:06,Cleveland Open,live,2,201,179,225,74
2026-03-23 22:08:06,New York State Open,live,1,79,55,102,88
2026-03-23 22:08:06,World Open,live,35,1706,1588,1954,100
2026-03-23 22:08:06,Chicago Class,live,1,294,274,334,116
2026-03-23 22:08:06,Pittsburgh Open,live,2,176,157,190,116
2026-03-23 22:08:06,Bradley Open,live,2,246,193,264,125
2026-03-23 22:08:06,Pacific Coast Open,live,3,361,275,398,130
2026-03-23 22:08:06,Hartford Open,live,3,198,141,213,206
2026-03-23 22:08:06,National Chess Congress,live,0,623,572,677,250
2026-03-23 22:08:06,Boston Chess Congress,complete,359,359,359,359,0
2026-03-23 22:08:06,Liberty Bell Open,complete,564,564,564,564,0
2026-03-23 22:08:06,Golden State Open,complete,387,387,387,387,0
2026-03-23 22:08:06,George Washington Open,complete,209,209,209,209,0
2026-03-23 22:08:06,Southwest Class Championships,complete,492,492,492,492,0
2026-03-23 22:08:06,Western Class Championships,complete,318,318,318,318,0
2026-03-23 22:08:06,Mid-America Open,complete,200,200,200,200,0
2026-03-23 22:08:06,New York State High School Championship,complete,198,198,198,198,0
2026-03-23 22:08:06,New York State Senior Championship With Young Adult Mi,complete,61,61,61,61,0
2026-03-23 22:08:06,New York State Scholastic Championships Grades K-8,complete,1753,1753,1753,1753,0
2026-03-23 22:08:06,Southern Class,complete,195,195,195,195,0
2026-03-23 22:37:34,Atlantic City Open,live,195,439,410,469,9
2026-03-23 22:37:34,Chicago Open,live,180,918,849,993,59
2026-03-23 22:37:34,Cleveland Open,live,2,201,179,225,74
2026-03-23 22:37:34,New York State Open,live,1,79,55,102,88
2026-03-23 22:37:34,World Open,live,35,1706,1588,1954,100
2026-03-23 22:37:34,Chicago Class,live,1,294,274,334,116
2026-03-23 22:37:34,Pittsburgh Open,live,2,176,157,190,116
2026-03-23 22:37:34,Bradley Open,live,2,246,193,264,125
2026-03-23 22:37:34,Pacific Coast Open,live,3,361,275,398,130
2026-03-23 22:37:34,Hartford Open,live,3,198,141,213,206
2026-03-23 22:37:34,National Chess Congress,live,0,623,572,677,250
2026-03-23 22:37:34,Boston Chess Congress,complete,359,359,359,359,0
2026-03-23 22:37:34,Liberty Bell Open,complete,564,564,564,564,0
2026-03-23 22:37:34,Golden State Open,complete,387,387,387,387,0
2026-03-23 22:37:34,George Washington Open,complete,209,209,209,209,0
2026-03-23 22:37:34,Southwest Class Championships,complete,492,492,492,492,0
2026-03-23 22:37:34,Western Class Championships,complete,318,318,318,318,0
2026-03-23 22:37:34,Mid-America Open,complete,200,200,200,200,0
2026-03-23 22:37:34,New York State High School Championship,complete,198,198,198,198,0
2026-03-23 22:37:34,New York State Senior Championship With Young Adult Mi,complete,61,61,61,61,0
2026-03-23 22:37:34,New York State Scholastic Championships Grades K-8,complete,1753,1753,1753,1753,0
2026-03-23 22:37:34,Southern Class,complete,195,195,195,195,0
2026-03-23 22:42:51,Atlantic City Open,live,195,439,410,469,9
2026-03-23 22:42:51,Chicago Open,live,180,918,849,993,59
2026-03-23 22:42:51,Cleveland Open,live,2,201,179,225,74
2026-03-23 22:42:51,New York State Open,live,1,79,55,102,88
2026-03-23 22:42:51,World Open,live,35,1706,1588,1954,100
2026-03-23 22:42:51,Chicago Class,live,1,294,274,334,116
2026-03-23 22:42:51,Pittsburgh Open,live,2,176,157,190,116
2026-03-23 22:42:51,Bradley Open,live,2,246,193,264,125
2026-03-23 22:42:51,Pacific Coast Open,live,3,361,275,398,130
2026-03-23 22:42:51,Hartford Open,live,3,198,141,213,206
2026-03-23 22:42:51,National Chess Congress,live,0,623,572,677,250
2026-03-23 22:42:51,Boston Chess Congress,complete,359,359,359,359,0
2026-03-23 22:42:51,Liberty Bell Open,complete,564,564,564,564,0
2026-03-23 22:42:51,Golden State Open,complete,387,387,387,387,0
2026-03-23 22:42:51,George Washington Open,complete,209,209,209,209,0
2026-03-23 22:42:51,Southwest Class Championships,complete,492,492,492,492,0
2026-03-23 22:42:51,Western Class Championships,complete,318,318,318,318,0
2026-03-23 22:42:51,Mid-America Open,complete,200,200,200,200,0
2026-03-23 22:42:51,New York State High School Championship,complete,198,198,198,198,0
2026-03-23 22:42:51,New York State Senior Championship With Young Adult Mi,complete,61,61,61,61,0
2026-03-23 22:42:51,New York State Scholastic Championships Grades K-8,complete,1753,1753,1753,1753,0
2026-03-23 22:42:51,Southern Class,complete,195,195,195,195,0
2026-03-23 22:44:05,Atlantic City Open,live,195,439,410,469,9
2026-03-23 22:44:05,Chicago Open,live,180,918,849,993,59
2026-03-23 22:44:05,Cleveland Open,live,2,201,179,225,74
2026-03-23 22:44:05,New York State Open,live,1,81,47,140,88
2026-03-23 22:44:05,World Open,live,35,1706,1588,1954,100
2026-03-23 22:44:05,Chicago Class,live,1,294,274,334,116
2026-03-23 22:44:05,Pittsburgh Open,live,2,168,84,337,116
2026-03-23 22:44:05,Bradley Open,live,2,263,152,455,125
2026-03-23 22:44:05,Pacific Coast Open,live,3,384,210,700,130
2026-03-23 22:44:05,Hartford Open,live,3,197,94,415,206
2026-03-23 22:44:05,National Chess Congress,live,0,623,572,677,250
2026-03-23 22:44:05,Boston Chess Congress,complete,359,359,359,359,0
2026-03-23 22:44:05,Liberty Bell Open,complete,564,564,564,564,0
2026-03-23 22:44:05,Golden State Open,complete,387,387,387,387,0
2026-03-23 22:44:05,George Washington Open,complete,209,209,209,209,0
2026-03-23 22:44:05,Southwest Class Championships,complete,492,492,492,492,0
2026-03-23 22:44:05,Western Class Championships,complete,318,318,318,318,0
2026-03-23 22:44:05,Mid-America Open,complete,200,200,200,200,0
2026-03-23 22:44:05,New York State High School Championship,complete,198,198,198,198,0
2026-03-23 22:44:05,New York State Senior Championship With Young Adult Mi,complete,61,61,61,61,0
2026-03-23 22:44:05,New York State Scholastic Championships Grades K-8,complete,1753,1753,1753,1753,0
2026-03-23 22:44:05,Southern Class,complete,195,195,195,195,0
2026-03-23 22:45:18,Atlantic City Open,live,195,439,410,469,9
2026-03-23 22:45:18,Chicago Open,live,180,918,849,993,59
2026-03-23 22:45:18,Cleveland Open,live,2,193,106,352,74
2026-03-23 22:45:18,New York State Open,live,1,81,47,140,88
2026-03-23 22:45:18,World Open,live,35,1385,1134,1691,100
2026-03-23 22:45:18,Chicago Class,live,1,275,150,502,116
2026-03-23 22:45:18,Pittsburgh Open,live,2,168,84,337,116
2026-03-23 22:45:18,Bradley Open,live,2,263,152,455,125
2026-03-23 22:45:18,Pacific Coast Open,live,3,384,210,700,130
2026-03-23 22:45:18,Hartford Open,live,3,197,94,415,206
2026-03-23 22:45:18,National Chess Congress,live,0,623,572,677,250
2026-03-23 22:45:18,Boston Chess Congress,complete,359,359,359,359,0
2026-03-23 22:45:18,Liberty Bell Open,complete,564,564,564,564,0
2026-03-23 22:45:18,Golden State Open,complete,387,387,387,387,0
2026-03-23 22:45:18,George Washington Open,complete,209,209,209,209,0
2026-03-23 22:45:18,Southwest Class Championships,complete,492,492,492,492,0
2026-03-23 22:45:18,Western Class Championships,complete,318,318,318,318,0
2026-03-23 22:45:18,Mid-America Open,complete,200,200,200,200,0
2026-03-23 22:45:18,New York State High School Championship,complete,198,198,198,198,0
2026-03-23 22:45:18,New York State Senior Championship With Young Adult Mi,complete,61,61,61,61,0
2026-03-23 22:45:18,New York State Scholastic Championships Grades K-8,complete,1753,1753,1753,1753,0
2026-03-23 22:45:18,Southern Class,complete,195,195,195,195,0
2026-03-23 22:45:59,Atlantic City Open,live,195,439,410,469,9
2026-03-23 22:45:59,Chicago Open,live,180,918,849,993,59
2026-03-23 22:45:59,Cleveland Open,live,2,193,106,352,74
2026-03-23 22:45:59,New York State Open,live,1,81,47,140,88
2026-03-23 22:45:59,World Open,live,35,1385,1134,1691,100
2026-03-23 22:45:59,Chicago Class,live,1,275,150,502,116
2026-03-23 22:45:59,Pittsburgh Open,live,2,168,84,337,116
2026-03-23 22:45:59,Bradley Open,live,2,263,152,455,125
2026-03-23 22:45:59,Pacific Coast Open,live,3,384,210,700,130
2026-03-23 22:45:59,Hartford Open,live,3,197,94,415,206
2026-03-23 22:45:59,National Chess Congress,live,0,623,572,677,250
2026-03-23 22:45:59,Boston Chess Congress,complete,359,359,359,359,0
2026-03-23 22:45:59,Liberty Bell Open,complete,564,564,564,564,0
2026-03-23 22:45:59,Golden State Open,complete,387,387,387,387,0
2026-03-23 22:45:59,George Washington Open,complete,209,209,209,209,0
2026-03-23 22:45:59,Southwest Class Championships,complete,492,492,492,492,0
2026-03-23 22:45:59,Western Class Championships,complete,318,318,318,318,0
2026-03-23 22:45:59,Mid-America Open,complete,200,200,200,200,0
2026-03-23 22:45:59,New York State High School Championship,complete,198,198,198,198,0
2026-03-23 22:45:59,New York State Senior Championship With Young Adult Mi,complete,61,61,61,61,0
2026-03-23 22:45:59,New York State Scholastic Championships Grades K-8,complete,1753,1753,1753,1753,0
2026-03-23 22:45:59,Southern Class,complete,195,195,195,195,0
2026-03-23 23:00:12,Atlantic City Open,live,195,439,410,469,9
2026-03-23 23:00:12,Chicago Open,live,180,918,863,976,59
2026-03-23 23:00:12,Cleveland Open,live,2,193,108,342,74
2026-03-23 23:00:12,New York State Open,live,1,81,47,140,88
2026-03-23 23:00:12,World Open,live,35,1385,1183,1620,100
2026-03-23 23:00:12,Chicago Class,live,1,275,150,502,116
2026-03-23 23:00:12,Pittsburgh Open,live,2,168,88,321,116
2026-03-23 23:00:12,Bradley Open,live,2,263,152,455,125
2026-03-23 23:00:12,Pacific Coast Open,live,3,384,213,691,130
2026-03-23 23:00:12,Hartford Open,live,3,197,99,395,206
2026-03-23 23:00:12,National Chess Congress,live,0,623,572,677,250
2026-03-23 23:00:12,Boston Chess Congress,complete,359,359,359,359,0
2026-03-23 23:00:12,Liberty Bell Open,complete,564,564,564,564,0
2026-03-23 23:00:12,Golden State Open,complete,387,387,387,387,0
2026-03-23 23:00:12,George Washington Open,complete,209,209,209,209,0
2026-03-23 23:00:12,Southwest Class Championships,complete,492,492,492,492,0
2026-03-23 23:00:12,Western Class Championships,complete,318,318,318,318,0
2026-03-23 23:00:12,Mid-America Open,complete,200,200,200,200,0
2026-03-23 23:00:12,New York State High School Championship,complete,198,198,198,198,0
2026-03-23 23:00:12,New York State Senior Championship With Young Adult Mi,complete,61,61,61,61,0
2026-03-23 23:00:12,New York State Scholastic Championships Grades K-8,complete,1753,1753,1753,1753,0
2026-03-23 23:00:12,Southern Class,complete,195,195,195,195,0
2026-03-23 23:06:47,Atlantic City Open,live,195,439,409,470,9
2026-03-23 23:06:47,Chicago Open,live,180,918,863,976,59
2026-03-23 23:06:47,Cleveland Open,live,2,193,108,342,74
2026-03-23 23:06:47,New York State Open,live,1,81,47,140,88
2026-03-23 23:06:47,World Open,live,35,1385,1183,1620,100
2026-03-23 23:06:47,Chicago Class,live,1,275,150,502,116
2026-03-23 23:06:47,Pittsburgh Open,live,2,168,88,321,116
2026-03-23 23:06:47,Bradley Open,live,2,263,152,455,125
2026-03-23 23:06:47,Pacific Coast Open,live,3,384,213,691,130
2026-03-23 23:06:47,Hartford Open,live,3,197,99,395,206
2026-03-23 23:06:47,National Chess Congress,live,0,623,572,677,250
2026-03-23 23:06:47,Boston Chess Congress,complete,359,359,359,359,0
2026-03-23 23:06:47,Liberty Bell Open,complete,564,564,564,564,0
2026-03-23 23:06:47,Golden State Open,complete,387,387,387,387,0
2026-03-23 23:06:47,George Washington Open,complete,209,209,209,209,0
2026-03-23 23:06:47,Southwest Class Championships,complete,492,492,492,492,0
2026-03-23 23:06:47,Western Class Championships,complete,318,318,318,318,0
2026-03-23 23:06:47,Mid-America Open,complete,200,200,200,200,0
2026-03-23 23:06:47,New York State High School Championship,complete,198,198,198,198,0
2026-03-23 23:06:47,New York State Senior Championship With Young Adult Mi,complete,61,61,61,61,0
2026-03-23 23:06:47,New York State Scholastic Championships Grades K-8,complete,1753,1753,1753,1753,0
2026-03-23 23:06:47,Southern Class,complete,195,195,195,195,0
2026-03-23 23:25:25,Atlantic City Open,live,195,439,409,470,9
2026-03-23 23:25:25,Chicago Open,live,180,918,863,976,59
2026-03-23 23:25:25,Cleveland Open,live,2,193,108,342,74
2026-03-23 23:25:25,New York State Open,live,1,81,47,140,88
2026-03-23 23:25:25,World Open,live,35,1385,1183,1620,100
2026-03-23 23:25:25,Chicago Class,live,1,275,150,502,116
2026-03-23 23:25:25,Pittsburgh Open,live,2,168,88,321,116
2026-03-23 23:25:25,Bradley Open,live,2,263,152,455,125
2026-03-23 23:25:25,Pacific Coast Open,live,3,384,213,691,130
2026-03-23 23:25:25,Hartford Open,live,3,197,99,395,206
2026-03-23 23:25:25,National Chess Congress,live,0,623,572,677,250
2026-03-23 23:25:25,Boston Chess Congress,complete,359,359,359,359,0
2026-03-23 23:25:25,Liberty Bell Open,complete,564,564,564,564,0
2026-03-23 23:25:25,Golden State Open,complete,387,387,387,387,0
2026-03-23 23:25:25,George Washington Open,complete,209,209,209,209,0
2026-03-23 23:25:25,Southwest Class Championships,complete,492,492,492,492,0
2026-03-23 23:25:25,Western Class Championships,complete,318,318,318,318,0
2026-03-23 23:25:25,Mid-America Open,complete,200,200,200,200,0
2026-03-23 23:25:25,New York State High School Championship,complete,198,198,198,198,0
2026-03-23 23:25:25,New York State Senior Championship With Young Adult Mi,complete,61,61,61,61,0
2026-03-23 23:25:25,New York State Scholastic Championships Grades K-8,complete,1753,1753,1753,1753,0
2026-03-23 23:25:25,Southern Class,complete,195,195,195,195,0
2026-03-24 06:50:54,Atlantic City Open,live,195,434,407,464,8
2026-03-24 06:50:54,Chicago Open,live,180,908,856,963,58
2026-03-24 06:50:54,Hartford Open,live,3,195,111,345,73
2026-03-24 06:50:54,Cleveland Open,live,2,192,108,343,73
2026-03-24 06:50:54,New York State Open,live,1,81,47,140,87
2026-03-24 06:50:54,World Open,live,35,1382,1181,1617,99
2026-03-24 06:50:54,Chicago Class,live,1,275,150,501,115
2026-03-24 06:50:54,Pittsburgh Open,live,2,168,88,321,115
2026-03-24 06:50:54,Southern Open,live,0,232,183,282,115
2026-03-24 06:50:54,Bradley Open,live,2,262,151,454,122
2026-03-24 06:50:54,Pacific Coast Open,live,3,383,213,691,129
2026-03-24 06:50:54,National Chess Congress,live,0,623,572,677,249
2026-03-24 06:50:54,Boston Chess Congress,complete,359,359,359,359,0
2026-03-24 06:50:54,Liberty Bell Open,complete,564,564,564,564,0
2026-03-24 06:50:54,Golden State Open,complete,387,387,387,387,0
2026-03-24 06:50:54,George Washington Open,complete,209,209,209,209,0
2026-03-24 06:50:54,Southwest Class Championships,complete,492,492,492,492,0
2026-03-24 06:50:54,Western Class Championships,complete,318,318,318,318,0
2026-03-24 06:50:54,Mid-America Open,complete,200,200,200,200,0
2026-03-24 06:50:54,New York State High School Championship,complete,198,198,198,198,0
2026-03-24 06:50:54,New York State Senior Championship With Young Adult Mi,complete,61,61,61,61,0
2026-03-24 06:50:54,New York State Scholastic Championships Grades K-8,complete,1753,1753,1753,1753,0
2026-03-24 06:50:54,Southern Class,complete,195,195,195,195,0
2026-03-24 07:06:38,Atlantic City Open,live,216,448,420,478,8
2026-03-24 07:06:38,Chicago Open,live,180,908,856,963,58
2026-03-24 07:06:38,Hartford Open,live,3,195,111,345,73
2026-03-24 07:06:38,Cleveland Open,live,2,192,108,343,73
2026-03-24 07:06:38,New York State Open,live,1,81,47,140,87
2026-03-24 07:06:38,World Open,live,35,1382,1181,1617,99
2026-03-24 07:06:38,Chicago Class,live,1,275,150,501,115
2026-03-24 07:06:38,Pittsburgh Open,live,2,168,88,321,115
2026-03-24 07:06:38,Southern Open,live,0,232,183,282,115
2026-03-24 07:06:38,Bradley Open,live,2,262,151,454,122
2026-03-24 07:06:38,Pacific Coast Open,live,3,383,213,691,129
2026-03-24 07:06:38,National Chess Congress,live,0,623,572,677,249
2026-03-24 07:06:38,Boston Chess Congress,complete,359,359,359,359,0
2026-03-24 07:06:38,Liberty Bell Open,complete,564,564,564,564,0
2026-03-24 07:06:38,Golden State Open,complete,387,387,387,387,0
2026-03-24 07:06:38,George Washington Open,complete,209,209,209,209,0
2026-03-24 07:06:38,Southwest Class Championships,complete,492,492,492,492,0
2026-03-24 07:06:38,Western Class Championships,complete,318,318,318,318,0
2026-03-24 07:06:38,Mid-America Open,complete,200,200,200,200,0
2026-03-24 07:06:38,New York State High School Championship,complete,198,198,198,198,0
2026-03-24 07:06:38,New York State Senior Championship With Young Adult Mi,complete,61,61,61,61,0
2026-03-24 07:06:38,New York State Scholastic Championships Grades K-8,complete,1753,1753,1753,1753,0
2026-03-24 07:06:38,Southern Class,complete,195,195,195,195,0
2026-03-26 08:05:06,Atlantic City Open,live,226,445,421,471,6
2026-03-26 08:05:06,Chicago Open,live,183,892,845,941,56
2026-03-26 08:05:06,Hartford Open,live,3,195,113,338,71
2026-03-26 08:05:06,Cleveland Open,live,2,192,107,345,71
2026-03-26 08:05:06,New York State Open,live,1,81,47,140,85
2026-03-26 08:05:06,World Open,live,35,1376,1176,1610,97
2026-03-26 08:05:06,Chicago Class,live,1,275,150,501,113
2026-03-26 08:05:06,Pittsburgh Open,live,2,168,88,320,113
2026-03-26 08:05:06,Southern Open,live,0,232,183,282,113
2026-03-26 08:05:06,Bradley Open,live,2,262,151,453,120
2026-03-26 08:05:06,Pacific Coast Open,live,3,383,213,690,127
2026-03-26 08:05:06,National Chess Congress,live,0,623,572,677,247
2026-03-26 08:05:06,Boston Chess Congress,complete,359,359,359,359,0
2026-03-26 08:05:06,Liberty Bell Open,complete,564,564,564,564,0
2026-03-26 08:05:06,Golden State Open,complete,387,387,387,387,0
2026-03-26 08:05:06,George Washington Open,complete,209,209,209,209,0
2026-03-26 08:05:06,Southwest Class Championships,complete,492,492,492,492,0
2026-03-26 08:05:06,Western Class Championships,complete,318,318,318,318,0
2026-03-26 08:05:06,Mid-America Open,complete,200,200,200,200,0
2026-03-26 08:05:06,New York State High School Championship,complete,198,198,198,198,0
2026-03-26 08:05:06,New York State Senior Championship With Young Adult Mi,complete,61,61,61,61,0
2026-03-26 08:05:06,New York State Scholastic Championships Grades K-8,complete,1753,1753,1753,1753,0
2026-03-26 08:05:06,Southern Class,complete,195,195,195,195,0
2026-03-26 14:28:29,Atlantic City Open,live,242,455,430,481,6
2026-03-26 14:28:29,Chicago Open,live,182,891,844,941,56
2026-03-26 14:28:29,Hartford Open,live,3,195,113,338,71
2026-03-26 14:28:29,Cleveland Open,live,2,192,107,345,71
2026-03-26 14:28:29,New York State Open,live,1,81,47,140,85
2026-03-26 14:28:29,World Open,live,35,1376,1176,1610,97
2026-03-26 14:28:29,Chicago Class,live,1,275,150,501,113
2026-03-26 14:28:29,Pittsburgh Open,live,2,168,88,320,113
2026-03-26 14:28:29,Southern Open,live,0,232,183,282,113
2026-03-26 14:28:29,Bradley Open,live,2,262,151,453,120
2026-03-26 14:28:29,Pacific Coast Open,live,3,383,213,690,127
2026-03-26 14:28:29,National Chess Congress,live,0,623,572,677,247
2026-03-26 14:28:29,Boston Chess Congress,complete,359,359,359,359,0
2026-03-26 14:28:29,Liberty Bell Open,complete,564,564,564,564,0
2026-03-26 14:28:29,Golden State Open,complete,387,387,387,387,0
2026-03-26 14:28:29,George Washington Open,complete,209,209,209,209,0
2026-03-26 14:28:29,Southwest Class Championships,complete,492,492,492,492,0
2026-03-26 14:28:29,Western Class Championships,complete,318,318,318,318,0
2026-03-26 14:28:29,Mid-America Open,complete,200,200,200,200,0
2026-03-26 14:28:29,New York State High School Championship,complete,198,198,198,198,0
2026-03-26 14:28:29,New York State Senior Championship With Young Adult Mi,complete,61,61,61,61,0
2026-03-26 14:28:29,New York State Scholastic Championships Grades K-8,complete,1753,1753,1753,1753,0
2026-03-26 14:28:29,Southern Class,complete,195,195,195,195,0
2026-03-26 14:40:55,Atlantic City Open,live,242,440,410,472,6
2026-03-26 14:40:55,Chicago Open,live,182,890,838,945,56
2026-03-26 14:40:55,Hartford Open,live,3,195,119,320,71
2026-03-26 14:40:55,Cleveland Open,live,2,192,114,324,71
2026-03-26 14:40:55,New York State Open,live,1,76,46,125,85
2026-03-26 14:40:55,World Open,live,35,1301,1171,1446,97
2026-03-26 14:40:55,Chicago Class,live,1,260,151,446,113
2026-03-26 14:40:55,Pittsburgh Open,live,2,159,95,267,113
2026-03-26 14:40:55,Southern Open,live,0,232,183,282,113
2026-03-26 14:40:55,Bradley Open,live,2,247,151,406,120
2026-03-26 14:40:55,Pacific Coast Open,live,3,362,221,594,127
2026-03-26 14:40:55,National Chess Congress,live,0,623,572,677,247
2026-03-26 14:40:55,Boston Chess Congress,complete,359,359,359,359,0
2026-03-26 14:40:55,Liberty Bell Open,complete,564,564,564,564,0
2026-03-26 14:40:55,Golden State Open,complete,387,387,387,387,0
2026-03-26 14:40:55,George Washington Open,complete,209,209,209,209,0
2026-03-26 14:40:55,Southwest Class Championships,complete,492,492,492,492,0
2026-03-26 14:40:55,Western Class Championships,complete,318,318,318,318,0
2026-03-26 14:40:55,Mid-America Open,complete,200,200,200,200,0
2026-03-26 14:40:55,New York State High School Championship,complete,198,198,198,198,0
2026-03-26 14:40:55,New York State Senior Championship With Young Adult Mi,complete,61,61,61,61,0
2026-03-26 14:40:55,New York State Scholastic Championships Grades K-8,complete,1753,1753,1753,1753,0
2026-03-26 14:40:55,Southern Class,complete,195,195,195,195,0
2026-03-26 14:42:18,Atlantic City Open,live,242,440,410,472,6
2026-03-26 14:42:18,Chicago Open,live,182,890,838,945,56
2026-03-26 14:42:18,Hartford Open,live,3,195,119,320,71
2026-03-26 14:42:18,Cleveland Open,live,2,192,114,324,71
2026-03-26 14:42:18,New York State Open,live,1,76,46,125,85
2026-03-26 14:42:18,World Open,live,35,1301,1171,1446,97
2026-03-26 14:42:18,Chicago Class,live,1,260,151,446,113
2026-03-26 14:42:18,Pittsburgh Open,live,2,159,95,267,113
2026-03-26 14:42:18,Southern Open,live,0,232,183,282,113
2026-03-26 14:42:18,Bradley Open,live,2,247,151,406,120
2026-03-26 14:42:18,Pacific Coast Open,live,3,362,221,594,127
2026-03-26 14:42:18,National Chess Congress,live,0,623,572,677,247
2026-03-26 14:42:18,Boston Chess Congress,complete,359,359,359,359,0
2026-03-26 14:42:18,Liberty Bell Open,complete,564,564,564,564,0
2026-03-26 14:42:18,Golden State Open,complete,387,387,387,387,0
2026-03-26 14:42:18,George Washington Open,complete,209,209,209,209,0
2026-03-26 14:42:18,Southwest Class Championships,complete,492,492,492,492,0
2026-03-26 14:42:18,Western Class Championships,complete,318,318,318,318,0
2026-03-26 14:42:18,Mid-America Open,complete,200,200,200,200,0
2026-03-26 14:42:18,New York State High School Championship,complete,198,198,198,198,0
2026-03-26 14:42:18,New York State Senior Championship With Young Adult Mi,complete,61,61,61,61,0
2026-03-26 14:42:18,New York State Scholastic Championships Grades K-8,complete,1753,1753,1753,1753,0
2026-03-26 14:42:18,Southern Class,complete,195,195,195,195,0
2026-03-26 14:45:38,Atlantic City Open,live,242,461,430,494,6
2026-03-26 14:45:38,Chicago Open,live,182,897,845,953,56
2026-03-26 14:45:38,Hartford Open,live,3,196,120,322,71
2026-03-26 14:45:38,Cleveland Open,live,2,193,115,326,71
2026-03-26 14:45:38,New York State Open,live,1,79,48,130,85
2026-03-26 14:45:38,World Open,live,35,1352,1217,1502,97
2026-03-26 14:45:38,Chicago Class,live,1,270,157,464,113
2026-03-26 14:45:38,Pittsburgh Open,live,2,165,98,277,113
2026-03-26 14:45:38,Southern Open,live,0,232,183,282,113
2026-03-26 14:45:38,Bradley Open,live,2,257,157,421,120
2026-03-26 14:45:38,Pacific Coast Open,live,3,376,230,617,127
2026-03-26 14:45:38,National Chess Congress,live,0,623,572,677,247
2026-03-26 14:45:38,Boston Chess Congress,complete,359,359,359,359,0
2026-03-26 14:45:38,Liberty Bell Open,complete,564,564,564,564,0
2026-03-26 14:45:38,Golden State Open,complete,387,387,387,387,0
2026-03-26 14:45:38,George Washington Open,complete,209,209,209,209,0
2026-03-26 14:45:38,Southwest Class Championships,complete,492,492,492,492,0
2026-03-26 14:45:38,Western Class Championships,complete,318,318,318,318,0
2026-03-26 14:45:38,Mid-America Open,complete,200,200,200,200,0
2026-03-26 14:45:38,New York State High School Championship,complete,198,198,198,198,0
2026-03-26 14:45:38,New York State Senior Championship With Young Adult Mi,complete,61,61,61,61,0
2026-03-26 14:45:38,New York State Scholastic Championships Grades K-8,complete,1753,1753,1753,1753,0
2026-03-26 14:45:38,Southern Class,complete,195,195,195,195,0
2026-03-26 14:54:07,Atlantic City Open,live,242,461,430,494,6
2026-03-26 14:54:07,Chicago Open,live,182,897,845,953,56
2026-03-26 14:54:07,Hartford Open,live,3,196,120,322,71
2026-03-26 14:54:07,Cleveland Open,live,2,193,115,326,71
2026-03-26 14:54:07,New York State Open,live,1,79,48,130,85
2026-03-26 14:54:07,World Open,live,35,1352,1217,1502,97
2026-03-26 14:54:07,Chicago Class,live,1,270,157,464,113
2026-03-26 14:54:07,Pittsburgh Open,live,2,165,98,277,113
2026-03-26 14:54:07,Southern Open,live,0,232,183,282,113
2026-03-26 14:54:07,Bradley Open,live,2,257,157,421,120
2026-03-26 14:54:07,Pacific Coast Open,live,3,376,230,617,127
2026-03-26 14:54:07,National Chess Congress,live,0,623,572,677,247
2026-03-26 14:54:07,Boston Chess Congress,complete,359,359,359,359,0
2026-03-26 14:54:07,Liberty Bell Open,complete,564,564,564,564,0
2026-03-26 14:54:07,Golden State Open,complete,387,387,387,387,0
2026-03-26 14:54:07,George Washington Open,complete,209,209,209,209,0
2026-03-26 14:54:07,Southwest Class Championships,complete,492,492,492,492,0
2026-03-26 14:54:07,Western Class Championships,complete,318,318,318,318,0
2026-03-26 14:54:07,Mid-America Open,complete,200,200,200,200,0
2026-03-26 14:54:07,New York State High School Championship,complete,198,198,198,198,0
2026-03-26 14:54:07,New York State Senior Championship With Young Adult Mi,complete,61,61,61,61,0
2026-03-26 14:54:07,New York State Scholastic Championships Grades K-8,complete,1753,1753,1753,1753,0
2026-03-26 14:54:07,Southern Class,complete,195,195,195,195,0
2026-03-26 15:03:59,Atlantic City Open,live,242,461,430,494,6
2026-03-26 15:03:59,Chicago Open,live,182,897,845,953,56
2026-03-26 15:03:59,Hartford Open,live,3,196,120,322,71
2026-03-26 15:03:59,Cleveland Open,live,2,193,115,326,71
2026-03-26 15:03:59,New York State Open,live,1,79,48,130,85
2026-03-26 15:03:59,World Open,live,35,1352,1217,1502,97
2026-03-26 15:03:59,Chicago Class,live,1,270,157,464,113
2026-03-26 15:03:59,Pittsburgh Open,live,2,165,98,277,113
2026-03-26 15:03:59,Southern Open,live,0,232,183,282,113
2026-03-26 15:03:59,Bradley Open,live,2,257,157,421,120
2026-03-26 15:03:59,Pacific Coast Open,live,3,376,230,617,127
2026-03-26 15:03:59,National Chess Congress,live,0,623,572,677,247
2026-03-26 15:03:59,Boston Chess Congress,complete,359,359,359,359,0
2026-03-26 15:03:59,Liberty Bell Open,complete,564,564,564,564,0
2026-03-26 15:03:59,Golden State Open,complete,387,387,387,387,0
2026-03-26 15:03:59,George Washington Open,complete,209,209,209,209,0
2026-03-26 15:03:59,Southwest Class Championships,complete,492,492,492,492,0
2026-03-26 15:03:59,Western Class Championships,complete,318,318,318,318,0
2026-03-26 15:03:59,Mid-America Open,complete,200,200,200,200,0
2026-03-26 15:03:59,New York State High School Championship,complete,198,198,198,198,0
2026-03-26 15:03:59,New York State Senior Championship With Young Adult Mi,complete,61,61,61,61,0
2026-03-26 15:03:59,New York State Scholastic Championships Grades K-8,complete,1753,1753,1753,1753,0
2026-03-26 15:03:59,Southern Class,complete,195,195,195,195,0
2026-03-26 15:10:31,Atlantic City Open,live,242,461,430,494,6
2026-03-26 15:10:31,Chicago Open,live,182,897,845,953,56
2026-03-26 15:10:31,Hartford Open,live,3,196,120,322,71
2026-03-26 15:10:31,Cleveland Open,live,2,193,115,326,71
2026-03-26 15:10:31,New York State Open,live,1,79,48,130,85
2026-03-26 15:10:31,World Open,live,35,1352,1217,1502,97
2026-03-26 15:10:31,Chicago Class,live,1,270,157,464,113
2026-03-26 15:10:31,Pittsburgh Open,live,2,165,98,277,113
2026-03-26 15:10:31,Southern Open,live,0,232,183,282,113
2026-03-26 15:10:31,Bradley Open,live,2,257,157,421,120
2026-03-26 15:10:31,Pacific Coast Open,live,3,376,230,617,127
2026-03-26 15:10:31,National Chess Congress,live,0,623,572,677,247
2026-03-26 15:10:31,Boston Chess Congress,complete,359,359,359,359,0
2026-03-26 15:10:31,Liberty Bell Open,complete,564,564,564,564,0
2026-03-26 15:10:31,Golden State Open,complete,387,387,387,387,0
2026-03-26 15:10:31,George Washington Open,complete,209,209,209,209,0
2026-03-26 15:10:31,Southwest Class Championships,complete,492,492,492,492,0
2026-03-26 15:10:31,Western Class Championships,complete,318,318,318,318,0
2026-03-26 15:10:31,Mid-America Open,complete,200,200,200,200,0
2026-03-26 15:10:31,New York State High School Championship,complete,198,198,198,198,0
2026-03-26 15:10:31,New York State Senior Championship With Young Adult Mi,complete,61,61,61,61,0
2026-03-26 15:10:31,New York State Scholastic Championships Grades K-8,complete,1753,1753,1753,1753,0
2026-03-26 15:10:31,Southern Class,complete,195,195,195,195,0
2026-03-27 13:58:28,Atlantic City Open,live,249,457,429,486,5
2026-03-27 13:58:28,Chicago Open,live,183,892,841,946,55
2026-03-27 13:58:28,Hartford Open,live,3,196,119,321,70
2026-03-27 13:58:28,Cleveland Open,live,2,193,113,327,70
2026-03-27 13:58:28,New York State Open,live,1,79,48,129,84
2026-03-27 13:58:28,World Open,live,35,1341,1207,1490,96
2026-03-27 13:58:28,Chicago Class,live,1,268,156,461,112
2026-03-27 13:58:28,Pittsburgh Open,live,2,164,98,275,112
2026-03-27 13:58:28,Southern Open,live,0,232,183,282,112
2026-03-27 13:58:28,Bradley Open,live,2,255,156,419,119
2026-03-27 13:58:28,Pacific Coast Open,live,3,374,228,613,126
2026-03-27 13:58:28,National Chess Congress,live,0,623,572,677,246
2026-03-27 13:58:28,Boston Chess Congress,complete,359,359,359,359,0
2026-03-27 13:58:28,Liberty Bell Open,complete,564,564,564,564,0
2026-03-27 13:58:28,Golden State Open,complete,387,387,387,387,0
2026-03-27 13:58:28,George Washington Open,complete,209,209,209,209,0
2026-03-27 13:58:28,Southwest Class Championships,complete,492,492,492,492,0
2026-03-27 13:58:28,Western Class Championships,complete,318,318,318,318,0
2026-03-27 13:58:28,Mid-America Open,complete,200,200,200,200,0
2026-03-27 13:58:28,New York State High School Championship,complete,198,198,198,198,0
2026-03-27 13:58:28,New York State Senior Championship With Young Adult Mi,complete,61,61,61,61,0
2026-03-27 13:58:28,New York State Scholastic Championships Grades K-8,complete,1753,1753,1753,1753,0
2026-03-27 13:58:28,Southern Class,complete,195,195,195,195,0
2026-03-27 14:14:15,Atlantic City Open,live,249,457,429,486,5
2026-03-27 14:14:15,Chicago Open,live,183,892,841,946,55
2026-03-27 14:14:15,Hartford Open,live,3,196,119,321,70
2026-03-27 14:14:15,Cleveland Open,live,2,193,113,327,70
2026-03-27 14:14:15,New York State Open,live,1,79,48,129,84
2026-03-27 14:14:15,World Open,live,35,1341,1207,1490,96
2026-03-27 14:14:15,Chicago Class,live,1,268,156,461,112
2026-03-27 14:14:15,Pittsburgh Open,live,2,164,98,275,112
2026-03-27 14:14:15,Southern Open,live,0,232,183,282,112
2026-03-27 14:14:15,Bradley Open,live,2,255,156,419,119
2026-03-27 14:14:15,Pacific Coast Open,live,3,374,228,613,126
2026-03-27 14:14:15,National Chess Congress,live,0,623,572,677,246
2026-03-27 14:14:15,Boston Chess Congress,complete,359,359,359,359,0
2026-03-27 14:14:15,Liberty Bell Open,complete,564,564,564,564,0
2026-03-27 14:14:15,Golden State Open,complete,387,387,387,387,0
2026-03-27 14:14:15,George Washington Open,complete,209,209,209,209,0
2026-03-27 14:14:15,Southwest Class Championships,complete,492,492,492,492,0
2026-03-27 14:14:15,Western Class Championships,complete,318,318,318,318,0
2026-03-27 14:14:15,Mid-America Open,complete,200,200,200,200,0
2026-03-27 14:14:15,New York State High School Championship,complete,198,198,198,198,0
2026-03-27 14:14:15,New York State Senior Championship With Young Adult Mi,complete,61,61,61,61,0
2026-03-27 14:14:15,New York State Scholastic Championships Grades K-8,complete,1753,1753,1753,1753,0
2026-03-27 14:14:15,Southern Class,complete,195,195,195,195,0
2026-03-28 15:13:22,Atlantic City Open,live,265,460,435,487,4
2026-03-28 15:13:22,Chicago Open,live,185,891,841,944,54
2026-03-28 15:13:22,Hartford Open,live,3,195,119,321,69
2026-03-28 15:13:22,Cleveland Open,live,2,192,113,329,69
2026-03-28 15:13:22,New York State Open,live,2,82,49,138,83
2026-03-28 15:13:22,DC International,live,0,100,70,130,89
2026-03-28 15:13:22,Philadelphia International,live,0,122,96,145,89
2026-03-28 15:13:22,DC Open,live,0,100,70,130,90
2026-03-28 15:13:22,Philadelphia Open,live,0,286,251,319,90
2026-03-28 15:13:22,"World Open, lower sections",live,0,100,70,130,91
2026-03-28 15:13:22,"World Open, top 6 sections",live,0,100,70,130,95
2026-03-28 15:13:22,Chicago Class,live,1,268,156,461,111
2026-03-28 15:13:22,Pittsburgh Open,live,2,164,98,275,111
2026-03-28 15:13:22,Southern Open,live,0,232,183,282,111
2026-03-28 15:13:22,Bradley Open,live,2,255,156,418,118
2026-03-28 15:13:22,Pacific Coast Open,live,3,374,228,613,125
2026-03-28 15:13:22,Central California Open,live,0,175,144,203,139
2026-03-28 15:13:22,Atlantic Open,live,0,316,251,395,146
2026-03-28 15:13:22,New York State Championship,live,0,304,237,347,160
2026-03-28 15:13:22,National Chess Congress,live,0,623,572,677,245
2026-03-28 15:13:22,Boston Chess Congress,complete,359,359,359,359,0
2026-03-28 15:13:22,Liberty Bell Open,complete,564,564,564,564,0
2026-03-28 15:13:22,Golden State Open,complete,387,387,387,387,0
2026-03-28 15:13:22,George Washington Open,complete,209,209,209,209,0
2026-03-28 15:13:22,Southwest Class Championships,complete,492,492,492,492,0
2026-03-28 15:13:22,Western Class Championships,complete,318,318,318,318,0
2026-03-28 15:13:22,Mid-America Open,complete,200,200,200,200,0
2026-03-28 15:13:22,New York State High School Championship,complete,198,198,198,198,0
2026-03-28 15:13:22,New York State Senior Championship With Young Adult Mi,complete,61,61,61,61,0
2026-03-28 15:13:22,New York State Scholastic Championships Grades K-8,complete,1753,1753,1753,1753,0
2026-03-28 15:13:22,Southern Class,complete,195,195,195,195,0
2026-03-29 22:41:49,Atlantic City Open,live,277,458,436,482,3
2026-03-29 22:41:49,Chicago Open,live,190,892,843,944,53
2026-03-29 22:41:49,Hartford Open,live,4,199,116,341,68
2026-03-29 22:41:49,Cleveland Open,live,3,195,119,320,68
2026-03-29 22:41:49,New York State Open,live,2,82,49,138,82
2026-03-29 22:41:49,DC International,live,0,100,70,130,88
2026-03-29 22:41:49,DC Open,live,0,100,70,130,89
2026-03-29 22:41:49,"World Open, lower sections",live,0,100,70,130,90
2026-03-29 22:41:49,"World Open, top 6 sections",live,0,100,70,130,94
2026-03-29 22:41:49,Chicago Class,live,1,268,156,460,110
2026-03-29 22:41:49,Pittsburgh Open,live,2,164,98,275,110
2026-03-29 22:41:49,Southern Open,live,0,232,183,282,110
2026-03-29 22:41:49,Bradley Open,live,3,261,159,428,117
2026-03-29 22:41:49,Pacific Coast Open,live,3,373,228,612,124
2026-03-29 22:41:49,Central California Open,live,0,175,144,203,138
2026-03-29 22:41:49,Atlantic Open,live,0,316,251,395,145
2026-03-29 22:41:49,New York State Championship,live,0,304,237,347,159
2026-03-29 22:41:49,National Chess Congress,live,0,623,572,677,244
2026-03-29 22:41:49,Boston Chess Congress,complete,359,359,359,359,0
2026-03-29 22:41:49,Liberty Bell Open,complete,564,564,564,564,0
2026-03-29 22:41:49,Golden State Open,complete,387,387,387,387,0
2026-03-29 22:41:49,George Washington Open,complete,209,209,209,209,0
2026-03-29 22:41:49,Southwest Class Championships,complete,492,492,492,492,0
2026-03-29 22:41:49,Western Class Championships,complete,318,318,318,318,0
2026-03-29 22:41:49,Mid-America Open,complete,200,200,200,200,0
2026-03-29 22:41:49,New York State High School Championship,complete,198,198,198,198,0
2026-03-29 22:41:49,New York State Senior Championship With Young Adult Mi,complete,61,61,61,61,0
2026-03-29 22:41:49,New York State Scholastic Championships Grades K-8,complete,1753,1753,1753,1753,0
2026-03-29 22:41:49,Southern Class,complete,195,195,195,195,0
2026-04-02 18:08:52,Atlantic City Open,live,383,383,383,383,0
2026-04-02 18:08:52,Chicago Open,live,205,897,851,946,49
2026-04-02 18:08:52,Hartford Open,live,5,199,113,351,64
2026-04-02 18:08:52,Cleveland Open,live,4,206,120,352,64
2026-04-02 18:08:52,New York State Open,live,4,78,42,146,78
2026-04-02 18:08:52,DC International,live,0,100,70,130,84
2026-04-02 18:08:52,DC Open,live,0,100,70,130,85
2026-04-02 18:08:52,"World Open, lower sections",live,0,100,70,130,86
2026-04-02 18:08:52,"World Open, top 6 sections",live,0,100,70,130,90
2026-04-02 18:08:52,Chicago Class,live,1,268,156,461,106
2026-04-02 18:08:52,Pittsburgh Open,live,2,168,99,285,106
2026-04-02 18:08:52,Southern Open,live,0,232,183,282,106
2026-04-02 18:08:52,Bradley Open,live,3,261,159,428,113
2026-04-02 18:08:52,Pacific Coast Open,live,4,382,233,626,120
2026-04-02 18:08:52,Central California Open,live,0,175,144,203,134
2026-04-02 18:08:52,Atlantic Open,live,0,316,251,395,141
2026-04-02 18:08:52,New York State Championship,live,0,304,237,347,155
2026-04-02 18:08:52,National Chess Congress,live,0,623,572,677,240
2026-04-02 18:08:52,Boston Chess Congress,complete,359,359,359,359,0
2026-04-02 18:08:52,Liberty Bell Open,complete,564,564,564,564,0
2026-04-02 18:08:52,Golden State Open,complete,387,387,387,387,0
2026-04-02 18:08:52,George Washington Open,complete,209,209,209,209,0
2026-04-02 18:08:52,Southwest Class Championships,complete,492,492,492,492,0
2026-04-02 18:08:52,Western Class Championships,complete,318,318,318,318,0
2026-04-02 18:08:52,Mid-America Open,complete,200,200,200,200,0
2026-04-02 18:08:52,New York State High School Championship,complete,198,198,198,198,0
2026-04-02 18:08:52,New York State Senior Championship With Young Adult Mi,complete,61,61,61,61,0
2026-04-02 18:08:52,New York State Scholastic Championships Grades K-8,complete,1753,1753,1753,1753,0
2026-04-02 18:08:52,Southern Class,complete,195,195,195,195,0
2026-04-02 18:12:16,Atlantic City Open,live,393,393,393,393,0
2026-04-02 18:12:16,Chicago Open,live,208,900,853,949,49
2026-04-02 18:12:16,Hartford Open,live,5,199,113,351,64
2026-04-02 18:12:16,Cleveland Open,live,4,206,120,352,64
2026-04-02 18:12:16,New York State Open,live,4,78,42,146,78
2026-04-02 18:12:16,DC International,live,0,100,70,130,84
2026-04-02 18:12:16,DC Open,live,0,100,70,130,85
2026-04-02 18:12:16,"World Open, lower sections",live,0,100,70,130,86
2026-04-02 18:12:16,"World Open, top 6 sections",live,0,100,70,130,90
2026-04-02 18:12:16,Chicago Class,live,1,268,156,461,106
2026-04-02 18:12:16,Pittsburgh Open,live,2,168,99,285,106
2026-04-02 18:12:16,Southern Open,live,0,232,183,282,106
2026-04-02 18:12:16,Bradley Open,live,3,261,159,428,113
2026-04-02 18:12:16,Pacific Coast Open,live,4,382,233,626,120
2026-04-02 18:12:16,Central California Open,live,0,175,144,203,134
2026-04-02 18:12:16,Atlantic Open,live,0,316,251,395,141
2026-04-02 18:12:16,New York State Championship,live,0,304,237,347,155
2026-04-02 18:12:16,National Chess Congress,live,0,623,572,677,240
2026-04-02 18:12:16,Boston Chess Congress,complete,359,359,359,359,0
2026-04-02 18:12:16,Liberty Bell Open,complete,564,564,564,564,0
2026-04-02 18:12:16,Golden State Open,complete,387,387,387,387,0
2026-04-02 18:12:16,George Washington Open,complete,209,209,209,209,0
2026-04-02 18:12:16,Southwest Class Championships,complete,492,492,492,492,0
2026-04-02 18:12:16,Western Class Championships,complete,318,318,318,318,0
2026-04-02 18:12:16,Mid-America Open,complete,200,200,200,200,0
2026-04-02 18:12:16,New York State High School Championship,complete,198,198,198,198,0
2026-04-02 18:12:16,New York State Senior Championship With Young Adult Mi,complete,61,61,61,61,0
2026-04-02 18:12:16,New York State Scholastic Championships Grades K-8,complete,1753,1753,1753,1753,0
2026-04-02 18:12:16,Southern Class,complete,195,195,195,195,0
2026-04-02 18:19:26,Atlantic City Open,live,393,393,393,393,0
2026-04-02 18:19:26,Chicago Open,live,208,900,853,949,49
2026-04-02 18:19:26,Hartford Open,live,5,199,113,351,64
2026-04-02 18:19:26,Cleveland Open,live,4,206,120,352,64
2026-04-02 18:19:26,New York State Open,live,4,78,42,146,78
2026-04-02 18:19:26,DC International,live,0,100,70,130,84
2026-04-02 18:19:26,DC Open,live,0,100,70,130,85
2026-04-02 18:19:26,"World Open, lower sections",live,0,100,70,130,86
2026-04-02 18:19:26,"World Open, top 6 sections",live,0,100,70,130,90
2026-04-02 18:19:26,Chicago Class,live,1,268,156,461,106
2026-04-02 18:19:26,Pittsburgh Open,live,2,168,99,285,106
2026-04-02 18:19:26,Southern Open,live,0,232,183,282,106
2026-04-02 18:19:26,Bradley Open,live,3,261,159,428,113
2026-04-02 18:19:26,Pacific Coast Open,live,4,382,233,626,120
2026-04-02 18:19:26,Central California Open,live,0,175,144,203,134
2026-04-02 18:19:26,Atlantic Open,live,0,316,251,395,141
2026-04-02 18:19:26,New York State Championship,live,0,304,237,347,155
2026-04-02 18:19:26,National Chess Congress,live,0,623,572,677,240
2026-04-02 18:19:26,Boston Chess Congress,complete,359,359,359,359,0
2026-04-02 18:19:26,Liberty Bell Open,complete,564,564,564,564,0
2026-04-02 18:19:26,Golden State Open,complete,387,387,387,387,0
2026-04-02 18:19:26,George Washington Open,complete,209,209,209,209,0
2026-04-02 18:19:26,Southwest Class Championships,complete,492,492,492,492,0
2026-04-02 18:19:26,Western Class Championships,complete,318,318,318,318,0
2026-04-02 18:19:26,Mid-America Open,complete,200,200,200,200,0
2026-04-02 18:19:26,New York State High School Championship,complete,198,198,198,198,0
2026-04-02 18:19:26,New York State Senior Championship With Young Adult Mi,complete,61,61,61,61,0
2026-04-02 18:19:26,New York State Scholastic Championships Grades K-8,complete,1753,1753,1753,1753,0
2026-04-02 18:19:26,Southern Class,complete,195,195,195,195,0
2026-04-02 18:23:18,Atlantic City Open,live,393,393,393,393,0
2026-04-02 18:23:18,Chicago Open,live,208,900,853,949,49
2026-04-02 18:23:18,Hartford Open,live,5,199,113,351,64
2026-04-02 18:23:18,Cleveland Open,live,4,206,120,352,64
2026-04-02 18:23:18,New York State Open,live,4,78,42,146,78
2026-04-02 18:23:18,DC International,live,0,100,70,130,84
2026-04-02 18:23:18,DC Open,live,0,100,70,130,85
2026-04-02 18:23:18,"World Open, lower sections",live,0,100,70,130,86
2026-04-02 18:23:18,"World Open, top 6 sections",live,0,100,70,130,90
2026-04-02 18:23:18,Chicago Class,live,1,268,156,461,106
2026-04-02 18:23:18,Pittsburgh Open,live,2,168,99,285,106
2026-04-02 18:23:18,Southern Open,live,0,232,183,282,106
2026-04-02 18:23:18,Bradley Open,live,3,261,159,428,113
2026-04-02 18:23:18,Pacific Coast Open,live,4,382,233,626,120
2026-04-02 18:23:18,Central California Open,live,0,175,144,203,134
2026-04-02 18:23:18,Atlantic Open,live,0,316,251,395,141
2026-04-02 18:23:18,New York State Championship,live,0,304,237,347,155
2026-04-02 18:23:18,National Chess Congress,live,0,623,572,677,240
2026-04-02 18:23:18,Boston Chess Congress,complete,359,359,359,359,0
2026-04-02 18:23:18,Liberty Bell Open,complete,564,564,564,564,0
2026-04-02 18:23:18,Golden State Open,complete,387,387,387,387,0
2026-04-02 18:23:18,George Washington Open,complete,209,209,209,209,0
2026-04-02 18:23:18,Southwest Class Championships,complete,492,492,492,492,0
2026-04-02 18:23:18,Western Class Championships,complete,318,318,318,318,0
2026-04-02 18:23:18,Mid-America Open,complete,200,200,200,200,0
2026-04-02 18:23:18,New York State High School Championship,complete,198,198,198,198,0
2026-04-02 18:23:18,New York State Senior Championship With Young Adult Mi,complete,61,61,61,61,0
2026-04-02 18:23:18,New York State Scholastic Championships Grades K-8,complete,1753,1753,1753,1753,0
2026-04-02 18:23:18,Southern Class,complete,195,195,195,195,0
2026-04-02 18:25:13,Atlantic City Open,live,393,393,393,393,0
2026-04-02 18:25:13,Chicago Open,live,208,900,853,949,49
2026-04-02 18:25:13,Hartford Open,live,5,199,113,351,64
2026-04-02 18:25:13,Cleveland Open,live,4,206,120,352,64
2026-04-02 18:25:13,New York State Open,live,4,78,42,146,78
2026-04-02 18:25:13,DC International,live,0,100,70,130,84
2026-04-02 18:25:13,DC Open,live,0,100,70,130,85
2026-04-02 18:25:13,"World Open, lower sections",live,0,100,70,130,86
2026-04-02 18:25:13,"World Open, top 6 sections",live,0,100,70,130,90
2026-04-02 18:25:13,Chicago Class,live,1,268,156,461,106
2026-04-02 18:25:13,Pittsburgh Open,live,2,168,99,285,106
2026-04-02 18:25:13,Southern Open,live,0,232,183,282,106
2026-04-02 18:25:13,Bradley Open,live,3,261,159,428,113
2026-04-02 18:25:13,Pacific Coast Open,live,4,382,233,626,120
2026-04-02 18:25:13,Central California Open,live,0,175,144,203,134
2026-04-02 18:25:13,Atlantic Open,live,0,316,251,395,141
2026-04-02 18:25:13,New York State Championship,live,0,304,237,347,155
2026-04-02 18:25:13,National Chess Congress,live,0,623,572,677,240
2026-04-02 18:25:13,Boston Chess Congress,complete,359,359,359,359,0
2026-04-02 18:25:13,Liberty Bell Open,complete,564,564,564,564,0
2026-04-02 18:25:13,Golden State Open,complete,387,387,387,387,0
2026-04-02 18:25:13,George Washington Open,complete,209,209,209,209,0
2026-04-02 18:25:13,Southwest Class Championships,complete,492,492,492,492,0
2026-04-02 18:25:13,Western Class Championships,complete,318,318,318,318,0
2026-04-02 18:25:13,Mid-America Open,complete,200,200,200,200,0
2026-04-02 18:25:13,New York State High School Championship,complete,198,198,198,198,0
2026-04-02 18:25:13,New York State Senior Championship With Young Adult Mi,complete,61,61,61,61,0
2026-04-02 18:25:13,New York State Scholastic Championships Grades K-8,complete,1753,1753,1753,1753,0
2026-04-02 18:25:13,Southern Class,complete,195,195,195,195,0
2026-04-02 18:31:35,Atlantic City Open,live,393,393,393,393,0
2026-04-02 18:31:35,Chicago Open,live,208,900,853,949,49
2026-04-02 18:31:35,Hartford Open,live,5,199,113,351,64
2026-04-02 18:31:35,Cleveland Open,live,4,206,120,352,64
2026-04-02 18:31:35,New York State Open,live,4,78,42,146,78
2026-04-02 18:31:35,DC International,live,0,100,70,130,84
2026-04-02 18:31:35,DC Open,live,0,100,70,130,85
2026-04-02 18:31:35,"World Open, lower sections",live,0,100,70,130,86
2026-04-02 18:31:35,"World Open, top 6 sections",live,0,100,70,130,90
2026-04-02 18:31:35,Chicago Class,live,1,268,156,461,106
2026-04-02 18:31:35,Pittsburgh Open,live,2,168,99,285,106
2026-04-02 18:31:35,Southern Open,live,0,232,183,282,106
2026-04-02 18:31:35,Bradley Open,live,3,261,159,428,113
2026-04-02 18:31:35,Pacific Coast Open,live,4,382,233,626,120
2026-04-02 18:31:35,Central California Open,live,0,175,144,203,134
2026-04-02 18:31:35,Atlantic Open,live,0,316,251,395,141
2026-04-02 18:31:35,New York State Championship,live,0,304,237,347,155
2026-04-02 18:31:35,National Chess Congress,live,0,623,572,677,240
2026-04-02 18:31:35,Boston Chess Congress,complete,359,359,359,359,0
2026-04-02 18:31:35,Liberty Bell Open,complete,564,564,564,564,0
2026-04-02 18:31:35,Golden State Open,complete,387,387,387,387,0
2026-04-02 18:31:35,George Washington Open,complete,209,209,209,209,0
2026-04-02 18:31:35,Southwest Class Championships,complete,492,492,492,492,0
2026-04-02 18:31:35,Western Class Championships,complete,318,318,318,318,0
2026-04-02 18:31:35,Mid-America Open,complete,200,200,200,200,0
2026-04-02 18:31:35,New York State High School Championship,complete,198,198,198,198,0
2026-04-02 18:31:35,New York State Senior Championship With Young Adult Mi,complete,61,61,61,61,0
2026-04-02 18:31:35,New York State Scholastic Championships Grades K-8,complete,1753,1753,1753,1753,0
2026-04-02 18:31:35,Southern Class,complete,195,195,195,195,0
2026-04-06 15:45:07,Chicago Open,live,208,887,850,927,45
2026-04-06 15:45:07,Hartford Open,live,5,198,116,338,60
2026-04-06 15:45:07,Cleveland Open,live,4,203,124,333,60
2026-04-06 15:45:07,New York State Open,live,4,80,43,150,74
2026-04-06 15:45:07,DC International,live,0,100,70,130,80
2026-04-06 15:45:07,DC Open,live,0,100,70,130,81
2026-04-06 15:45:07,"World Open, lower sections",live,0,100,70,130,82
2026-04-06 15:45:07,"World Open, top 6 sections",live,0,100,70,130,86
2026-04-06 15:45:07,Chicago Class,live,1,268,156,461,102
2026-04-06 15:45:07,Pittsburgh Open,live,2,167,99,284,102
2026-04-06 15:45:07,Southern Open,live,0,232,183,282,102
2026-04-06 15:45:07,Bradley Open,live,3,261,159,427,109
2026-04-06 15:45:07,Pacific Coast Open,live,4,381,232,624,116
2026-04-06 15:45:07,Central California Open,live,0,175,144,203,130
2026-04-06 15:45:07,Atlantic Open,live,0,316,251,395,137
2026-04-06 15:45:07,New York State Championship,live,0,304,237,347,151
2026-04-06 15:45:07,National Chess Congress,live,0,623,572,677,236
2026-04-06 15:45:07,Boston Chess Congress,complete,359,359,359,359,0
2026-04-06 15:45:07,Liberty Bell Open,complete,564,564,564,564,0
2026-04-06 15:45:07,Golden State Open,complete,387,387,387,387,0
2026-04-06 15:45:07,George Washington Open,complete,209,209,209,209,0
2026-04-06 15:45:07,Southwest Class Championships,complete,492,492,492,492,0
2026-04-06 15:45:07,Atlantic City Open,complete,393,393,393,393,0
2026-04-06 15:45:07,Western Class Championships,complete,318,318,318,318,0
2026-04-06 15:45:07,Mid-America Open,complete,200,200,200,200,0
2026-04-06 15:45:07,New York State High School Championship,complete,198,198,198,198,0
2026-04-06 15:45:07,New York State Senior Championship With Young Adult Mi,complete,61,61,61,61,0
2026-04-06 15:45:07,New York State Scholastic Championships Grades K-8,complete,1753,1753,1753,1753,0
2026-04-06 15:45:07,Southern Class,complete,195,195,195,195,0
2026-04-06 15:47:30,Chicago Open,live,221,897,859,937,45
2026-04-06 15:47:30,Hartford Open,live,9,209,112,390,60
2026-04-06 15:47:30,Cleveland Open,live,5,208,121,357,60
2026-04-06 15:47:30,New York State Open,live,4,80,43,150,74
2026-04-06 15:47:30,DC International,live,0,100,70,130,80
2026-04-06 15:47:30,DC Open,live,0,100,70,130,81
2026-04-06 15:47:30,"World Open, lower sections",live,0,100,70,130,82
2026-04-06 15:47:30,"World Open, top 6 sections",live,0,100,70,130,86
2026-04-06 15:47:30,Chicago Class,live,1,268,156,461,102
2026-04-06 15:47:30,Pittsburgh Open,live,3,173,93,322,102
2026-04-06 15:47:30,Southern Open,live,0,232,183,282,102
2026-04-06 15:47:30,Bradley Open,live,3,261,159,427,109
2026-04-06 15:47:30,Pacific Coast Open,live,4,381,232,624,116
2026-04-06 15:47:30,Central California Open,live,0,175,144,203,130
2026-04-06 15:47:30,Atlantic Open,live,0,316,251,395,137
2026-04-06 15:47:30,New York State Championship,live,0,304,237,347,151
2026-04-06 15:47:30,National Chess Congress,live,0,623,572,677,236
2026-04-06 15:47:30,Boston Chess Congress,complete,359,359,359,359,0
2026-04-06 15:47:30,Liberty Bell Open,complete,564,564,564,564,0
2026-04-06 15:47:30,Golden State Open,complete,387,387,387,387,0
2026-04-06 15:47:30,George Washington Open,complete,209,209,209,209,0
2026-04-06 15:47:30,Southwest Class Championships,complete,492,492,492,492,0
2026-04-06 15:47:30,Atlantic City Open,complete,401,401,401,401,0
2026-04-06 15:47:30,Western Class Championships,complete,318,318,318,318,0
2026-04-06 15:47:30,Mid-America Open,complete,200,200,200,200,0
2026-04-06 15:47:30,New York State High School Championship,complete,198,198,198,198,0
2026-04-06 15:47:30,New York State Senior Championship With Young Adult Mi,complete,61,61,61,61,0
2026-04-06 15:47:30,New York State Scholastic Championships Grades K-8,complete,1753,1753,1753,1753,0
2026-04-06 15:47:30,Southern Class,complete,195,195,195,195,0
2026-04-06 15:50:26,Chicago Open,live,221,897,859,937,45
2026-04-06 15:50:26,Hartford Open,live,9,209,112,390,60
2026-04-06 15:50:26,Cleveland Open,live,5,208,121,357,60
2026-04-06 15:50:26,New York State Open,live,4,80,43,150,74
2026-04-06 15:50:26,DC International,live,0,100,70,130,80
2026-04-06 15:50:26,DC Open,live,0,100,70,130,81
2026-04-06 15:50:26,"World Open, lower sections",live,0,100,70,130,82
2026-04-06 15:50:26,"World Open, top 6 sections",live,0,100,70,130,86
2026-04-06 15:50:26,Chicago Class,live,1,268,156,461,102
2026-04-06 15:50:26,Pittsburgh Open,live,3,173,93,322,102
2026-04-06 15:50:26,Southern Open,live,0,232,183,282,102
2026-04-06 15:50:26,Bradley Open,live,3,261,159,427,109
2026-04-06 15:50:26,Pacific Coast Open,live,4,381,232,624,116
2026-04-06 15:50:26,Central California Open,live,0,175,144,203,130
2026-04-06 15:50:26,Atlantic Open,live,0,316,251,395,137
2026-04-06 15:50:26,New York State Championship,live,0,304,237,347,151
2026-04-06 15:50:26,National Chess Congress,live,0,623,572,677,236
2026-04-06 15:50:26,Boston Chess Congress,complete,359,359,359,359,0
2026-04-06 15:50:26,Liberty Bell Open,complete,564,564,564,564,0
2026-04-06 15:50:26,Golden State Open,complete,387,387,387,387,0
2026-04-06 15:50:26,George Washington Open,complete,209,209,209,209,0
2026-04-06 15:50:26,Southwest Class Championships,complete,492,492,492,492,0
2026-04-06 15:50:26,Atlantic City Open,complete,401,401,401,401,0
2026-04-06 15:50:26,Western Class Championships,complete,318,318,318,318,0
2026-04-06 15:50:26,Mid-America Open,complete,200,200,200,200,0
2026-04-06 15:50:26,New York State High School Championship,complete,198,198,198,198,0
2026-04-06 15:50:26,New York State Senior Championship With Young Adult Mi,complete,61,61,61,61,0
2026-04-06 15:50:26,New York State Scholastic Championships Grades K-8,complete,1753,1753,1753,1753,0
2026-04-06 15:50:26,Southern Class,complete,195,195,195,195,0
2026-04-06 15:55:05,Chicago Open,live,221,897,859,937,45
2026-04-06 15:55:05,Hartford Open,live,9,209,112,390,60
2026-04-06 15:55:05,Cleveland Open,live,5,208,121,357,60
2026-04-06 15:55:05,New York State Open,live,4,80,43,150,74
2026-04-06 15:55:05,DC International,live,0,100,70,130,80
2026-04-06 15:55:05,DC Open,live,0,100,70,130,81
2026-04-06 15:55:05,"World Open, lower sections",live,0,100,70,130,82
2026-04-06 15:55:05,"World Open, top 6 sections",live,0,100,70,130,86
2026-04-06 15:55:05,Chicago Class,live,1,268,156,461,102
2026-04-06 15:55:05,Pittsburgh Open,live,3,173,93,322,102
2026-04-06 15:55:05,Southern Open,live,0,232,183,282,102
2026-04-06 15:55:05,Bradley Open,live,3,261,159,427,109
2026-04-06 15:55:05,Pacific Coast Open,live,4,381,232,624,116
2026-04-06 15:55:05,Central California Open,live,0,175,144,203,130
2026-04-06 15:55:05,Atlantic Open,live,0,316,251,395,137
2026-04-06 15:55:05,New York State Championship,live,0,304,237,347,151
2026-04-06 15:55:05,National Chess Congress,live,0,623,572,677,236
2026-04-06 15:55:05,Boston Chess Congress,complete,359,359,359,359,0
2026-04-06 15:55:05,Liberty Bell Open,complete,564,564,564,564,0
2026-04-06 15:55:05,Golden State Open,complete,387,387,387,387,0
2026-04-06 15:55:05,George Washington Open,complete,209,209,209,209,0
2026-04-06 15:55:05,Southwest Class Championships,complete,492,492,492,492,0
2026-04-06 15:55:05,Atlantic City Open,complete,401,401,401,401,0
2026-04-06 15:55:05,Western Class Championships,complete,318,318,318,318,0
2026-04-06 15:55:05,Mid-America Open,complete,200,200,200,200,0
2026-04-06 15:55:05,New York State High School Championship,complete,198,198,198,198,0
2026-04-06 15:55:05,New York State Senior Championship With Young Adult Mi,complete,61,61,61,61,0
2026-04-06 15:55:05,New York State Scholastic Championships Grades K-8,complete,1753,1753,1753,1753,0
2026-04-06 15:55:05,Southern Class,complete,195,195,195,195,0
2026-04-06 15:57:27,Chicago Open,live,221,897,859,937,45
2026-04-06 15:57:27,Hartford Open,live,9,209,112,390,60
2026-04-06 15:57:27,Cleveland Open,live,5,208,121,357,60
2026-04-06 15:57:27,New York State Open,live,4,80,43,150,74
2026-04-06 15:57:27,DC International,live,0,100,70,130,80
2026-04-06 15:57:27,DC Open,live,0,100,70,130,81
2026-04-06 15:57:27,"World Open, lower sections",live,0,100,70,130,82
2026-04-06 15:57:27,"World Open, top 6 sections",live,0,100,70,130,86
2026-04-06 15:57:27,Chicago Class,live,1,268,156,461,102
2026-04-06 15:57:27,Pittsburgh Open,live,3,173,93,322,102
2026-04-06 15:57:27,Southern Open,live,0,232,183,282,102
2026-04-06 15:57:27,Bradley Open,live,3,261,159,427,109
2026-04-06 15:57:27,Pacific Coast Open,live,4,381,232,624,116
2026-04-06 15:57:27,Central California Open,live,0,175,144,203,130
2026-04-06 15:57:27,Atlantic Open,live,0,316,251,395,137
2026-04-06 15:57:27,New York State Championship,live,0,304,237,347,151
2026-04-06 15:57:27,National Chess Congress,live,0,623,572,677,236
2026-04-06 15:57:27,Boston Chess Congress,complete,359,359,359,359,0
2026-04-06 15:57:27,Liberty Bell Open,complete,564,564,564,564,0
2026-04-06 15:57:27,Golden State Open,complete,387,387,387,387,0
2026-04-06 15:57:27,George Washington Open,complete,209,209,209,209,0
2026-04-06 15:57:27,Southwest Class Championships,complete,492,492,492,492,0
2026-04-06 15:57:27,Atlantic City Open,complete,401,401,401,401,0
2026-04-06 15:57:27,Western Class Championships,complete,318,318,318,318,0
2026-04-06 15:57:27,Mid-America Open,complete,200,200,200,200,0
2026-04-06 15:57:27,New York State High School Championship,complete,198,198,198,198,0
2026-04-06 15:57:27,New York State Senior Championship With Young Adult Mi,complete,61,61,61,61,0
2026-04-06 15:57:27,New York State Scholastic Championships Grades K-8,complete,1753,1753,1753,1753,0
2026-04-06 15:57:27,Southern Class,complete,195,195,195,195,0
2026-04-06 15:59:49,Chicago Open,live,221,897,859,937,45
2026-04-06 15:59:49,Hartford Open,live,9,209,112,390,60
2026-04-06 15:59:49,Cleveland Open,live,5,208,121,357,60
2026-04-06 15:59:49,New York State Open,live,4,80,43,150,74
2026-04-06 15:59:49,DC International,live,0,100,70,130,80
2026-04-06 15:59:49,DC Open,live,0,100,70,130,81
2026-04-06 15:59:49,"World Open, lower sections",live,0,100,70,130,82
2026-04-06 15:59:49,"World Open, top 6 sections",live,0,100,70,130,86
2026-04-06 15:59:49,Chicago Class,live,1,268,156,461,102
2026-04-06 15:59:49,Pittsburgh Open,live,3,173,93,322,102
2026-04-06 15:59:49,Southern Open,live,0,232,183,282,102
2026-04-06 15:59:49,Bradley Open,live,3,261,159,427,109
2026-04-06 15:59:49,Pacific Coast Open,live,4,381,232,624,116
2026-04-06 15:59:49,Central California Open,live,0,175,144,203,130
2026-04-06 15:59:49,Atlantic Open,live,0,316,251,395,137
2026-04-06 15:59:49,New York State Championship,live,0,304,237,347,151
2026-04-06 15:59:49,National Chess Congress,live,0,623,572,677,236
2026-04-06 15:59:49,Boston Chess Congress,complete,359,359,359,359,0
2026-04-06 15:59:49,Liberty Bell Open,complete,564,564,564,564,0
2026-04-06 15:59:49,Golden State Open,complete,387,387,387,387,0
2026-04-06 15:59:49,George Washington Open,complete,209,209,209,209,0
2026-04-06 15:59:49,Southwest Class Championships,complete,492,492,492,492,0
2026-04-06 15:59:49,Atlantic City Open,complete,401,401,401,401,0
2026-04-06 15:59:49,Western Class Championships,complete,318,318,318,318,0
2026-04-06 15:59:49,Mid-America Open,complete,200,200,200,200,0
2026-04-06 15:59:49,New York State High School Championship,complete,198,198,198,198,0
2026-04-06 15:59:49,New York State Senior Championship With Young Adult Mi,complete,61,61,61,61,0
2026-04-06 15:59:49,New York State Scholastic Championships Grades K-8,complete,1753,1753,1753,1753,0
2026-04-06 15:59:49,Southern Class,complete,195,195,195,195,0
2026-04-06 16:02:04,Chicago Open,live,221,897,859,937,45
2026-04-06 16:02:04,Hartford Open,live,9,209,112,390,60
2026-04-06 16:02:04,Cleveland Open,live,5,208,121,357,60
2026-04-06 16:02:04,New York State Open,live,4,80,43,150,74
2026-04-06 16:02:04,DC International,live,0,100,70,130,80
2026-04-06 16:02:04,DC Open,live,0,100,70,130,81
2026-04-06 16:02:04,"World Open, lower sections",live,0,100,70,130,82
2026-04-06 16:02:04,"World Open, top 6 sections",live,0,100,70,130,86
2026-04-06 16:02:04,Chicago Class,live,1,268,156,461,102
2026-04-06 16:02:04,Pittsburgh Open,live,3,173,93,322,102
2026-04-06 16:02:04,Southern Open,live,0,232,183,282,102
2026-04-06 16:02:04,Bradley Open,live,3,261,159,427,109
2026-04-06 16:02:04,Pacific Coast Open,live,4,381,232,624,116
2026-04-06 16:02:04,Central California Open,live,0,175,144,203,130
2026-04-06 16:02:04,Atlantic Open,live,0,316,251,395,137
2026-04-06 16:02:04,New York State Championship,live,0,304,237,347,151
2026-04-06 16:02:04,National Chess Congress,live,0,623,572,677,236
2026-04-06 16:02:04,Boston Chess Congress,complete,359,359,359,359,0
2026-04-06 16:02:04,Liberty Bell Open,complete,564,564,564,564,0
2026-04-06 16:02:04,Golden State Open,complete,387,387,387,387,0
2026-04-06 16:02:04,George Washington Open,complete,209,209,209,209,0
2026-04-06 16:02:04,Southwest Class Championships,complete,492,492,492,492,0
2026-04-06 16:02:04,Atlantic City Open,complete,401,401,401,401,0
2026-04-06 16:02:04,Western Class Championships,complete,318,318,318,318,0
2026-04-06 16:02:04,Mid-America Open,complete,200,200,200,200,0
2026-04-06 16:02:04,New York State High School Championship,complete,198,198,198,198,0
2026-04-06 16:02:04,New York State Senior Championship With Young Adult Mi,complete,61,61,61,61,0
2026-04-06 16:02:04,New York State Scholastic Championships Grades K-8,complete,1753,1753,1753,1753,0
2026-04-06 16:02:04,Southern Class,complete,195,195,195,195,0
2026-04-06 16:14:06,Chicago Open,live,221,897,859,937,45
2026-04-06 16:14:06,Hartford Open,live,9,209,112,390,60
2026-04-06 16:14:06,Cleveland Open,live,5,208,121,357,60
2026-04-06 16:14:06,New York State Open,live,4,80,43,150,74
2026-04-06 16:14:06,DC International,live,0,100,70,130,80
2026-04-06 16:14:06,DC Open,live,0,100,70,130,81
2026-04-06 16:14:06,"World Open, lower sections",live,0,100,70,130,82
2026-04-06 16:14:06,"World Open, top 6 sections",live,0,100,70,130,86
2026-04-06 16:14:06,Chicago Class,live,1,268,156,461,102
2026-04-06 16:14:06,Pittsburgh Open,live,3,173,93,322,102
2026-04-06 16:14:06,Southern Open,live,0,232,183,282,102
2026-04-06 16:14:06,Bradley Open,live,3,261,159,427,109
2026-04-06 16:14:06,Pacific Coast Open,live,4,381,232,624,116
2026-04-06 16:14:06,Central California Open,live,0,175,144,203,130
2026-04-06 16:14:06,Atlantic Open,live,0,316,251,395,137
2026-04-06 16:14:06,New York State Championship,live,0,304,237,347,151
2026-04-06 16:14:06,National Chess Congress,live,0,623,572,677,236
2026-04-06 16:14:06,Boston Chess Congress,complete,359,359,359,359,0
2026-04-06 16:14:06,Liberty Bell Open,complete,564,564,564,564,0
2026-04-06 16:14:06,Golden State Open,complete,387,387,387,387,0
2026-04-06 16:14:06,George Washington Open,complete,209,209,209,209,0
2026-04-06 16:14:06,Southwest Class Championships,complete,492,492,492,492,0
2026-04-06 16:14:06,Atlantic City Open,complete,401,401,401,401,0
2026-04-06 16:14:06,Western Class Championships,complete,318,318,318,318,0
2026-04-06 16:14:06,Mid-America Open,complete,200,200,200,200,0
2026-04-06 16:14:06,New York State High School Championship,complete,198,198,198,198,0
2026-04-06 16:14:06,New York State Senior Championship With Young Adult Mi,complete,61,61,61,61,0
2026-04-06 16:14:06,New York State Scholastic Championships Grades K-8,complete,1753,1753,1753,1753,0
2026-04-06 16:14:06,Southern Class,complete,195,195,195,195,0
2026-04-06 16:17:17,Chicago Open,live,221,901,863,940,45
2026-04-06 16:17:17,Hartford Open,live,9,209,112,390,60
2026-04-06 16:17:17,Cleveland Open,live,5,207,121,356,60
2026-04-06 16:17:17,New York State Open,live,4,80,43,149,74
2026-04-06 16:17:17,DC International,live,0,100,70,130,80
2026-04-06 16:17:17,World Open lower sections,live,2,134,73,249,81
2026-04-06 16:17:17,DC Open,live,0,100,70,130,81
2026-04-06 16:17:17,"World Open, lower sections",live,0,100,70,130,82
2026-04-06 16:17:17,World Open Under 13 Championship,live,0,100,70,130,84
2026-04-06 16:17:17,"World Open, top 6 sections",live,0,100,70,130,86
2026-04-06 16:17:17,World Open top 6 sections,live,28,1095,668,1796,89
2026-04-06 16:17:17,Chicago Class,live,1,269,157,463,102
2026-04-06 16:17:17,Pittsburgh Open,live,3,174,94,323,102
2026-04-06 16:17:17,Southern Open,live,0,232,183,282,102
2026-04-06 16:17:17,Bradley Open,live,3,262,160,429,109
2026-04-06 16:17:17,Pacific Coast Open,live,4,382,233,627,116
2026-04-06 16:17:17,Central California Open,live,0,175,144,203,130
2026-04-06 16:17:17,Atlantic Open,live,0,316,251,395,137
2026-04-06 16:17:17,New York State Championship,live,0,304,237,347,151
2026-04-06 16:17:17,National Chess Congress,live,0,623,572,677,236
2026-04-06 16:17:17,Boston Chess Congress,complete,359,359,359,359,0
2026-04-06 16:17:17,Liberty Bell Open,complete,564,564,564,564,0
2026-04-06 16:17:17,Golden State Open,complete,387,387,387,387,0
2026-04-06 16:17:17,George Washington Open,complete,209,209,209,209,0
2026-04-06 16:17:17,Southwest Class Championships,complete,492,492,492,492,0
2026-04-06 16:17:17,Atlantic City Open,complete,401,401,401,401,0
2026-04-06 16:17:17,Western Class Championships,complete,318,318,318,318,0
2026-04-06 16:17:17,Mid-America Open,complete,200,200,200,200,0
2026-04-06 16:17:17,New York State High School Championship,complete,198,198,198,198,0
2026-04-06 16:17:17,New York State Senior Championship With Young Adult Mi,complete,61,61,61,61,0
2026-04-06 16:17:17,New York State Scholastic Championships Grades K-8,complete,1753,1753,1753,1753,0
2026-04-06 16:17:17,Southern Class,complete,195,195,195,195,0
2026-04-06 16:20:22,Chicago Open,live,221,901,863,940,45
2026-04-06 16:20:22,Hartford Open,live,9,209,112,390,60
2026-04-06 16:20:22,Cleveland Open,live,5,207,121,356,60
2026-04-06 16:20:22,New York State Open,live,4,80,43,149,74
2026-04-06 16:20:22,DC International,live,0,100,70,130,80
2026-04-06 16:20:22,World Open lower sections,live,2,134,73,249,81
2026-04-06 16:20:22,DC Open,live,0,100,70,130,81
2026-04-06 16:20:22,"World Open, lower sections",live,0,100,70,130,82
2026-04-06 16:20:22,World Open Under 13 Championship,live,0,100,70,130,84
2026-04-06 16:20:22,"World Open, top 6 sections",live,0,100,70,130,86
2026-04-06 16:20:22,World Open top 6 sections,live,28,1095,668,1796,89
2026-04-06 16:20:22,Chicago Class,live,1,269,157,463,102
2026-04-06 16:20:22,Pittsburgh Open,live,3,174,94,323,102
2026-04-06 16:20:22,Southern Open,live,0,232,183,282,102
2026-04-06 16:20:22,Bradley Open,live,3,262,160,429,109
2026-04-06 16:20:22,Pacific Coast Open,live,4,382,233,627,116
2026-04-06 16:20:22,Central California Open,live,0,175,144,203,130
2026-04-06 16:20:22,Atlantic Open,live,0,316,251,395,137
2026-04-06 16:20:22,New York State Championship,live,0,304,237,347,151
2026-04-06 16:20:22,National Chess Congress,live,0,623,572,677,236
2026-04-06 16:20:22,Boston Chess Congress,complete,359,359,359,359,0
2026-04-06 16:20:22,Liberty Bell Open,complete,564,564,564,564,0
2026-04-06 16:20:22,Golden State Open,complete,387,387,387,387,0
2026-04-06 16:20:22,George Washington Open,complete,209,209,209,209,0
2026-04-06 16:20:22,Southwest Class Championships,complete,492,492,492,492,0
2026-04-06 16:20:22,Atlantic City Open,complete,401,401,401,401,0
2026-04-06 16:20:22,Western Class Championships,complete,318,318,318,318,0
2026-04-06 16:20:22,Mid-America Open,complete,200,200,200,200,0
2026-04-06 16:20:22,New York State High School Championship,complete,198,198,198,198,0
2026-04-06 16:20:22,New York State Senior Championship With Young Adult Mi,complete,61,61,61,61,0
2026-04-06 16:20:22,New York State Scholastic Championships Grades K-8,complete,1753,1753,1753,1753,0
2026-04-06 16:20:22,Southern Class,complete,195,195,195,195,0
2026-04-06 16:28:45,Chicago Open,live,221,901,863,940,45
2026-04-06 16:28:45,Hartford Open,live,9,209,112,390,60
2026-04-06 16:28:45,Cleveland Open,live,5,207,121,356,60
2026-04-06 16:28:45,New York State Open,live,4,80,43,149,74
2026-04-06 16:28:45,DC International,live,0,100,70,130,80
2026-04-06 16:28:45,World Open lower sections,live,2,134,73,249,81
2026-04-06 16:28:45,DC Open,live,0,100,70,130,81
2026-04-06 16:28:45,World Open Under 13 Championship,live,0,100,70,130,84
2026-04-06 16:28:45,World Open top 6 sections,live,28,1095,668,1796,89
2026-04-06 16:28:45,Chicago Class,live,1,269,157,463,102
2026-04-06 16:28:45,Pittsburgh Open,live,3,174,94,323,102
2026-04-06 16:28:45,Southern Open,live,0,232,183,282,102
2026-04-06 16:28:45,Bradley Open,live,3,262,160,429,109
2026-04-06 16:28:45,Pacific Coast Open,live,4,382,233,627,116
2026-04-06 16:28:45,Central California Open,live,0,175,144,203,130
2026-04-06 16:28:45,Atlantic Open,live,0,316,251,395,137
2026-04-06 16:28:45,New York State Championship,live,0,304,237,347,151
2026-04-06 16:28:45,National Chess Congress,live,0,623,572,677,236
2026-04-06 16:28:45,Boston Chess Congress,complete,359,359,359,359,0
2026-04-06 16:28:45,Liberty Bell Open,complete,564,564,564,564,0
2026-04-06 16:28:45,Golden State Open,complete,387,387,387,387,0
2026-04-06 16:28:45,George Washington Open,complete,209,209,209,209,0
2026-04-06 16:28:45,Southwest Class Championships,complete,492,492,492,492,0
2026-04-06 16:28:45,Atlantic City Open,complete,401,401,401,401,0
2026-04-06 16:28:45,Western Class Championships,complete,318,318,318,318,0
2026-04-06 16:28:45,Mid-America Open,complete,200,200,200,200,0
2026-04-06 16:28:45,New York State High School Championship,complete,198,198,198,198,0
2026-04-06 16:28:45,New York State Senior Championship With Young Adult Mi,complete,61,61,61,61,0
2026-04-06 16:28:45,New York State Scholastic Championships Grades K-8,complete,1753,1753,1753,1753,0
2026-04-06 16:28:45,Southern Class,complete,195,195,195,195,0
2026-04-06 16:40:44,Chicago Open,live,221,901,863,940,45
2026-04-06 16:40:44,Hartford Open,live,9,209,112,390,60
2026-04-06 16:40:44,Cleveland Open,live,5,207,121,356,60
2026-04-06 16:40:44,New York State Open,live,4,80,43,149,74
2026-04-06 16:40:44,DC International,live,0,100,70,130,80
2026-04-06 16:40:44,World Open lower sections,live,2,134,73,249,81
2026-04-06 16:40:44,DC Open,live,0,100,70,130,81
2026-04-06 16:40:44,World Open Under 13 Championship,live,0,100,70,130,84
2026-04-06 16:40:44,World Open top 6 sections,live,28,1095,668,1796,89
2026-04-06 16:40:44,Chicago Class,live,1,269,157,463,102
2026-04-06 16:40:44,Pittsburgh Open,live,3,174,94,323,102
2026-04-06 16:40:44,Southern Open,live,0,232,183,282,102
2026-04-06 16:40:44,Bradley Open,live,3,262,160,429,109
2026-04-06 16:40:44,Pacific Coast Open,live,4,382,233,627,116
2026-04-06 16:40:44,Central California Open,live,0,175,144,203,130
2026-04-06 16:40:44,Atlantic Open,live,0,316,251,395,137
2026-04-06 16:40:44,New York State Championship,live,0,304,237,347,151
2026-04-06 16:40:44,National Chess Congress,live,0,623,572,677,236
2026-04-06 16:40:44,Boston Chess Congress,complete,359,359,359,359,0
2026-04-06 16:40:44,Liberty Bell Open,complete,564,564,564,564,0
2026-04-06 16:40:44,Golden State Open,complete,387,387,387,387,0
2026-04-06 16:40:44,George Washington Open,complete,209,209,209,209,0
2026-04-06 16:40:44,Southwest Class Championships,complete,492,492,492,492,0
2026-04-06 16:40:44,Atlantic City Open,complete,401,401,401,401,0
2026-04-06 16:40:44,Western Class Championships,complete,318,318,318,318,0
2026-04-06 16:40:44,Mid-America Open,complete,200,200,200,200,0
2026-04-06 16:40:44,New York State High School Championship,complete,198,198,198,198,0
2026-04-06 16:40:44,New York State Senior Championship With Young Adult Mi,complete,61,61,61,61,0
2026-04-06 16:40:44,New York State Scholastic Championships Grades K-8,complete,1753,1753,1753,1753,0
2026-04-06 16:40:44,Southern Class,complete,195,195,195,195,0
2026-04-06 21:42:42,Chicago Open,live,221,901,863,940,45
2026-04-06 21:42:42,Hartford Open,live,9,209,112,390,60
2026-04-06 21:42:42,Cleveland Open,live,5,207,121,356,60
2026-04-06 21:42:42,New York State Open,live,4,80,43,149,74
2026-04-06 21:42:42,DC International,live,0,100,70,130,80
2026-04-06 21:42:42,World Open lower sections,live,2,134,73,249,81
2026-04-06 21:42:42,DC Open,live,0,100,70,130,81
2026-04-06 21:42:42,World Open Under 13 Championship,live,0,100,70,130,84
2026-04-06 21:42:42,World Open top 6 sections,live,28,1095,668,1796,89
2026-04-06 21:42:42,Chicago Class,live,1,269,157,463,102
2026-04-06 21:42:42,Pittsburgh Open,live,3,174,94,323,102
2026-04-06 21:42:42,Southern Open,live,0,232,183,282,102
2026-04-06 21:42:42,Bradley Open,live,3,262,160,429,109
2026-04-06 21:42:42,Pacific Coast Open,live,4,382,233,627,116
2026-04-06 21:42:42,Central California Open,live,0,175,144,203,130
2026-04-06 21:42:42,Atlantic Open,live,0,316,251,395,137
2026-04-06 21:42:42,New York State Championship,live,0,304,237,347,151
2026-04-06 21:42:42,National Chess Congress,live,0,623,572,677,236
2026-04-06 21:42:42,Boston Chess Congress,complete,359,359,359,359,0
2026-04-06 21:42:42,Liberty Bell Open,complete,564,564,564,564,0
2026-04-06 21:42:42,Golden State Open,complete,387,387,387,387,0
2026-04-06 21:42:42,George Washington Open,complete,209,209,209,209,0
2026-04-06 21:42:42,Southwest Class Championships,complete,492,492,492,492,0
2026-04-06 21:42:42,Atlantic City Open,complete,401,401,401,401,0
2026-04-06 21:42:42,Western Class Championships,complete,318,318,318,318,0
2026-04-06 21:42:42,Mid-America Open,complete,200,200,200,200,0
2026-04-06 21:42:42,New York State High School Championship,complete,198,198,198,198,0
2026-04-06 21:42:42,New York State Senior Championship With Young Adult Mi,complete,61,61,61,61,0
2026-04-06 21:42:42,New York State Scholastic Championships Grades K-8,complete,1753,1753,1753,1753,0
2026-04-06 21:42:42,Southern Class,complete,195,195,195,195,0
2026-04-13 18:04:00,Chicago Open,live,260,905,875,936,38
2026-04-13 18:04:00,Hartford Open,live,12,220,134,361,53
2026-04-13 18:04:00,Cleveland Open,live,7,205,125,336,53
2026-04-13 18:04:00,New York State Open,live,6,80,43,149,67
2026-04-13 18:04:00,DC International,live,7,116,103,130,73
2026-04-13 18:04:00,DC Open,live,2,299,248,362,74
2026-04-13 18:04:00,"World Open, lower sections",live,55,100,70,130,75
2026-04-13 18:04:00,World Open Under 13 Championship,live,55,110,77,145,77
2026-04-13 18:04:00,"World Open, top 6 sections",live,55,100,70,130,79
2026-04-13 18:04:00,Chicago Class,live,1,269,156,462,95
2026-04-13 18:04:00,Pittsburgh Open,live,3,173,93,321,95
2026-04-13 18:04:00,Southern Open,live,0,232,183,282,95
2026-04-13 18:04:00,Bradley Open,live,3,260,159,427,102
2026-04-13 18:04:00,Pacific Coast Open,live,4,381,232,624,109
2026-04-13 18:04:00,Central California Open,live,1,175,144,203,123
2026-04-13 18:04:00,Atlantic Open,live,1,316,251,395,130
2026-04-13 18:04:00,New York State Championship,live,3,304,237,347,144
2026-04-13 18:04:00,National Chess Congress,live,0,623,572,677,229
2026-04-13 18:04:00,Boston Chess Congress,complete,359,359,359,359,0
2026-04-13 18:04:00,Liberty Bell Open,complete,564,564,564,564,0
2026-04-13 18:04:00,Golden State Open,complete,387,387,387,387,0
2026-04-13 18:04:00,George Washington Open,complete,209,209,209,209,0
2026-04-13 18:04:00,Southwest Class Championships,complete,492,492,492,492,0
2026-04-13 18:04:00,Atlantic City Open,complete,401,401,401,401,0
2026-04-13 18:04:00,Western Class Championships,complete,318,318,318,318,0
2026-04-13 18:04:00,Mid-America Open,complete,200,200,200,200,0
2026-04-13 18:04:00,New York State High School Championship,complete,198,198,198,198,0
2026-04-13 18:04:00,New York State Senior Championship With Young Adult Mi,complete,61,61,61,61,0
2026-04-13 18:04:00,New York State Scholastic Championships Grades K-8,complete,1753,1753,1753,1753,0
2026-04-13 18:04:00,Southern Class,complete,195,195,195,195,0
2026-04-13 18:06:35,Chicago Open,live,263,907,877,938,38
2026-04-13 18:06:35,Hartford Open,live,12,220,134,361,53
2026-04-13 18:06:35,Cleveland Open,live,7,205,125,336,53
2026-04-13 18:06:35,New York State Open,live,6,80,43,149,67
2026-04-13 18:06:35,DC International,live,7,116,103,130,73
2026-04-13 18:06:35,DC Open,live,2,299,248,362,74
2026-04-13 18:06:35,"World Open, lower sections",live,56,100,70,130,74
2026-04-13 18:06:35,World Open Under 13 Championship,live,2,110,77,145,77
2026-04-13 18:06:35,"World Open, top 6 sections",live,56,100,70,130,79
2026-04-13 18:06:35,Chicago Class,live,1,269,156,462,95
2026-04-13 18:06:35,Pittsburgh Open,live,3,173,93,321,95
2026-04-13 18:06:35,Southern Open,live,0,232,183,282,95
2026-04-13 18:06:35,Bradley Open,live,3,260,159,427,102
2026-04-13 18:06:35,Pacific Coast Open,live,4,381,232,624,109
2026-04-13 18:06:35,Continental Open,live,0,283,252,317,122
2026-04-13 18:06:35,Central California Open,live,1,175,144,203,123
2026-04-13 18:06:35,Atlantic Open,live,1,316,251,395,130
2026-04-13 18:06:35,New York State Championship,live,3,304,237,347,144
2026-04-13 18:06:35,National Chess Congress,live,0,623,572,677,229
2026-04-13 18:06:35,Boston Chess Congress,complete,359,359,359,359,0
2026-04-13 18:06:35,Liberty Bell Open,complete,564,564,564,564,0
2026-04-13 18:06:35,Golden State Open,complete,387,387,387,387,0
2026-04-13 18:06:35,George Washington Open,complete,209,209,209,209,0
2026-04-13 18:06:35,Southwest Class Championships,complete,492,492,492,492,0
2026-04-13 18:06:35,Atlantic City Open,complete,401,401,401,401,0
2026-04-13 18:06:35,Western Class Championships,complete,318,318,318,318,0
2026-04-13 18:06:35,Mid-America Open,complete,200,200,200,200,0
2026-04-13 18:06:35,New York State High School Championship,complete,198,198,198,198,0
2026-04-13 18:06:35,New York State Senior Championship With Young Adult Mi,complete,61,61,61,61,0
2026-04-13 18:06:35,New York State Scholastic Championships Grades K-8,complete,1753,1753,1753,1753,0
2026-04-13 18:06:35,Southern Class,complete,195,195,195,195,0
2026-04-13 18:22:54,Chicago Open,live,263,903,872,934,38
2026-04-13 18:22:54,Hartford Open,live,12,220,134,361,53
2026-04-13 18:22:54,Cleveland Open,live,7,205,125,336,53
2026-04-13 18:22:54,New York State Open,live,6,80,43,149,67
2026-04-13 18:22:54,DC International,live,7,116,103,130,73
2026-04-13 18:22:54,World Open G/50 Championship,live,0,100,70,130,73
2026-04-13 18:22:54,DC Open,live,2,299,248,362,74
2026-04-13 18:22:54,"World Open, lower sections",live,56,145,135,151,74
2026-04-13 18:22:54,World Open Under 13 Championship,live,2,110,77,145,77
2026-04-13 18:22:54,World Open G/7 Championship,live,0,100,70,130,79
2026-04-13 18:22:54,"World Open, top 6 sections",live,56,1288,1177,1424,79
2026-04-13 18:22:54,World Open G/10 Championship,live,0,100,70,130,82
2026-04-13 18:22:54,Chicago Class,live,1,269,157,463,95
2026-04-13 18:22:54,Pittsburgh Open,live,3,173,93,322,95
2026-04-13 18:22:54,Southern Open,live,0,232,183,282,95
2026-04-13 18:22:54,Bradley Open,live,3,261,159,428,102
2026-04-13 18:22:54,Pacific Coast Open,live,4,382,233,626,109
2026-04-13 18:22:54,Continental Open,live,0,283,252,317,122
2026-04-13 18:22:54,Central California Open,live,1,175,144,203,123
2026-04-13 18:22:54,Atlantic Open,live,1,316,251,395,130
2026-04-13 18:22:54,New York State Championship,live,3,304,237,347,144
2026-04-13 18:22:54,National Chess Congress,live,0,623,572,677,229
2026-04-13 18:22:54,Boston Chess Congress,complete,359,359,359,359,0
2026-04-13 18:22:54,Liberty Bell Open,complete,564,564,564,564,0
2026-04-13 18:22:54,Golden State Open,complete,387,387,387,387,0
2026-04-13 18:22:54,George Washington Open,complete,209,209,209,209,0
2026-04-13 18:22:54,Southwest Class Championships,complete,492,492,492,492,0
2026-04-13 18:22:54,Atlantic City Open,complete,401,401,401,401,0
2026-04-13 18:22:54,Western Class Championships,complete,318,318,318,318,0
2026-04-13 18:22:54,Mid-America Open,complete,200,200,200,200,0
2026-04-13 18:22:54,New York State High School Championship,complete,198,198,198,198,0
2026-04-13 18:22:54,New York State Senior Championship With Young Adult Mi,complete,61,61,61,61,0
2026-04-13 18:22:54,New York State Scholastic Championships Grades K-8,complete,1753,1753,1753,1753,0
2026-04-13 18:22:54,Southern Class,complete,195,195,195,195,0
2026-04-13 18:24:20,Chicago Open,live,263,903,872,934,38
2026-04-13 18:24:20,Hartford Open,live,12,220,134,361,53
2026-04-13 18:24:20,Cleveland Open,live,7,205,125,336,53
2026-04-13 18:24:20,New York State Open,live,6,80,43,149,67
2026-04-13 18:24:20,DC International,live,7,116,103,130,73
2026-04-13 18:24:20,World Open G/50 Championship,live,0,100,70,130,73
2026-04-13 18:24:20,DC Open,live,2,299,248,362,74
2026-04-13 18:24:20,"World Open, lower sections",live,56,145,135,151,74
2026-04-13 18:24:20,World Open Under 13 Championship,live,2,110,77,145,77
2026-04-13 18:24:20,World Open G/7 Championship,live,0,100,70,130,79
2026-04-13 18:24:20,"World Open, top 6 sections",live,56,1288,1177,1424,79
2026-04-13 18:24:20,World Open G/10 Championship,live,0,100,70,130,82
2026-04-13 18:24:20,Chicago Class,live,1,269,157,463,95
2026-04-13 18:24:20,Pittsburgh Open,live,3,173,93,322,95
2026-04-13 18:24:20,Southern Open,live,0,232,183,282,95
2026-04-13 18:24:20,Bradley Open,live,3,261,159,428,102
2026-04-13 18:24:20,Pacific Coast Open,live,4,382,233,626,109
2026-04-13 18:24:20,Continental Open,live,0,283,252,317,122
2026-04-13 18:24:20,Central California Open,live,1,175,144,203,123
2026-04-13 18:24:20,Atlantic Open,live,1,316,251,395,130
2026-04-13 18:24:20,New York State Championship,live,3,304,237,347,144
2026-04-13 18:24:20,National Chess Congress,live,0,623,572,677,229
2026-04-13 18:24:20,Boston Chess Congress,complete,359,359,359,359,0
2026-04-13 18:24:20,Liberty Bell Open,complete,564,564,564,564,0
2026-04-13 18:24:20,Golden State Open,complete,387,387,387,387,0
2026-04-13 18:24:20,George Washington Open,complete,209,209,209,209,0
2026-04-13 18:24:20,Southwest Class Championships,complete,492,492,492,492,0
2026-04-13 18:24:20,Atlantic City Open,complete,401,401,401,401,0
2026-04-13 18:24:20,Western Class Championships,complete,318,318,318,318,0
2026-04-13 18:24:20,Mid-America Open,complete,200,200,200,200,0
2026-04-13 18:24:20,New York State High School Championship,complete,198,198,198,198,0
2026-04-13 18:24:20,New York State Senior Championship With Young Adult Mi,complete,61,61,61,61,0
2026-04-13 18:24:20,New York State Scholastic Championships Grades K-8,complete,1753,1753,1753,1753,0
2026-04-13 18:24:20,Southern Class,complete,195,195,195,195,0
2026-04-13 18:29:12,Chicago Open,live,263,903,872,934,38
2026-04-13 18:29:12,Hartford Open,live,12,220,134,361,53
2026-04-13 18:29:12,Cleveland Open,live,7,205,125,336,53
2026-04-13 18:29:12,New York State Open,live,6,80,43,149,67
2026-04-13 18:29:12,DC International,live,7,116,103,130,73
2026-04-13 18:29:12,DC Open,live,2,299,248,362,74
2026-04-13 18:29:12,"World Open, lower sections",live,56,145,135,151,74
2026-04-13 18:29:12,World Open Under 13 Championship,live,2,110,77,145,77
2026-04-13 18:29:12,"World Open, top 6 sections",live,56,1288,1177,1424,79
2026-04-13 18:29:12,Chicago Class,live,1,269,157,463,95
2026-04-13 18:29:12,Pittsburgh Open,live,3,173,93,322,95
2026-04-13 18:29:12,Southern Open,live,0,232,183,282,95
2026-04-13 18:29:12,Bradley Open,live,3,261,159,428,102
2026-04-13 18:29:12,Pacific Coast Open,live,4,382,233,626,109
2026-04-13 18:29:12,Continental Open,live,0,283,252,317,122
2026-04-13 18:29:12,Central California Open,live,1,175,144,203,123
2026-04-13 18:29:12,Atlantic Open,live,1,316,251,395,130
2026-04-13 18:29:12,New York State Championship,live,3,304,237,347,144
2026-04-13 18:29:12,National Chess Congress,live,0,623,572,677,229
2026-04-13 18:29:12,Boston Chess Congress,complete,359,359,359,359,0
2026-04-13 18:29:12,Liberty Bell Open,complete,564,564,564,564,0
2026-04-13 18:29:12,Golden State Open,complete,387,387,387,387,0
2026-04-13 18:29:12,George Washington Open,complete,209,209,209,209,0
2026-04-13 18:29:12,Southwest Class Championships,complete,492,492,492,492,0
2026-04-13 18:29:12,Atlantic City Open,complete,401,401,401,401,0
2026-04-13 18:29:12,Western Class Championships,complete,318,318,318,318,0
2026-04-13 18:29:12,Mid-America Open,complete,200,200,200,200,0
2026-04-13 18:29:12,New York State High School Championship,complete,198,198,198,198,0
2026-04-13 18:29:12,New York State Senior Championship With Young Adult Mi,complete,61,61,61,61,0
2026-04-13 18:29:12,New York State Scholastic Championships Grades K-8,complete,1753,1753,1753,1753,0
2026-04-13 18:29:12,Southern Class,complete,195,195,195,195,0
2026-04-15 23:14:42,Chicago Open,live,272,884,855,913,36
2026-04-15 23:14:42,Hartford Open,live,12,219,134,359,51
2026-04-15 23:14:42,Cleveland Open,live,8,209,127,342,51
2026-04-15 23:14:42,New York State Open,live,6,80,43,149,65
2026-04-15 23:14:42,DC International,live,7,111,99,125,71
2026-04-15 23:14:42,DC Open,live,2,296,244,359,72
2026-04-15 23:14:42,"World Open, lower sections",live,57,145,135,151,72
2026-04-15 23:14:42,World Open Under 13 Championship,live,3,110,77,145,75
2026-04-15 23:14:42,"World Open, top 6 sections",live,57,1288,1177,1424,77
2026-04-15 23:14:42,Chicago Class,live,1,269,157,463,93
2026-04-15 23:14:42,Pittsburgh Open,live,3,177,95,328,93
2026-04-15 23:14:42,Southern Open,live,0,232,183,282,93
2026-04-15 23:14:42,Bradley Open,live,3,261,159,428,100
2026-04-15 23:14:42,Pacific Coast Open,live,4,381,233,625,107
2026-04-15 23:14:42,Continental Open,live,0,283,252,317,120
2026-04-15 23:14:42,Central California Open,live,1,175,144,203,121
2026-04-15 23:14:42,Atlantic Open,live,1,316,251,395,128
2026-04-15 23:14:42,New York State Championship,live,3,304,237,347,142
2026-04-15 23:14:42,National Chess Congress,live,0,623,572,677,227
2026-04-15 23:14:42,Boston Chess Congress,complete,359,359,359,359,0
2026-04-15 23:14:42,Liberty Bell Open,complete,564,564,564,564,0
2026-04-15 23:14:42,Golden State Open,complete,387,387,387,387,0
2026-04-15 23:14:42,George Washington Open,complete,209,209,209,209,0
2026-04-15 23:14:42,Southwest Class Championships,complete,492,492,492,492,0
2026-04-15 23:14:42,Atlantic City Open,complete,401,401,401,401,0
2026-04-15 23:14:42,Western Class Championships,complete,318,318,318,318,0
2026-04-15 23:14:42,Mid-America Open,complete,200,200,200,200,0
2026-04-15 23:14:42,New York State High School Championship,complete,198,198,198,198,0
2026-04-15 23:14:42,New York State Senior Championship With Young Adult Mi,complete,61,61,61,61,0
2026-04-15 23:14:42,New York State Scholastic Championships Grades K-8,complete,1753,1753,1753,1753,0
2026-04-15 23:14:42,Southern Class,complete,195,195,195,195,0
2026-04-15 23:16:55,Chicago Open,live,272,884,855,913,36
2026-04-15 23:16:55,Hartford Open,live,12,219,134,359,51
2026-04-15 23:16:55,Cleveland Open,live,8,209,127,342,51
2026-04-15 23:16:55,New York State Open,live,6,80,43,149,65
2026-04-15 23:16:55,DC International,live,7,111,99,125,71
2026-04-15 23:16:55,DC Open,live,2,296,244,359,72
2026-04-15 23:16:55,"World Open, lower sections",live,57,145,135,151,72
2026-04-15 23:16:55,World Open Under 13 Championship,live,3,110,77,145,75
2026-04-15 23:16:55,"World Open, top 6 sections",live,57,1288,1177,1424,77
2026-04-15 23:16:55,Chicago Class,live,1,269,157,463,93
2026-04-15 23:16:55,Pittsburgh Open,live,3,177,95,328,93
2026-04-15 23:16:55,Southern Open,live,0,232,183,282,93
2026-04-15 23:16:55,Bradley Open,live,3,261,159,428,100
2026-04-15 23:16:55,Pacific Coast Open,live,4,381,233,625,107
2026-04-15 23:16:55,Continental Open,live,0,283,252,317,120
2026-04-15 23:16:55,Central California Open,live,1,175,144,203,121
2026-04-15 23:16:55,Atlantic Open,live,1,316,251,395,128
2026-04-15 23:16:55,New York State Championship,live,3,304,237,347,142
2026-04-15 23:16:55,National Chess Congress,live,0,623,572,677,227
2026-04-15 23:16:55,Boston Chess Congress,complete,359,359,359,359,0
2026-04-15 23:16:55,Liberty Bell Open,complete,564,564,564,564,0
2026-04-15 23:16:55,Golden State Open,complete,387,387,387,387,0
2026-04-15 23:16:55,George Washington Open,complete,209,209,209,209,0
2026-04-15 23:16:55,Southwest Class Championships,complete,492,492,492,492,0
2026-04-15 23:16:55,Atlantic City Open,complete,401,401,401,401,0
2026-04-15 23:16:55,Western Class Championships,complete,318,318,318,318,0
2026-04-15 23:16:55,Mid-America Open,complete,200,200,200,200,0
2026-04-15 23:16:55,New York State High School Championship,complete,198,198,198,198,0
2026-04-15 23:16:55,New York State Senior Championship With Young Adult Mi,complete,61,61,61,61,0
2026-04-15 23:16:55,New York State Scholastic Championships Grades K-8,complete,1753,1753,1753,1753,0
2026-04-15 23:16:55,Southern Class,complete,195,195,195,195,0
2026-04-15 23:22:25,Chicago Open,live,272,884,855,913,36
2026-04-15 23:22:25,Hartford Open,live,12,219,134,359,51
2026-04-15 23:22:25,Cleveland Open,live,8,209,127,342,51
2026-04-15 23:22:25,New York State Open,live,6,80,43,149,65
2026-04-15 23:22:25,DC International,live,7,111,99,125,71
2026-04-15 23:22:25,DC Open,live,2,296,244,359,72
2026-04-15 23:22:25,"World Open, lower sections",live,57,145,135,151,72
2026-04-15 23:22:25,World Open Under 13 Championship,live,3,110,77,145,75
2026-04-15 23:22:25,"World Open, top 6 sections",live,57,1288,1177,1424,77
2026-04-15 23:22:25,Chicago Class,live,1,269,157,463,93
2026-04-15 23:22:25,Pittsburgh Open,live,3,177,95,328,93
2026-04-15 23:22:25,Southern Open,live,0,232,183,282,93
2026-04-15 23:22:25,Bradley Open,live,3,261,159,428,100
2026-04-15 23:22:25,Pacific Coast Open,live,4,381,233,625,107
2026-04-15 23:22:25,Continental Open,live,0,283,252,317,120
2026-04-15 23:22:25,Central California Open,live,1,175,144,203,121
2026-04-15 23:22:25,Atlantic Open,live,1,316,251,395,128
2026-04-15 23:22:25,New York State Championship,live,3,304,237,347,142
2026-04-15 23:22:25,National Chess Congress,live,0,623,572,677,227
2026-04-15 23:22:25,Boston Chess Congress,complete,359,359,359,359,0
2026-04-15 23:22:25,Liberty Bell Open,complete,564,564,564,564,0
2026-04-15 23:22:25,Golden State Open,complete,387,387,387,387,0
2026-04-15 23:22:25,George Washington Open,complete,209,209,209,209,0
2026-04-15 23:22:25,Southwest Class Championships,complete,492,492,492,492,0
2026-04-15 23:22:25,Atlantic City Open,complete,401,401,401,401,0
2026-04-15 23:22:25,Western Class Championships,complete,318,318,318,318,0
2026-04-15 23:22:25,Mid-America Open,complete,200,200,200,200,0
2026-04-15 23:22:25,New York State High School Championship,complete,198,198,198,198,0
2026-04-15 23:22:25,New York State Senior Championship With Young Adult Mi,complete,61,61,61,61,0
2026-04-15 23:22:25,New York State Scholastic Championships Grades K-8,complete,1753,1753,1753,1753,0
2026-04-15 23:22:25,Southern Class,complete,195,195,195,195,0
2026-04-23 21:22:35,Chicago Open,live,313,888,859,918,28
2026-04-23 21:22:35,Hartford Open,live,13,207,126,339,43
2026-04-23 21:22:35,Cleveland Open,live,13,211,129,346,43
2026-04-23 21:22:35,New York State Open,live,11,104,59,186,57
2026-04-23 21:22:35,DC International,live,9,105,95,115,63
2026-04-23 21:22:35,World Open lower sections,live,81,142,99,204,64
2026-04-23 21:22:35,DC Open,live,2,294,238,363,64
2026-04-23 21:22:35,World Open Under 13 Championship,live,4,110,77,145,67
2026-04-23 21:22:35,World Open top 6 sections,live,81,1113,880,1409,69
2026-04-23 21:22:35,Chicago Class,live,1,268,156,460,85
2026-04-23 21:22:35,Pittsburgh Open,live,3,166,93,298,85
2026-04-23 21:22:35,Southern Open,live,0,232,183,282,85
2026-04-23 21:22:35,Bradley Open,live,4,265,152,462,92
2026-04-23 21:22:35,Pacific Coast Open,live,7,394,235,661,99
2026-04-23 21:22:35,Continental Open,live,1,283,252,317,112
2026-04-23 21:22:35,Central California Open,live,1,175,144,203,113
2026-04-23 21:22:35,Atlantic Open,live,1,316,251,395,120
2026-04-23 21:22:35,Indianapolis Open,live,0,186,175,198,120
2026-04-23 21:22:35,New York State Championship,live,5,304,237,347,134
2026-04-23 21:22:35,Midwest Class Championships,live,0,313,296,338,169
2026-04-23 21:22:35,Eastern Class Championships (in Connecticut),live,0,100,70,130,176
2026-04-23 21:22:35,Eastern Chess Congress (in New Jersey),live,0,100,70,130,183
2026-04-23 21:22:35,National Chess Congress,live,0,623,572,677,219
2026-04-23 21:22:35,Boston Chess Congress,complete,359,359,359,359,0
2026-04-23 21:22:35,Liberty Bell Open,complete,564,564,564,564,0
2026-04-23 21:22:35,Golden State Open,complete,387,387,387,387,0
2026-04-23 21:22:35,George Washington Open,complete,209,209,209,209,0
2026-04-23 21:22:35,Southwest Class Championships,complete,492,492,492,492,0
2026-04-23 21:22:35,Atlantic City Open,complete,401,401,401,401,0
2026-04-23 21:22:35,Western Class Championships,complete,318,318,318,318,0
2026-04-23 21:22:35,Mid-America Open,complete,200,200,200,200,0
2026-04-23 21:22:35,New York State High School Championship,complete,198,198,198,198,0
2026-04-23 21:22:35,New York State Senior Championship With Young Adult Mi,complete,61,61,61,61,0
2026-04-23 21:22:35,New York State Scholastic Championships Grades K-8,complete,1753,1753,1753,1753,0
2026-04-23 21:22:35,Southern Class,complete,195,195,195,195,0
2026-04-28 19:52:57,Chicago Open,live,324,862,832,893,23
2026-04-28 19:52:57,Hartford Open,live,13,202,193,211,38
2026-04-28 19:52:57,Cleveland Open,live,15,209,193,226,38
2026-04-28 19:52:57,New York State Open,live,12,102,57,182,52
2026-04-28 19:52:57,DC International,live,9,97,89,107,58
2026-04-28 19:52:57,World Open lower sections,live,88,306,217,431,59
2026-04-28 19:52:57,DC Open,live,4,260,210,321,59
2026-04-28 19:52:57,World Open Under 13 Championship,live,5,110,77,145,62
2026-04-28 19:52:57,World Open top 6 sections,live,88,1092,863,1381,64
2026-04-28 19:52:57,Chicago Class,live,2,272,166,445,80
2026-04-28 19:52:57,Pittsburgh Open,live,3,164,95,283,80
2026-04-28 19:52:57,Southern Open,live,0,232,183,282,80
2026-04-28 19:52:57,Bradley Open,live,4,263,154,449,87
2026-04-28 19:52:57,Pacific Coast Open,live,7,393,235,659,94
2026-04-28 19:52:57,Continental Open,live,1,283,252,317,107
2026-04-28 19:52:57,Central California Open,live,1,175,144,203,108
2026-04-28 19:52:57,Atlantic Open,live,1,316,251,395,115
2026-04-28 19:52:57,Indianapolis Open,live,0,186,175,198,115
2026-04-28 19:52:57,New York State Championship,live,5,304,237,347,129
2026-04-28 19:52:57,Midwest Class Championships,live,2,313,296,338,164
2026-04-28 19:52:57,Eastern Class Championships (in Connecticut),live,1,100,70,130,171
2026-04-28 19:52:57,Eastern Chess Congress (in New Jersey),live,1,100,70,130,178
2026-04-28 19:52:57,National Chess Congress,live,0,623,572,677,214
2026-04-28 19:52:57,Boston Chess Congress,complete,359,359,359,359,0
2026-04-28 19:52:57,Liberty Bell Open,complete,564,564,564,564,0
2026-04-28 19:52:57,Golden State Open,complete,387,387,387,387,0
2026-04-28 19:52:57,George Washington Open,complete,209,209,209,209,0
2026-04-28 19:52:57,Southwest Class Championships,complete,492,492,492,492,0
2026-04-28 19:52:57,Atlantic City Open,complete,401,401,401,401,0
2026-04-28 19:52:57,Western Class Championships,complete,318,318,318,318,0
2026-04-28 19:52:57,Mid-America Open,complete,200,200,200,200,0
2026-04-28 19:52:57,New York State High School Championship,complete,198,198,198,198,0
2026-04-28 19:52:57,New York State Senior Championship With Young Adult Mi,complete,61,61,61,61,0
2026-04-28 19:52:57,New York State Scholastic Championships Grades K-8,complete,1753,1753,1753,1753,0
2026-04-28 19:52:57,Southern Class,complete,195,195,195,195,0
2026-04-28 19:57:01,Chicago Open,live,353,888,857,920,23
2026-04-28 19:57:01,Hartford Open,live,16,209,200,219,38
2026-04-28 19:57:01,Cleveland Open,live,16,212,196,230,38
2026-04-28 19:57:01,New York State Open,live,13,105,59,186,52
2026-04-28 19:57:01,DC International,live,9,97,89,107,58
2026-04-28 19:57:01,World Open lower sections,live,6,139,85,227,59
2026-04-28 19:57:01,DC Open,live,5,263,212,325,59
2026-04-28 19:57:01,World Open Under 13 Championship,live,5,110,77,145,62
2026-04-28 19:57:01,World Open top 6 sections,live,97,1108,876,1401,64
2026-04-28 19:57:01,Chicago Class,live,3,277,169,453,80
2026-04-28 19:57:01,Pittsburgh Open,live,5,173,93,323,80
2026-04-28 19:57:01,Southern Open,live,1,232,183,282,80
2026-04-28 19:57:01,Bradley Open,live,4,263,154,449,87
2026-04-28 19:57:01,Pacific Coast Open,live,7,393,235,659,94
2026-04-28 19:57:01,Continental Open,live,1,283,252,317,107
2026-04-28 19:57:01,Central California Open,live,1,175,144,203,108
2026-04-28 19:57:01,Atlantic Open,live,1,316,251,395,115
2026-04-28 19:57:01,Indianapolis Open,live,0,186,175,198,115
2026-04-28 19:57:01,New York State Championship,live,5,304,237,347,129
2026-04-28 19:57:01,Midwest Class Championships,live,2,313,296,338,164
2026-04-28 19:57:01,Eastern Class Championships (in Connecticut),live,1,100,70,130,171
2026-04-28 19:57:01,Eastern Chess Congress (in New Jersey),live,1,100,70,130,178
2026-04-28 19:57:01,National Chess Congress,live,0,623,572,677,214
2026-04-28 19:57:01,Boston Chess Congress,complete,359,359,359,359,0
2026-04-28 19:57:01,Liberty Bell Open,complete,564,564,564,564,0
2026-04-28 19:57:01,Golden State Open,complete,387,387,387,387,0
2026-04-28 19:57:01,George Washington Open,complete,209,209,209,209,0
2026-04-28 19:57:01,Southwest Class Championships,complete,492,492,492,492,0
2026-04-28 19:57:01,Atlantic City Open,complete,401,401,401,401,0
2026-04-28 19:57:01,Western Class Championships,complete,318,318,318,318,0
2026-04-28 19:57:01,Mid-America Open,complete,200,200,200,200,0
2026-04-28 19:57:01,New York State High School Championship,complete,198,198,198,198,0
2026-04-28 19:57:01,New York State Senior Championship With Young Adult Mi,complete,61,61,61,61,0
2026-04-28 19:57:01,New York State Scholastic Championships Grades K-8,complete,1753,1753,1753,1753,0
2026-04-28 19:57:01,Southern Class,complete,195,195,195,195,0
2026-04-28 20:19:34,Chicago Open,live,353,888,857,920,23
2026-04-28 20:19:34,Hartford Open,live,16,209,200,219,38
2026-04-28 20:19:34,Cleveland Open,live,16,212,196,230,38
2026-04-28 20:19:34,New York State Open,live,13,105,59,186,52
2026-04-28 20:19:34,DC International,live,9,100,61,164,58
2026-04-28 20:19:34,World Open lower sections,live,6,139,85,227,59
2026-04-28 20:19:34,DC Open,live,5,263,212,325,59
2026-04-28 20:19:34,World Open Under 13 Championship,live,5,110,77,145,62
2026-04-28 20:19:34,World Open top 6 sections,live,97,1108,876,1401,64
2026-04-28 20:19:34,Chicago Class,live,3,277,169,453,80
2026-04-28 20:19:34,Pittsburgh Open,live,5,173,93,323,80
2026-04-28 20:19:34,Southern Open,live,1,232,183,282,80
2026-04-28 20:19:34,Bradley Open,live,4,263,154,449,87
2026-04-28 20:19:34,Pacific Coast Open,live,7,393,235,659,94
2026-04-28 20:19:34,Continental Open,live,1,283,252,317,107
2026-04-28 20:19:34,Central California Open,live,1,175,144,203,108
2026-04-28 20:19:34,Atlantic Open,live,1,316,251,395,115
2026-04-28 20:19:34,Indianapolis Open,live,0,186,175,198,115
2026-04-28 20:19:34,New York State Championship,live,5,304,237,347,129
2026-04-28 20:19:34,Midwest Class Championships,live,2,313,296,338,164
2026-04-28 20:19:34,Eastern Class Championships (in Connecticut),live,1,100,70,130,171
2026-04-28 20:19:34,Eastern Chess Congress (in New Jersey),live,1,100,70,130,178
2026-04-28 20:19:34,National Chess Congress,live,0,623,572,677,214
2026-04-28 20:19:34,Boston Chess Congress,complete,359,359,359,359,0
2026-04-28 20:19:34,Liberty Bell Open,complete,564,564,564,564,0
2026-04-28 20:19:34,Golden State Open,complete,387,387,387,387,0
2026-04-28 20:19:34,George Washington Open,complete,209,209,209,209,0
2026-04-28 20:19:34,Southwest Class Championships,complete,492,492,492,492,0
2026-04-28 20:19:34,Atlantic City Open,complete,401,401,401,401,0
2026-04-28 20:19:34,Western Class Championships,complete,318,318,318,318,0
2026-04-28 20:19:34,Mid-America Open,complete,200,200,200,200,0
2026-04-28 20:19:34,New York State High School Championship,complete,198,198,198,198,0
2026-04-28 20:19:34,New York State Senior Championship With Young Adult Mi,complete,61,61,61,61,0
2026-04-28 20:19:34,New York State Scholastic Championships Grades K-8,complete,1753,1753,1753,1753,0
2026-04-28 20:19:34,Southern Class,complete,195,195,195,195,0
2026-04-28 20:28:14,Chicago Open,live,353,888,857,920,23
2026-04-28 20:28:14,Hartford Open,live,16,209,200,219,38
2026-04-28 20:28:14,Cleveland Open,live,16,212,196,230,38
2026-04-28 20:28:14,New York State Open,live,13,105,59,186,52
2026-04-28 20:28:14,DC International,live,9,100,61,164,58
2026-04-28 20:28:14,World Open lower sections,live,6,139,85,227,59
2026-04-28 20:28:14,DC Open,live,5,263,212,325,59
2026-04-28 20:28:14,World Open Under 13 Championship,live,5,110,77,145,62
2026-04-28 20:28:14,World Open top 6 sections,live,97,1108,876,1401,64
2026-04-28 20:28:14,Chicago Class,live,3,277,169,453,80
2026-04-28 20:28:14,Pittsburgh Open,live,5,173,93,323,80
2026-04-28 20:28:14,Southern Open,live,1,232,183,282,80
2026-04-28 20:28:14,Bradley Open,live,4,263,154,449,87
2026-04-28 20:28:14,Pacific Coast Open,live,7,393,235,659,94
2026-04-28 20:28:14,Continental Open,live,1,283,252,317,107
2026-04-28 20:28:14,Central California Open,live,1,175,144,203,108
2026-04-28 20:28:14,Atlantic Open,live,1,316,251,395,115
2026-04-28 20:28:14,Indianapolis Open,live,0,186,175,198,115
2026-04-28 20:28:14,New York State Championship,live,5,304,237,347,129
2026-04-28 20:28:14,Midwest Class Championships,live,2,313,296,338,164
2026-04-28 20:28:14,Eastern Class Championships (in Connecticut),live,1,100,70,130,171
2026-04-28 20:28:14,Eastern Chess Congress (in New Jersey),live,1,100,70,130,178
2026-04-28 20:28:14,National Chess Congress,live,0,623,572,677,214
2026-04-28 20:28:14,Boston Chess Congress,complete,359,359,359,359,0
2026-04-28 20:28:14,Liberty Bell Open,complete,564,564,564,564,0
2026-04-28 20:28:14,Golden State Open,complete,387,387,387,387,0
2026-04-28 20:28:14,George Washington Open,complete,209,209,209,209,0
2026-04-28 20:28:14,Southwest Class Championships,complete,492,492,492,492,0
2026-04-28 20:28:14,Atlantic City Open,complete,401,401,401,401,0
2026-04-28 20:28:14,Western Class Championships,complete,318,318,318,318,0
2026-04-28 20:28:14,Mid-America Open,complete,200,200,200,200,0
2026-04-28 20:28:14,New York State High School Championship,complete,198,198,198,198,0
2026-04-28 20:28:14,New York State Senior Championship With Young Adult Mi,complete,61,61,61,61,0
2026-04-28 20:28:14,New York State Scholastic Championships Grades K-8,complete,1753,1753,1753,1753,0
2026-04-28 20:28:14,Southern Class,complete,195,195,195,195,0
2026-04-28 20:34:10,Chicago Open,live,353,888,857,920,23
2026-04-28 20:34:10,Hartford Open,live,16,209,200,219,38
2026-04-28 20:34:10,Cleveland Open,live,16,212,196,230,38
2026-04-28 20:34:10,New York State Open,live,13,105,59,186,52
2026-04-28 20:34:10,DC International,live,9,100,61,164,58
2026-04-28 20:34:10,World Open lower sections,live,6,139,85,227,59
2026-04-28 20:34:10,DC Open,live,5,263,212,325,59
2026-04-28 20:34:10,World Open Under 13 Championship,live,5,110,77,145,62
2026-04-28 20:34:10,World Open top 6 sections,live,97,1108,876,1401,64
2026-04-28 20:34:10,Chicago Class,live,3,277,169,453,80
2026-04-28 20:34:10,Pittsburgh Open,live,5,173,93,323,80
2026-04-28 20:34:10,Southern Open,live,1,232,183,282,80
2026-04-28 20:34:10,Bradley Open,live,4,263,154,449,87
2026-04-28 20:34:10,Pacific Coast Open,live,7,393,235,659,94
2026-04-28 20:34:10,Continental Open,live,1,283,252,317,107
2026-04-28 20:34:10,Central California Open,live,1,175,144,203,108
2026-04-28 20:34:10,Atlantic Open,live,1,316,251,395,115
2026-04-28 20:34:10,Indianapolis Open,live,0,186,175,198,115
2026-04-28 20:34:10,New York State Championship,live,5,304,237,347,129
2026-04-28 20:34:10,Midwest Class Championships,live,2,313,296,338,164
2026-04-28 20:34:10,Eastern Class Championships (in Connecticut),live,1,100,70,130,171
2026-04-28 20:34:10,Eastern Chess Congress (in New Jersey),live,1,100,70,130,178
2026-04-28 20:34:10,National Chess Congress,live,0,623,572,677,214
2026-04-28 20:34:10,Boston Chess Congress,complete,359,359,359,359,0
2026-04-28 20:34:10,Liberty Bell Open,complete,564,564,564,564,0
2026-04-28 20:34:10,Golden State Open,complete,387,387,387,387,0
2026-04-28 20:34:10,George Washington Open,complete,209,209,209,209,0
2026-04-28 20:34:10,Southwest Class Championships,complete,492,492,492,492,0
2026-04-28 20:34:10,Atlantic City Open,complete,401,401,401,401,0
2026-04-28 20:34:10,Western Class Championships,complete,318,318,318,318,0
2026-04-28 20:34:10,Mid-America Open,complete,200,200,200,200,0
2026-04-28 20:34:10,New York State High School Championship,complete,198,198,198,198,0
2026-04-28 20:34:10,New York State Senior Championship With Young Adult Mi,complete,61,61,61,61,0
2026-04-28 20:34:10,New York State Scholastic Championships Grades K-8,complete,1753,1753,1753,1753,0
2026-04-28 20:34:10,Southern Class,complete,195,195,195,195,0
2026-04-28 20:51:20,Chicago Open,live,353,888,847,931,23
2026-04-28 20:51:20,Hartford Open,live,16,209,203,215,38
2026-04-28 20:51:20,Cleveland Open,live,16,212,201,223,38
2026-04-28 20:51:20,New York State Open,live,13,105,76,144,52
2026-04-28 20:51:20,DC International,live,9,100,76,132,58
2026-04-28 20:51:20,World Open lower sections,live,6,139,105,183,59
2026-04-28 20:51:20,DC Open,live,5,263,233,295,59
2026-04-28 20:51:20,World Open Under 13 Championship,live,5,110,77,145,62
2026-04-28 20:51:20,World Open top 6 sections,live,97,1108,972,1262,64
2026-04-28 20:51:20,Chicago Class,live,3,277,210,364,80
2026-04-28 20:51:20,Pittsburgh Open,live,5,173,122,244,80
2026-04-28 20:51:20,Southern Open,live,1,232,183,282,80
2026-04-28 20:51:20,Bradley Open,live,4,263,195,354,87
2026-04-28 20:51:20,Pacific Coast Open,live,7,393,295,524,94
2026-04-28 20:51:20,Continental Open,live,1,283,252,317,107
2026-04-28 20:51:20,Central California Open,live,1,175,144,203,108
2026-04-28 20:51:20,Atlantic Open,live,1,316,251,395,115
2026-04-28 20:51:20,Indianapolis Open,live,0,186,175,198,115
2026-04-28 20:51:20,New York State Championship,live,5,304,237,347,129
2026-04-28 20:51:20,Midwest Class Championships,live,2,313,296,338,164
2026-04-28 20:51:20,Eastern Class Championships (in Connecticut),live,1,100,70,130,171
2026-04-28 20:51:20,Eastern Chess Congress (in New Jersey),live,1,100,70,130,178
2026-04-28 20:51:20,National Chess Congress,live,0,623,572,677,214
2026-04-28 20:51:20,Boston Chess Congress,complete,359,359,359,359,0
2026-04-28 20:51:20,Liberty Bell Open,complete,564,564,564,564,0
2026-04-28 20:51:20,Golden State Open,complete,387,387,387,387,0
2026-04-28 20:51:20,George Washington Open,complete,209,209,209,209,0
2026-04-28 20:51:20,Southwest Class Championships,complete,492,492,492,492,0
2026-04-28 20:51:20,Atlantic City Open,complete,401,401,401,401,0
2026-04-28 20:51:20,Western Class Championships,complete,318,318,318,318,0
2026-04-28 20:51:20,Mid-America Open,complete,200,200,200,200,0
2026-04-28 20:51:20,New York State High School Championship,complete,198,198,198,198,0
2026-04-28 20:51:20,New York State Senior Championship With Young Adult Mi,complete,61,61,61,61,0
2026-04-28 20:51:20,New York State Scholastic Championships Grades K-8,complete,1753,1753,1753,1753,0
2026-04-28 20:51:20,Southern Class,complete,195,195,195,195,0
2026-04-28 21:07:02,Chicago Open,live,353,888,847,931,23
2026-04-28 21:07:02,Hartford Open,live,16,209,203,215,38
2026-04-28 21:07:02,Cleveland Open,live,16,212,201,223,38
2026-04-28 21:07:02,New York State Open,live,13,105,76,144,52
2026-04-28 21:07:02,DC International,live,9,100,76,132,58
2026-04-28 21:07:02,World Open lower sections,live,6,139,105,183,59
2026-04-28 21:07:02,DC Open,live,5,263,233,295,59
2026-04-28 21:07:02,World Open Under 13 Championship,live,5,110,77,145,62
2026-04-28 21:07:02,World Open top 6 sections,live,97,1108,972,1262,64
2026-04-28 21:07:02,Chicago Class,live,3,277,210,364,80
2026-04-28 21:07:02,Pittsburgh Open,live,5,173,122,244,80
2026-04-28 21:07:02,Southern Open,live,1,232,183,282,80
2026-04-28 21:07:02,Bradley Open,live,4,263,195,354,87
2026-04-28 21:07:02,Pacific Coast Open,live,7,393,295,524,94
2026-04-28 21:07:02,Continental Open,live,1,283,252,317,107
2026-04-28 21:07:02,Central California Open,live,1,175,144,203,108
2026-04-28 21:07:02,Atlantic Open,live,1,316,251,395,115
2026-04-28 21:07:02,Indianapolis Open,live,0,186,175,198,115
2026-04-28 21:07:02,New York State Championship,live,5,304,237,347,129
2026-04-28 21:07:02,Midwest Class Championships,live,2,313,296,338,164
2026-04-28 21:07:02,Eastern Class Championships (in Connecticut),live,1,100,70,130,171
2026-04-28 21:07:02,Eastern Chess Congress (in New Jersey),live,1,100,70,130,178
2026-04-28 21:07:02,National Chess Congress,live,0,623,572,677,214
2026-04-28 21:07:02,Boston Chess Congress,complete,359,359,359,359,0
2026-04-28 21:07:02,Liberty Bell Open,complete,564,564,564,564,0
2026-04-28 21:07:02,Golden State Open,complete,387,387,387,387,0
2026-04-28 21:07:02,George Washington Open,complete,209,209,209,209,0
2026-04-28 21:07:02,Southwest Class Championships,complete,492,492,492,492,0
2026-04-28 21:07:02,Atlantic City Open,complete,401,401,401,401,0
2026-04-28 21:07:02,Western Class Championships,complete,318,318,318,318,0
2026-04-28 21:07:02,Mid-America Open,complete,200,200,200,200,0
2026-04-28 21:07:02,New York State High School Championship,complete,198,198,198,198,0
2026-04-28 21:07:02,New York State Senior Championship With Young Adult Mi,complete,61,61,61,61,0
2026-04-28 21:07:02,New York State Scholastic Championships Grades K-8,complete,1753,1753,1753,1753,0
2026-04-28 21:07:02,Southern Class,complete,195,195,195,195,0
2026-04-28 21:25:38,Chicago Open,live,353,888,851,927,23
2026-04-28 21:25:38,Hartford Open,live,16,209,203,216,38
2026-04-28 21:25:38,Cleveland Open,live,16,212,201,224,38
2026-04-28 21:25:38,New York State Open,live,13,105,76,144,52
2026-04-28 21:25:38,DC International,live,9,97,92,102,58
2026-04-28 21:25:38,World Open lower sections,live,6,139,105,183,59
2026-04-28 21:25:38,DC Open,live,5,263,233,295,59
2026-04-28 21:25:38,World Open Under 13 Championship,live,5,110,77,145,62
2026-04-28 21:25:38,World Open top 6 sections,live,97,1108,972,1262,64
2026-04-28 21:25:38,Chicago Class,live,3,277,210,364,80
2026-04-28 21:25:38,Pittsburgh Open,live,5,173,122,244,80
2026-04-28 21:25:38,Southern Open,live,1,232,183,282,80
2026-04-28 21:25:38,Bradley Open,live,4,263,195,354,87
2026-04-28 21:25:38,Pacific Coast Open,live,7,393,295,524,94
2026-04-28 21:25:38,Continental Open,live,1,283,252,317,107
2026-04-28 21:25:38,Central California Open,live,1,175,144,203,108
2026-04-28 21:25:38,Atlantic Open,live,1,316,251,395,115
2026-04-28 21:25:38,Indianapolis Open,live,0,186,175,198,115
2026-04-28 21:25:38,New York State Championship,live,5,304,237,347,129
2026-04-28 21:25:38,Midwest Class Championships,live,2,313,296,338,164
2026-04-28 21:25:38,Eastern Class Championships (in Connecticut),live,1,100,70,130,171
2026-04-28 21:25:38,Eastern Chess Congress (in New Jersey),live,1,100,70,130,178
2026-04-28 21:25:38,National Chess Congress,live,0,623,572,677,214
2026-04-28 21:25:38,Boston Chess Congress,complete,359,359,359,359,0
2026-04-28 21:25:38,Liberty Bell Open,complete,564,564,564,564,0
2026-04-28 21:25:38,Golden State Open,complete,387,387,387,387,0
2026-04-28 21:25:38,George Washington Open,complete,209,209,209,209,0
2026-04-28 21:25:38,Southwest Class Championships,complete,492,492,492,492,0
2026-04-28 21:25:38,Atlantic City Open,complete,401,401,401,401,0
2026-04-28 21:25:38,Western Class Championships,complete,318,318,318,318,0
2026-04-28 21:25:38,Mid-America Open,complete,200,200,200,200,0
2026-04-28 21:25:38,New York State High School Championship,complete,198,198,198,198,0
2026-04-28 21:25:38,New York State Senior Championship With Young Adult Mi,complete,61,61,61,61,0
2026-04-28 21:25:38,New York State Scholastic Championships Grades K-8,complete,1753,1753,1753,1753,0
2026-04-28 21:25:38,Southern Class,complete,195,195,195,195,0
2026-04-28 22:26:45,Chicago Open,live,353,888,851,927,23
2026-04-28 22:26:45,Hartford Open,live,16,209,203,216,38
2026-04-28 22:26:45,Cleveland Open,live,16,212,201,224,38
2026-04-28 22:26:45,New York State Open,live,13,105,76,144,52
2026-04-28 22:26:45,DC International,live,9,97,92,102,58
2026-04-28 22:26:45,World Open lower sections,live,6,139,105,183,59
2026-04-28 22:26:45,DC Open,live,5,263,233,295,59
2026-04-28 22:26:45,World Open Under 13 Championship,live,5,110,77,145,62
2026-04-28 22:26:45,World Open top 6 sections,live,97,1108,972,1262,64
2026-04-28 22:26:45,Chicago Class,live,3,277,210,364,80
2026-04-28 22:26:45,Pittsburgh Open,live,5,173,122,244,80
2026-04-28 22:26:45,Southern Open,live,1,232,183,282,80
2026-04-28 22:26:45,Bradley Open,live,4,263,195,354,87
2026-04-28 22:26:45,Pacific Coast Open,live,7,393,295,524,94
2026-04-28 22:26:45,Continental Open,live,1,283,252,317,107
2026-04-28 22:26:45,Central California Open,live,1,175,144,203,108
2026-04-28 22:26:45,Atlantic Open,live,1,316,251,395,115
2026-04-28 22:26:45,Indianapolis Open,live,0,186,175,198,115
2026-04-28 22:26:45,New York State Championship,live,5,304,237,347,129
2026-04-28 22:26:45,Midwest Class Championships,live,2,313,296,338,164
2026-04-28 22:26:45,Eastern Class Championships (in Connecticut),live,1,100,70,130,171
2026-04-28 22:26:45,Eastern Chess Congress (in New Jersey),live,1,100,70,130,178
2026-04-28 22:26:45,National Chess Congress,live,0,623,572,677,214
2026-04-28 22:26:45,Boston Chess Congress,complete,359,359,359,359,0
2026-04-28 22:26:45,Liberty Bell Open,complete,564,564,564,564,0
2026-04-28 22:26:45,Golden State Open,complete,387,387,387,387,0
2026-04-28 22:26:45,George Washington Open,complete,209,209,209,209,0
2026-04-28 22:26:45,Southwest Class Championships,complete,492,492,492,492,0
2026-04-28 22:26:45,Atlantic City Open,complete,401,401,401,401,0
2026-04-28 22:26:45,Western Class Championships,complete,318,318,318,318,0
2026-04-28 22:26:45,Mid-America Open,complete,200,200,200,200,0
2026-04-28 22:26:45,New York State High School Championship,complete,198,198,198,198,0
2026-04-28 22:26:45,New York State Senior Championship With Young Adult Mi,complete,61,61,61,61,0
2026-04-28 22:26:45,New York State Scholastic Championships Grades K-8,complete,1753,1753,1753,1753,0
2026-04-28 22:26:45,Southern Class,complete,195,195,195,195,0
2026-04-28 22:36:08,Chicago Open,live,353,888,851,927,23
2026-04-28 22:36:08,Hartford Open,live,16,209,203,216,38
2026-04-28 22:36:08,Cleveland Open,live,16,212,201,224,38
2026-04-28 22:36:08,New York State Open,live,13,105,76,144,52
2026-04-28 22:36:08,DC International,live,9,97,92,102,58
2026-04-28 22:36:08,World Open lower sections,live,6,139,105,183,59
2026-04-28 22:36:08,DC Open,live,5,263,233,295,59
2026-04-28 22:36:08,World Open Under 13 Championship,live,5,110,77,145,62
2026-04-28 22:36:08,World Open top 6 sections,live,97,1108,972,1262,64
2026-04-28 22:36:08,Chicago Class,live,3,277,210,364,80
2026-04-28 22:36:08,Pittsburgh Open,live,5,173,122,244,80
2026-04-28 22:36:08,Southern Open,live,1,232,183,282,80
2026-04-28 22:36:08,Bradley Open,live,4,263,195,354,87
2026-04-28 22:36:08,Pacific Coast Open,live,7,393,295,524,94
2026-04-28 22:36:08,Continental Open,live,1,283,252,317,107
2026-04-28 22:36:08,Central California Open,live,1,175,144,203,108
2026-04-28 22:36:08,Atlantic Open,live,1,316,251,395,115
2026-04-28 22:36:08,Indianapolis Open,live,0,186,175,198,115
2026-04-28 22:36:08,New York State Championship,live,5,304,237,347,129
2026-04-28 22:36:08,Midwest Class Championships,live,2,313,296,338,164
2026-04-28 22:36:08,Eastern Class Championships (in Connecticut),live,1,100,70,130,171
2026-04-28 22:36:08,Eastern Chess Congress (in New Jersey),live,1,100,70,130,178
2026-04-28 22:36:08,National Chess Congress,live,0,623,572,677,214
2026-04-28 22:36:08,Boston Chess Congress,complete,359,359,359,359,0
2026-04-28 22:36:08,Liberty Bell Open,complete,564,564,564,564,0
2026-04-28 22:36:08,Golden State Open,complete,387,387,387,387,0
2026-04-28 22:36:08,George Washington Open,complete,209,209,209,209,0
2026-04-28 22:36:08,Southwest Class Championships,complete,492,492,492,492,0
2026-04-28 22:36:08,Atlantic City Open,complete,401,401,401,401,0
2026-04-28 22:36:08,Western Class Championships,complete,318,318,318,318,0
2026-04-28 22:36:08,Mid-America Open,complete,200,200,200,200,0
2026-04-28 22:36:08,New York State High School Championship,complete,198,198,198,198,0
2026-04-28 22:36:08,New York State Senior Championship With Young Adult Mi,complete,61,61,61,61,0
2026-04-28 22:36:08,New York State Scholastic Championships Grades K-8,complete,1753,1753,1753,1753,0
2026-04-28 22:36:08,Southern Class,complete,195,195,195,195,0
2026-04-28 22:46:28,Chicago Open,live,353,888,851,927,23
2026-04-28 22:46:28,Hartford Open,live,16,209,203,216,38
2026-04-28 22:46:28,Cleveland Open,live,16,212,201,224,38
2026-04-28 22:46:28,New York State Open,live,13,105,76,144,52
2026-04-28 22:46:28,DC International,live,9,97,92,102,58
2026-04-28 22:46:28,World Open lower sections,live,6,139,105,183,59
2026-04-28 22:46:28,DC Open,live,5,263,233,295,59
2026-04-28 22:46:28,World Open Under 13 Championship,live,5,110,77,145,62
2026-04-28 22:46:28,World Open top 6 sections,live,97,1108,972,1262,64
2026-04-28 22:46:28,Chicago Class,live,3,277,210,364,80
2026-04-28 22:46:28,Pittsburgh Open,live,5,173,122,244,80
2026-04-28 22:46:28,Southern Open,live,1,232,183,282,80
2026-04-28 22:46:28,Bradley Open,live,4,263,195,354,87
2026-04-28 22:46:28,Pacific Coast Open,live,7,393,295,524,94
2026-04-28 22:46:28,Continental Open,live,1,283,252,317,107
2026-04-28 22:46:28,Central California Open,live,1,175,144,203,108
2026-04-28 22:46:28,Atlantic Open,live,1,316,251,395,115
2026-04-28 22:46:28,Indianapolis Open,live,0,186,175,198,115
2026-04-28 22:46:28,New York State Championship,live,5,304,237,347,129
2026-04-28 22:46:28,Midwest Class Championships,live,2,313,296,338,164
2026-04-28 22:46:28,Eastern Class Championships (in Connecticut),live,1,100,70,130,171
2026-04-28 22:46:28,Eastern Chess Congress (in New Jersey),live,1,100,70,130,178
2026-04-28 22:46:28,National Chess Congress,live,0,623,572,677,214
2026-04-28 22:46:28,Boston Chess Congress,complete,359,359,359,359,0
2026-04-28 22:46:28,Liberty Bell Open,complete,564,564,564,564,0
2026-04-28 22:46:28,Golden State Open,complete,387,387,387,387,0
2026-04-28 22:46:28,George Washington Open,complete,209,209,209,209,0
2026-04-28 22:46:28,Southwest Class Championships,complete,492,492,492,492,0
2026-04-28 22:46:28,Atlantic City Open,complete,401,401,401,401,0
2026-04-28 22:46:28,Western Class Championships,complete,318,318,318,318,0
2026-04-28 22:46:28,Mid-America Open,complete,200,200,200,200,0
2026-04-28 22:46:28,New York State High School Championship,complete,198,198,198,198,0
2026-04-28 22:46:28,New York State Senior Championship With Young Adult Mi,complete,61,61,61,61,0
2026-04-28 22:46:28,New York State Scholastic Championships Grades K-8,complete,1753,1753,1753,1753,0
2026-04-28 22:46:28,Southern Class,complete,195,195,195,195,0
2026-04-28 22:52:32,Chicago Open,live,353,888,851,927,23
2026-04-28 22:52:32,Hartford Open,live,16,209,203,216,38
2026-04-28 22:52:32,Cleveland Open,live,16,212,201,224,38
2026-04-28 22:52:32,New York State Open,live,13,105,76,144,52
2026-04-28 22:52:32,DC International,live,9,97,92,102,58
2026-04-28 22:52:32,World Open lower sections,live,6,139,105,183,59
2026-04-28 22:52:32,DC Open,live,5,263,233,295,59
2026-04-28 22:52:32,World Open Under 13 Championship,live,5,110,77,145,62
2026-04-28 22:52:32,World Open top 6 sections,live,97,1108,972,1262,64
2026-04-28 22:52:32,Chicago Class,live,3,277,210,364,80
2026-04-28 22:52:32,Pittsburgh Open,live,5,173,122,244,80
2026-04-28 22:52:32,Southern Open,live,1,232,183,282,80
2026-04-28 22:52:32,Bradley Open,live,4,263,195,354,87
2026-04-28 22:52:32,Pacific Coast Open,live,7,393,295,524,94
2026-04-28 22:52:32,Continental Open,live,1,283,252,317,107
2026-04-28 22:52:32,Central California Open,live,1,175,144,203,108
2026-04-28 22:52:32,Atlantic Open,live,1,316,251,395,115
2026-04-28 22:52:32,Indianapolis Open,live,0,186,175,198,115
2026-04-28 22:52:32,New York State Championship,live,5,304,237,347,129
2026-04-28 22:52:32,Midwest Class Championships,live,2,313,296,338,164
2026-04-28 22:52:32,Eastern Class Championships (in Connecticut),live,1,100,70,130,171
2026-04-28 22:52:32,Eastern Chess Congress (in New Jersey),live,1,100,70,130,178
2026-04-28 22:52:32,National Chess Congress,live,0,623,572,677,214
2026-04-28 22:52:32,Boston Chess Congress,complete,359,359,359,359,0
2026-04-28 22:52:32,Liberty Bell Open,complete,564,564,564,564,0
2026-04-28 22:52:32,Golden State Open,complete,387,387,387,387,0
2026-04-28 22:52:32,George Washington Open,complete,209,209,209,209,0
2026-04-28 22:52:32,Southwest Class Championships,complete,492,492,492,492,0
2026-04-28 22:52:32,Atlantic City Open,complete,401,401,401,401,0
2026-04-28 22:52:32,Western Class Championships,complete,318,318,318,318,0
2026-04-28 22:52:32,Mid-America Open,complete,200,200,200,200,0
2026-04-28 22:52:32,New York State High School Championship,complete,198,198,198,198,0
2026-04-28 22:52:32,New York State Senior Championship With Young Adult Mi,complete,61,61,61,61,0
2026-04-28 22:52:32,New York State Scholastic Championships Grades K-8,complete,1753,1753,1753,1753,0
2026-04-28 22:52:32,Southern Class,complete,195,195,195,195,0
2026-04-28 22:58:10,Chicago Open,live,353,888,851,927,23
2026-04-28 22:58:10,Hartford Open,live,16,209,203,216,38
2026-04-28 22:58:10,Cleveland Open,live,16,212,201,224,38
2026-04-28 22:58:10,New York State Open,live,13,105,76,144,52
2026-04-28 22:58:10,DC International,live,9,97,92,102,58
2026-04-28 22:58:10,World Open lower sections,live,6,139,105,183,59
2026-04-28 22:58:10,DC Open,live,5,263,233,295,59
2026-04-28 22:58:10,World Open Under 13 Championship,live,5,110,77,145,62
2026-04-28 22:58:10,World Open top 6 sections,live,97,1108,972,1262,64
2026-04-28 22:58:10,Chicago Class,live,3,277,210,364,80
2026-04-28 22:58:10,Pittsburgh Open,live,5,173,122,244,80
2026-04-28 22:58:10,Southern Open,live,1,232,183,282,80
2026-04-28 22:58:10,Bradley Open,live,4,263,195,354,87
2026-04-28 22:58:10,Pacific Coast Open,live,7,393,295,524,94
2026-04-28 22:58:10,Continental Open,live,1,283,252,317,107
2026-04-28 22:58:10,Central California Open,live,1,175,144,203,108
2026-04-28 22:58:10,Atlantic Open,live,1,316,251,395,115
2026-04-28 22:58:10,Indianapolis Open,live,0,186,175,198,115
2026-04-28 22:58:10,New York State Championship,live,5,304,237,347,129
2026-04-28 22:58:10,Midwest Class Championships,live,2,313,296,338,164
2026-04-28 22:58:10,Eastern Class Championships (in Connecticut),live,1,100,70,130,171
2026-04-28 22:58:10,Eastern Chess Congress (in New Jersey),live,1,100,70,130,178
2026-04-28 22:58:10,National Chess Congress,live,0,623,572,677,214
2026-04-28 22:58:10,Boston Chess Congress,complete,359,359,359,359,0
2026-04-28 22:58:10,Liberty Bell Open,complete,564,564,564,564,0
2026-04-28 22:58:10,Golden State Open,complete,387,387,387,387,0
2026-04-28 22:58:10,George Washington Open,complete,209,209,209,209,0
2026-04-28 22:58:10,Southwest Class Championships,complete,492,492,492,492,0
2026-04-28 22:58:10,Atlantic City Open,complete,401,401,401,401,0
2026-04-28 22:58:10,Western Class Championships,complete,318,318,318,318,0
2026-04-28 22:58:10,Mid-America Open,complete,200,200,200,200,0
2026-04-28 22:58:10,New York State High School Championship,complete,198,198,198,198,0
2026-04-28 22:58:10,New York State Senior Championship With Young Adult Mi,complete,61,61,61,61,0
2026-04-28 22:58:10,New York State Scholastic Championships Grades K-8,complete,1753,1753,1753,1753,0
2026-04-28 22:58:10,Southern Class,complete,195,195,195,195,0
2026-04-28 23:03:07,Chicago Open,live,353,888,851,927,23
2026-04-28 23:03:07,Hartford Open,live,16,209,203,216,38
2026-04-28 23:03:07,Cleveland Open,live,16,212,201,224,38
2026-04-28 23:03:07,New York State Open,live,13,105,76,144,52
2026-04-28 23:03:07,DC International,live,9,97,92,102,58
2026-04-28 23:03:07,World Open lower sections,live,6,139,105,183,59
2026-04-28 23:03:07,DC Open,live,5,263,233,295,59
2026-04-28 23:03:07,World Open Under 13 Championship,live,5,110,77,145,62
2026-04-28 23:03:07,World Open top 6 sections,live,97,1108,972,1262,64
2026-04-28 23:03:07,Chicago Class,live,3,277,210,364,80
2026-04-28 23:03:07,Pittsburgh Open,live,5,173,122,244,80
2026-04-28 23:03:07,Southern Open,live,1,232,183,282,80
2026-04-28 23:03:07,Bradley Open,live,4,263,195,354,87
2026-04-28 23:03:07,Pacific Coast Open,live,7,393,295,524,94
2026-04-28 23:03:07,Continental Open,live,1,283,252,317,107
2026-04-28 23:03:07,Central California Open,live,1,175,144,203,108
2026-04-28 23:03:07,Atlantic Open,live,1,316,251,395,115
2026-04-28 23:03:07,Indianapolis Open,live,0,186,175,198,115
2026-04-28 23:03:07,New York State Championship,live,5,304,237,347,129
2026-04-28 23:03:07,Midwest Class Championships,live,2,313,296,338,164
2026-04-28 23:03:07,Eastern Class Championships (in Connecticut),live,1,100,70,130,171
2026-04-28 23:03:07,Eastern Chess Congress (in New Jersey),live,1,100,70,130,178
2026-04-28 23:03:07,National Chess Congress,live,0,623,572,677,214
2026-04-28 23:03:07,Boston Chess Congress,complete,359,359,359,359,0
2026-04-28 23:03:07,Liberty Bell Open,complete,564,564,564,564,0
2026-04-28 23:03:07,Golden State Open,complete,387,387,387,387,0
2026-04-28 23:03:07,George Washington Open,complete,209,209,209,209,0
2026-04-28 23:03:07,Southwest Class Championships,complete,492,492,492,492,0
2026-04-28 23:03:07,Atlantic City Open,complete,401,401,401,401,0
2026-04-28 23:03:07,Western Class Championships,complete,318,318,318,318,0
2026-04-28 23:03:07,Mid-America Open,complete,200,200,200,200,0
2026-04-28 23:03:07,New York State High School Championship,complete,198,198,198,198,0
2026-04-28 23:03:07,New York State Senior Championship With Young Adult Mi,complete,61,61,61,61,0
2026-04-28 23:03:07,New York State Scholastic Championships Grades K-8,complete,1753,1753,1753,1753,0
2026-04-28 23:03:07,Southern Class,complete,195,195,195,195,0
2026-04-29 05:29:40,Chicago Open,live,366,893,855,933,22
2026-04-29 05:29:40,Hartford Open,live,16,208,201,214,37
2026-04-29 05:29:40,Cleveland Open,live,20,222,210,235,37
2026-04-29 05:29:40,New York State Open,live,13,105,70,156,51
2026-04-29 05:29:40,DC International,live,9,96,91,101,57
2026-04-29 05:29:40,World Open lower sections,live,6,138,105,182,58
2026-04-29 05:29:40,DC Open,live,6,265,236,296,58
2026-04-29 05:29:40,World Open Under 13 Championship,live,5,110,77,145,61
2026-04-29 05:29:40,World Open top 6 sections,live,99,1104,969,1258,63
2026-04-29 05:29:40,Chicago Class,live,3,276,210,363,79
2026-04-29 05:29:40,Pittsburgh Open,live,5,172,122,243,79
2026-04-29 05:29:40,Southern Open,live,2,232,183,282,79
2026-04-29 05:29:40,Bradley Open,live,4,262,195,352,86
2026-04-29 05:29:40,Pacific Coast Open,live,8,398,294,539,93
2026-04-29 05:29:40,Continental Open,live,1,283,252,317,106
2026-04-29 05:29:40,Central California Open,live,2,175,144,203,107
2026-04-29 05:29:40,Atlantic Open,live,1,316,251,395,114
2026-04-29 05:29:40,Indianapolis Open,live,0,186,175,198,114
2026-04-29 05:29:40,New York State Championship,live,5,304,237,347,128
2026-04-29 05:29:40,Midwest Class Championships,live,2,313,296,338,163
2026-04-29 05:29:40,Eastern Class Championships (in Connecticut),live,1,100,70,130,170
2026-04-29 05:29:40,Eastern Chess Congress (in New Jersey),live,1,100,70,130,177
2026-04-29 05:29:40,National Chess Congress,live,0,623,572,677,213
2026-04-29 05:29:40,Boston Chess Congress,complete,359,359,359,359,0
2026-04-29 05:29:40,Liberty Bell Open,complete,564,564,564,564,0
2026-04-29 05:29:40,Golden State Open,complete,387,387,387,387,0
2026-04-29 05:29:40,George Washington Open,complete,209,209,209,209,0
2026-04-29 05:29:40,Southwest Class Championships,complete,492,492,492,492,0
2026-04-29 05:29:40,Atlantic City Open,complete,401,401,401,401,0
2026-04-29 05:29:40,Western Class Championships,complete,318,318,318,318,0
2026-04-29 05:29:40,Mid-America Open,complete,200,200,200,200,0
2026-04-29 05:29:40,New York State High School Championship,complete,198,198,198,198,0
2026-04-29 05:29:40,New York State Senior Championship With Young Adult Mi,complete,61,61,61,61,0
2026-04-29 05:29:40,New York State Scholastic Championships Grades K-8,complete,1753,1753,1753,1753,0
2026-04-29 05:29:40,Southern Class,complete,195,195,195,195,0
2026-04-29 10:39:07,Chicago Open,live,366,893,855,933,22
2026-04-29 10:39:07,Hartford Open,live,16,208,201,214,37
2026-04-29 10:39:07,Cleveland Open,live,20,222,210,235,37
2026-04-29 10:39:07,New York State Open,live,13,105,70,156,51
2026-04-29 10:39:07,DC International,live,9,96,91,101,57
2026-04-29 10:39:07,World Open lower sections,live,6,138,105,182,58
2026-04-29 10:39:07,DC Open,live,6,265,236,296,58
2026-04-29 10:39:07,World Open Under 13 Championship,live,5,110,77,145,61
2026-04-29 10:39:07,World Open top 6 sections,live,99,1104,969,1258,63
2026-04-29 10:39:07,Chicago Class,live,3,276,210,363,79
2026-04-29 10:39:07,Pittsburgh Open,live,5,172,122,243,79
2026-04-29 10:39:07,Southern Open,live,2,232,183,282,79
2026-04-29 10:39:07,Bradley Open,live,4,262,195,352,86
2026-04-29 10:39:07,Pacific Coast Open,live,8,398,294,539,93
2026-04-29 10:39:07,Continental Open,live,1,283,252,317,106
2026-04-29 10:39:07,Central California Open,live,2,175,144,203,107
2026-04-29 10:39:07,Atlantic Open,live,1,316,251,395,114
2026-04-29 10:39:07,Indianapolis Open,live,0,186,175,198,114
2026-04-29 10:39:07,New York State Championship,live,5,304,237,347,128
2026-04-29 10:39:07,Midwest Class Championships,live,2,313,296,338,163
2026-04-29 10:39:07,Eastern Class Championships (in Connecticut),live,1,100,70,130,170
2026-04-29 10:39:07,Eastern Chess Congress (in New Jersey),live,1,100,70,130,177
2026-04-29 10:39:07,National Chess Congress,live,0,623,572,677,213
2026-04-29 10:39:07,Boston Chess Congress,complete,359,359,359,359,0
2026-04-29 10:39:07,Liberty Bell Open,complete,564,564,564,564,0
2026-04-29 10:39:07,Golden State Open,complete,387,387,387,387,0
2026-04-29 10:39:07,George Washington Open,complete,209,209,209,209,0
2026-04-29 10:39:07,Southwest Class Championships,complete,492,492,492,492,0
2026-04-29 10:39:07,Atlantic City Open,complete,401,401,401,401,0
2026-04-29 10:39:07,Western Class Championships,complete,318,318,318,318,0
2026-04-29 10:39:07,Mid-America Open,complete,200,200,200,200,0
2026-04-29 10:39:07,New York State High School Championship,complete,198,198,198,198,0
2026-04-29 10:39:07,New York State Senior Championship With Young Adult Mi,complete,61,61,61,61,0
2026-04-29 10:39:07,New York State Scholastic Championships Grades K-8,complete,1753,1753,1753,1753,0
2026-04-29 10:39:07,Southern Class,complete,195,195,195,195,0
2026-04-30 04:44:51,Chicago Open,live,377,885,837,936,21
2026-04-30 04:44:51,Hartford Open,live,16,206,200,212,36
2026-04-30 04:44:51,Cleveland Open,live,20,219,207,232,36
2026-04-30 04:44:51,New York State Open,live,14,106,71,157,50
2026-04-30 04:44:51,DC International,live,10,96,91,102,56
2026-04-30 04:44:51,World Open lower sections,live,6,138,105,182,57
2026-04-30 04:44:51,DC Open,live,6,264,236,294,57
2026-04-30 04:44:51,World Open Under 13 Championship,live,5,110,77,145,60
2026-04-30 04:44:51,World Open top 6 sections,live,103,1103,968,1257,62
2026-04-30 04:44:51,Chicago Class,live,3,276,209,363,78
2026-04-30 04:44:51,Pittsburgh Open,live,5,171,121,242,78
2026-04-30 04:44:51,Southern Open,live,3,232,183,282,78
2026-04-30 04:44:51,Bradley Open,live,4,261,195,350,85
2026-04-30 04:44:51,Pacific Coast Open,live,8,398,294,539,92
2026-04-30 04:44:51,Continental Open,live,1,283,252,317,105
2026-04-30 04:44:51,Central California Open,live,2,175,144,203,106
2026-04-30 04:44:51,Atlantic Open,live,1,316,251,395,113
2026-04-30 04:44:51,Indianapolis Open,live,0,186,175,198,113
2026-04-30 04:44:51,New York State Championship,live,5,304,237,347,127
2026-04-30 04:44:51,Midwest Class Championships,live,2,313,296,338,162
2026-04-30 04:44:51,Eastern Class Championships (in Connecticut),live,1,100,70,130,169
2026-04-30 04:44:51,Eastern Chess Congress (in New Jersey),live,1,100,70,130,176
2026-04-30 04:44:51,Los Angeles Open,live,0,365,289,413,190
2026-04-30 04:44:51,Kings Island Open,live,0,346,318,364,197
2026-04-30 04:44:51,National Chess Congress,live,0,623,572,677,211
2026-04-30 04:44:51,Boston Chess Congress,complete,359,359,359,359,0
2026-04-30 04:44:51,Liberty Bell Open,complete,564,564,564,564,0
2026-04-30 04:44:51,Golden State Open,complete,387,387,387,387,0
2026-04-30 04:44:51,George Washington Open,complete,209,209,209,209,0
2026-04-30 04:44:51,Southwest Class Championships,complete,492,492,492,492,0
2026-04-30 04:44:51,Atlantic City Open,complete,401,401,401,401,0
2026-04-30 04:44:51,Western Class Championships,complete,318,318,318,318,0
2026-04-30 04:44:51,Mid-America Open,complete,200,200,200,200,0
2026-04-30 04:44:51,New York State High School Championship,complete,198,198,198,198,0
2026-04-30 04:44:51,New York State Senior Championship With Young Adult Mi,complete,61,61,61,61,0
2026-04-30 04:44:51,New York State Scholastic Championships Grades K-8,complete,1753,1753,1753,1753,0
2026-04-30 04:44:51,Southern Class,complete,195,195,195,195,0
2026-04-30 20:37:02,Chicago Open,live,377,887,842,935,21
2026-04-30 20:37:02,Hartford Open,live,16,206,200,212,36
2026-04-30 20:37:02,Cleveland Open,live,20,209,193,227,36
2026-04-30 20:37:02,New York State Open,live,14,106,71,157,50
2026-04-30 20:37:02,DC International,live,10,97,92,102,56
2026-04-30 20:37:02,World Open lower sections,live,6,138,105,182,57
2026-04-30 20:37:02,DC Open,live,6,264,237,294,57
2026-04-30 20:37:02,World Open Under 13 Championship,live,5,110,77,145,60
2026-04-30 20:37:02,World Open top 6 sections,live,103,1103,970,1254,62
2026-04-30 20:37:02,Chicago Class,live,3,276,209,363,78
2026-04-30 20:37:02,Pittsburgh Open,live,5,171,121,242,78
2026-04-30 20:37:02,Southern Open,live,3,232,183,282,78
2026-04-30 20:37:02,Bradley Open,live,4,261,195,350,85
2026-04-30 20:37:02,Pacific Coast Open,live,8,398,294,539,92
2026-04-30 20:37:02,Continental Open,live,1,283,252,317,105
2026-04-30 20:37:02,Central California Open,live,2,175,144,203,106
2026-04-30 20:37:02,Atlantic Open,live,1,316,251,395,113
2026-04-30 20:37:02,Indianapolis Open,live,0,186,175,198,113
2026-04-30 20:37:02,New York State Championship,live,5,304,237,347,127
2026-04-30 20:37:02,Midwest Class Championships,live,2,313,296,338,162
2026-04-30 20:37:02,Eastern Class Championships (in Connecticut),live,1,100,70,130,169
2026-04-30 20:37:02,Eastern Chess Congress (in New Jersey),live,1,100,70,130,176
2026-04-30 20:37:02,Los Angeles Open,live,0,365,289,413,190
2026-04-30 20:37:02,Kings Island Open,live,0,346,318,364,197
2026-04-30 20:37:02,National Chess Congress,live,0,623,572,677,211
2026-04-30 20:37:02,Boston Chess Congress,complete,359,359,359,359,0
2026-04-30 20:37:02,Liberty Bell Open,complete,564,564,564,564,0
2026-04-30 20:37:02,Golden State Open,complete,387,387,387,387,0
2026-04-30 20:37:02,George Washington Open,complete,209,209,209,209,0
2026-04-30 20:37:02,Southwest Class Championships,complete,492,492,492,492,0
2026-04-30 20:37:02,Atlantic City Open,complete,401,401,401,401,0
2026-04-30 20:37:02,Western Class Championships,complete,318,318,318,318,0
2026-04-30 20:37:02,Mid-America Open,complete,200,200,200,200,0
2026-04-30 20:37:02,New York State High School Championship,complete,198,198,198,198,0
2026-04-30 20:37:02,New York State Senior Championship With Young Adult Mi,complete,61,61,61,61,0
2026-04-30 20:37:02,New York State Scholastic Championships Grades K-8,complete,1753,1753,1753,1753,0
2026-04-30 20:37:02,Southern Class,complete,195,195,195,195,0
2026-04-30 20:41:39,Chicago Open,live,377,885,837,936,21
2026-04-30 20:41:39,Hartford Open,live,16,206,200,212,36
2026-04-30 20:41:39,Cleveland Open,live,20,219,207,232,36
2026-04-30 20:41:39,New York State Open,live,14,106,71,157,50
2026-04-30 20:41:39,DC International,live,10,96,91,102,56
2026-04-30 20:41:39,World Open lower sections,live,6,138,105,182,57
2026-04-30 20:41:39,DC Open,live,6,264,236,294,57
2026-04-30 20:41:39,World Open Under 13 Championship,live,5,110,77,145,60
2026-04-30 20:41:39,World Open top 6 sections,live,103,1103,968,1257,62
2026-04-30 20:41:39,Chicago Class,live,3,276,209,363,78
2026-04-30 20:41:39,Pittsburgh Open,live,5,171,121,242,78
2026-04-30 20:41:39,Southern Open,live,3,232,183,282,78
2026-04-30 20:41:39,Bradley Open,live,4,261,195,350,85
2026-04-30 20:41:39,Pacific Coast Open,live,8,398,294,539,92
2026-04-30 20:41:39,Continental Open,live,1,283,252,317,105
2026-04-30 20:41:39,Central California Open,live,2,175,144,203,106
2026-04-30 20:41:39,Atlantic Open,live,1,316,251,395,113
2026-04-30 20:41:39,Indianapolis Open,live,0,186,175,198,113
2026-04-30 20:41:39,New York State Championship,live,5,304,237,347,127
2026-04-30 20:41:39,Midwest Class Championships,live,2,313,296,338,162
2026-04-30 20:41:39,Eastern Class Championships (in Connecticut),live,1,100,70,130,169
2026-04-30 20:41:39,Eastern Chess Congress (in New Jersey),live,1,100,70,130,176
2026-04-30 20:41:39,Los Angeles Open,live,0,365,289,413,190
2026-04-30 20:41:39,Kings Island Open,live,0,346,318,364,197
2026-04-30 20:41:39,National Chess Congress,live,0,623,572,677,211
2026-04-30 20:41:39,Boston Chess Congress,complete,359,359,359,359,0
2026-04-30 20:41:39,Liberty Bell Open,complete,564,564,564,564,0
2026-04-30 20:41:39,Golden State Open,complete,387,387,387,387,0
2026-04-30 20:41:39,George Washington Open,complete,209,209,209,209,0
2026-04-30 20:41:39,Southwest Class Championships,complete,492,492,492,492,0
2026-04-30 20:41:39,Atlantic City Open,complete,401,401,401,401,0
2026-04-30 20:41:39,Western Class Championships,complete,318,318,318,318,0
2026-04-30 20:41:39,Mid-America Open,complete,200,200,200,200,0
2026-04-30 20:41:39,New York State High School Championship,complete,198,198,198,198,0
2026-04-30 20:41:39,New York State Senior Championship With Young Adult Mi,complete,61,61,61,61,0
2026-04-30 20:41:39,New York State Scholastic Championships Grades K-8,complete,1753,1753,1753,1753,0
2026-04-30 20:41:39,Southern Class,complete,195,195,195,195,0
2026-04-30 20:45:50,Chicago Open,live,377,885,837,936,21
2026-04-30 20:45:50,Hartford Open,live,16,206,200,212,36
2026-04-30 20:45:50,Cleveland Open,live,20,219,207,232,36
2026-04-30 20:45:50,New York State Open,live,14,106,71,157,50
2026-04-30 20:45:50,DC International,live,10,96,91,102,56
2026-04-30 20:45:50,World Open lower sections,live,6,138,105,182,57
2026-04-30 20:45:50,DC Open,live,6,264,236,294,57
2026-04-30 20:45:50,World Open Under 13 Championship,live,5,110,77,145,60
2026-04-30 20:45:50,World Open top 6 sections,live,103,1103,968,1257,62
2026-04-30 20:45:50,Chicago Class,live,3,276,209,363,78
2026-04-30 20:45:50,Pittsburgh Open,live,5,171,121,242,78
2026-04-30 20:45:50,Southern Open,live,3,232,183,282,78
2026-04-30 20:45:50,Bradley Open,live,4,261,195,350,85
2026-04-30 20:45:50,Pacific Coast Open,live,8,398,294,539,92
2026-04-30 20:45:50,Continental Open,live,1,283,252,317,105
2026-04-30 20:45:50,Central California Open,live,2,175,144,203,106
2026-04-30 20:45:50,Atlantic Open,live,1,316,251,395,113
2026-04-30 20:45:50,Indianapolis Open,live,0,186,175,198,113
2026-04-30 20:45:50,New York State Championship,live,5,304,237,347,127
2026-04-30 20:45:50,Midwest Class Championships,live,2,313,296,338,162
2026-04-30 20:45:50,Eastern Class Championships (in Connecticut),live,1,100,70,130,169
2026-04-30 20:45:50,Eastern Chess Congress (in New Jersey),live,1,100,70,130,176
2026-04-30 20:45:50,Los Angeles Open,live,0,365,289,413,190
2026-04-30 20:45:50,Kings Island Open,live,0,346,318,364,197
2026-04-30 20:45:50,National Chess Congress,live,0,623,572,677,211
2026-04-30 20:45:50,Boston Chess Congress,complete,359,359,359,359,0
2026-04-30 20:45:50,Liberty Bell Open,complete,564,564,564,564,0
2026-04-30 20:45:50,Golden State Open,complete,387,387,387,387,0
2026-04-30 20:45:50,George Washington Open,complete,209,209,209,209,0
2026-04-30 20:45:50,Southwest Class Championships,complete,492,492,492,492,0
2026-04-30 20:45:50,Atlantic City Open,complete,401,401,401,401,0
2026-04-30 20:45:50,Western Class Championships,complete,318,318,318,318,0
2026-04-30 20:45:50,Mid-America Open,complete,200,200,200,200,0
2026-04-30 20:45:50,New York State High School Championship,complete,198,198,198,198,0
2026-04-30 20:45:50,New York State Senior Championship With Young Adult Mi,complete,61,61,61,61,0
2026-04-30 20:45:50,New York State Scholastic Championships Grades K-8,complete,1753,1753,1753,1753,0
2026-04-30 20:45:50,Southern Class,complete,195,195,195,195,0
2026-04-30 20:49:31,Chicago Open,live,377,885,837,936,21
2026-04-30 20:49:31,Hartford Open,live,16,206,200,212,36
2026-04-30 20:49:31,Cleveland Open,live,20,219,207,232,36
2026-04-30 20:49:31,New York State Open,live,14,106,71,157,50
2026-04-30 20:49:31,DC International,live,10,96,91,102,56
2026-04-30 20:49:31,World Open lower sections,live,6,138,105,182,57
2026-04-30 20:49:31,DC Open,live,6,264,236,294,57
2026-04-30 20:49:31,World Open Under 13 Championship,live,5,110,77,145,60
2026-04-30 20:49:31,World Open top 6 sections,live,103,1103,968,1257,62
2026-04-30 20:49:31,Chicago Class,live,3,276,209,363,78
2026-04-30 20:49:31,Pittsburgh Open,live,5,171,121,242,78
2026-04-30 20:49:31,Southern Open,live,3,232,183,282,78
2026-04-30 20:49:31,Bradley Open,live,4,261,195,350,85
2026-04-30 20:49:31,Pacific Coast Open,live,8,398,294,539,92
2026-04-30 20:49:31,Continental Open,live,1,283,252,317,105
2026-04-30 20:49:31,Central California Open,live,2,175,144,203,106
2026-04-30 20:49:31,Atlantic Open,live,1,316,251,395,113
2026-04-30 20:49:31,Indianapolis Open,live,0,186,175,198,113
2026-04-30 20:49:31,New York State Championship,live,5,304,237,347,127
2026-04-30 20:49:31,Midwest Class Championships,live,2,313,296,338,162
2026-04-30 20:49:31,Eastern Class Championships (in Connecticut),live,1,100,70,130,169
2026-04-30 20:49:31,Eastern Chess Congress (in New Jersey),live,1,100,70,130,176
2026-04-30 20:49:31,Los Angeles Open,live,0,365,289,413,190
2026-04-30 20:49:31,Kings Island Open,live,0,346,318,364,197
2026-04-30 20:49:31,National Chess Congress,live,0,623,572,677,211
2026-04-30 20:49:31,Boston Chess Congress,complete,359,359,359,359,0
2026-04-30 20:49:31,Liberty Bell Open,complete,564,564,564,564,0
2026-04-30 20:49:31,Golden State Open,complete,387,387,387,387,0
2026-04-30 20:49:31,George Washington Open,complete,209,209,209,209,0
2026-04-30 20:49:31,Southwest Class Championships,complete,492,492,492,492,0
2026-04-30 20:49:31,Atlantic City Open,complete,401,401,401,401,0
2026-04-30 20:49:31,Western Class Championships,complete,318,318,318,318,0
2026-04-30 20:49:31,Mid-America Open,complete,200,200,200,200,0
2026-04-30 20:49:31,New York State High School Championship,complete,198,198,198,198,0
2026-04-30 20:49:31,New York State Senior Championship With Young Adult Mi,complete,61,61,61,61,0
2026-04-30 20:49:31,New York State Scholastic Championships Grades K-8,complete,1753,1753,1753,1753,0
2026-04-30 20:49:31,Southern Class,complete,195,195,195,195,0
2026-04-30 21:21:13,Chicago Open,live,377,885,837,936,21
2026-04-30 21:21:13,Hartford Open,live,16,206,200,212,36
2026-04-30 21:21:13,Cleveland Open,live,20,219,207,232,36
2026-04-30 21:21:13,New York State Open,live,14,106,71,157,50
2026-04-30 21:21:13,DC International,live,10,96,91,102,56
2026-04-30 21:21:13,World Open lower sections,live,6,138,105,182,57
2026-04-30 21:21:13,DC Open,live,6,264,236,294,57
2026-04-30 21:21:13,World Open Under 13 Championship,live,5,110,77,145,60
2026-04-30 21:21:13,World Open top 6 sections,live,103,1103,968,1257,62
2026-04-30 21:21:13,Chicago Class,live,3,276,209,363,78
2026-04-30 21:21:13,Pittsburgh Open,live,5,171,121,242,78
2026-04-30 21:21:13,Southern Open,live,3,232,183,282,78
2026-04-30 21:21:13,Bradley Open,live,4,261,195,350,85
2026-04-30 21:21:13,Pacific Coast Open,live,8,398,294,539,92
2026-04-30 21:21:13,Continental Open,live,1,283,252,317,105
2026-04-30 21:21:13,Central California Open,live,2,175,144,203,106
2026-04-30 21:21:13,Atlantic Open,live,1,316,251,395,113
2026-04-30 21:21:13,Indianapolis Open,live,0,186,175,198,113
2026-04-30 21:21:13,New York State Championship,live,5,304,237,347,127
2026-04-30 21:21:13,Midwest Class Championships,live,2,313,296,338,162
2026-04-30 21:21:13,Eastern Class Championships (in Connecticut),live,1,100,70,130,169
2026-04-30 21:21:13,Eastern Chess Congress (in New Jersey),live,1,100,70,130,176
2026-04-30 21:21:13,Los Angeles Open,live,0,365,289,413,190
2026-04-30 21:21:13,Kings Island Open,live,0,346,318,364,197
2026-04-30 21:21:13,National Chess Congress,live,0,623,572,677,211
2026-04-30 21:21:13,Boston Chess Congress,complete,359,359,359,359,0
2026-04-30 21:21:13,Liberty Bell Open,complete,564,564,564,564,0
2026-04-30 21:21:13,Golden State Open,complete,387,387,387,387,0
2026-04-30 21:21:13,George Washington Open,complete,209,209,209,209,0
2026-04-30 21:21:13,Southwest Class Championships,complete,492,492,492,492,0
2026-04-30 21:21:13,Atlantic City Open,complete,401,401,401,401,0
2026-04-30 21:21:13,Western Class Championships,complete,318,318,318,318,0
2026-04-30 21:21:13,Mid-America Open,complete,200,200,200,200,0
2026-04-30 21:21:13,New York State High School Championship,complete,198,198,198,198,0
2026-04-30 21:21:13,New York State Senior Championship With Young Adult Mi,complete,61,61,61,61,0
2026-04-30 21:21:13,New York State Scholastic Championships Grades K-8,complete,1753,1753,1753,1753,0
2026-04-30 21:21:13,Southern Class,complete,195,195,195,195,0
2026-04-30 21:27:19,Chicago Open,live,377,885,837,936,21
2026-04-30 21:27:19,Hartford Open,live,16,206,200,212,36
2026-04-30 21:27:19,Cleveland Open,live,20,219,207,232,36
2026-04-30 21:27:19,New York State Open,live,14,106,71,157,50
2026-04-30 21:27:19,DC International,live,10,96,91,102,56
2026-04-30 21:27:19,World Open lower sections,live,6,138,105,182,57
2026-04-30 21:27:19,DC Open,live,6,264,236,294,57
2026-04-30 21:27:19,World Open Under 13 Championship,live,5,110,77,145,60
2026-04-30 21:27:19,World Open top 6 sections,live,103,1103,968,1257,62
2026-04-30 21:27:19,Chicago Class,live,3,276,209,363,78
2026-04-30 21:27:19,Pittsburgh Open,live,5,171,121,242,78
2026-04-30 21:27:19,Southern Open,live,3,232,183,282,78
2026-04-30 21:27:19,Bradley Open,live,4,261,195,350,85
2026-04-30 21:27:19,Pacific Coast Open,live,8,398,294,539,92
2026-04-30 21:27:19,Continental Open,live,1,283,252,317,105
2026-04-30 21:27:19,Central California Open,live,2,175,144,203,106
2026-04-30 21:27:19,Atlantic Open,live,1,316,251,395,113
2026-04-30 21:27:19,Indianapolis Open,live,0,186,175,198,113
2026-04-30 21:27:19,New York State Championship,live,5,304,237,347,127
2026-04-30 21:27:19,Midwest Class Championships,live,2,313,296,338,162
2026-04-30 21:27:19,Eastern Class Championships (in Connecticut),live,1,100,70,130,169
2026-04-30 21:27:19,Eastern Chess Congress (in New Jersey),live,1,100,70,130,176
2026-04-30 21:27:19,Los Angeles Open,live,0,365,289,413,190
2026-04-30 21:27:19,Kings Island Open,live,0,346,318,364,197
2026-04-30 21:27:19,National Chess Congress,live,0,623,572,677,211
2026-04-30 21:27:19,Boston Chess Congress,complete,359,359,359,359,0
2026-04-30 21:27:19,Liberty Bell Open,complete,564,564,564,564,0
2026-04-30 21:27:19,Golden State Open,complete,387,387,387,387,0
2026-04-30 21:27:19,George Washington Open,complete,209,209,209,209,0
2026-04-30 21:27:19,Southwest Class Championships,complete,492,492,492,492,0
2026-04-30 21:27:19,Atlantic City Open,complete,401,401,401,401,0
2026-04-30 21:27:19,Western Class Championships,complete,318,318,318,318,0
2026-04-30 21:27:19,Mid-America Open,complete,200,200,200,200,0
2026-04-30 21:27:19,New York State High School Championship,complete,198,198,198,198,0
2026-04-30 21:27:19,New York State Senior Championship With Young Adult Mi,complete,61,61,61,61,0
2026-04-30 21:27:19,New York State Scholastic Championships Grades K-8,complete,1753,1753,1753,1753,0
2026-04-30 21:27:19,Southern Class,complete,195,195,195,195,0
2026-05-01 04:58:39,Chicago Open,live,383,882,836,931,20
2026-05-01 04:58:39,Hartford Open,live,16,206,193,219,35
2026-05-01 04:58:39,Cleveland Open,live,21,220,195,249,35
2026-05-01 04:58:39,New York State Open,live,15,113,76,168,49
2026-05-01 04:58:39,DC International,live,10,95,90,100,55
2026-05-01 04:58:39,World Open lower sections,live,7,138,105,182,56
2026-05-01 04:58:39,DC Open,live,6,263,237,292,56
2026-05-01 04:58:39,World Open Under 13 Championship,live,5,110,77,145,59
2026-05-01 04:58:39,World Open top 6 sections,live,105,1099,965,1252,61
2026-05-01 04:58:39,Chicago Class,live,3,275,209,362,77
2026-05-01 04:58:39,Pittsburgh Open,live,5,171,121,241,77
2026-05-01 04:58:39,Southern Open,live,4,232,183,282,77
2026-05-01 04:58:39,Bradley Open,live,4,261,196,348,84
2026-05-01 04:58:39,Pacific Coast Open,live,9,402,293,552,91
2026-05-01 04:58:39,Continental Open,live,1,283,252,317,104
2026-05-01 04:58:39,Central California Open,live,3,175,144,203,105
2026-05-01 04:58:39,Atlantic Open,live,1,316,251,395,112
2026-05-01 04:58:39,Indianapolis Open,live,0,186,175,198,112
2026-05-01 04:58:39,New York State Championship,live,5,304,237,347,126
2026-05-01 04:58:39,Midwest Class Championships,live,2,313,296,338,161
2026-05-01 04:58:39,Eastern Class Championships (in Connecticut),live,1,100,70,130,168
2026-05-01 04:58:39,Eastern Chess Congress (in New Jersey),live,1,100,70,130,175
2026-05-01 04:58:39,Los Angeles Open,live,0,365,289,413,189
2026-05-01 04:58:39,Kings Island Open,live,0,346,318,364,196
2026-05-01 04:58:39,National Chess Congress,live,0,623,572,677,210
2026-05-01 04:58:39,Boston Chess Congress,complete,359,359,359,359,0
2026-05-01 04:58:39,Liberty Bell Open,complete,564,564,564,564,0
2026-05-01 04:58:39,Golden State Open,complete,387,387,387,387,0
2026-05-01 04:58:39,George Washington Open,complete,209,209,209,209,0
2026-05-01 04:58:39,Southwest Class Championships,complete,492,492,492,492,0
2026-05-01 04:58:39,Atlantic City Open,complete,401,401,401,401,0
2026-05-01 04:58:39,Western Class Championships,complete,318,318,318,318,0
2026-05-01 04:58:39,Mid-America Open,complete,200,200,200,200,0
2026-05-01 04:58:39,New York State High School Championship,complete,198,198,198,198,0
2026-05-01 04:58:39,New York State Senior Championship With Young Adult Mi,complete,61,61,61,61,0
2026-05-01 04:58:39,New York State Scholastic Championships Grades K-8,complete,1753,1753,1753,1753,0
2026-05-01 04:58:39,Southern Class,complete,195,195,195,195,0
2026-05-02 04:29:12,Chicago Open,live,391,881,837,927,19
2026-05-02 04:29:12,Hartford Open,live,17,206,194,219,34
2026-05-02 04:29:12,Cleveland Open,live,21,218,193,246,34
2026-05-02 04:29:12,New York State Open,live,17,116,78,173,48
2026-05-02 04:29:12,DC International,live,11,96,90,101,54
2026-05-02 04:29:12,World Open lower sections,live,7,138,105,182,55
2026-05-02 04:29:12,DC Open,live,6,262,237,290,55
2026-05-02 04:29:12,World Open Under 13 Championship,live,6,110,77,145,58
2026-05-02 04:29:12,World Open top 6 sections,live,111,1101,967,1255,60
2026-05-02 04:29:12,Chicago Class,live,3,275,209,361,76
2026-05-02 04:29:12,Pittsburgh Open,live,5,170,120,240,76
2026-05-02 04:29:12,Southern Open,live,4,232,183,282,76
2026-05-02 04:29:12,Bradley Open,live,4,260,196,346,83
2026-05-02 04:29:12,Pacific Coast Open,live,9,402,293,552,90
2026-05-02 04:29:12,Continental Open,live,1,283,252,317,103
2026-05-02 04:29:12,Central California Open,live,3,175,144,203,104
2026-05-02 04:29:12,Atlantic Open,live,1,316,251,395,111
2026-05-02 04:29:12,Indianapolis Open,live,0,186,175,198,111
2026-05-02 04:29:12,New York State Championship,live,5,304,237,347,125
2026-05-02 04:29:12,Midwest Class Championships,live,2,313,296,338,160
2026-05-02 04:29:12,Eastern Class Championships (in Connecticut),live,1,100,70,130,167
2026-05-02 04:29:12,Eastern Chess Congress (in New Jersey),live,1,100,70,130,174
2026-05-02 04:29:12,Los Angeles Open,live,0,365,289,413,188
2026-05-02 04:29:12,Kings Island Open,live,0,346,318,364,195
2026-05-02 04:29:12,National Chess Congress,live,0,623,572,677,209
2026-05-02 04:29:12,Boston Chess Congress,complete,359,359,359,359,0
2026-05-02 04:29:12,Liberty Bell Open,complete,564,564,564,564,0
2026-05-02 04:29:12,Golden State Open,complete,387,387,387,387,0
2026-05-02 04:29:12,George Washington Open,complete,209,209,209,209,0
2026-05-02 04:29:12,Southwest Class Championships,complete,492,492,492,492,0
2026-05-02 04:29:12,Atlantic City Open,complete,401,401,401,401,0
2026-05-02 04:29:12,Western Class Championships,complete,318,318,318,318,0
2026-05-02 04:29:12,Mid-America Open,complete,200,200,200,200,0
2026-05-02 04:29:12,New York State High School Championship,complete,198,198,198,198,0
2026-05-02 04:29:12,New York State Senior Championship With Young Adult Mi,complete,61,61,61,61,0
2026-05-02 04:29:12,New York State Scholastic Championships Grades K-8,complete,1753,1753,1753,1753,0
2026-05-02 04:29:12,Southern Class,complete,195,195,195,195,0
2026-05-03 04:50:52,Chicago Open,live,398,879,837,923,18
2026-05-03 04:50:52,Hartford Open,live,19,209,197,222,33
2026-05-03 04:50:52,Cleveland Open,live,24,223,197,252,33
2026-05-03 04:50:52,New York State Open,live,17,114,77,170,47
2026-05-03 04:50:52,DC International,live,11,94,89,100,53
2026-05-03 04:50:52,World Open lower sections,live,10,139,106,183,54
2026-05-03 04:50:52,DC Open,live,8,266,241,293,54
2026-05-03 04:50:52,World Open Under 13 Championship,live,8,110,77,145,57
2026-05-03 04:50:52,World Open top 6 sections,live,116,1098,965,1248,59
2026-05-03 04:50:52,Chicago Class,live,3,278,211,366,75
2026-05-03 04:50:52,Pittsburgh Open,live,5,172,122,242,75
2026-05-03 04:50:52,Southern Open,live,4,232,183,282,75
2026-05-03 04:50:52,Bradley Open,live,4,259,196,343,82
2026-05-03 04:50:52,Pacific Coast Open,live,9,400,293,546,89
2026-05-03 04:50:52,Continental Open,live,1,283,252,317,102
2026-05-03 04:50:52,Central California Open,live,2,175,144,203,103
2026-05-03 04:50:52,Atlantic Open,live,1,316,251,395,110
2026-05-03 04:50:52,Indianapolis Open,live,0,186,175,198,110
2026-05-03 04:50:52,New York State Championship,live,5,304,237,347,124
2026-05-03 04:50:52,Midwest Class Championships,live,2,313,296,338,159
2026-05-03 04:50:52,Eastern Class Championships (in Connecticut),live,1,100,70,130,166
2026-05-03 04:50:52,Eastern Chess Congress (in New Jersey),live,1,100,70,130,173
2026-05-03 04:50:52,Los Angeles Open,live,0,365,289,413,187
2026-05-03 04:50:52,Kings Island Open,live,0,346,318,364,194
2026-05-03 04:50:52,National Chess Congress,live,0,623,572,677,208
2026-05-03 04:50:52,Boston Chess Congress,complete,359,359,359,359,0
2026-05-03 04:50:52,Liberty Bell Open,complete,564,564,564,564,0
2026-05-03 04:50:52,Golden State Open,complete,387,387,387,387,0
2026-05-03 04:50:52,George Washington Open,complete,209,209,209,209,0
2026-05-03 04:50:52,Southwest Class Championships,complete,492,492,492,492,0
2026-05-03 04:50:52,Atlantic City Open,complete,401,401,401,401,0
2026-05-03 04:50:52,Western Class Championships,complete,318,318,318,318,0
2026-05-03 04:50:52,Mid-America Open,complete,200,200,200,200,0
2026-05-03 04:50:52,New York State High School Championship,complete,198,198,198,198,0
2026-05-03 04:50:52,New York State Senior Championship With Young Adult Mi,complete,61,61,61,61,0
2026-05-03 04:50:52,New York State Scholastic Championships Grades K-8,complete,1753,1753,1753,1753,0
2026-05-03 04:50:52,Southern Class,complete,195,195,195,195,0
2026-05-04 04:50:53,Chicago Open,live,409,880,839,922,17
2026-05-04 04:50:53,Hartford Open,live,21,212,199,225,32
2026-05-04 04:50:53,Cleveland Open,live,25,223,197,253,32
2026-05-04 04:50:53,New York State Open,live,18,115,77,171,46
2026-05-04 04:50:53,DC International,live,11,93,88,98,52
2026-05-04 04:50:53,World Open lower sections,live,11,139,106,184,53
2026-05-04 04:50:53,DC Open,live,8,265,241,291,53
2026-05-04 04:50:53,World Open Under 13 Championship,live,8,110,77,145,56
2026-05-04 04:50:53,World Open top 6 sections,live,122,1095,965,1243,58
2026-05-04 04:50:53,Chicago Class,live,3,278,211,365,74
2026-05-04 04:50:53,Pittsburgh Open,live,5,171,122,240,74
2026-05-04 04:50:53,Southern Open,live,4,232,183,282,74
2026-05-04 04:50:53,Bradley Open,live,4,259,196,341,81
2026-05-04 04:50:53,Pacific Coast Open,live,9,398,293,540,88
2026-05-04 04:50:53,Continental Open,live,1,283,252,317,101
2026-05-04 04:50:53,Central California Open,live,2,175,144,203,102
2026-05-04 04:50:53,Atlantic Open,live,1,316,251,395,109
2026-05-04 04:50:53,Indianapolis Open,live,0,186,175,198,109
2026-05-04 04:50:53,New York State Championship,live,5,304,237,347,123
2026-05-04 04:50:53,Midwest Class Championships,live,2,313,296,338,158
2026-05-04 04:50:53,Eastern Class Championships (in Connecticut),live,1,100,70,130,165
2026-05-04 04:50:53,Eastern Chess Congress (in New Jersey),live,1,100,70,130,172
2026-05-04 04:50:53,Los Angeles Open,live,1,365,289,413,186
2026-05-04 04:50:53,Kings Island Open,live,0,346,318,364,193
2026-05-04 04:50:53,National Chess Congress,live,0,623,572,677,207
2026-05-04 04:50:53,Boston Chess Congress,complete,359,359,359,359,0
2026-05-04 04:50:53,Liberty Bell Open,complete,564,564,564,564,0
2026-05-04 04:50:53,Golden State Open,complete,387,387,387,387,0
2026-05-04 04:50:53,George Washington Open,complete,209,209,209,209,0
2026-05-04 04:50:53,Southwest Class Championships,complete,492,492,492,492,0
2026-05-04 04:50:53,Atlantic City Open,complete,401,401,401,401,0
2026-05-04 04:50:53,Western Class Championships,complete,318,318,318,318,0
2026-05-04 04:50:53,Mid-America Open,complete,200,200,200,200,0
2026-05-04 04:50:53,New York State High School Championship,complete,198,198,198,198,0
2026-05-04 04:50:53,New York State Senior Championship With Young Adult Mi,complete,61,61,61,61,0
2026-05-04 04:50:53,New York State Scholastic Championships Grades K-8,complete,1753,1753,1753,1753,0
2026-05-04 04:50:53,Southern Class,complete,195,195,195,195,0
