season,tid,family,T,forecast_date,cutoff,count,count_basis,point,low,high,raw_point,final,log_error,in_range,route,tier,last_year,pickup
2023,2604,Western Class,60,2023-01-01,2023-01-01,10,observed,358,317,394,358,346,0.034094,1,model,size-matched,362.0,368.0
2023,2512,Boston Chess Congress,3,2023-01-02,2023-01-01,189,observed,303,263,340,303,391,-0.254975,0,model,size-matched,287.0,320.0
2023,2512,Boston Chess Congress,1,2023-01-04,2023-01-01,260,observed,300,280,321,300,391,-0.264925,0,model,size-matched,287.0,339.0
2023,2569,Southwest Class Championships,42,2023-01-05,2023-01-01,31,observed,391,214,519,391,426,-0.085732,1,model,size-matched,397.0,397.0
2023,2611,Open at Foxwoods,90,2023-01-05,2023-01-01,4,observed,473,439,505,473,445,0.061021,1,model,size-matched,472.0,470.0
2023,2566,Golden State Open,7,2023-01-06,2023-01-01,115,observed,278,207,335,278,293,-0.052551,1,model,size-matched,275.0,284.0
2023,2606,New York State Scholastic Championships,60,2023-01-07,2023-01-01,113,observed,943,900,984,943,1548,-0.495653,0,model,size-matched,941.0,1042.0
2023,2566,Golden State Open,3,2023-01-10,2023-01-01,174,observed,287,251,321,287,293,-0.02069,1,model,size-matched,275.0,297.0
2023,2566,Golden State Open,1,2023-01-12,2023-01-01,250,observed,294,274,314,294,293,0.003407,1,model,size-matched,275.0,293.0
2023,2610,George Washington Open,42,2023-01-12,2023-01-01,27,observed,93,36,216,93,345,-1.310945,0,model,size-matched,253.0,
2023,2607,Eastern Class,60,2023-01-15,2023-01-01,9,observed,228,200,254,228,257,-0.11973,0,model,size-matched,230.0,231.0
2023,2608,Southern Class,60,2023-01-15,2023-01-01,15,observed,198,108,264,198,264,-0.287682,1,model,size-matched,200.0,209.0
2023,2569,Southwest Class Championships,28,2023-01-19,2023-01-01,71,observed,408,223,541,408,426,-0.043172,1,model,size-matched,397.0,410.0
2023,2604,Western Class,42,2023-01-19,2023-01-01,22,observed,356,195,488,356,346,0.028492,1,model,size-matched,362.0,361.0
2023,2606,New York State Scholastic Championships,42,2023-01-25,2023-01-01,271,observed,936,780,1070,936,1548,-0.503104,0,model,size-matched,941.0,1114.0
2023,2610,George Washington Open,28,2023-01-26,2023-01-01,55,observed,195,76,440,195,345,-0.570545,1,model,size-matched,253.0,
2023,2569,Southwest Class Championships,14,2023-02-02,2023-02-01,170,observed,476,404,539,476,426,0.110979,1,model,size-matched,397.0,447.0
2023,2604,Western Class,28,2023-02-02,2023-02-01,43,observed,359,197,477,359,346,0.036884,1,model,size-matched,362.0,357.0
2023,2607,Eastern Class,42,2023-02-02,2023-02-01,22,observed,233,128,320,233,257,-0.098038,1,model,size-matched,230.0,237.0
2023,2608,Southern Class,42,2023-02-02,2023-02-01,32,observed,211,115,281,211,264,-0.224091,1,model,size-matched,200.0,211.0
2023,2665,Niagara Falls Open,90,2023-02-03,2023-02-01,13,observed,97,53,145,97,170,-0.561087,0,model,size-matched,94.0,107.0
2023,2611,Open at Foxwoods,60,2023-02-04,2023-02-01,21,observed,469,405,526,469,445,0.052528,1,model,size-matched,472.0,447.0
2023,2606,New York State Scholastic Championships,28,2023-02-08,2023-02-01,447,observed,941,784,1075,941,1548,-0.497776,0,model,size-matched,941.0,1148.0
2023,2569,Southwest Class Championships,7,2023-02-09,2023-02-01,221,observed,461,345,553,461,426,0.078959,1,model,size-matched,397.0,418.0
2023,2610,George Washington Open,14,2023-02-09,2023-02-01,123,observed,345,253,417,345,345,0.0,1,model,size-matched,253.0,
2023,2569,Southwest Class Championships,3,2023-02-13,2023-02-01,271,observed,413,357,463,413,426,-0.030992,1,model,size-matched,397.0,400.0
2023,2569,Southwest Class Championships,1,2023-02-15,2023-02-01,334,observed,394,360,427,394,426,-0.078088,1,model,size-matched,397.0,377.0
2023,2604,Western Class,14,2023-02-16,2023-02-01,84,observed,353,297,401,353,346,0.020029,1,model,size-matched,362.0,343.0
2023,2607,Eastern Class,28,2023-02-16,2023-02-01,33,observed,236,129,309,236,257,-0.085244,1,model,size-matched,230.0,239.0
2023,2608,Southern Class,28,2023-02-16,2023-02-01,47,observed,223,122,296,223,264,-0.168777,1,model,size-matched,200.0,212.0
2023,2610,George Washington Open,7,2023-02-16,2023-02-01,160,observed,343,171,454,343,345,-0.005814,1,model,size-matched,253.0,
2023,2610,George Washington Open,3,2023-02-20,2023-02-01,205,observed,328,251,395,328,345,-0.050531,1,model,size-matched,253.0,
2023,2606,New York State Scholastic Championships,14,2023-02-22,2023-02-01,1151,observed,1235,1151,1411,1235,1548,-0.225893,0,model,size-matched,941.0,1410.0
2023,2610,George Washington Open,1,2023-02-22,2023-02-01,264,observed,301,266,334,301,345,-0.136434,0,model,size-matched,253.0,
2023,2611,Open at Foxwoods,42,2023-02-22,2023-02-01,34,observed,477,261,627,477,445,0.069442,1,model,size-matched,472.0,321.0
2023,2604,Western Class,7,2023-02-23,2023-02-01,134,observed,343,254,413,343,346,-0.008708,1,model,size-matched,362.0,338.0
2023,2657,Chicago Open,90,2023-02-24,2023-02-01,35,observed,915,501,1197,915,960,-0.048009,1,model,size-matched,944.0,958.0
2023,2604,Western Class,3,2023-02-27,2023-02-01,191,observed,326,285,364,326,346,-0.059541,1,model,size-matched,362.0,322.0
2023,2604,Western Class,1,2023-03-01,2023-03-01,264,observed,327,301,351,327,346,-0.056479,1,model,size-matched,362.0,348.0
2023,2606,New York State Scholastic Championships,7,2023-03-01,2023-03-01,1390,observed,1656,1390,1893,1656,1548,0.067441,1,model,size-matched,941.0,1559.0
2023,2607,Eastern Class,14,2023-03-02,2023-03-01,65,observed,236,202,265,236,257,-0.085244,1,model,size-matched,230.0,250.0
2023,2608,Southern Class,14,2023-03-02,2023-03-01,78,observed,233,195,265,233,264,-0.124911,1,model,size-matched,200.0,211.0
2023,2606,New York State Scholastic Championships,3,2023-03-05,2023-03-01,1447,observed,2199,1879,2488,2199,1548,0.351039,0,model,size-matched,941.0,1516.0
2023,2665,Niagara Falls Open,60,2023-03-05,2023-03-01,20,observed,98,56,127,98,170,-0.550831,0,model,size-matched,94.0,110.0
2023,2606,New York State Scholastic Championships,1,2023-03-07,2023-03-01,1470,observed,1804,1569,2028,1804,1548,0.153043,0,model,size-matched,941.0,1512.0
2023,2611,Open at Foxwoods,28,2023-03-08,2023-03-01,68,observed,472,259,628,472,445,0.058905,1,model,size-matched,472.0,328.0
2023,2607,Eastern Class,7,2023-03-09,2023-03-01,94,observed,230,171,277,230,257,-0.110997,1,model,size-matched,230.0,253.0
2023,2608,Southern Class,7,2023-03-09,2023-03-01,103,observed,226,169,271,226,264,-0.155414,1,model,size-matched,200.0,200.0
2023,2607,Eastern Class,3,2023-03-13,2023-03-01,130,observed,221,194,245,221,257,-0.150913,0,model,size-matched,230.0,246.0
2023,2608,Southern Class,3,2023-03-13,2023-03-01,131,observed,216,190,240,216,264,-0.200671,0,model,size-matched,200.0,206.0
2023,2607,Eastern Class,1,2023-03-15,2023-03-01,163,observed,207,185,229,207,257,-0.216357,0,model,size-matched,230.0,242.0
2023,2608,Southern Class,1,2023-03-15,2023-03-01,180,observed,218,194,241,218,264,-0.191454,0,model,size-matched,200.0,214.0
2023,2611,Open at Foxwoods,14,2023-03-22,2023-03-01,143,observed,502,427,566,502,445,0.120526,1,model,size-matched,472.0,334.0
2023,2665,Niagara Falls Open,42,2023-03-23,2023-03-01,24,observed,101,55,136,101,170,-0.520678,0,model,size-matched,94.0,109.0
2023,2673,Philadelphia International,90,2023-03-24,2023-03-01,5,observed,88,49,114,88,108,-0.204794,1,model,size-matched,88.0,91.0
2023,2674,Philadelphia Open,90,2023-03-24,2023-03-01,6,observed,280,255,303,280,281,-0.003565,1,model,size-matched,281.0,281.0
2023,2657,Chicago Open,60,2023-03-26,2023-03-01,239,observed,922,505,1232,922,960,-0.040388,1,model,size-matched,944.0,956.0
2023,2675,World Open Under 13,90,2023-03-26,2023-03-01,8,observed,132,101,157,132,110,0.182322,1,model,size-matched,129.0,133.0
2023,2611,Open at Foxwoods,7,2023-03-29,2023-03-01,196,observed,476,356,571,476,445,0.067344,1,model,size-matched,472.0,353.0
2023,2670,World Open top 6 sections,90,2023-04-01,2023-04-01,58,observed,1393,763,1822,1393,1324,0.050802,1,model,size-matched,1331.0,1483.0
2023,2611,Open at Foxwoods,3,2023-04-02,2023-04-01,266,observed,475,396,551,475,445,0.065241,1,model,size-matched,472.0,389.0
2023,2611,Open at Foxwoods,1,2023-04-04,2023-04-01,385,observed,473,422,522,473,445,0.061021,1,model,size-matched,472.0,462.0
2023,2665,Niagara Falls Open,28,2023-04-06,2023-04-01,28,observed,110,60,151,110,170,-0.435318,0,model,size-matched,94.0,103.0
2023,2657,Chicago Open,42,2023-04-13,2023-04-01,291,observed,1080,824,1286,1080,960,0.117783,1,model,size-matched,944.0,964.0
2023,2760,Continental Open,90,2023-04-14,2023-04-01,5,observed,317,287,345,317,312,0.015899,1,model,size-matched,321.0,324.0
2023,2780,Chicago Class,90,2023-04-15,2023-04-01,2,observed,336,319,352,336,280,0.182322,0,model,size-matched,337.0,337.0
2023,2738,Continental Class,60,2023-04-16,2023-04-01,7,observed,30,12,175,30,198,-1.88707,0,model,size-matched,,
2023,2665,Niagara Falls Open,14,2023-04-20,2023-04-01,54,observed,137,96,168,137,170,-0.215818,0,model,size-matched,94.0,110.0
2023,2795,Pacific Coast Open,90,2023-04-22,2023-04-01,6,observed,344,319,367,344,403,-0.158295,0,model,size-matched,344.0,348.0
2023,2805,Pittsburgh Open,90,2023-04-22,2023-04-01,3,observed,194,169,217,194,183,0.058372,1,model,size-matched,195.0,198.0
2023,2673,Philadelphia International,60,2023-04-23,2023-04-01,13,observed,91,50,120,91,108,-0.171272,1,model,size-matched,88.0,92.0
2023,2674,Philadelphia Open,60,2023-04-23,2023-04-01,13,observed,287,244,324,287,281,0.021128,1,model,size-matched,281.0,267.0
2023,2675,World Open Under 13,60,2023-04-25,2023-04-01,12,observed,133,83,169,133,110,0.189869,1,model,size-matched,129.0,122.0
2023,2657,Chicago Open,28,2023-04-27,2023-04-01,353,observed,1159,781,1442,1159,960,0.18838,1,model,size-matched,944.0,949.0
2023,2665,Niagara Falls Open,7,2023-04-27,2023-04-01,70,observed,136,101,164,136,170,-0.223144,0,model,size-matched,94.0,114.0
2023,2811,Southern Open,90,2023-04-29,2023-04-01,3,observed,266,240,289,266,294,-0.100083,0,model,size-matched,266.0,267.0
2023,2823,Bradley Open,90,2023-04-29,2023-04-01,4,observed,225,192,255,225,256,-0.129077,0,model,size-matched,227.0,231.0
2023,2665,Niagara Falls Open,3,2023-05-01,2023-05-01,103,observed,172,148,196,172,170,0.011696,1,model,size-matched,94.0,137.0
2023,2670,World Open top 6 sections,60,2023-05-01,2023-05-01,137,observed,1610,882,2106,1610,1324,0.195577,1,model,size-matched,1331.0,1239.0
2023,2665,Niagara Falls Open,1,2023-05-03,2023-05-01,127,observed,164,138,190,164,170,-0.035932,1,model,size-matched,94.0,154.0
2023,2738,Continental Class,42,2023-05-04,2023-05-01,13,observed,39,22,325,39,198,-1.624705,1,model,size-matched,,
2023,2657,Chicago Open,14,2023-05-11,2023-05-01,482,observed,948,714,1135,948,960,-0.012579,1,model,size-matched,944.0,925.0
2023,2673,Philadelphia International,42,2023-05-11,2023-05-01,25,observed,98,53,136,98,108,-0.097164,1,model,size-matched,88.0,99.0
2023,2674,Philadelphia Open,42,2023-05-11,2023-05-01,27,observed,288,158,402,288,281,0.024606,1,model,size-matched,281.0,265.0
2023,2675,World Open Under 13,42,2023-05-13,2023-05-01,19,observed,135,74,188,135,110,0.204794,1,model,size-matched,129.0,123.0
2023,2824,Central California Open,90,2023-05-13,2023-05-01,2,observed,188,171,204,188,214,-0.129534,0,model,size-matched,188.0,188.0
2023,2760,Continental Open,60,2023-05-14,2023-05-01,13,observed,324,281,362,324,312,0.03774,1,model,size-matched,321.0,328.0
2023,2780,Chicago Class,60,2023-05-15,2023-05-01,6,observed,342,317,365,342,280,0.200021,0,model,size-matched,337.0,338.0
2023,2657,Chicago Open,7,2023-05-18,2023-05-01,577,observed,985,815,1131,985,960,0.025708,1,model,size-matched,944.0,926.0
2023,2738,Continental Class,28,2023-05-18,2023-05-01,23,observed,86,33,184,86,198,-0.83392,0,model,size-matched,,
2023,2670,World Open top 6 sections,42,2023-05-19,2023-05-01,483,observed,1644,928,2132,1644,1324,0.216475,1,model,size-matched,1331.0,1387.0
2023,2657,Chicago Open,3,2023-05-22,2023-05-01,687,observed,884,687,1152,884,960,-0.082476,1,model,size-matched,944.0,938.0
2023,2795,Pacific Coast Open,60,2023-05-22,2023-05-01,16,observed,349,283,405,349,403,-0.143865,1,model,size-matched,344.0,343.0
2023,2805,Pittsburgh Open,60,2023-05-22,2023-05-01,8,observed,198,108,343,198,183,0.078781,1,model,size-matched,195.0,200.0
2023,2657,Chicago Open,1,2023-05-24,2023-05-01,842,observed,996,842,1293,996,960,0.036814,1,model,size-matched,944.0,990.0
2023,2673,Philadelphia International,28,2023-05-25,2023-05-01,45,observed,122,67,162,122,108,0.12189,1,model,size-matched,88.0,100.0
2023,2674,Philadelphia Open,28,2023-05-25,2023-05-01,36,observed,285,156,378,285,281,0.014135,1,model,size-matched,281.0,252.0
2023,2675,World Open Under 13,28,2023-05-27,2023-05-01,25,observed,140,77,188,140,110,0.241162,1,model,size-matched,129.0,121.0
2023,2881,Atlantic Open,90,2023-05-27,2023-05-01,1,observed,413,405,422,413,371,0.107246,0,model,size-matched,412.0,409.0
2023,2811,Southern Open,60,2023-05-29,2023-05-01,15,observed,269,148,466,269,294,-0.088868,1,model,size-matched,266.0,268.0
2023,2823,Bradley Open,60,2023-05-29,2023-05-01,10,observed,230,126,399,230,256,-0.107098,1,model,size-matched,227.0,234.0
2023,2738,Continental Class,14,2023-06-01,2023-06-01,45,observed,129,50,183,129,198,-0.428455,0,model,size-matched,,
2023,2760,Continental Open,42,2023-06-01,2023-06-01,22,observed,322,176,452,322,312,0.031548,1,model,size-matched,321.0,328.0
2023,2670,World Open top 6 sections,28,2023-06-02,2023-06-01,538,observed,1589,1375,1776,1589,1324,0.182447,0,model,size-matched,1331.0,1373.0
2023,2780,Chicago Class,42,2023-06-02,2023-06-01,20,observed,336,184,469,336,280,0.182322,1,model,size-matched,337.0,348.0
2023,2673,Philadelphia International,14,2023-06-08,2023-06-01,60,observed,134,111,154,134,108,0.215709,0,model,size-matched,88.0,99.0
2023,2674,Philadelphia Open,14,2023-06-08,2023-06-01,64,observed,280,238,316,280,281,-0.003565,1,model,size-matched,281.0,253.0
2023,2738,Continental Class,7,2023-06-08,2023-06-01,76,observed,179,88,304,179,198,-0.100881,1,model,size-matched,,
2023,2795,Pacific Coast Open,42,2023-06-09,2023-06-01,32,observed,356,195,497,356,403,-0.124006,1,model,size-matched,344.0,346.0
2023,2805,Pittsburgh Open,42,2023-06-09,2023-06-01,20,observed,200,109,278,200,183,0.088831,1,model,size-matched,195.0,204.0
2023,2675,World Open Under 13,14,2023-06-10,2023-06-01,44,observed,147,92,186,147,110,0.289952,1,model,size-matched,129.0,123.0
2023,2738,Continental Class,3,2023-06-12,2023-06-01,96,observed,182,138,222,182,198,-0.08426,1,model,size-matched,,
2023,2824,Central California Open,60,2023-06-12,2023-06-01,15,observed,190,104,253,190,214,-0.118952,1,model,size-matched,188.0,198.0
2023,2738,Continental Class,1,2023-06-14,2023-06-01,141,observed,192,141,249,192,198,-0.030772,1,model,size-matched,,
2023,2673,Philadelphia International,7,2023-06-15,2023-06-01,70,observed,137,100,167,137,108,0.23785,1,model,size-matched,88.0,105.0
2023,2674,Philadelphia Open,7,2023-06-15,2023-06-01,90,observed,266,195,321,266,281,-0.054858,1,model,size-matched,281.0,247.0
2023,2760,Continental Open,28,2023-06-15,2023-06-01,33,observed,317,173,421,317,312,0.015899,1,model,size-matched,321.0,328.0
2023,2670,World Open top 6 sections,14,2023-06-16,2023-06-01,674,observed,1409,1228,1569,1409,1324,0.062223,1,model,size-matched,1331.0,1352.0
2023,2780,Chicago Class,28,2023-06-16,2023-06-01,40,observed,338,185,449,338,280,0.188256,1,model,size-matched,337.0,336.0
2023,2811,Southern Open,42,2023-06-16,2023-06-01,24,observed,272,149,381,272,294,-0.077778,1,model,size-matched,266.0,258.0
2023,2823,Bradley Open,42,2023-06-16,2023-06-01,21,observed,232,127,330,232,256,-0.09844,1,model,size-matched,227.0,242.0
2023,2675,World Open Under 13,7,2023-06-17,2023-06-01,52,observed,137,94,170,137,110,0.219501,1,model,size-matched,129.0,117.0
2023,2673,Philadelphia International,3,2023-06-19,2023-06-01,75,observed,134,115,153,134,108,0.215709,0,model,size-matched,88.0,107.0
2023,2674,Philadelphia Open,3,2023-06-19,2023-06-01,131,observed,257,218,293,257,281,-0.089279,1,model,size-matched,281.0,267.0
2023,2673,Philadelphia International,1,2023-06-21,2023-06-01,83,observed,113,93,134,113,108,0.045257,1,model,size-matched,88.0,113.0
2023,2674,Philadelphia Open,1,2023-06-21,2023-06-01,195,observed,275,226,325,275,281,-0.021584,1,model,size-matched,281.0,285.0
2023,2675,World Open Under 13,3,2023-06-21,2023-06-01,68,observed,133,113,151,133,110,0.189869,0,model,size-matched,129.0,116.0
2023,2670,World Open top 6 sections,7,2023-06-23,2023-06-01,813,observed,1494,1306,1661,1494,1324,0.1208,1,model,size-matched,1331.0,1368.0
2023,2675,World Open Under 13,1,2023-06-23,2023-06-01,83,observed,124,101,147,124,110,0.119801,1,model,size-matched,129.0,122.0
2023,2795,Pacific Coast Open,28,2023-06-23,2023-06-01,60,observed,367,201,488,367,403,-0.093575,1,model,size-matched,344.0,344.0
2023,2805,Pittsburgh Open,28,2023-06-23,2023-06-01,29,observed,203,111,274,203,183,0.10372,1,model,size-matched,195.0,208.0
2023,2881,Atlantic Open,60,2023-06-26,2023-06-01,6,observed,418,393,441,418,371,0.119279,0,model,size-matched,412.0,409.0
2023,2919,Indianapolis Open,60,2023-06-26,2023-06-01,5,observed,183,152,210,183,190,-0.037538,1,model,size-matched,183.0,186.0
2023,2670,World Open top 6 sections,3,2023-06-27,2023-06-01,1096,observed,1409,1096,2004,1409,1324,0.062223,1,model,size-matched,1331.0,1489.0
2023,2670,World Open top 6 sections,1,2023-06-29,2023-06-01,1173,observed,1442,1173,2334,1442,1324,0.085374,1,model,size-matched,1331.0,1412.0
2023,2760,Continental Open,14,2023-06-29,2023-06-01,65,observed,307,261,347,307,312,-0.016155,1,model,size-matched,321.0,321.0
2023,2780,Chicago Class,14,2023-06-30,2023-06-01,60,observed,314,259,360,314,280,0.114603,1,model,size-matched,337.0,325.0
2023,2811,Southern Open,28,2023-06-30,2023-06-01,50,observed,287,157,382,287,294,-0.024098,1,model,size-matched,266.0,269.0
2023,2823,Bradley Open,28,2023-06-30,2023-06-01,32,observed,235,129,312,235,256,-0.085592,1,model,size-matched,227.0,242.0
2023,2824,Central California Open,42,2023-06-30,2023-06-01,20,observed,193,106,269,193,214,-0.103286,1,model,size-matched,188.0,191.0
2023,2936,New York State Championship,60,2023-07-03,2023-07-01,6,observed,309,285,331,309,347,-0.115984,0,model,size-matched,316.0,321.0
2023,2760,Continental Open,7,2023-07-06,2023-07-01,100,observed,281,208,339,281,312,-0.104649,1,model,size-matched,321.0,305.0
2023,2780,Chicago Class,7,2023-07-07,2023-07-01,123,observed,317,236,381,317,280,0.124112,1,model,size-matched,337.0,335.0
2023,2795,Pacific Coast Open,14,2023-07-07,2023-07-01,124,observed,390,332,440,390,403,-0.03279,1,model,size-matched,344.0,364.0
2023,2805,Pittsburgh Open,14,2023-07-07,2023-07-01,52,observed,193,157,223,193,183,0.053204,1,model,size-matched,195.0,196.0
2023,2760,Continental Open,3,2023-07-10,2023-07-01,155,observed,290,246,332,290,312,-0.073122,1,model,size-matched,321.0,305.0
2023,2780,Chicago Class,3,2023-07-11,2023-07-01,192,observed,347,294,398,347,280,0.214535,0,model,size-matched,337.0,338.0
2023,2760,Continental Open,1,2023-07-12,2023-07-01,283,observed,345,321,369,345,312,0.100541,0,model,size-matched,321.0,334.0
2023,2780,Chicago Class,1,2023-07-13,2023-07-01,268,observed,337,305,367,337,280,0.185293,0,model,size-matched,337.0,305.0
2023,2795,Pacific Coast Open,7,2023-07-14,2023-07-01,197,observed,415,308,500,415,403,0.029342,1,model,size-matched,344.0,375.0
2023,2805,Pittsburgh Open,7,2023-07-14,2023-07-01,84,observed,201,151,241,201,183,0.093819,1,model,size-matched,195.0,207.0
2023,2811,Southern Open,14,2023-07-14,2023-07-01,99,observed,306,258,347,306,294,0.040005,1,model,size-matched,266.0,284.0
2023,2823,Bradley Open,14,2023-07-14,2023-07-01,56,observed,220,190,246,220,256,-0.15155,0,model,size-matched,227.0,242.0
2023,2824,Central California Open,28,2023-07-14,2023-07-01,29,observed,194,106,258,194,214,-0.098118,1,model,size-matched,188.0,190.0
2023,2881,Atlantic Open,42,2023-07-14,2023-07-01,26,observed,412,226,553,412,371,0.104821,1,model,size-matched,412.0,413.0
2023,2919,Indianapolis Open,42,2023-07-14,2023-07-01,17,observed,183,157,206,183,190,-0.037538,1,model,size-matched,183.0,191.0
2023,2795,Pacific Coast Open,3,2023-07-18,2023-07-01,280,observed,458,385,527,458,403,0.127933,1,model,size-matched,344.0,395.0
2023,2805,Pittsburgh Open,3,2023-07-18,2023-07-01,114,observed,207,177,236,207,183,0.123233,1,model,size-matched,195.0,204.0
2023,2795,Pacific Coast Open,1,2023-07-20,2023-07-01,360,observed,421,387,453,421,403,0.043696,1,model,size-matched,344.0,395.0
2023,2805,Pittsburgh Open,1,2023-07-20,2023-07-01,168,observed,214,188,238,214,183,0.15649,0,model,size-matched,195.0,190.0
2023,2811,Southern Open,7,2023-07-21,2023-07-01,139,observed,304,226,366,304,294,0.033448,1,model,size-matched,266.0,261.0
2023,2823,Bradley Open,7,2023-07-21,2023-07-01,86,observed,220,164,264,220,256,-0.15155,1,model,size-matched,227.0,244.0
2023,2936,New York State Championship,42,2023-07-21,2023-07-01,16,observed,303,260,341,303,347,-0.135592,0,model,size-matched,316.0,321.0
2023,2969,Central New York Open,60,2023-07-23,2023-07-01,4,observed,120,66,180,120,139,-0.146982,1,model,size-matched,119.0,111.0
2023,2811,Southern Open,3,2023-07-25,2023-07-01,207,observed,355,301,405,355,294,0.188538,0,model,size-matched,266.0,265.0
2023,2823,Bradley Open,3,2023-07-25,2023-07-01,136,observed,245,208,280,245,256,-0.043919,1,model,size-matched,227.0,242.0
2023,2811,Southern Open,1,2023-07-27,2023-07-01,266,observed,323,293,352,323,294,0.094073,1,model,size-matched,266.0,277.0
2023,2823,Bradley Open,1,2023-07-27,2023-07-01,221,observed,277,242,310,277,256,0.07884,1,model,size-matched,227.0,274.0
2023,2824,Central California Open,14,2023-07-28,2023-07-01,59,observed,196,170,220,196,214,-0.087861,1,model,size-matched,188.0,198.0
2023,2881,Atlantic Open,28,2023-07-28,2023-07-01,48,observed,407,223,532,407,371,0.092611,1,model,size-matched,412.0,408.0
2023,2919,Indianapolis Open,28,2023-07-28,2023-07-01,28,observed,187,102,248,187,190,-0.015915,1,model,size-matched,183.0,190.0
2023,2824,Central California Open,7,2023-08-04,2023-08-01,97,observed,219,165,263,219,214,0.023096,1,model,size-matched,188.0,203.0
2023,2936,New York State Championship,28,2023-08-04,2023-08-01,36,observed,300,164,392,300,347,-0.145542,1,model,size-matched,316.0,308.0
2023,2987,Los Angeles Open,90,2023-08-05,2023-08-01,4,observed,359,325,389,359,415,-0.144956,0,model,size-matched,361.0,358.0
2023,2978,Midwest Class Championships,60,2023-08-07,2023-08-01,6,observed,366,342,389,366,292,0.22588,0,model,size-matched,360.0,356.0
2023,2980,Hartford Open,60,2023-08-07,2023-08-01,2,observed,202,189,214,202,223,-0.098904,0,model,size-matched,198.0,198.0
2023,2824,Central California Open,3,2023-08-08,2023-08-01,149,observed,252,215,286,252,214,0.163453,0,model,size-matched,188.0,225.0
2023,2824,Central California Open,1,2023-08-10,2023-08-01,197,observed,240,217,262,240,214,0.114663,0,model,size-matched,188.0,221.0
2023,2969,Central New York Open,42,2023-08-10,2023-08-01,7,observed,119,90,142,119,139,-0.15535,1,model,size-matched,119.0,111.0
2023,2881,Atlantic Open,14,2023-08-11,2023-08-01,98,observed,406,351,454,406,371,0.090151,1,model,size-matched,412.0,380.0
2023,2919,Indianapolis Open,14,2023-08-11,2023-08-01,48,observed,186,137,224,186,190,-0.021277,1,model,size-matched,183.0,188.0
2023,2881,Atlantic Open,7,2023-08-18,2023-08-01,149,observed,396,295,476,396,371,0.065212,1,model,size-matched,412.0,367.0
2023,2919,Indianapolis Open,7,2023-08-18,2023-08-01,65,observed,175,126,212,175,190,-0.082238,1,model,size-matched,183.0,180.0
2023,2936,New York State Championship,14,2023-08-18,2023-08-01,105,observed,339,288,383,339,347,-0.023325,1,model,size-matched,316.0,327.0
2023,2981,Washington Chess Congress,60,2023-08-20,2023-08-01,5,observed,18,7,125,18,249,-2.627081,0,model,size-matched,271.0,
2023,2881,Atlantic Open,3,2023-08-22,2023-08-01,225,observed,400,341,456,400,371,0.075262,1,model,size-matched,412.0,351.0
2023,2919,Indianapolis Open,3,2023-08-22,2023-08-01,109,observed,192,165,218,192,190,0.010471,1,model,size-matched,183.0,186.0
2023,2881,Atlantic Open,1,2023-08-24,2023-08-01,338,observed,412,384,438,412,371,0.104821,0,model,size-matched,412.0,375.0
2023,2919,Indianapolis Open,1,2023-08-24,2023-08-01,170,observed,207,187,226,207,190,0.085695,1,model,size-matched,183.0,195.0
2023,2969,Central New York Open,28,2023-08-24,2023-08-01,12,observed,112,90,130,112,139,-0.215975,0,model,size-matched,119.0,111.0
2023,2936,New York State Championship,7,2023-08-25,2023-08-01,154,observed,343,255,412,343,347,-0.011594,1,model,size-matched,316.0,333.0
2023,2978,Midwest Class Championships,42,2023-08-25,2023-08-01,18,observed,359,212,460,359,292,0.206569,1,model,size-matched,360.0,353.0
2023,2980,Hartford Open,42,2023-08-25,2023-08-01,12,observed,197,165,224,197,223,-0.123968,1,model,size-matched,198.0,200.0
2023,3035,National Chess Congress,90,2023-08-26,2023-08-01,3,observed,583,558,606,583,636,-0.087011,0,model,size-matched,606.0,594.0
2023,2984,Eastern Chess Congress,60,2023-08-28,2023-08-01,11,observed,502,477,526,502,527,-0.0486,0,model,size-matched,493.0,487.0
2023,2936,New York State Championship,3,2023-08-29,2023-08-01,228,observed,371,317,422,371,347,0.066877,1,model,size-matched,316.0,349.0
2023,2936,New York State Championship,1,2023-08-31,2023-08-01,318,observed,362,338,386,362,347,0.042319,1,model,size-matched,316.0,364.0
2023,2987,Los Angeles Open,60,2023-09-04,2023-09-01,37,observed,373,302,432,373,415,-0.1067,1,model,size-matched,361.0,371.0
2023,2969,Central New York Open,14,2023-09-07,2023-09-01,28,observed,116,73,148,116,139,-0.180884,1,model,size-matched,119.0,109.0
2023,2981,Washington Chess Congress,42,2023-09-07,2023-09-01,11,observed,37,26,275,37,249,-1.906535,1,model,size-matched,271.0,
2023,2978,Midwest Class Championships,28,2023-09-08,2023-09-01,33,observed,348,191,455,348,292,0.175449,1,model,size-matched,360.0,350.0
2023,2980,Hartford Open,28,2023-09-08,2023-09-01,22,observed,195,107,255,195,223,-0.134172,1,model,size-matched,198.0,202.0
2023,3034,Kings Island Open,60,2023-09-11,2023-09-01,12,observed,373,345,398,373,358,0.041045,1,model,size-matched,368.0,365.0
2023,2969,Central New York Open,7,2023-09-14,2023-09-01,47,observed,119,82,147,119,139,-0.15535,1,model,size-matched,119.0,105.0
2023,2984,Eastern Chess Congress,42,2023-09-15,2023-09-01,31,observed,496,312,628,496,527,-0.060625,1,model,size-matched,493.0,489.0
2023,2969,Central New York Open,3,2023-09-18,2023-09-01,76,observed,134,117,149,134,139,-0.036634,1,model,size-matched,119.0,117.0
2023,2969,Central New York Open,1,2023-09-20,2023-09-01,109,observed,136,124,147,136,139,-0.021819,1,model,size-matched,119.0,136.0
2023,2981,Washington Chess Congress,28,2023-09-21,2023-09-01,21,observed,75,29,168,75,249,-1.199965,0,model,size-matched,271.0,
2023,2978,Midwest Class Championships,14,2023-09-22,2023-09-01,77,observed,348,299,391,348,292,0.175449,0,model,size-matched,360.0,357.0
2023,2980,Hartford Open,14,2023-09-22,2023-09-01,50,observed,202,152,242,202,223,-0.098904,1,model,size-matched,198.0,212.0
2023,2987,Los Angeles Open,42,2023-09-22,2023-09-01,72,observed,401,327,463,401,415,-0.034317,1,model,size-matched,361.0,382.0
2023,3035,National Chess Congress,60,2023-09-25,2023-09-01,23,observed,586,505,658,586,636,-0.081879,1,model,size-matched,606.0,600.0
2023,3078,Eastern Open,90,2023-09-26,2023-09-01,2,observed,389,372,404,389,367,0.058217,0,model,size-matched,404.0,399.0
2023,2985,North American Open,90,2023-09-27,2023-09-01,206,observed,1039,569,1398,1039,1115,-0.070596,1,model,size-matched,1071.0,996.0
2023,2978,Midwest Class Championships,7,2023-09-29,2023-09-01,108,observed,318,237,382,318,292,0.085298,1,model,size-matched,360.0,333.0
2023,2980,Hartford Open,7,2023-09-29,2023-09-01,79,observed,199,149,239,199,223,-0.113867,1,model,size-matched,198.0,216.0
2023,2984,Eastern Chess Congress,28,2023-09-29,2023-09-01,61,observed,492,269,653,492,527,-0.068722,1,model,size-matched,493.0,486.0
2023,3034,Kings Island Open,42,2023-09-29,2023-09-01,20,observed,367,217,471,367,358,0.024829,1,model,size-matched,368.0,361.0
2023,2978,Midwest Class Championships,3,2023-10-03,2023-10-01,181,observed,331,295,363,331,292,0.125365,0,model,size-matched,360.0,330.0
2023,2980,Hartford Open,3,2023-10-03,2023-10-01,121,observed,212,189,233,212,223,-0.050585,1,model,size-matched,198.0,215.0
2023,2978,Midwest Class Championships,1,2023-10-05,2023-10-01,268,observed,338,318,358,338,292,0.146292,0,model,size-matched,360.0,321.0
2023,2980,Hartford Open,1,2023-10-05,2023-10-01,194,observed,237,216,256,237,223,0.060888,1,model,size-matched,198.0,223.0
2023,2981,Washington Chess Congress,14,2023-10-05,2023-10-01,54,observed,165,100,216,165,249,-0.411507,0,model,size-matched,271.0,
2023,2987,Los Angeles Open,28,2023-10-06,2023-10-01,106,observed,421,231,559,421,415,0.014354,1,model,size-matched,361.0,379.0
2023,2981,Washington Chess Congress,7,2023-10-12,2023-10-01,94,observed,213,111,376,213,249,-0.156161,1,model,size-matched,271.0,
2023,2984,Eastern Chess Congress,14,2023-10-13,2023-10-01,138,observed,520,449,584,520,527,-0.013372,1,model,size-matched,493.0,500.0
2023,3034,Kings Island Open,28,2023-10-13,2023-10-01,39,observed,362,205,470,362,358,0.011111,1,model,size-matched,368.0,354.0
2023,3035,National Chess Congress,42,2023-10-13,2023-10-01,54,observed,603,445,728,603,636,-0.053281,1,model,size-matched,606.0,623.0
2023,2981,Washington Chess Congress,3,2023-10-16,2023-10-01,120,observed,212,173,245,212,249,-0.160867,0,model,size-matched,271.0,
2023,2981,Washington Chess Congress,1,2023-10-18,2023-10-01,171,observed,214,182,242,214,249,-0.151477,0,model,size-matched,271.0,
2023,2984,Eastern Chess Congress,7,2023-10-20,2023-10-01,201,observed,502,377,602,502,527,-0.0486,1,model,size-matched,493.0,484.0
2023,2987,Los Angeles Open,14,2023-10-20,2023-10-01,174,observed,468,402,526,468,415,0.12019,1,model,size-matched,361.0,392.0
2023,2984,Eastern Chess Congress,3,2023-10-24,2023-10-01,330,observed,520,455,578,520,527,-0.013372,1,model,size-matched,493.0,451.0
2023,2984,Eastern Chess Congress,1,2023-10-26,2023-10-01,476,observed,544,497,587,544,527,0.031749,1,model,size-matched,493.0,523.0
2023,3078,Eastern Open,60,2023-10-26,2023-10-01,6,observed,395,372,417,395,367,0.073524,0,model,size-matched,404.0,396.0
2023,2985,North American Open,60,2023-10-27,2023-10-01,288,observed,1063,582,1389,1063,1115,-0.047759,1,model,size-matched,1071.0,1009.0
2023,2987,Los Angeles Open,7,2023-10-27,2023-10-01,230,observed,471,357,562,471,415,0.12658,1,model,size-matched,361.0,393.0
2023,3034,Kings Island Open,14,2023-10-27,2023-10-01,82,observed,362,308,410,362,358,0.011111,1,model,size-matched,368.0,352.0
2023,3035,National Chess Congress,28,2023-10-27,2023-10-01,83,observed,590,323,784,590,636,-0.075076,1,model,size-matched,606.0,612.0
2023,2987,Los Angeles Open,3,2023-10-31,2023-10-01,305,observed,480,424,532,480,415,0.145508,0,model,size-matched,361.0,409.0
2023,2987,Los Angeles Open,1,2023-11-02,2023-11-01,386,observed,440,414,467,440,415,0.058496,1,model,size-matched,361.0,424.0
2023,3034,Kings Island Open,7,2023-11-03,2023-11-01,134,observed,356,265,428,356,358,-0.005602,1,model,size-matched,368.0,350.0
2023,3034,Kings Island Open,3,2023-11-07,2023-11-01,190,observed,345,305,381,345,358,-0.036989,1,model,size-matched,368.0,347.0
2023,3034,Kings Island Open,1,2023-11-09,2023-11-01,326,observed,389,365,412,389,358,0.083046,0,model,size-matched,368.0,407.0
2023,3035,National Chess Congress,14,2023-11-10,2023-11-01,167,observed,612,525,688,612,636,-0.038466,1,model,size-matched,606.0,602.0
2023,3078,Eastern Open,42,2023-11-13,2023-11-01,22,observed,388,212,529,388,367,0.055643,1,model,size-matched,404.0,405.0
2024,3141,Liberty Bell Open,60,2023-11-13,2023-11-01,2,observed,464,343,626,464,481,-0.035983,1,model,family-direct,473.0,462.0
2024,3142,Golden State Open,60,2023-11-13,2023-11-01,1,observed,293,217,396,293,293,0.0,1,model,family-direct,293.0,280.0
2023,2985,North American Open,42,2023-11-14,2023-11-01,395,observed,1142,772,1418,1142,1115,0.023927,1,model,size-matched,1071.0,1033.0
2023,3035,National Chess Congress,7,2023-11-17,2023-11-01,279,observed,632,494,746,632,636,-0.006309,1,model,size-matched,606.0,632.0
2023,3035,National Chess Congress,3,2023-11-21,2023-11-01,412,observed,580,461,681,580,636,-0.09217,1,model,size-matched,606.0,660.0
2023,3035,National Chess Congress,1,2023-11-23,2023-11-01,593,observed,641,593,703,641,636,0.007831,1,model,size-matched,606.0,666.0
2024,3139,Boston Chess Congress,42,2023-11-23,2023-11-01,15,observed,357,271,471,357,342,0.042925,1,model,family-direct,391.0,371.0
2023,3078,Eastern Open,28,2023-11-27,2023-11-01,46,observed,386,211,512,386,367,0.050476,1,model,size-matched,404.0,415.0
2023,2985,North American Open,28,2023-11-28,2023-11-01,486,observed,1212,912,1451,1212,1115,0.083417,1,model,size-matched,1071.0,1044.0
2024,3141,Liberty Bell Open,42,2023-12-01,2023-12-01,10,observed,459,349,604,459,481,-0.046817,1,model,family-direct,473.0,456.0
2024,3142,Golden State Open,42,2023-12-01,2023-12-01,9,observed,295,224,388,295,293,0.006803,1,model,family-direct,293.0,275.0
2024,3090,New York State Scholastic Championships,90,2023-12-07,2023-12-01,192,observed,1700,1647,1751,1700,1777,-0.044298,0,model,family-direct,1548.0,1731.0
2024,3139,Boston Chess Congress,28,2023-12-07,2023-12-01,39,observed,347,273,441,347,342,0.014514,1,model,family-direct,391.0,372.0
2023,3078,Eastern Open,14,2023-12-11,2023-12-01,100,observed,392,335,442,392,367,0.0659,1,model,size-matched,404.0,414.0
2023,2985,North American Open,14,2023-12-12,2023-12-01,671,observed,1077,960,1182,1077,1115,-0.034675,1,model,size-matched,1071.0,1068.0
2024,3141,Liberty Bell Open,28,2023-12-15,2023-12-01,38,observed,447,353,566,447,481,-0.073309,1,model,family-direct,473.0,455.0
2024,3142,Golden State Open,28,2023-12-15,2023-12-01,18,observed,285,221,369,285,293,-0.027683,1,model,family-direct,293.0,275.0
2024,3153,Southwest Class Championships,60,2023-12-16,2023-12-01,15,observed,423,303,589,423,441,-0.041673,1,model,family-direct,426.0,421.0
2023,3078,Eastern Open,7,2023-12-18,2023-12-01,145,observed,370,276,445,370,367,0.008141,1,model,size-matched,404.0,388.0
2023,2985,North American Open,7,2023-12-19,2023-12-01,821,observed,1220,1094,1335,1220,1115,0.089996,1,model,size-matched,1071.0,1111.0
2024,3139,Boston Chess Congress,14,2023-12-21,2023-12-01,73,observed,300,239,378,300,342,-0.131028,1,model,family-direct,391.0,368.0
2023,3078,Eastern Open,3,2023-12-22,2023-12-01,243,observed,399,353,440,399,367,0.0836,1,model,size-matched,404.0,374.0
2023,2985,North American Open,3,2023-12-23,2023-12-01,978,observed,1122,978,1307,1122,1115,0.006258,1,model,size-matched,1071.0,1117.0
2023,3078,Eastern Open,1,2023-12-24,2023-12-01,334,observed,386,363,409,386,367,0.050476,1,model,size-matched,404.0,373.0
2024,3178,George Washington Open,60,2023-12-24,2023-12-01,3,observed,337,316,356,337,266,0.236587,0,model,size-matched,345.0,338.0
2023,2985,North American Open,1,2023-12-25,2023-12-01,1059,observed,1123,1059,1273,1123,1115,0.007149,1,model,size-matched,1071.0,1112.0
2024,3139,Boston Chess Congress,7,2023-12-28,2023-12-01,103,observed,329,262,413,329,342,-0.038753,1,model,family-direct,391.0,360.0
2024,3141,Liberty Bell Open,14,2023-12-29,2023-12-01,82,observed,415,330,521,415,481,-0.147589,1,model,family-direct,473.0,464.0
2024,3142,Golden State Open,14,2023-12-29,2023-12-01,55,observed,300,239,377,300,293,0.02361,1,model,family-direct,293.0,288.0
2024,3179,Western Class Championships,60,2023-12-31,2023-12-01,9,observed,383,242,607,383,421,-0.094598,1,model,family-alias,346.0,345.0
2024,3139,Boston Chess Congress,3,2024-01-01,2024-01-01,154,observed,301,249,365,301,342,-0.1277,1,model,family-direct,391.0,356.0
2024,3139,Boston Chess Congress,1,2024-01-03,2024-01-01,242,observed,343,283,416,343,342,0.00292,1,model,family-direct,391.0,373.0
2024,3153,Southwest Class Championships,42,2024-01-03,2024-01-01,30,observed,415,314,549,415,441,-0.060766,1,model,family-direct,426.0,425.0
2024,3141,Liberty Bell Open,7,2024-01-05,2024-01-01,154,observed,486,386,611,486,481,0.010341,1,model,family-direct,473.0,469.0
2024,3142,Golden State Open,7,2024-01-05,2024-01-01,91,observed,285,227,359,285,293,-0.027683,1,model,family-direct,293.0,269.0
2024,3090,New York State Scholastic Championships,60,2024-01-06,2024-01-01,299,observed,1513,913,2506,1513,1777,-0.160832,1,model,family-direct,1548.0,1734.0
2024,3141,Liberty Bell Open,3,2024-01-09,2024-01-01,234,observed,477,394,578,477,481,-0.008351,1,model,family-direct,473.0,469.0
2024,3142,Golden State Open,3,2024-01-09,2024-01-01,165,observed,292,241,354,292,293,-0.003419,1,model,family-direct,293.0,284.0
2024,3141,Liberty Bell Open,1,2024-01-11,2024-01-01,400,observed,488,403,592,488,481,0.014448,1,model,family-direct,473.0,480.0
2024,3142,Golden State Open,1,2024-01-11,2024-01-01,251,observed,296,251,359,296,293,0.010187,1,model,family-direct,293.0,294.0
2024,3178,George Washington Open,42,2024-01-11,2024-01-01,12,observed,318,267,361,318,266,0.178555,0,model,size-matched,345.0,330.0
2024,3214,Southern Class,60,2024-01-14,2024-01-01,5,observed,254,188,343,254,259,-0.019494,1,model,family-direct,264.0,254.0
2024,3153,Southwest Class Championships,28,2024-01-17,2024-01-01,79,observed,440,337,574,440,441,-0.00227,1,model,family-direct,426.0,434.0
2024,3179,Western Class Championships,42,2024-01-18,2024-01-01,36,observed,385,291,508,385,421,-0.089389,1,model,family-alias,346.0,360.0
2024,3215,Mid-America Open,60,2024-01-22,2024-01-01,3,observed,322,238,435,322,305,0.05424,1,model,family-direct,328.0,319.0
2024,3090,New York State Scholastic Championships,42,2024-01-24,2024-01-01,570,observed,1475,1333,1632,1475,1777,-0.186269,0,model,family-direct,1548.0,1847.0
2024,3178,George Washington Open,28,2024-01-25,2024-01-01,25,observed,302,182,387,302,266,0.126931,1,model,size-matched,345.0,315.0
2024,3213,Open at Foxwoods,60,2024-01-27,2024-01-01,21,observed,448,308,649,448,465,-0.037244,1,model,family-direct,445.0,445.0
2024,3153,Southwest Class Championships,14,2024-01-31,2024-01-01,181,observed,442,352,556,442,441,0.002265,1,model,family-direct,426.0,437.0
2024,3179,Western Class Championships,28,2024-02-01,2024-02-01,75,observed,446,332,599,446,421,0.057686,1,model,family-alias,346.0,378.0
2024,3214,Southern Class,42,2024-02-01,2024-02-01,21,observed,255,187,348,255,259,-0.015565,1,model,family-direct,264.0,253.0
2024,3090,New York State Scholastic Championships,28,2024-02-07,2024-02-01,1105,observed,1665,1517,1828,1665,1777,-0.065101,1,model,family-direct,1548.0,2206.0
2024,3153,Southwest Class Championships,7,2024-02-07,2024-02-01,265,observed,504,401,633,504,441,0.133531,1,model,family-direct,426.0,470.0
2024,3178,George Washington Open,14,2024-02-08,2024-02-01,70,observed,307,262,346,307,266,0.143351,1,model,size-matched,345.0,292.0
2024,3215,Mid-America Open,42,2024-02-09,2024-02-01,16,observed,328,238,451,328,305,0.072702,1,model,family-direct,328.0,322.0
2024,3153,Southwest Class Championships,3,2024-02-11,2024-02-01,303,observed,439,362,531,439,441,-0.004545,1,model,family-direct,426.0,458.0
2024,3153,Southwest Class Championships,1,2024-02-13,2024-02-01,370,observed,426,370,516,426,441,-0.034606,1,model,family-direct,426.0,462.0
2024,3213,Open at Foxwoods,42,2024-02-14,2024-02-01,52,observed,445,323,613,445,465,-0.043963,1,model,family-direct,445.0,463.0
2024,3178,George Washington Open,7,2024-02-15,2024-02-01,109,observed,290,213,350,290,266,0.086385,1,model,size-matched,345.0,294.0
2024,3179,Western Class Championships,14,2024-02-15,2024-02-01,141,observed,408,325,513,408,421,-0.031366,1,model,family-alias,346.0,403.0
2024,3214,Southern Class,28,2024-02-15,2024-02-01,33,observed,249,185,334,249,259,-0.039375,1,model,family-direct,264.0,250.0
2024,3178,George Washington Open,3,2024-02-19,2024-02-01,129,observed,235,196,269,235,266,-0.123911,1,model,size-matched,345.0,269.0
2024,3090,New York State Scholastic Championships,14,2024-02-21,2024-02-01,1541,observed,1822,1541,2169,1822,1777,0.025008,1,model,family-direct,1548.0,1938.0
2024,3178,George Washington Open,1,2024-02-21,2024-02-01,181,observed,235,213,255,235,266,-0.123911,0,model,size-matched,345.0,262.0
2024,3179,Western Class Championships,7,2024-02-22,2024-02-01,206,observed,472,375,594,472,421,0.114346,1,model,family-alias,346.0,418.0
2024,3215,Mid-America Open,28,2024-02-23,2024-02-01,46,observed,365,265,503,365,305,0.179586,1,model,family-direct,328.0,332.0
2024,3248,Chicago Open,90,2024-02-23,2024-02-01,20,observed,929,640,1348,929,860,0.077176,1,model,family-direct,960.0,945.0
2024,3179,Western Class Championships,3,2024-02-26,2024-02-01,273,observed,436,360,528,436,421,0.035009,1,model,family-alias,346.0,428.0
2024,3090,New York State Scholastic Championships,7,2024-02-28,2024-02-01,1663,observed,2006,1663,2435,2006,1777,0.121216,1,model,family-direct,1548.0,1821.0
2024,3179,Western Class Championships,1,2024-02-28,2024-02-01,329,observed,416,343,504,416,421,-0.011948,1,model,family-alias,346.0,411.0
2024,3213,Open at Foxwoods,28,2024-02-28,2024-02-01,80,observed,439,319,605,439,465,-0.057538,1,model,family-direct,445.0,457.0
2024,3214,Southern Class,14,2024-02-29,2024-02-01,69,observed,226,179,284,226,259,-0.136293,1,model,family-direct,264.0,255.0
2024,3249,Niagara Falls Open,90,2024-03-02,2024-03-01,5,observed,166,125,221,166,177,-0.064162,1,model,family-direct,170.0,162.0
2024,3090,New York State Scholastic Championships,3,2024-03-03,2024-03-01,1735,observed,1846,1735,2236,1846,1777,0.038095,1,model,family-direct,1548.0,1836.0
2024,3090,New York State Scholastic Championships,1,2024-03-05,2024-03-01,1760,observed,1845,1760,2235,1845,1777,0.037553,1,model,family-direct,1548.0,1838.0
2024,3214,Southern Class,7,2024-03-07,2024-03-01,103,observed,251,199,315,251,259,-0.031375,1,model,family-direct,264.0,264.0
2024,3215,Mid-America Open,14,2024-03-08,2024-03-01,84,observed,330,262,414,330,305,0.078781,1,model,family-direct,328.0,330.0
2024,3259,Eastern Class,90,2024-03-08,2024-03-01,1,observed,248,171,360,248,203,0.200223,1,model,family-direct,257.0,257.0
2024,3214,Southern Class,3,2024-03-11,2024-03-01,131,observed,236,195,286,236,259,-0.092996,1,model,family-direct,264.0,264.0
2024,3213,Open at Foxwoods,14,2024-03-13,2024-03-01,154,observed,420,334,528,420,465,-0.101783,1,model,family-direct,445.0,456.0
2024,3214,Southern Class,1,2024-03-13,2024-03-01,178,observed,238,196,288,238,259,-0.084557,1,model,family-direct,264.0,262.0
2024,3215,Mid-America Open,7,2024-03-15,2024-03-01,114,observed,337,268,424,337,305,0.099771,1,model,family-direct,328.0,314.0
2024,3215,Mid-America Open,3,2024-03-19,2024-03-01,165,observed,287,237,347,287,305,-0.06083,1,model,family-direct,328.0,307.0
2024,3213,Open at Foxwoods,7,2024-03-20,2024-03-01,211,observed,452,359,568,452,465,-0.028355,1,model,family-direct,445.0,460.0
2024,3215,Mid-America Open,1,2024-03-21,2024-03-01,276,observed,319,276,387,319,305,0.044879,1,model,family-direct,328.0,328.0
2024,3213,Open at Foxwoods,3,2024-03-24,2024-03-01,294,observed,445,368,540,445,465,-0.043963,1,model,family-direct,445.0,473.0
2024,3248,Chicago Open,60,2024-03-24,2024-03-01,169,observed,922,635,1339,922,860,0.069613,1,model,family-direct,960.0,890.0
2024,3213,Open at Foxwoods,1,2024-03-26,2024-03-01,414,observed,484,414,586,484,465,0.040048,1,model,family-direct,445.0,474.0
2024,3307,Philadelphia International,90,2024-03-27,2024-03-01,6,observed,110,76,160,110,143,-0.262364,1,model,family-direct,108.0,109.0
2024,3311,Philadelphia Open,90,2024-03-29,2024-03-01,4,observed,275,190,397,275,312,-0.126232,1,model,family-direct,281.0,279.0
2024,3249,Niagara Falls Open,60,2024-04-01,2024-04-01,25,observed,167,105,266,167,177,-0.058156,1,model,family-direct,170.0,175.0
2024,3309,World Open top 6 sections,90,2024-04-04,2024-04-01,33,observed,1238,678,2144,1238,1195,0.035351,1,model,size-matched,1324.0,1299.0
2024,3259,Eastern Class,60,2024-04-07,2024-04-01,5,observed,250,181,345,250,203,0.208255,1,model,family-direct,257.0,253.0
2024,3248,Chicago Open,42,2024-04-11,2024-04-01,226,observed,931,687,1261,931,860,0.079327,1,model,family-direct,960.0,895.0
2024,3306,New York State Open,60,2024-04-15,2024-04-01,3,observed,8,3,75,8,76,-2.251292,0,model,size-matched,,
2024,3249,Niagara Falls Open,42,2024-04-19,2024-04-01,42,observed,172,125,238,172,177,-0.028655,1,model,family-direct,170.0,188.0
2024,3328,Chicago Class,90,2024-04-20,2024-04-01,4,observed,299,211,423,299,270,0.102022,1,model,family-direct,280.0,282.0
2024,3329,Southern Open,90,2024-04-20,2024-04-01,3,observed,291,200,422,291,231,0.230906,1,model,family-direct,294.0,294.0
2024,3330,Pacific Coast Open,90,2024-04-20,2024-04-01,3,observed,393,270,570,393,361,0.084932,1,model,family-direct,403.0,400.0
2024,3248,Chicago Open,28,2024-04-25,2024-04-01,298,observed,940,719,1229,940,860,0.088947,1,model,family-direct,960.0,905.0
2024,3259,Eastern Class,42,2024-04-25,2024-04-01,9,observed,245,186,322,245,203,0.188052,1,model,family-direct,257.0,244.0
2024,3319,World Open Under 13,60,2024-04-25,2024-04-01,3,observed,110,82,149,110,80,0.318454,0,model,family-direct,110.0,101.0
2024,3307,Philadelphia International,60,2024-04-26,2024-04-01,22,observed,109,70,170,109,143,-0.271497,1,model,family-direct,108.0,117.0
2024,3327,Pittsburgh Open,90,2024-04-27,2024-04-01,1,observed,181,134,245,181,166,0.086509,1,model,family-direct,183.0,181.0
2024,3331,Bradley Open,90,2024-04-27,2024-04-01,2,observed,253,192,332,253,270,-0.065032,1,model,family-direct,256.0,254.0
2024,3311,Philadelphia Open,60,2024-04-28,2024-04-01,14,observed,277,191,402,277,312,-0.118986,1,model,family-direct,281.0,282.0
2024,3249,Niagara Falls Open,28,2024-05-03,2024-05-01,54,observed,185,140,245,185,177,0.044206,1,model,family-direct,170.0,196.0
2024,3306,New York State Open,42,2024-05-03,2024-05-01,12,observed,37,25,300,37,76,-0.719815,1,model,size-matched,,
2024,3309,World Open top 6 sections,60,2024-05-04,2024-05-01,127,observed,1323,724,1730,1323,1195,0.101756,1,model,size-matched,1324.0,1314.0
2024,3248,Chicago Open,14,2024-05-09,2024-05-01,398,observed,866,689,1089,866,860,0.006953,1,model,family-direct,960.0,876.0
2024,3259,Eastern Class,28,2024-05-09,2024-05-01,19,observed,238,179,315,238,203,0.159065,1,model,family-direct,257.0,243.0
2024,3319,World Open Under 13,42,2024-05-13,2024-05-01,7,observed,108,82,143,108,80,0.300105,0,model,family-direct,110.0,98.0
2024,3307,Philadelphia International,42,2024-05-14,2024-05-01,45,observed,115,84,159,115,143,-0.217913,1,model,family-direct,108.0,128.0
2024,3248,Chicago Open,7,2024-05-16,2024-05-01,494,observed,862,686,1084,862,860,0.002323,1,model,family-direct,960.0,877.0
2024,3311,Philadelphia Open,42,2024-05-16,2024-05-01,29,observed,274,199,377,274,312,-0.129875,1,model,family-direct,281.0,283.0
2024,3249,Niagara Falls Open,14,2024-05-17,2024-05-01,87,observed,182,145,229,182,177,0.027857,1,model,family-direct,170.0,203.0
2024,3306,New York State Open,28,2024-05-17,2024-05-01,17,observed,61,24,425,61,76,-0.219859,1,model,size-matched,,
2024,3359,Continental Open,90,2024-05-17,2024-05-01,2,observed,311,214,452,311,244,0.242625,1,model,family-direct,312.0,309.0
2024,3248,Chicago Open,3,2024-05-20,2024-05-01,587,observed,850,701,1029,850,860,-0.011696,1,model,family-direct,960.0,860.0
2024,3328,Chicago Class,60,2024-05-20,2024-05-01,11,observed,302,214,427,302,270,0.112005,1,model,family-direct,280.0,285.0
2024,3329,Southern Open,60,2024-05-20,2024-05-01,3,observed,287,213,388,287,231,0.217065,1,model,family-direct,294.0,282.0
2024,3330,Pacific Coast Open,60,2024-05-20,2024-05-01,14,observed,395,272,574,395,361,0.090008,1,model,family-direct,403.0,401.0
2024,3248,Chicago Open,1,2024-05-22,2024-05-01,723,observed,856,723,1037,856,860,-0.004662,1,model,family-direct,960.0,841.0
2024,3309,World Open top 6 sections,42,2024-05-22,2024-05-01,327,observed,1365,907,1704,1365,1195,0.133008,1,model,size-matched,1324.0,1168.0
2024,3259,Eastern Class,14,2024-05-23,2024-05-01,40,observed,215,171,271,215,203,0.057432,1,model,family-direct,257.0,232.0
2024,3249,Niagara Falls Open,7,2024-05-24,2024-05-01,110,observed,204,162,256,204,177,0.14197,1,model,family-direct,170.0,210.0
2024,3372,Indianapolis Open,90,2024-05-25,2024-05-01,1,observed,184,136,249,184,170,0.079137,1,model,family-direct,190.0,191.0
2024,3377,Atlantic Open,90,2024-05-25,2024-05-01,3,observed,379,261,551,379,272,0.331734,1,model,family-direct,371.0,373.0
2024,3319,World Open Under 13,28,2024-05-27,2024-05-01,15,observed,104,79,137,104,80,0.262364,1,model,family-direct,110.0,100.0
2024,3327,Pittsburgh Open,60,2024-05-27,2024-05-01,3,observed,185,128,269,185,166,0.108368,1,model,family-direct,183.0,178.0
2024,3331,Bradley Open,60,2024-05-27,2024-05-01,6,observed,255,176,371,255,270,-0.057158,1,model,family-direct,256.0,252.0
2024,3249,Niagara Falls Open,3,2024-05-28,2024-05-01,142,observed,217,179,262,217,177,0.203748,0,model,family-direct,170.0,209.0
2024,3307,Philadelphia International,28,2024-05-28,2024-05-01,72,observed,129,99,169,129,143,-0.103032,1,model,family-direct,108.0,135.0
2024,3249,Niagara Falls Open,1,2024-05-30,2024-05-01,167,observed,222,183,269,222,177,0.226528,0,model,family-direct,170.0,210.0
2024,3259,Eastern Class,7,2024-05-30,2024-05-01,56,observed,200,159,251,200,203,-0.014889,1,model,family-direct,257.0,219.0
2024,3311,Philadelphia Open,28,2024-05-30,2024-05-01,47,observed,281,204,386,281,312,-0.104649,1,model,family-direct,281.0,292.0
2024,3306,New York State Open,14,2024-05-31,2024-05-01,31,observed,83,32,124,83,76,0.088107,1,model,size-matched,,
2024,3374,New York State Championship,90,2024-06-01,2024-06-01,3,observed,332,229,482,332,326,0.018238,1,model,family-direct,347.0,350.0
2024,3259,Eastern Class,3,2024-06-03,2024-06-01,87,observed,192,159,233,192,203,-0.055711,1,model,family-direct,257.0,214.0
2024,3259,Eastern Class,1,2024-06-05,2024-06-01,125,observed,206,170,249,206,203,0.01467,1,model,family-direct,257.0,219.0
2024,3309,World Open top 6 sections,28,2024-06-05,2024-06-01,406,observed,1342,1059,1575,1342,1195,0.116015,1,model,size-matched,1324.0,1192.0
2024,3306,New York State Open,7,2024-06-07,2024-06-01,43,observed,87,43,172,87,76,0.135175,1,model,size-matched,,
2024,3328,Chicago Class,42,2024-06-07,2024-06-01,20,observed,299,217,411,299,270,0.102022,1,model,family-direct,280.0,280.0
2024,3329,Southern Open,42,2024-06-07,2024-06-01,7,observed,284,216,374,284,231,0.206557,1,model,family-direct,294.0,277.0
2024,3330,Pacific Coast Open,42,2024-06-07,2024-06-01,27,observed,389,288,524,389,361,0.074701,1,model,family-direct,403.0,398.0
2024,3319,World Open Under 13,14,2024-06-10,2024-06-01,29,observed,100,79,126,100,80,0.223144,1,model,family-direct,110.0,95.0
2024,3373,Central California Open,60,2024-06-10,2024-06-01,1,observed,204,151,276,204,169,0.188221,1,model,family-direct,214.0,200.0
2024,3306,New York State Open,3,2024-06-11,2024-06-01,59,observed,122,59,172,122,76,0.473288,1,model,size-matched,,
2024,3307,Philadelphia International,14,2024-06-11,2024-06-01,83,observed,128,102,160,128,143,-0.110814,1,model,family-direct,108.0,131.0
2024,3306,New York State Open,1,2024-06-13,2024-06-01,71,observed,93,75,109,93,76,0.201866,1,model,size-matched,,
2024,3311,Philadelphia Open,14,2024-06-13,2024-06-01,92,observed,292,232,367,292,312,-0.066249,1,model,family-direct,281.0,309.0
2024,3327,Pittsburgh Open,42,2024-06-14,2024-06-01,9,observed,183,134,251,183,166,0.097498,1,model,family-direct,183.0,172.0
2024,3331,Bradley Open,42,2024-06-14,2024-06-01,13,observed,252,183,347,252,270,-0.068993,1,model,family-direct,256.0,248.0
2024,3359,Continental Open,60,2024-06-16,2024-06-01,2,observed,308,228,416,308,244,0.232932,1,model,family-direct,312.0,301.0
2024,3319,World Open Under 13,7,2024-06-17,2024-06-01,39,observed,96,76,120,96,80,0.182322,1,model,family-direct,110.0,97.0
2024,3307,Philadelphia International,7,2024-06-18,2024-06-01,95,observed,137,110,171,137,143,-0.042864,1,model,family-direct,108.0,133.0
2024,3309,World Open top 6 sections,14,2024-06-19,2024-06-01,561,observed,1159,1031,1274,1159,1195,-0.030589,1,model,size-matched,1324.0,1211.0
2024,3311,Philadelphia Open,7,2024-06-20,2024-06-01,138,observed,324,257,407,324,312,0.03774,1,model,family-direct,281.0,329.0
2024,3319,World Open Under 13,3,2024-06-21,2024-06-01,49,observed,88,73,107,88,80,0.09531,1,model,family-direct,110.0,91.0
2024,3328,Chicago Class,28,2024-06-21,2024-06-01,38,observed,300,227,397,300,270,0.105361,1,model,family-direct,280.0,278.0
2024,3329,Southern Open,28,2024-06-21,2024-06-01,22,observed,264,201,347,264,231,0.133531,1,model,family-direct,294.0,266.0
2024,3330,Pacific Coast Open,28,2024-06-21,2024-06-01,53,observed,384,290,508,384,361,0.061765,1,model,family-direct,403.0,396.0
2024,3307,Philadelphia International,3,2024-06-22,2024-06-01,104,observed,148,122,179,148,143,0.034368,1,model,family-direct,108.0,137.0
2024,3319,World Open Under 13,1,2024-06-23,2024-06-01,56,observed,86,71,104,86,80,0.072321,1,model,family-direct,110.0,83.0
2024,3307,Philadelphia International,1,2024-06-24,2024-06-01,116,observed,152,125,184,152,143,0.061036,1,model,family-direct,108.0,141.0
2024,3311,Philadelphia Open,3,2024-06-24,2024-06-01,189,observed,365,301,442,365,312,0.156894,1,model,family-direct,281.0,339.0
2024,3372,Indianapolis Open,60,2024-06-24,2024-06-01,3,observed,186,128,270,186,170,0.089948,1,model,family-direct,190.0,188.0
2024,3377,Atlantic Open,60,2024-06-24,2024-06-01,4,observed,370,266,515,370,272,0.307701,1,model,family-direct,371.0,369.0
2024,3309,World Open top 6 sections,7,2024-06-26,2024-06-01,703,observed,1105,989,1210,1105,1195,-0.078301,1,model,size-matched,1324.0,1214.0
2024,3311,Philadelphia Open,1,2024-06-26,2024-06-01,235,observed,321,265,389,321,312,0.028438,1,model,family-direct,281.0,321.0
2024,3327,Pittsburgh Open,28,2024-06-28,2024-06-01,19,observed,186,135,256,186,166,0.113759,1,model,family-direct,183.0,173.0
2024,3331,Bradley Open,28,2024-06-28,2024-06-01,17,observed,239,174,329,239,270,-0.121958,1,model,family-direct,256.0,241.0
2024,3373,Central California Open,42,2024-06-28,2024-06-01,7,observed,206,156,271,206,169,0.197977,1,model,family-direct,214.0,201.0
2024,3309,World Open top 6 sections,3,2024-06-30,2024-06-01,941,observed,1116,941,1283,1116,1195,-0.068395,1,model,size-matched,1324.0,1169.0
2024,3374,New York State Championship,60,2024-07-01,2024-07-01,5,observed,329,227,478,329,326,0.00916,1,model,family-direct,347.0,346.0
2024,3309,World Open top 6 sections,1,2024-07-02,2024-07-01,1038,observed,1102,1038,1220,1102,1195,-0.081019,1,model,size-matched,1324.0,1189.0
2024,3359,Continental Open,42,2024-07-04,2024-07-01,4,observed,307,233,404,307,244,0.22968,1,model,family-direct,312.0,294.0
2024,3328,Chicago Class,14,2024-07-05,2024-07-01,74,observed,315,252,394,315,270,0.154151,1,model,family-direct,280.0,294.0
2024,3329,Southern Open,14,2024-07-05,2024-07-01,51,observed,240,191,301,240,231,0.038221,1,model,family-direct,294.0,246.0
2024,3330,Pacific Coast Open,14,2024-07-05,2024-07-01,77,observed,328,262,410,328,361,-0.095864,1,model,family-direct,403.0,356.0
2024,3327,Pittsburgh Open,14,2024-07-12,2024-07-01,38,observed,173,138,216,173,166,0.041304,1,model,family-direct,183.0,169.0
2024,3328,Chicago Class,7,2024-07-12,2024-07-01,100,observed,272,216,343,272,270,0.00738,1,model,family-direct,280.0,257.0
2024,3329,Southern Open,7,2024-07-12,2024-07-01,88,observed,220,174,277,220,231,-0.04879,1,model,family-direct,294.0,243.0
2024,3330,Pacific Coast Open,7,2024-07-12,2024-07-01,146,observed,330,262,415,330,361,-0.089785,1,model,family-direct,403.0,352.0
2024,3331,Bradley Open,14,2024-07-12,2024-07-01,55,observed,247,196,310,247,270,-0.089034,1,model,family-direct,256.0,255.0
2024,3372,Indianapolis Open,42,2024-07-12,2024-07-01,5,observed,184,140,242,184,170,0.079137,1,model,family-direct,190.0,178.0
2024,3373,Central California Open,28,2024-07-12,2024-07-01,13,observed,185,139,245,185,169,0.090457,1,model,family-direct,214.0,198.0
2024,3377,Atlantic Open,42,2024-07-12,2024-07-01,9,observed,364,277,479,364,272,0.291352,0,model,family-direct,371.0,354.0
2024,3455,Midwest Class Championships,90,2024-07-13,2024-07-01,3,observed,311,236,409,311,303,0.02606,1,model,family-direct,292.0,295.0
2024,3328,Chicago Class,3,2024-07-16,2024-07-01,151,observed,249,205,301,249,270,-0.080969,1,model,family-direct,280.0,239.0
2024,3329,Southern Open,3,2024-07-16,2024-07-01,136,observed,198,163,239,198,231,-0.154151,1,model,family-direct,294.0,223.0
2024,3330,Pacific Coast Open,3,2024-07-16,2024-07-01,236,observed,343,283,416,343,361,-0.051148,1,model,family-direct,403.0,359.0
2024,3328,Chicago Class,1,2024-07-18,2024-07-01,232,observed,260,232,315,260,270,-0.03774,1,model,family-direct,280.0,244.0
2024,3329,Southern Open,1,2024-07-18,2024-07-01,206,observed,231,206,279,231,231,0.0,1,model,family-direct,294.0,234.0
2024,3330,Pacific Coast Open,1,2024-07-18,2024-07-01,329,observed,365,329,442,365,361,0.011019,1,model,family-direct,403.0,372.0
2024,3359,Continental Open,28,2024-07-18,2024-07-01,16,observed,288,214,389,288,244,0.165792,1,model,family-direct,312.0,295.0
2024,3327,Pittsburgh Open,7,2024-07-19,2024-07-01,57,observed,160,127,202,160,166,-0.036814,1,model,family-direct,183.0,156.0
2024,3331,Bradley Open,7,2024-07-19,2024-07-01,84,observed,251,199,316,251,270,-0.072969,1,model,family-direct,256.0,254.0
2024,3374,New York State Championship,42,2024-07-19,2024-07-01,18,observed,333,246,451,333,326,0.021245,1,model,family-direct,347.0,349.0
2024,3456,Hartford Open,90,2024-07-20,2024-07-01,2,observed,219,151,319,219,199,0.095767,1,model,family-direct,223.0,225.0
2024,3327,Pittsburgh Open,3,2024-07-23,2024-07-01,90,observed,158,130,191,158,166,-0.049393,1,model,family-direct,183.0,159.0
2024,3331,Bradley Open,3,2024-07-23,2024-07-01,145,observed,261,215,316,261,270,-0.033902,1,model,family-direct,256.0,265.0
2024,3327,Pittsburgh Open,1,2024-07-25,2024-07-01,147,observed,166,147,201,166,166,0.0,1,model,family-direct,183.0,162.0
2024,3331,Bradley Open,1,2024-07-25,2024-07-01,240,observed,278,240,337,278,270,0.029199,1,model,family-direct,256.0,275.0
2024,3372,Indianapolis Open,28,2024-07-26,2024-07-01,14,observed,172,127,231,172,170,0.011696,1,model,family-direct,190.0,176.0
2024,3373,Central California Open,14,2024-07-26,2024-07-01,37,observed,177,141,222,177,169,0.046251,1,model,family-direct,214.0,192.0
2024,3377,Atlantic Open,28,2024-07-26,2024-07-01,23,observed,339,256,450,339,272,0.220198,1,model,family-direct,371.0,346.0
2024,3457,Eastern Chess Congress,90,2024-07-27,2024-07-01,5,observed,517,393,680,517,490,0.053637,1,model,family-direct,527.0,532.0
2024,3359,Continental Open,14,2024-08-01,2024-08-01,41,observed,278,228,338,278,244,0.130453,1,model,family-direct,312.0,288.0
2024,3373,Central California Open,7,2024-08-02,2024-08-01,78,observed,192,152,243,192,169,0.127597,1,model,family-direct,214.0,195.0
2024,3374,New York State Championship,28,2024-08-02,2024-08-01,36,observed,319,254,400,319,326,-0.021706,1,model,family-direct,347.0,347.0
2024,3458,Los Angeles Open,90,2024-08-03,2024-08-01,3,observed,404,298,548,404,412,-0.019608,1,model,family-direct,415.0,414.0
2024,3373,Central California Open,3,2024-08-06,2024-08-01,117,observed,188,155,228,188,169,0.106543,1,model,family-direct,214.0,182.0
2024,3359,Continental Open,7,2024-08-08,2024-08-01,72,observed,267,211,338,267,244,0.09008,1,model,family-direct,312.0,284.0
2024,3373,Central California Open,1,2024-08-08,2024-08-01,161,observed,183,161,222,183,169,0.079587,1,model,family-direct,214.0,178.0
2024,3372,Indianapolis Open,14,2024-08-09,2024-08-01,43,observed,179,147,218,179,170,0.051587,1,model,family-direct,190.0,185.0
2024,3377,Atlantic Open,14,2024-08-09,2024-08-01,70,observed,335,273,411,335,272,0.208328,0,model,family-direct,371.0,343.0
2024,3359,Continental Open,3,2024-08-12,2024-08-01,115,observed,245,203,297,245,244,0.00409,1,model,family-direct,312.0,272.0
2024,3455,Midwest Class Championships,60,2024-08-12,2024-08-01,9,observed,306,216,432,306,303,0.009852,1,model,family-direct,292.0,295.0
2024,3359,Continental Open,1,2024-08-14,2024-08-01,201,observed,247,204,299,247,244,0.01222,1,model,family-direct,312.0,230.0
2024,3372,Indianapolis Open,7,2024-08-16,2024-08-01,67,observed,191,151,242,191,170,0.116475,1,model,family-direct,190.0,192.0
2024,3374,New York State Championship,14,2024-08-16,2024-08-01,72,observed,286,235,348,286,326,-0.130906,1,model,family-direct,347.0,314.0
2024,3377,Atlantic Open,7,2024-08-16,2024-08-01,112,observed,323,254,410,323,272,0.17185,1,model,family-direct,371.0,334.0
2024,3476,Kings Island Open,90,2024-08-17,2024-08-01,3,observed,358,272,471,358,350,0.0226,1,model,family-direct,358.0,361.0
2024,3456,Hartford Open,60,2024-08-19,2024-08-01,5,observed,222,146,338,222,199,0.109373,1,model,family-direct,223.0,226.0
2024,3372,Indianapolis Open,3,2024-08-20,2024-08-01,109,observed,189,156,229,189,170,0.105949,1,model,family-direct,190.0,190.0
2024,3377,Atlantic Open,3,2024-08-20,2024-08-01,164,observed,281,232,340,281,272,0.032553,1,model,family-direct,371.0,310.0
2024,3372,Indianapolis Open,1,2024-08-22,2024-08-01,155,observed,175,155,211,175,170,0.028988,1,model,family-direct,190.0,175.0
2024,3377,Atlantic Open,1,2024-08-22,2024-08-01,248,observed,293,248,355,293,272,0.074371,1,model,family-direct,371.0,281.0
2024,3374,New York State Championship,7,2024-08-23,2024-08-01,123,observed,300,237,379,300,326,-0.083115,1,model,family-direct,347.0,316.0
2024,3457,Eastern Chess Congress,60,2024-08-26,2024-08-01,10,observed,509,360,720,509,490,0.038043,1,model,family-direct,527.0,526.0
2024,3374,New York State Championship,3,2024-08-27,2024-08-01,189,observed,296,244,358,296,326,-0.096538,1,model,family-direct,347.0,308.0
2024,3374,New York State Championship,1,2024-08-29,2024-08-01,295,observed,317,295,382,317,326,-0.027996,1,model,family-direct,347.0,324.0
2024,3455,Midwest Class Championships,42,2024-08-30,2024-08-01,18,observed,301,233,388,301,303,-0.006623,1,model,family-direct,292.0,292.0
2024,3477,National Chess Congress,90,2024-08-31,2024-08-01,7,observed,603,415,876,603,621,-0.029414,1,model,family-direct,636.0,640.0
2024,3458,Los Angeles Open,60,2024-09-02,2024-09-01,13,observed,393,291,531,393,412,-0.047214,1,model,family-direct,415.0,391.0
2024,3456,Hartford Open,42,2024-09-06,2024-09-01,11,observed,217,164,288,217,199,0.086593,1,model,family-direct,223.0,222.0
2024,3455,Midwest Class Championships,28,2024-09-13,2024-09-01,47,observed,329,264,412,329,303,0.082325,1,model,family-direct,292.0,306.0
2024,3457,Eastern Chess Congress,42,2024-09-13,2024-09-01,29,observed,513,408,646,513,490,0.04587,1,model,family-direct,527.0,525.0
2024,3476,Kings Island Open,60,2024-09-16,2024-09-01,15,observed,357,256,500,357,350,0.019803,1,model,family-direct,358.0,361.0
2024,3456,Hartford Open,28,2024-09-20,2024-09-01,16,observed,210,168,262,210,199,0.053803,1,model,family-direct,223.0,217.0
2024,3458,Los Angeles Open,42,2024-09-20,2024-09-01,47,observed,394,313,497,394,412,-0.044672,1,model,family-direct,415.0,390.0
2024,3455,Midwest Class Championships,14,2024-09-27,2024-09-01,82,observed,322,265,391,322,303,0.060819,1,model,family-direct,292.0,297.0
2024,3457,Eastern Chess Congress,28,2024-09-27,2024-09-01,61,observed,518,411,651,518,490,0.05557,1,model,family-direct,527.0,527.0
2024,3478,Eastern Open,90,2024-09-27,2024-09-01,12,observed,381,250,581,381,391,-0.025908,1,model,family-direct,367.0,377.0
2024,3479,North American Open,90,2024-09-27,2024-09-01,241,observed,1094,797,1500,1094,1102,-0.007286,1,model,family-direct,1115.0,1150.0
2024,3477,National Chess Congress,60,2024-09-30,2024-09-01,36,observed,611,452,826,611,621,-0.016234,1,model,family-direct,636.0,649.0
2024,3455,Midwest Class Championships,7,2024-10-04,2024-10-01,117,observed,327,260,410,327,303,0.076227,1,model,family-direct,292.0,301.0
2024,3456,Hartford Open,14,2024-10-04,2024-10-01,38,observed,200,165,243,200,199,0.005013,1,model,family-direct,223.0,211.0
2024,3458,Los Angeles Open,28,2024-10-04,2024-10-01,95,observed,399,321,496,399,412,-0.032062,1,model,family-direct,415.0,404.0
2024,3476,Kings Island Open,42,2024-10-04,2024-10-01,25,observed,359,293,441,359,350,0.025389,1,model,family-direct,358.0,363.0
2025,3524,Boston Chess Congress,90,2024-10-04,2024-10-01,3,observed,364,276,479,364,383,-0.050881,1,model,family-direct,342.0,345.0
2024,3455,Midwest Class Championships,3,2024-10-08,2024-10-01,165,observed,286,236,347,286,303,-0.057741,1,model,family-direct,292.0,276.0
2024,3455,Midwest Class Championships,1,2024-10-10,2024-10-01,258,observed,296,258,358,296,303,-0.023373,1,model,family-direct,292.0,282.0
2024,3456,Hartford Open,7,2024-10-11,2024-10-01,60,observed,199,158,251,199,199,0.0,1,model,family-direct,223.0,204.0
2024,3457,Eastern Chess Congress,14,2024-10-11,2024-10-01,161,observed,535,446,643,535,490,0.087861,1,model,family-direct,527.0,550.0
2024,3456,Hartford Open,3,2024-10-15,2024-10-01,98,observed,191,157,231,191,199,-0.041031,1,model,family-direct,223.0,200.0
2024,3456,Hartford Open,1,2024-10-17,2024-10-01,169,observed,197,169,237,197,199,-0.010101,1,model,family-direct,223.0,198.0
2024,3457,Eastern Chess Congress,7,2024-10-18,2024-10-01,236,observed,567,451,714,567,490,0.145954,1,model,family-direct,527.0,562.0
2024,3458,Los Angeles Open,14,2024-10-18,2024-10-01,170,observed,390,325,469,390,412,-0.054877,1,model,family-direct,415.0,411.0
2024,3476,Kings Island Open,28,2024-10-18,2024-10-01,54,observed,377,297,477,377,350,0.074312,1,model,family-direct,358.0,373.0
2024,3477,National Chess Congress,42,2024-10-18,2024-10-01,65,observed,616,500,760,616,621,-0.008084,1,model,family-direct,636.0,647.0
2025,3595,Golden State Open,90,2024-10-18,2024-10-01,1,observed,307,233,404,307,377,-0.205397,1,model,family-direct,293.0,294.0
2025,3504,Liberty Bell Open,90,2024-10-19,2024-10-01,3,observed,523,397,688,523,530,-0.013296,1,model,family-direct,481.0,484.0
2024,3457,Eastern Chess Congress,3,2024-10-22,2024-10-01,320,observed,476,393,576,476,490,-0.028988,1,model,family-direct,527.0,517.0
2024,3457,Eastern Chess Congress,1,2024-10-24,2024-10-01,450,observed,492,450,590,492,490,0.004073,1,model,family-direct,527.0,501.0
2024,3458,Los Angeles Open,7,2024-10-25,2024-10-01,225,observed,411,327,516,411,412,-0.00243,1,model,family-direct,415.0,410.0
2024,3478,Eastern Open,60,2024-10-27,2024-10-01,18,observed,366,259,517,366,391,-0.066074,1,model,family-direct,367.0,379.0
2024,3479,North American Open,60,2024-10-27,2024-10-01,324,observed,1050,787,1400,1050,1102,-0.048337,1,model,family-direct,1115.0,1151.0
2024,3458,Los Angeles Open,3,2024-10-29,2024-10-01,286,observed,394,325,477,394,412,-0.044672,1,model,family-direct,415.0,396.0
2024,3458,Los Angeles Open,1,2024-10-31,2024-10-01,379,observed,407,379,485,407,412,-0.01221,1,model,family-direct,415.0,408.0
2024,3476,Kings Island Open,14,2024-11-01,2024-11-01,108,observed,380,315,460,380,350,0.082238,1,model,family-direct,358.0,384.0
2024,3477,National Chess Congress,28,2024-11-01,2024-11-01,109,observed,647,518,809,647,621,0.041015,1,model,family-direct,636.0,662.0
2025,3524,Boston Chess Congress,60,2024-11-03,2024-11-01,12,observed,343,250,473,343,383,-0.110305,1,model,family-direct,342.0,354.0
2024,3476,Kings Island Open,7,2024-11-08,2024-11-01,162,observed,400,317,504,400,350,0.133531,1,model,family-direct,358.0,386.0
2024,3476,Kings Island Open,3,2024-11-12,2024-11-01,218,observed,394,325,477,394,350,0.118418,1,model,family-direct,358.0,386.0
2024,3476,Kings Island Open,1,2024-11-14,2024-11-01,293,observed,345,293,414,345,350,-0.014389,1,model,family-direct,358.0,325.0
2024,3478,Eastern Open,42,2024-11-14,2024-11-01,32,observed,368,304,446,368,391,-0.060625,1,model,family-direct,367.0,377.0
2024,3479,North American Open,42,2024-11-14,2024-11-01,416,observed,1058,874,1280,1058,1102,-0.040746,1,model,family-direct,1115.0,1136.0
2024,3477,National Chess Congress,14,2024-11-15,2024-11-01,200,observed,622,517,747,622,621,0.001609,1,model,family-direct,636.0,669.0
2025,3597,Southwest Class Championships,90,2024-11-15,2024-11-01,10,observed,437,309,618,437,488,-0.110382,1,model,family-direct,441.0,451.0
2025,3595,Golden State Open,60,2024-11-17,2024-11-01,4,observed,291,215,393,291,377,-0.258922,1,model,family-direct,293.0,296.0
2025,3504,Liberty Bell Open,60,2024-11-18,2024-11-01,14,observed,514,364,727,514,530,-0.030654,1,model,family-direct,481.0,493.0
2025,3524,Boston Chess Congress,42,2024-11-21,2024-11-01,19,observed,335,294,381,335,383,-0.133904,0,model,family-direct,342.0,346.0
2024,3477,National Chess Congress,7,2024-11-22,2024-11-01,303,observed,658,524,828,658,621,0.057874,1,model,family-direct,636.0,660.0
2025,3598,George Washington Open,90,2024-11-22,2024-11-01,4,observed,292,215,396,292,250,0.155293,1,model,family-direct,266.0,270.0
2024,3477,National Chess Congress,3,2024-11-26,2024-11-01,430,observed,654,540,792,654,621,0.051776,1,model,family-direct,636.0,654.0
2024,3477,National Chess Congress,1,2024-11-28,2024-11-01,584,observed,606,584,718,606,621,-0.024451,1,model,family-direct,636.0,627.0
2024,3478,Eastern Open,28,2024-11-28,2024-11-01,43,observed,370,287,478,370,391,-0.055205,1,model,family-direct,367.0,364.0
2024,3479,North American Open,28,2024-11-28,2024-11-01,510,observed,1073,856,1344,1073,1102,-0.026668,1,model,family-direct,1115.0,1139.0
2025,3524,Boston Chess Congress,28,2024-12-05,2024-12-01,40,observed,330,289,376,330,383,-0.148942,0,model,family-direct,342.0,343.0
2025,3595,Golden State Open,42,2024-12-05,2024-12-01,18,observed,299,256,349,299,377,-0.231802,0,model,family-direct,293.0,302.0
2025,3664,New York State Scholastic Championships Grades K-8,90,2024-12-05,2024-12-01,173,observed,1766,1720,1810,1766,1767,-0.000566,1,model,family-alias,1777.0,1758.0
2025,3504,Liberty Bell Open,42,2024-12-06,2024-12-01,30,observed,525,451,611,525,530,-0.009479,1,model,family-direct,481.0,501.0
2025,3596,Western Class Championships,90,2024-12-06,2024-12-01,2,observed,409,392,425,409,389,0.050136,0,model,size-matched,421.0,423.0
2025,3684,Southern Class,90,2024-12-06,2024-12-01,1,observed,264,195,357,264,170,0.440151,0,model,family-direct,259.0,260.0
2024,3478,Eastern Open,14,2024-12-12,2024-12-01,95,observed,364,299,444,364,391,-0.071554,1,model,family-direct,367.0,362.0
2024,3479,North American Open,14,2024-12-12,2024-12-01,670,observed,1034,857,1247,1034,1102,-0.063692,1,model,family-direct,1115.0,1114.0
2025,3666,New York State High School Championship,90,2024-12-12,2024-12-01,5,observed,18,7,125,18,219,-2.4987,0,model,size-matched,,
2025,3597,Southwest Class Championships,60,2024-12-15,2024-12-01,38,observed,431,365,508,431,488,-0.124207,1,model,family-direct,441.0,464.0
2024,3478,Eastern Open,7,2024-12-19,2024-12-01,152,observed,376,302,469,376,391,-0.039118,1,model,family-direct,367.0,374.0
2024,3479,North American Open,7,2024-12-19,2024-12-01,812,observed,1070,867,1321,1070,1102,-0.029468,1,model,family-direct,1115.0,1106.0
2025,3524,Boston Chess Congress,14,2024-12-19,2024-12-01,69,observed,306,275,340,306,383,-0.22445,0,model,family-direct,342.0,338.0
2025,3595,Golden State Open,28,2024-12-19,2024-12-01,39,observed,324,275,380,324,377,-0.151502,1,model,family-direct,293.0,314.0
2025,3504,Liberty Bell Open,28,2024-12-20,2024-12-01,61,observed,529,459,609,529,530,-0.001889,1,model,family-direct,481.0,504.0
2025,3632,Mid-America Open,90,2024-12-21,2024-12-01,4,observed,310,204,470,310,262,0.168228,1,model,family-direct,305.0,309.0
2025,3598,George Washington Open,60,2024-12-22,2024-12-01,7,observed,272,192,384,272,250,0.084341,1,model,family-direct,266.0,270.0
2024,3478,Eastern Open,3,2024-12-23,2024-12-01,264,observed,378,312,458,378,391,-0.033813,1,model,family-direct,367.0,388.0
2024,3479,North American Open,3,2024-12-23,2024-12-01,957,observed,1050,957,1272,1050,1102,-0.048337,1,model,family-direct,1115.0,1094.0
2024,3478,Eastern Open,1,2024-12-25,2024-12-01,352,observed,367,352,433,367,391,-0.063346,1,model,family-direct,367.0,385.0
2024,3479,North American Open,1,2024-12-25,2024-12-01,1048,observed,1048,1048,1229,1048,1102,-0.050243,1,model,family-direct,1115.0,1104.0
2025,3524,Boston Chess Congress,7,2024-12-26,2024-12-01,119,observed,350,311,394,350,383,-0.090102,1,model,family-direct,342.0,358.0
2025,3524,Boston Chess Congress,3,2024-12-30,2024-12-01,189,observed,366,314,427,366,383,-0.045402,1,model,family-direct,342.0,377.0
2025,3524,Boston Chess Congress,1,2025-01-01,2025-01-01,270,observed,364,335,396,364,383,-0.050881,1,model,family-direct,342.0,370.0
2025,3595,Golden State Open,14,2025-01-02,2025-01-01,99,observed,379,349,412,379,377,0.005291,1,model,family-direct,293.0,337.0
2025,3597,Southwest Class Championships,42,2025-01-02,2025-01-01,73,observed,473,443,505,473,488,-0.03122,1,model,family-direct,441.0,484.0
2025,3504,Liberty Bell Open,14,2025-01-03,2025-01-01,135,observed,579,535,627,579,530,0.088425,0,model,family-direct,481.0,534.0
2025,3664,New York State Scholastic Championships Grades K-8,60,2025-01-04,2025-01-01,414,observed,1491,1204,1846,1491,1767,-0.169836,1,model,family-alias,1777.0,1892.0
2025,3596,Western Class Championships,60,2025-01-05,2025-01-01,17,observed,415,228,592,415,389,0.064699,1,model,size-matched,421.0,429.0
2025,3684,Southern Class,60,2025-01-05,2025-01-01,6,observed,276,210,363,276,170,0.484602,0,model,family-direct,259.0,260.0
2025,3595,Golden State Open,7,2025-01-09,2025-01-01,175,observed,412,367,464,412,377,0.088778,1,model,family-direct,293.0,377.0
2025,3598,George Washington Open,42,2025-01-09,2025-01-01,20,observed,270,229,318,270,250,0.076961,1,model,family-direct,266.0,274.0
2025,3504,Liberty Bell Open,7,2025-01-10,2025-01-01,221,observed,631,565,704,631,530,0.174429,0,model,family-direct,481.0,548.0
2025,3666,New York State High School Championship,60,2025-01-11,2025-01-01,21,observed,63,24,168,63,219,-1.245937,0,model,size-matched,,
2025,3595,Golden State Open,3,2025-01-13,2025-01-01,243,observed,389,353,429,389,377,0.031334,1,model,family-direct,293.0,371.0
2025,3504,Liberty Bell Open,3,2025-01-14,2025-01-01,323,observed,615,556,680,615,530,0.148745,0,model,family-direct,481.0,570.0
2025,3595,Golden State Open,1,2025-01-15,2025-01-01,321,observed,359,334,386,359,377,-0.048923,1,model,family-direct,293.0,363.0
2025,3504,Liberty Bell Open,1,2025-01-16,2025-01-01,465,observed,539,501,581,539,530,0.016839,1,model,family-direct,481.0,546.0
2025,3597,Southwest Class Championships,28,2025-01-16,2025-01-01,129,observed,510,469,554,510,488,0.044095,1,model,family-direct,441.0,491.0
2025,3631,Princeton Open,90,2025-01-16,2025-01-01,7,observed,503,371,682,503,574,-0.132039,1,model,family-alias,465.0,472.0
2025,3632,Mid-America Open,60,2025-01-20,2025-01-01,14,observed,327,231,462,327,262,0.221616,1,model,family-direct,305.0,316.0
2025,3664,New York State Scholastic Championships Grades K-8,42,2025-01-22,2025-01-01,834,observed,1571,1419,1738,1571,1767,-0.117571,0,model,family-alias,1777.0,2041.0
2025,3596,Western Class Championships,42,2025-01-23,2025-01-01,45,observed,420,370,465,420,389,0.076675,1,model,size-matched,421.0,430.0
2025,3598,George Washington Open,28,2025-01-23,2025-01-01,34,observed,268,218,329,268,250,0.069526,1,model,family-direct,266.0,275.0
2025,3684,Southern Class,42,2025-01-23,2025-01-01,15,observed,268,250,289,268,170,0.455189,0,model,family-direct,259.0,253.0
2025,3666,New York State High School Championship,42,2025-01-29,2025-01-01,82,observed,232,162,328,232,219,0.057666,1,model,size-matched,,
2025,3597,Southwest Class Championships,14,2025-01-30,2025-01-01,234,observed,494,455,537,494,488,0.01222,1,model,family-direct,441.0,494.0
2025,3731,New York State Senior Championship With Young Adult Mi,42,2025-01-30,2025-01-01,3,observed,12,9,75,12,57,-1.558145,1,model,size-matched,,
2025,3720,Niagara Falls Open,90,2025-02-01,2025-02-01,3,observed,189,140,256,189,123,0.429563,0,model,family-direct,177.0,175.0
2025,3664,New York State Scholastic Championships Grades K-8,28,2025-02-05,2025-02-01,1557,observed,2001,1775,2257,2001,1767,0.124364,0,model,family-alias,1777.0,2229.0
2025,3596,Western Class Championships,28,2025-02-06,2025-02-01,85,observed,421,206,582,421,389,0.079053,1,model,size-matched,421.0,431.0
2025,3597,Southwest Class Championships,7,2025-02-06,2025-02-01,324,observed,527,472,588,527,488,0.076885,1,model,family-direct,441.0,500.0
2025,3598,George Washington Open,14,2025-02-06,2025-02-01,73,observed,258,218,305,258,250,0.031499,1,model,family-direct,266.0,269.0
2025,3684,Southern Class,28,2025-02-06,2025-02-01,31,observed,260,243,278,260,170,0.424883,0,model,family-direct,259.0,257.0
2025,3632,Mid-America Open,42,2025-02-07,2025-02-01,26,observed,317,296,340,317,262,0.190557,0,model,family-direct,305.0,315.0
2025,3597,Southwest Class Championships,3,2025-02-10,2025-02-01,389,observed,528,479,581,528,488,0.078781,1,model,family-direct,441.0,527.0
2025,3597,Southwest Class Championships,1,2025-02-12,2025-02-01,434,observed,483,447,522,483,488,-0.010299,1,model,family-direct,441.0,505.0
2025,3666,New York State High School Championship,28,2025-02-12,2025-02-01,157,observed,316,207,403,316,219,0.36667,1,model,size-matched,,
2025,3598,George Washington Open,7,2025-02-13,2025-02-01,99,observed,247,198,309,247,250,-0.012073,1,model,family-direct,266.0,256.0
2025,3731,New York State Senior Championship With Young Adult Mi,28,2025-02-13,2025-02-01,11,observed,32,28,275,32,57,-0.577315,1,model,size-matched,,
2025,3631,Princeton Open,60,2025-02-15,2025-02-01,34,observed,467,422,515,467,574,-0.2063,0,model,family-alias,465.0,478.0
2025,3598,George Washington Open,3,2025-02-17,2025-02-01,125,observed,236,188,296,236,250,-0.057629,1,model,family-direct,266.0,262.0
2025,3598,George Washington Open,1,2025-02-19,2025-02-01,171,observed,244,203,293,244,250,-0.024293,1,model,family-direct,266.0,256.0
2025,3664,New York State Scholastic Championships Grades K-8,14,2025-02-19,2025-02-01,1664,observed,1933,1789,2089,1933,1767,0.08979,0,model,family-alias,1777.0,1900.0
2025,3596,Western Class Championships,14,2025-02-20,2025-02-01,134,observed,450,381,515,450,389,0.145668,1,model,size-matched,421.0,414.0
2025,3684,Southern Class,14,2025-02-20,2025-02-01,54,observed,249,230,269,249,170,0.381654,0,model,family-direct,259.0,244.0
2025,3632,Mid-America Open,28,2025-02-21,2025-02-01,37,observed,310,285,338,310,262,0.168228,0,model,family-direct,305.0,296.0
2025,3660,Chicago Open,90,2025-02-21,2025-02-01,27,observed,862,655,1134,862,899,-0.042028,1,model,family-direct,860.0,867.0
2025,3664,New York State Scholastic Championships Grades K-8,7,2025-02-26,2025-02-01,1666,observed,1881,1683,2103,1881,1767,0.06252,1,model,family-alias,1777.0,1780.0
2025,3666,New York State High School Championship,14,2025-02-26,2025-02-01,189,observed,327,198,437,327,219,0.400888,1,model,size-matched,,
2025,3596,Western Class Championships,7,2025-02-27,2025-02-01,198,observed,416,234,605,416,389,0.067106,1,model,size-matched,421.0,413.0
2025,3684,Southern Class,7,2025-02-27,2025-02-01,80,observed,234,207,264,234,170,0.319523,0,model,family-direct,259.0,236.0
2025,3731,New York State Senior Championship With Young Adult Mi,14,2025-02-27,2025-02-01,19,observed,56,40,190,56,57,-0.0177,1,model,size-matched,,
2025,3664,New York State Scholastic Championships Grades K-8,3,2025-03-02,2025-03-01,1666,observed,1765,1666,1986,1765,1767,-0.001133,1,model,family-alias,1777.0,1708.0
2025,3596,Western Class Championships,3,2025-03-03,2025-03-01,254,observed,419,385,452,419,389,0.074292,1,model,size-matched,421.0,402.0
2025,3684,Southern Class,3,2025-03-03,2025-03-01,108,observed,212,186,241,212,170,0.220788,0,model,family-direct,259.0,236.0
2025,3720,Niagara Falls Open,60,2025-03-03,2025-03-01,9,observed,174,133,230,174,123,0.346871,0,model,family-direct,177.0,161.0
2025,3664,New York State Scholastic Championships Grades K-8,1,2025-03-04,2025-03-01,1666,observed,1724,1666,1882,1724,1767,-0.024636,1,model,family-alias,1777.0,1683.0
2025,3596,Western Class Championships,1,2025-03-05,2025-03-01,304,observed,366,344,388,366,389,-0.060946,0,model,size-matched,421.0,396.0
2025,3631,Princeton Open,42,2025-03-05,2025-03-01,60,observed,437,369,516,437,574,-0.272696,0,model,family-alias,465.0,473.0
2025,3666,New York State High School Championship,7,2025-03-05,2025-03-01,196,observed,226,196,357,226,219,0.031463,1,model,size-matched,,
2025,3684,Southern Class,1,2025-03-05,2025-03-01,132,observed,196,178,216,196,170,0.142316,0,model,family-direct,259.0,213.0
2025,3731,New York State Senior Championship With Young Adult Mi,7,2025-03-06,2025-03-01,23,observed,47,23,280,47,57,-0.192904,1,model,size-matched,,
2025,3632,Mid-America Open,14,2025-03-07,2025-03-01,75,observed,305,281,332,305,262,0.151967,0,model,family-direct,305.0,296.0
2025,3752,Eastern Class,90,2025-03-07,2025-03-01,2,observed,208,151,286,208,195,0.064539,1,model,family-direct,203.0,204.0
2025,3666,New York State High School Championship,3,2025-03-09,2025-03-01,205,observed,350,290,406,350,219,0.468861,0,model,size-matched,,
2025,3731,New York State Senior Championship With Young Adult Mi,3,2025-03-10,2025-03-01,38,observed,74,40,104,74,57,0.261014,1,model,size-matched,,
2025,3666,New York State High School Championship,1,2025-03-11,2025-03-01,215,observed,259,241,276,259,219,0.167756,0,model,size-matched,,
2025,3731,New York State Senior Championship With Young Adult Mi,1,2025-03-12,2025-03-01,42,observed,71,50,88,71,57,0.219629,1,model,size-matched,,
2025,3632,Mid-America Open,7,2025-03-14,2025-03-01,108,observed,306,274,343,306,262,0.155241,0,model,family-direct,305.0,299.0
2025,3798,Cleveland Open,90,2025-03-15,2025-03-01,2,observed,175,123,247,175,199,-0.128519,1,model,family-direct,167.0,169.0
2025,3632,Mid-America Open,3,2025-03-18,2025-03-01,172,observed,303,268,342,303,262,0.145388,0,model,family-direct,305.0,312.0
2025,3631,Princeton Open,28,2025-03-19,2025-03-01,102,observed,446,380,523,446,574,-0.25231,0,model,family-alias,465.0,487.0
2025,3632,Mid-America Open,1,2025-03-20,2025-03-01,219,observed,262,241,285,262,262,0.0,1,model,family-direct,305.0,248.0
2025,3720,Niagara Falls Open,42,2025-03-21,2025-03-01,19,observed,172,155,191,172,123,0.33531,0,model,family-direct,177.0,154.0
2025,3906,New York State Open,90,2025-03-22,2025-03-01,1,observed,74,66,82,74,83,-0.114776,0,model,size-matched,76.0,77.0
2025,3660,Chicago Open,60,2025-03-23,2025-03-01,149,observed,800,739,866,800,899,-0.116671,0,model,family-direct,860.0,840.0
2025,3686,Philadelphia International,90,2025-03-26,2025-03-01,7,observed,152,111,209,152,126,0.187599,1,model,family-direct,143.0,144.0
2025,3751,Philadelphia Open,90,2025-03-28,2025-03-01,3,observed,305,227,410,305,325,-0.063513,1,model,family-direct,312.0,311.0
2025,3631,Princeton Open,14,2025-04-02,2025-04-01,194,observed,443,382,513,443,574,-0.25906,0,model,family-alias,465.0,505.0
2025,3687,World Open top 6 sections,90,2025-04-03,2025-04-01,35,observed,1158,834,1608,1158,1165,-0.006027,1,model,family-direct,1195.0,1197.0
2025,3720,Niagara Falls Open,28,2025-04-04,2025-04-01,33,observed,162,143,183,162,123,0.275412,0,model,family-direct,177.0,156.0
2025,3752,Eastern Class,60,2025-04-06,2025-04-01,10,observed,211,160,277,211,195,0.078859,1,model,family-direct,203.0,208.0
2025,3631,Princeton Open,7,2025-04-09,2025-04-01,276,observed,480,405,569,480,574,-0.178843,0,model,family-alias,465.0,530.0
2025,3660,Chicago Open,42,2025-04-10,2025-04-01,220,observed,826,757,900,826,899,-0.084688,1,model,family-direct,860.0,854.0
2025,3631,Princeton Open,3,2025-04-13,2025-04-01,364,observed,472,366,610,472,574,-0.19565,1,model,family-alias,465.0,535.0
2025,3798,Cleveland Open,60,2025-04-14,2025-04-01,2,observed,173,128,234,173,199,-0.140013,1,model,family-direct,167.0,164.0
2025,3631,Princeton Open,1,2025-04-15,2025-04-01,524,observed,561,524,633,561,574,-0.022908,1,model,family-alias,465.0,575.0
2025,3720,Niagara Falls Open,14,2025-04-18,2025-04-01,40,observed,117,103,132,117,123,-0.05001,1,model,family-direct,177.0,130.0
2025,3836,Chicago Class,90,2025-04-19,2025-04-01,2,observed,257,195,338,257,294,-0.134504,1,model,family-direct,270.0,268.0
2025,3837,Pittsburgh Open,90,2025-04-19,2025-04-01,1,observed,161,119,217,161,152,0.057524,1,model,family-direct,166.0,166.0
2025,3906,New York State Open,60,2025-04-21,2025-04-01,2,observed,75,41,119,75,83,-0.101352,1,model,size-matched,76.0,75.0
2025,3660,Chicago Open,28,2025-04-24,2025-04-01,279,observed,811,737,892,811,899,-0.103015,0,model,family-direct,860.0,841.0
2025,3752,Eastern Class,42,2025-04-24,2025-04-01,19,observed,206,185,229,206,195,0.054877,1,model,family-direct,203.0,213.0
2025,3686,Philadelphia International,60,2025-04-25,2025-04-01,12,observed,140,107,185,140,126,0.105361,1,model,family-direct,143.0,133.0
2025,3720,Niagara Falls Open,7,2025-04-25,2025-04-01,59,observed,123,105,145,123,123,0.0,1,model,family-direct,177.0,126.0
2025,3834,Southern Open,90,2025-04-26,2025-04-01,4,observed,241,175,331,241,188,0.248355,1,model,family-direct,231.0,232.0
2025,3835,Bradley Open,90,2025-04-26,2025-04-01,2,observed,274,199,377,274,246,0.107797,1,model,family-direct,270.0,270.0
2025,3751,Philadelphia Open,60,2025-04-27,2025-04-01,9,observed,309,234,408,309,325,-0.050484,1,model,family-direct,312.0,307.0
2025,3720,Niagara Falls Open,3,2025-04-29,2025-04-01,78,observed,105,80,137,105,123,-0.158224,1,model,family-direct,177.0,113.0
2025,3874,World Open Under 13,60,2025-04-29,2025-04-01,1,observed,81,60,109,81,76,0.063716,1,model,family-direct,80.0,78.0
2025,3720,Niagara Falls Open,1,2025-05-01,2025-05-01,117,observed,143,126,162,143,123,0.15066,0,model,family-direct,177.0,127.0
2025,3798,Cleveland Open,42,2025-05-02,2025-05-01,11,observed,169,119,240,169,199,-0.163406,1,model,family-direct,167.0,166.0
2025,3687,World Open top 6 sections,60,2025-05-03,2025-05-01,103,observed,1149,983,1343,1149,1165,-0.013829,1,model,family-direct,1195.0,1171.0
2025,3660,Chicago Open,14,2025-05-08,2025-05-01,404,observed,786,699,885,786,899,-0.134326,0,model,family-direct,860.0,866.0
2025,3752,Eastern Class,28,2025-05-08,2025-05-01,29,observed,212,191,235,212,195,0.083587,1,model,family-direct,203.0,213.0
2025,3906,New York State Open,42,2025-05-09,2025-05-01,3,observed,72,61,83,72,83,-0.142174,1,model,size-matched,76.0,67.0
2025,3861,Pacific Coast Open,90,2025-05-10,2025-05-01,8,observed,378,267,534,378,391,-0.033813,1,model,family-direct,361.0,366.0
2025,3686,Philadelphia International,42,2025-05-13,2025-05-01,25,observed,133,120,149,133,126,0.054067,1,model,family-direct,143.0,123.0
2025,3660,Chicago Open,7,2025-05-15,2025-05-01,493,observed,792,694,903,792,899,-0.126722,1,model,family-direct,860.0,859.0
2025,3751,Philadelphia Open,42,2025-05-15,2025-05-01,38,observed,307,277,339,307,325,-0.056977,1,model,family-direct,312.0,321.0
2025,3798,Cleveland Open,28,2025-05-16,2025-05-01,18,observed,166,149,184,166,199,-0.181317,0,model,family-direct,167.0,161.0
2025,3862,Continental Open,90,2025-05-16,2025-05-01,2,observed,245,187,323,245,265,-0.078472,1,model,family-direct,244.0,244.0
2025,3874,World Open Under 13,42,2025-05-17,2025-05-01,10,observed,77,54,110,77,76,0.013072,1,model,family-direct,80.0,83.0
2025,3660,Chicago Open,3,2025-05-19,2025-05-01,590,observed,740,594,922,740,899,-0.194633,1,model,family-direct,860.0,863.0
2025,3836,Chicago Class,60,2025-05-19,2025-05-01,3,observed,256,190,346,256,294,-0.138402,1,model,family-direct,270.0,262.0
2025,3837,Pittsburgh Open,60,2025-05-19,2025-05-01,2,observed,162,121,217,162,152,0.063716,1,model,family-direct,166.0,165.0
2025,3660,Chicago Open,1,2025-05-21,2025-05-01,718,observed,801,720,892,801,899,-0.115422,0,model,family-direct,860.0,855.0
2025,3687,World Open top 6 sections,42,2025-05-21,2025-05-01,341,observed,1148,959,1374,1148,1165,-0.0147,1,model,family-direct,1195.0,1209.0
2025,3752,Eastern Class,14,2025-05-22,2025-05-01,56,observed,214,189,243,214,195,0.092976,1,model,family-direct,203.0,219.0
2025,3906,New York State Open,28,2025-05-23,2025-05-01,16,observed,76,37,113,76,83,-0.088107,1,model,size-matched,76.0,75.0
2025,3863,Atlantic Open,90,2025-05-24,2025-05-01,2,observed,283,215,372,283,238,0.173176,1,model,family-direct,272.0,271.0
2025,3903,Central California Open,90,2025-05-24,2025-05-01,4,observed,179,127,253,179,179,0.0,1,model,family-direct,169.0,173.0
2025,3904,Indianapolis Open,90,2025-05-24,2025-05-01,1,observed,167,127,219,167,187,-0.113115,1,model,family-direct,170.0,170.0
2025,3834,Southern Open,60,2025-05-26,2025-05-01,6,observed,233,177,306,233,188,0.214596,1,model,family-direct,231.0,234.0
2025,3835,Bradley Open,60,2025-05-26,2025-05-01,3,observed,273,204,364,273,246,0.10414,1,model,family-direct,270.0,267.0
2025,3686,Philadelphia International,28,2025-05-27,2025-05-01,44,observed,126,114,140,126,126,0.0,1,model,family-direct,143.0,115.0
2025,3751,Philadelphia Open,28,2025-05-29,2025-05-01,61,observed,311,276,351,311,325,-0.044032,1,model,family-direct,312.0,326.0
2025,3752,Eastern Class,7,2025-05-29,2025-05-01,74,observed,214,185,247,214,195,0.092976,1,model,family-direct,203.0,221.0
2025,3798,Cleveland Open,14,2025-05-30,2025-05-01,41,observed,171,151,195,171,199,-0.151641,0,model,family-direct,167.0,163.0
2025,3864,New York State Championship,90,2025-05-31,2025-05-01,7,observed,324,225,467,324,348,-0.071459,1,model,family-direct,326.0,330.0
2025,3874,World Open Under 13,28,2025-05-31,2025-05-01,15,observed,73,66,81,73,76,-0.040274,1,model,family-direct,80.0,80.0
2025,3752,Eastern Class,3,2025-06-02,2025-06-01,107,observed,206,169,250,206,195,0.054877,1,model,family-direct,203.0,223.0
2025,3687,World Open top 6 sections,28,2025-06-04,2025-06-01,423,observed,1141,935,1391,1141,1165,-0.020816,1,model,family-direct,1195.0,1212.0
2025,3752,Eastern Class,1,2025-06-04,2025-06-01,142,observed,214,190,241,214,195,0.092976,1,model,family-direct,203.0,220.0
2025,3798,Cleveland Open,7,2025-06-06,2025-06-01,62,observed,173,152,196,173,199,-0.140013,0,model,family-direct,167.0,168.0
2025,3836,Chicago Class,42,2025-06-06,2025-06-01,13,observed,255,178,364,255,294,-0.142316,1,model,family-direct,270.0,263.0
2025,3837,Pittsburgh Open,42,2025-06-06,2025-06-01,9,observed,161,113,230,161,152,0.057524,1,model,family-direct,166.0,166.0
2025,3906,New York State Open,14,2025-06-06,2025-06-01,28,observed,81,64,98,81,83,-0.024391,1,model,size-matched,76.0,73.0
2025,3861,Pacific Coast Open,60,2025-06-09,2025-06-01,23,observed,374,284,492,374,391,-0.044452,1,model,family-direct,361.0,370.0
2025,3686,Philadelphia International,14,2025-06-10,2025-06-01,66,observed,119,108,131,119,126,-0.057158,1,model,family-direct,143.0,126.0
2025,3798,Cleveland Open,3,2025-06-10,2025-06-01,105,observed,178,147,214,178,199,-0.111521,1,model,family-direct,167.0,178.0
2025,3751,Philadelphia Open,14,2025-06-12,2025-06-01,95,observed,298,266,332,298,325,-0.086732,1,model,family-direct,312.0,315.0
2025,3798,Cleveland Open,1,2025-06-12,2025-06-01,168,observed,186,168,208,186,199,-0.067558,1,model,family-direct,167.0,192.0
2025,3834,Southern Open,42,2025-06-13,2025-06-01,15,observed,227,191,271,227,188,0.188508,0,model,family-direct,231.0,239.0
2025,3835,Bradley Open,42,2025-06-13,2025-06-01,11,observed,270,189,386,270,246,0.09309,1,model,family-direct,270.0,268.0
2025,3906,New York State Open,7,2025-06-13,2025-06-01,37,observed,73,37,119,73,83,-0.128381,1,model,size-matched,76.0,70.0
2025,3874,World Open Under 13,14,2025-06-14,2025-06-01,22,observed,66,60,72,66,76,-0.141079,0,model,family-direct,80.0,73.0
2025,3862,Continental Open,60,2025-06-15,2025-06-01,11,observed,249,181,344,249,265,-0.062277,1,model,family-direct,244.0,253.0
2025,3686,Philadelphia International,7,2025-06-17,2025-06-01,82,observed,130,115,147,130,126,0.031253,1,model,family-direct,143.0,130.0
2025,3906,New York State Open,3,2025-06-17,2025-06-01,54,observed,86,61,111,86,83,0.035507,1,model,size-matched,76.0,71.0
2025,3687,World Open top 6 sections,14,2025-06-18,2025-06-01,594,observed,1146,942,1393,1146,1165,-0.016443,1,model,family-direct,1195.0,1228.0
2025,3751,Philadelphia Open,7,2025-06-19,2025-06-01,125,observed,298,258,345,298,325,-0.086732,1,model,family-direct,312.0,299.0
2025,3906,New York State Open,1,2025-06-19,2025-06-01,74,observed,84,79,90,84,83,0.011976,1,model,size-matched,76.0,79.0
2025,3836,Chicago Class,28,2025-06-20,2025-06-01,26,observed,244,221,270,244,294,-0.186412,0,model,family-direct,270.0,258.0
2025,3837,Pittsburgh Open,28,2025-06-20,2025-06-01,14,observed,155,137,176,155,152,0.019545,1,model,family-direct,166.0,161.0
2025,3686,Philadelphia International,3,2025-06-21,2025-06-01,91,observed,117,98,141,117,126,-0.074108,1,model,family-direct,143.0,130.0
2025,3874,World Open Under 13,7,2025-06-21,2025-06-01,35,observed,71,63,80,71,76,-0.068053,1,model,family-direct,80.0,76.0
2025,3686,Philadelphia International,1,2025-06-23,2025-06-01,105,observed,130,115,145,130,126,0.031253,1,model,family-direct,143.0,132.0
2025,3751,Philadelphia Open,3,2025-06-23,2025-06-01,174,observed,291,237,359,291,325,-0.110502,1,model,family-direct,312.0,297.0
2025,3863,Atlantic Open,60,2025-06-23,2025-06-01,9,observed,280,211,372,280,238,0.162519,1,model,family-direct,272.0,277.0
2025,3903,Central California Open,60,2025-06-23,2025-06-01,9,observed,173,124,241,173,179,-0.034094,1,model,family-direct,169.0,177.0
2025,3904,Indianapolis Open,60,2025-06-23,2025-06-01,2,observed,166,126,219,166,187,-0.119121,1,model,family-direct,170.0,169.0
2025,3687,World Open top 6 sections,7,2025-06-25,2025-06-01,743,observed,1161,905,1489,1161,1165,-0.003439,1,model,family-direct,1195.0,1235.0
2025,3751,Philadelphia Open,1,2025-06-25,2025-06-01,254,observed,318,284,355,318,325,-0.021774,1,model,family-direct,312.0,331.0
2025,3874,World Open Under 13,3,2025-06-25,2025-06-01,50,observed,77,64,93,77,76,0.013072,1,model,family-direct,80.0,81.0
2025,3834,Southern Open,28,2025-06-27,2025-06-01,29,observed,224,197,255,224,188,0.175204,0,model,family-direct,231.0,238.0
2025,3835,Bradley Open,28,2025-06-27,2025-06-01,20,observed,262,230,299,262,246,0.063013,1,model,family-direct,270.0,273.0
2025,3861,Pacific Coast Open,42,2025-06-27,2025-06-01,40,observed,371,339,407,371,391,-0.052505,1,model,family-direct,361.0,374.0
2025,3874,World Open Under 13,1,2025-06-27,2025-06-01,54,observed,76,68,86,76,76,0.0,1,model,family-direct,80.0,78.0
2025,3687,World Open top 6 sections,3,2025-06-29,2025-06-01,984,observed,1071,984,1525,1071,1165,-0.084128,1,model,family-direct,1195.0,1238.0
2025,3864,New York State Championship,60,2025-06-30,2025-06-01,13,observed,315,206,482,315,348,-0.09963,1,model,family-direct,326.0,334.0
2025,3687,World Open top 6 sections,1,2025-07-01,2025-07-01,1037,observed,1084,1037,1379,1084,1165,-0.072063,1,model,family-direct,1195.0,1194.0
2025,3862,Continental Open,42,2025-07-03,2025-07-01,18,observed,251,208,304,251,265,-0.054277,1,model,family-direct,244.0,258.0
2025,3836,Chicago Class,14,2025-07-04,2025-07-01,65,observed,258,230,289,258,294,-0.13062,0,model,family-direct,270.0,261.0
2025,3837,Pittsburgh Open,14,2025-07-04,2025-07-01,33,observed,153,137,171,153,152,0.006557,1,model,family-direct,166.0,161.0
2025,3834,Southern Open,14,2025-07-11,2025-07-01,52,observed,215,189,244,215,188,0.134196,0,model,family-direct,231.0,232.0
2025,3835,Bradley Open,14,2025-07-11,2025-07-01,51,observed,254,227,283,254,246,0.032003,1,model,family-direct,270.0,266.0
2025,3836,Chicago Class,7,2025-07-11,2025-07-01,117,observed,268,234,308,268,294,-0.092593,1,model,family-direct,270.0,287.0
2025,3837,Pittsburgh Open,7,2025-07-11,2025-07-01,56,observed,150,130,174,150,152,-0.013245,1,model,family-direct,166.0,165.0
2025,3861,Pacific Coast Open,28,2025-07-11,2025-07-01,67,observed,375,337,418,375,391,-0.041782,1,model,family-direct,361.0,375.0
2025,3863,Atlantic Open,42,2025-07-11,2025-07-01,15,observed,269,237,305,269,238,0.122441,1,model,family-direct,272.0,278.0
2025,3903,Central California Open,42,2025-07-11,2025-07-01,13,observed,169,118,241,169,179,-0.057487,1,model,family-direct,169.0,175.0
2025,3904,Indianapolis Open,42,2025-07-11,2025-07-01,7,observed,167,117,238,167,187,-0.113115,1,model,family-direct,170.0,172.0
2025,3973,Midwest Class Championships,90,2025-07-12,2025-07-01,5,observed,308,218,435,308,306,0.006515,1,model,family-direct,303.0,305.0
2025,3974,Hartford Open,90,2025-07-12,2025-07-01,2,observed,203,154,267,203,189,0.071459,1,model,family-direct,199.0,199.0
2025,3836,Chicago Class,3,2025-07-15,2025-07-01,179,observed,278,234,329,278,294,-0.055959,1,model,family-direct,270.0,298.0
2025,3837,Pittsburgh Open,3,2025-07-15,2025-07-01,88,observed,151,128,179,151,152,-0.006601,1,model,family-direct,166.0,164.0
2025,3836,Chicago Class,1,2025-07-17,2025-07-01,250,observed,262,250,296,262,294,-0.115235,1,model,family-direct,270.0,288.0
2025,3837,Pittsburgh Open,1,2025-07-17,2025-07-01,140,observed,152,140,172,152,152,0.0,1,model,family-direct,166.0,159.0
2025,3862,Continental Open,28,2025-07-17,2025-07-01,28,observed,258,228,291,258,265,-0.02677,1,model,family-direct,244.0,256.0
2025,3834,Southern Open,7,2025-07-18,2025-07-01,87,observed,205,176,238,205,188,0.086568,1,model,family-direct,231.0,230.0
2025,3835,Bradley Open,7,2025-07-18,2025-07-01,85,observed,265,232,302,265,246,0.074398,1,model,family-direct,270.0,271.0
2025,3864,New York State Championship,42,2025-07-18,2025-07-01,30,observed,334,301,371,334,348,-0.041061,1,model,family-direct,326.0,338.0
2025,3834,Southern Open,3,2025-07-22,2025-07-01,108,observed,166,139,199,166,188,-0.124454,1,model,family-direct,231.0,203.0
2025,3835,Bradley Open,3,2025-07-22,2025-07-01,128,observed,229,196,268,229,246,-0.07161,1,model,family-direct,270.0,253.0
2025,3834,Southern Open,1,2025-07-24,2025-07-01,161,observed,183,161,209,183,188,-0.026956,1,model,family-direct,231.0,186.0
2025,3835,Bradley Open,1,2025-07-24,2025-07-01,218,observed,242,218,274,242,246,-0.016394,1,model,family-direct,270.0,248.0
2025,3861,Pacific Coast Open,14,2025-07-25,2025-07-01,132,observed,394,347,446,394,391,0.007643,1,model,family-direct,361.0,416.0
2025,3863,Atlantic Open,28,2025-07-25,2025-07-01,27,observed,262,232,297,262,238,0.096074,1,model,family-direct,272.0,276.0
2025,3903,Central California Open,28,2025-07-25,2025-07-01,19,observed,166,144,191,166,179,-0.075398,1,model,family-direct,169.0,175.0
2025,3904,Indianapolis Open,28,2025-07-25,2025-07-01,19,observed,167,147,191,167,187,-0.113115,1,model,family-direct,170.0,175.0
2025,4006,Eastern Chess Congress,90,2025-07-26,2025-07-01,7,observed,505,357,714,505,487,0.036294,1,model,family-direct,490.0,492.0
2025,3862,Continental Open,14,2025-07-31,2025-07-01,59,observed,266,238,297,266,265,0.003766,1,model,family-direct,244.0,262.0
2025,3861,Pacific Coast Open,7,2025-08-01,2025-08-01,191,observed,396,343,457,396,391,0.012707,1,model,family-direct,361.0,406.0
2025,3864,New York State Championship,28,2025-08-01,2025-08-01,51,observed,334,299,374,334,348,-0.041061,1,model,family-direct,326.0,341.0
2025,3861,Pacific Coast Open,3,2025-08-05,2025-08-01,290,observed,396,342,458,396,391,0.012707,1,model,family-direct,361.0,415.0
2025,3861,Pacific Coast Open,1,2025-08-07,2025-08-01,356,observed,374,356,423,374,391,-0.044452,1,model,family-direct,361.0,388.0
2025,3862,Continental Open,7,2025-08-07,2025-08-01,96,observed,271,235,313,271,265,0.022389,1,model,family-direct,244.0,268.0
2025,3863,Atlantic Open,14,2025-08-08,2025-08-01,74,observed,279,250,311,279,238,0.158941,0,model,family-direct,272.0,276.0
2025,3903,Central California Open,14,2025-08-08,2025-08-01,44,observed,171,153,191,171,179,-0.045722,1,model,family-direct,169.0,176.0
2025,3904,Indianapolis Open,14,2025-08-08,2025-08-01,41,observed,169,152,188,169,187,-0.10121,1,model,family-direct,170.0,168.0
2025,4007,Los Angeles Open,90,2025-08-09,2025-08-01,6,observed,428,318,576,428,397,0.075187,1,model,family-direct,412.0,415.0
2025,3862,Continental Open,3,2025-08-11,2025-08-01,172,observed,323,276,377,323,265,0.197922,0,model,family-direct,244.0,301.0
2025,3973,Midwest Class Championships,60,2025-08-11,2025-08-01,6,observed,293,223,386,293,306,-0.043412,1,model,family-direct,303.0,300.0
2025,3974,Hartford Open,60,2025-08-11,2025-08-01,5,observed,203,148,279,203,189,0.071459,1,model,family-direct,199.0,199.0
2025,3862,Continental Open,1,2025-08-13,2025-08-01,243,observed,277,243,316,277,265,0.044288,1,model,family-direct,244.0,286.0
2025,3863,Atlantic Open,7,2025-08-15,2025-08-01,106,observed,259,225,298,259,238,0.084557,1,model,family-direct,272.0,266.0
2025,3864,New York State Championship,14,2025-08-15,2025-08-01,105,observed,328,292,369,328,348,-0.059189,1,model,family-direct,326.0,359.0
2025,3903,Central California Open,7,2025-08-15,2025-08-01,88,observed,184,160,211,184,179,0.02755,1,model,family-direct,169.0,179.0
2025,3904,Indianapolis Open,7,2025-08-15,2025-08-01,71,observed,181,157,208,181,187,-0.032612,1,model,family-direct,170.0,174.0
2025,4008,Kings Island Open,90,2025-08-16,2025-08-01,3,observed,347,255,474,347,356,-0.025606,1,model,family-direct,350.0,350.0
2025,3863,Atlantic Open,3,2025-08-19,2025-08-01,168,observed,268,229,314,268,238,0.118716,1,model,family-direct,272.0,276.0
2025,3903,Central California Open,3,2025-08-19,2025-08-01,156,observed,212,183,246,212,179,0.1692,0,model,family-direct,169.0,208.0
2025,3904,Indianapolis Open,3,2025-08-19,2025-08-01,126,observed,192,165,224,192,187,0.026387,1,model,family-direct,170.0,187.0
2025,3863,Atlantic Open,1,2025-08-21,2025-08-01,205,observed,241,210,277,241,238,0.012526,1,model,family-direct,272.0,229.0
2025,3903,Central California Open,1,2025-08-21,2025-08-01,170,observed,179,170,204,179,179,0.0,1,model,family-direct,169.0,178.0
2025,3904,Indianapolis Open,1,2025-08-21,2025-08-01,175,observed,183,175,207,183,187,-0.021622,1,model,family-direct,170.0,190.0
2025,3864,New York State Championship,7,2025-08-22,2025-08-01,152,observed,333,289,384,333,348,-0.04406,1,model,family-direct,326.0,355.0
2025,4006,Eastern Chess Congress,60,2025-08-25,2025-08-01,22,observed,505,360,708,505,487,0.036294,1,model,family-direct,490.0,502.0
2025,3864,New York State Championship,3,2025-08-26,2025-08-01,224,observed,325,279,379,325,348,-0.068377,1,model,family-direct,326.0,361.0
2025,3864,New York State Championship,1,2025-08-28,2025-08-01,301,observed,309,301,350,309,348,-0.118861,1,model,family-direct,326.0,332.0
2025,3973,Midwest Class Championships,42,2025-08-29,2025-08-01,11,observed,287,212,390,287,306,-0.064103,1,model,family-direct,303.0,296.0
2025,3974,Hartford Open,42,2025-08-29,2025-08-01,8,observed,198,146,269,198,189,0.04652,1,model,family-direct,199.0,196.0
2025,4020,National Chess Congress,90,2025-08-30,2025-08-01,9,observed,602,442,821,602,705,-0.15794,1,model,family-direct,621.0,623.0
2025,4007,Los Angeles Open,60,2025-09-08,2025-09-01,24,observed,421,320,554,421,397,0.058697,1,model,family-direct,412.0,423.0
2025,3973,Midwest Class Championships,28,2025-09-12,2025-09-01,40,observed,293,261,329,293,306,-0.043412,1,model,family-direct,303.0,296.0
2025,3974,Hartford Open,28,2025-09-12,2025-09-01,18,observed,199,179,222,199,189,0.051558,1,model,family-direct,199.0,201.0
2025,4006,Eastern Chess Congress,42,2025-09-12,2025-09-01,53,observed,512,467,561,512,487,0.050061,1,model,family-direct,490.0,514.0
2025,4008,Kings Island Open,60,2025-09-15,2025-09-01,14,observed,348,264,458,348,356,-0.022728,1,model,family-direct,350.0,349.0
2025,3973,Midwest Class Championships,14,2025-09-26,2025-09-01,82,observed,294,262,331,294,306,-0.040005,1,model,family-direct,303.0,303.0
2025,3974,Hartford Open,14,2025-09-26,2025-09-01,38,observed,193,172,217,193,189,0.020943,1,model,family-direct,199.0,199.0
2025,4006,Eastern Chess Congress,28,2025-09-26,2025-09-01,93,observed,535,481,596,535,487,0.094003,1,model,family-direct,490.0,522.0
2025,4007,Los Angeles Open,42,2025-09-26,2025-09-01,55,observed,422,382,467,422,397,0.061069,1,model,family-direct,412.0,420.0
2025,4021,Eastern Open,90,2025-09-26,2025-09-01,9,observed,371,263,524,371,389,-0.047377,1,model,family-direct,391.0,388.0
2025,4022,North American Open,90,2025-09-27,2025-09-01,324,observed,1076,928,1247,1076,1256,-0.154682,0,model,family-direct,1102.0,1185.0
2025,4020,National Chess Congress,60,2025-09-29,2025-09-01,29,observed,598,454,787,598,705,-0.164607,1,model,family-direct,621.0,614.0
2025,3973,Midwest Class Championships,7,2025-10-03,2025-10-01,128,observed,308,268,354,308,306,0.006515,1,model,family-direct,303.0,314.0
2025,3974,Hartford Open,7,2025-10-03,2025-10-01,64,observed,197,171,227,197,189,0.041457,1,model,family-direct,199.0,203.0
2025,4008,Kings Island Open,42,2025-10-03,2025-10-01,26,observed,351,319,386,351,356,-0.014145,1,model,family-direct,350.0,351.0
2026,4029,Boston Chess Congress,90,2025-10-03,2025-10-01,3,observed,375,274,512,375,359,0.043604,1,model,family-direct,383.0,383.0
2025,3973,Midwest Class Championships,3,2025-10-07,2025-10-01,201,observed,316,260,385,316,306,0.032157,1,model,family-direct,303.0,339.0
2025,3974,Hartford Open,3,2025-10-07,2025-10-01,111,observed,197,162,240,197,189,0.041457,1,model,family-direct,199.0,212.0
2025,3973,Midwest Class Championships,1,2025-10-09,2025-10-01,250,observed,283,250,322,283,306,-0.078138,1,model,family-direct,303.0,295.0
2025,3974,Hartford Open,1,2025-10-09,2025-10-01,160,observed,182,160,207,182,189,-0.03774,1,model,family-direct,199.0,190.0
2025,4006,Eastern Chess Congress,14,2025-10-10,2025-10-01,140,observed,484,430,544,484,487,-0.006179,1,model,family-direct,490.0,469.0
2025,4007,Los Angeles Open,28,2025-10-10,2025-10-01,91,observed,416,374,462,416,397,0.046749,1,model,family-direct,412.0,408.0
2025,4006,Eastern Chess Congress,7,2025-10-17,2025-10-01,219,observed,495,427,574,495,487,0.016294,1,model,family-direct,490.0,473.0
2025,4008,Kings Island Open,28,2025-10-17,2025-10-01,45,observed,346,307,389,346,356,-0.028492,1,model,family-direct,350.0,341.0
2025,4020,National Chess Congress,42,2025-10-17,2025-10-01,50,observed,598,537,665,598,705,-0.164607,0,model,family-direct,621.0,606.0
2026,4088,Liberty Bell Open,90,2025-10-18,2025-10-01,3,observed,542,399,737,542,564,-0.039788,1,model,family-direct,530.0,530.0
2026,4090,Golden State Open,90,2025-10-18,2025-10-01,3,observed,372,243,570,372,387,-0.039531,1,model,family-direct,377.0,379.0
2025,4006,Eastern Chess Congress,3,2025-10-21,2025-10-01,359,observed,483,397,588,483,487,-0.008247,1,model,family-direct,490.0,529.0
2025,4006,Eastern Chess Congress,1,2025-10-23,2025-10-01,439,observed,466,439,527,466,487,-0.044078,1,model,family-direct,490.0,479.0
2025,4007,Los Angeles Open,14,2025-10-24,2025-10-01,161,observed,409,367,457,409,397,0.029779,1,model,family-direct,412.0,403.0
2025,4021,Eastern Open,60,2025-10-26,2025-10-01,15,observed,372,283,490,372,389,-0.044685,1,model,family-direct,391.0,388.0
2025,4022,North American Open,60,2025-10-27,2025-10-01,398,observed,1076,970,1194,1076,1256,-0.154682,0,model,family-direct,1102.0,1176.0
2025,4007,Los Angeles Open,7,2025-10-31,2025-10-01,210,observed,401,350,461,401,397,0.010025,1,model,family-direct,412.0,397.0
2025,4008,Kings Island Open,14,2025-10-31,2025-10-01,84,observed,335,297,378,335,356,-0.0608,1,model,family-direct,350.0,326.0
2025,4020,National Chess Congress,28,2025-10-31,2025-10-01,107,observed,620,552,696,620,705,-0.128478,0,model,family-direct,621.0,619.0
2026,4029,Boston Chess Congress,60,2025-11-02,2025-11-01,14,observed,376,285,494,376,359,0.046267,1,model,family-direct,383.0,385.0
2025,4007,Los Angeles Open,3,2025-11-04,2025-11-01,320,observed,409,341,489,409,397,0.029779,1,model,family-direct,412.0,446.0
2025,4007,Los Angeles Open,1,2025-11-06,2025-11-01,356,observed,380,356,427,380,397,-0.043765,1,model,family-direct,412.0,389.0
2025,4008,Kings Island Open,7,2025-11-07,2025-11-01,130,observed,324,279,377,324,356,-0.094187,1,model,family-direct,350.0,318.0
2025,4008,Kings Island Open,3,2025-11-11,2025-11-01,236,observed,374,308,455,374,356,0.049325,1,model,family-direct,350.0,368.0
2025,4008,Kings Island Open,1,2025-11-13,2025-11-01,304,observed,346,305,392,346,356,-0.028492,1,model,family-direct,350.0,361.0
2025,4021,Eastern Open,42,2025-11-13,2025-11-01,22,observed,368,333,407,368,389,-0.055496,1,model,family-direct,391.0,381.0
2026,4147,Southwest Class Championships,90,2025-11-13,2025-11-01,17,observed,492,321,753,492,492,0.0,1,model,family-direct,488.0,495.0
2025,4020,National Chess Congress,14,2025-11-14,2025-11-01,230,observed,639,569,718,639,705,-0.098293,1,model,family-direct,621.0,651.0
2025,4022,North American Open,42,2025-11-14,2025-11-01,468,observed,1071,980,1170,1071,1256,-0.159339,0,model,family-direct,1102.0,1154.0
2026,4088,Liberty Bell Open,60,2025-11-17,2025-11-01,9,observed,539,410,709,539,564,-0.045339,1,model,family-direct,530.0,525.0
2026,4090,Golden State Open,60,2025-11-17,2025-11-01,7,observed,365,277,480,365,387,-0.058527,1,model,family-direct,377.0,380.0
2026,4029,Boston Chess Congress,42,2025-11-20,2025-11-01,20,observed,368,335,403,368,359,0.024761,1,model,family-direct,383.0,384.0
2025,4020,National Chess Congress,7,2025-11-21,2025-11-01,337,observed,660,570,764,660,705,-0.065958,1,model,family-direct,621.0,655.0
2025,4020,National Chess Congress,3,2025-11-25,2025-11-01,543,observed,701,584,842,701,705,-0.00569,1,model,family-direct,621.0,734.0
2025,4020,National Chess Congress,1,2025-11-27,2025-11-01,662,observed,662,662,730,662,705,-0.062932,1,model,family-direct,621.0,699.0
2025,4021,Eastern Open,28,2025-11-27,2025-11-01,43,observed,371,328,419,371,389,-0.047377,1,model,family-direct,391.0,391.0
2026,4181,New York State High School Championship,90,2025-11-27,2025-11-01,2,observed,214,213,215,214,198,0.077709,0,model,size-matched,219.0,216.0
2025,4022,North American Open,28,2025-11-28,2025-11-01,574,observed,1086,972,1213,1086,1256,-0.145431,0,model,family-direct,1102.0,1166.0
2026,4142,George Washington Open,90,2025-11-28,2025-11-01,3,observed,253,178,360,253,209,0.191055,1,model,family-direct,250.0,249.0
2026,4029,Boston Chess Congress,28,2025-12-04,2025-12-01,42,observed,356,325,391,356,359,-0.008392,1,model,family-direct,383.0,385.0
2026,4183,New York State Scholastic Championships Grades K-8,90,2025-12-04,2025-12-01,144,observed,1727,1668,1784,1727,1753,-0.014943,1,model,size-matched,1767.0,1738.0
2026,4088,Liberty Bell Open,42,2025-12-05,2025-12-01,27,observed,544,484,611,544,564,-0.036105,1,model,family-direct,530.0,527.0
2026,4090,Golden State Open,42,2025-12-05,2025-12-01,21,observed,367,328,410,367,387,-0.053063,1,model,family-direct,377.0,380.0
2025,4021,Eastern Open,14,2025-12-11,2025-12-01,88,observed,355,317,396,355,389,-0.091462,1,model,family-direct,391.0,384.0
2025,4022,North American Open,14,2025-12-12,2025-12-01,766,observed,1083,976,1202,1083,1256,-0.148197,0,model,family-direct,1102.0,1198.0
2026,4147,Southwest Class Championships,60,2025-12-13,2025-12-01,33,observed,488,446,533,488,492,-0.008163,1,model,family-direct,488.0,483.0
2025,4021,Eastern Open,7,2025-12-18,2025-12-01,151,observed,362,316,414,362,389,-0.071935,1,model,family-direct,391.0,390.0
2026,4029,Boston Chess Congress,14,2025-12-18,2025-12-01,80,observed,342,311,376,342,359,-0.048512,1,model,family-direct,383.0,394.0
2025,4022,North American Open,7,2025-12-19,2025-12-01,886,observed,1091,961,1238,1091,1256,-0.140837,0,model,family-direct,1102.0,1176.0
2026,4088,Liberty Bell Open,28,2025-12-19,2025-12-01,53,observed,523,476,573,523,564,-0.075473,1,model,family-direct,530.0,522.0
2026,4090,Golden State Open,28,2025-12-19,2025-12-01,40,observed,365,328,406,365,387,-0.058527,1,model,family-direct,377.0,378.0
2025,4021,Eastern Open,3,2025-12-22,2025-12-01,227,observed,315,259,382,315,389,-0.211007,0,model,family-direct,391.0,354.0
2025,4022,North American Open,3,2025-12-23,2025-12-01,1088,observed,1088,1088,1280,1088,1256,-0.143591,1,model,family-direct,1102.0,1233.0
2025,4021,Eastern Open,1,2025-12-24,2025-12-01,346,observed,356,346,398,356,389,-0.088649,1,model,family-direct,391.0,385.0
2025,4022,North American Open,1,2025-12-25,2025-12-01,1193,observed,1193,1193,1276,1193,1256,-0.051461,1,model,family-direct,1102.0,1247.0
2026,4029,Boston Chess Congress,7,2025-12-25,2025-12-01,140,observed,386,350,426,386,359,0.072515,1,model,family-direct,383.0,404.0
2026,4181,New York State High School Championship,60,2025-12-27,2025-12-01,11,observed,215,210,219,215,198,0.082371,0,model,size-matched,219.0,209.0
2026,4182,New York State Senior Championship With Young Adult Mi,60,2025-12-27,2025-12-01,4,observed,56,36,71,56,61,-0.085522,1,model,size-matched,57.0,61.0
2026,4142,George Washington Open,60,2025-12-28,2025-12-01,6,observed,241,183,317,241,209,0.142463,1,model,family-direct,250.0,249.0
2026,4029,Boston Chess Congress,3,2025-12-29,2025-12-01,193,observed,350,304,402,350,359,-0.025389,1,model,family-direct,383.0,387.0
2026,4029,Boston Chess Congress,1,2025-12-31,2025-12-01,297,observed,380,351,411,380,359,0.056849,1,model,family-direct,383.0,410.0
2026,4147,Southwest Class Championships,42,2025-12-31,2025-12-01,66,observed,488,442,538,488,492,-0.008163,1,model,family-direct,488.0,481.0
2026,4178,Atlantic City Open,90,2026-01-01,2026-01-01,6,observed,476,404,560,476,424,0.115684,1,model,family-alias,574.0,573.0
2026,4088,Liberty Bell Open,14,2026-01-02,2026-01-01,177,observed,605,557,657,605,564,0.070174,1,model,family-direct,530.0,572.0
2026,4090,Golden State Open,14,2026-01-02,2026-01-01,86,observed,347,316,380,347,387,-0.1091,0,model,family-direct,377.0,364.0
2026,4183,New York State Scholastic Championships Grades K-8,60,2026-01-03,2026-01-01,295,observed,1717,1609,1818,1717,1753,-0.02075,1,model,size-matched,1767.0,1648.0
2026,4179,Western Class Championships,60,2026-01-04,2026-01-01,9,observed,388,291,517,388,318,0.198954,1,model,family-direct,389.0,381.0
2026,4088,Liberty Bell Open,7,2026-01-09,2026-01-01,326,observed,745,679,817,745,564,0.27833,0,model,family-direct,530.0,635.0
2026,4090,Golden State Open,7,2026-01-09,2026-01-01,166,observed,392,354,435,392,387,0.012837,1,model,family-direct,377.0,368.0
2026,4289,Southern Class,60,2026-01-11,2026-01-01,4,observed,180,137,237,180,195,-0.080043,1,model,family-direct,170.0,168.0
2026,4088,Liberty Bell Open,3,2026-01-13,2026-01-01,429,observed,698,622,782,698,564,0.213165,0,model,family-direct,530.0,636.0
2026,4090,Golden State Open,3,2026-01-13,2026-01-01,289,observed,430,387,477,430,387,0.105361,1,model,family-direct,377.0,423.0
2026,4147,Southwest Class Championships,28,2026-01-14,2026-01-01,112,observed,489,451,531,489,492,-0.006116,1,model,family-direct,488.0,471.0
2026,4181,New York State High School Championship,42,2026-01-14,2026-01-01,27,observed,207,172,236,207,198,0.044452,1,model,size-matched,219.0,164.0
2026,4182,New York State Senior Championship With Young Adult Mi,42,2026-01-14,2026-01-01,7,observed,55,46,63,55,61,-0.103541,1,model,size-matched,57.0,61.0
2026,4088,Liberty Bell Open,1,2026-01-15,2026-01-01,497,observed,551,518,584,551,564,-0.023319,1,model,family-direct,530.0,562.0
2026,4090,Golden State Open,1,2026-01-15,2026-01-01,343,observed,378,355,401,378,387,-0.02353,1,model,family-direct,377.0,399.0
2026,4142,George Washington Open,42,2026-01-15,2026-01-01,22,observed,240,216,267,240,209,0.138305,0,model,family-direct,250.0,252.0
2026,4183,New York State Scholastic Championships Grades K-8,42,2026-01-21,2026-01-01,755,observed,1725,1437,1971,1725,1753,-0.016102,1,model,size-matched,1767.0,1688.0
2026,4179,Western Class Championships,42,2026-01-22,2026-01-01,26,observed,387,323,464,387,318,0.196373,0,model,family-direct,389.0,370.0
2026,4147,Southwest Class Championships,14,2026-01-28,2026-01-01,236,observed,490,450,533,490,492,-0.004073,1,model,family-direct,488.0,490.0
2026,4181,New York State High School Championship,28,2026-01-28,2026-01-01,76,observed,195,151,236,195,198,-0.015267,1,model,size-matched,219.0,138.0
2026,4182,New York State Senior Championship With Young Adult Mi,28,2026-01-28,2026-01-01,14,observed,55,49,60,55,61,-0.103541,0,model,size-matched,57.0,60.0
2026,4142,George Washington Open,28,2026-01-29,2026-01-01,33,observed,233,209,261,233,209,0.108704,1,model,family-direct,250.0,249.0
2026,4289,Southern Class,42,2026-01-29,2026-01-01,8,observed,178,135,234,178,195,-0.091216,1,model,family-direct,170.0,163.0
2026,4178,Atlantic City Open,60,2026-01-31,2026-01-01,24,observed,446,407,489,446,424,0.050585,1,model,family-alias,574.0,564.0
2026,4147,Southwest Class Championships,7,2026-02-04,2026-02-01,319,observed,515,469,564,515,492,0.045688,1,model,family-direct,488.0,483.0
2026,4183,New York State Scholastic Championships Grades K-8,28,2026-02-04,2026-02-01,1288,observed,1742,1345,2105,1742,1753,-0.006295,1,model,size-matched,1767.0,1498.0
2026,4179,Western Class Championships,28,2026-02-05,2026-02-01,60,observed,382,316,463,382,318,0.183369,1,model,family-direct,389.0,364.0
2026,4147,Southwest Class Championships,3,2026-02-08,2026-02-01,395,observed,491,436,553,491,492,-0.002035,1,model,family-direct,488.0,494.0
2026,4147,Southwest Class Championships,1,2026-02-10,2026-02-01,442,observed,486,457,516,486,492,-0.01227,1,model,family-direct,488.0,496.0
2026,4181,New York State High School Championship,14,2026-02-11,2026-02-01,147,observed,201,147,258,201,198,0.015038,1,model,size-matched,219.0,177.0
2026,4182,New York State Senior Championship With Young Adult Mi,14,2026-02-11,2026-02-01,23,observed,64,49,80,64,61,0.048009,1,model,size-matched,57.0,61.0
2026,4142,George Washington Open,14,2026-02-12,2026-02-01,56,observed,209,187,234,209,209,0.0,1,model,family-direct,250.0,233.0
2026,4289,Southern Class,28,2026-02-12,2026-02-01,27,observed,183,170,196,183,195,-0.063513,1,model,family-direct,170.0,166.0
2026,4178,Atlantic City Open,42,2026-02-18,2026-02-01,38,observed,421,362,490,421,424,-0.007101,1,model,family-alias,574.0,552.0
2026,4181,New York State High School Championship,7,2026-02-18,2026-02-01,175,observed,206,175,290,206,198,0.039609,1,model,size-matched,219.0,198.0
2026,4182,New York State Senior Championship With Young Adult Mi,7,2026-02-18,2026-02-01,30,observed,58,30,98,58,61,-0.050431,1,model,size-matched,57.0,64.0
2026,4183,New York State Scholastic Championships Grades K-8,14,2026-02-18,2026-02-01,1630,observed,1791,1630,2301,1791,1753,0.021446,1,model,size-matched,1767.0,1733.0
2026,4142,George Washington Open,7,2026-02-19,2026-02-01,85,observed,208,183,237,208,209,-0.004796,1,model,family-direct,250.0,236.0
2026,4179,Western Class Championships,14,2026-02-19,2026-02-01,94,observed,365,297,448,365,318,0.137846,1,model,family-direct,389.0,349.0
2026,4244,Chicago Open,90,2026-02-20,2026-02-01,38,observed,900,818,990,900,917,-0.018713,1,model,family-direct,899.0,910.0
2026,4181,New York State High School Championship,3,2026-02-22,2026-02-01,185,observed,269,234,304,269,198,0.306444,0,model,size-matched,219.0,199.0
2026,4182,New York State Senior Championship With Young Adult Mi,3,2026-02-22,2026-02-01,42,observed,70,46,95,70,61,0.137621,1,model,size-matched,57.0,61.0
2026,4142,George Washington Open,3,2026-02-23,2026-02-01,128,observed,234,193,283,234,209,0.112987,1,model,family-direct,250.0,253.0
2026,4181,New York State High School Championship,1,2026-02-24,2026-02-01,193,observed,223,209,236,223,198,0.118905,0,model,size-matched,219.0,197.0
2026,4182,New York State Senior Championship With Young Adult Mi,1,2026-02-24,2026-02-01,52,observed,70,56,83,70,61,0.137621,1,model,size-matched,57.0,67.0
2026,4142,George Washington Open,1,2026-02-25,2026-02-01,172,observed,249,224,276,249,209,0.175119,0,model,family-direct,250.0,251.0
2026,4183,New York State Scholastic Championships Grades K-8,7,2026-02-25,2026-02-01,1695,observed,1860,1695,2610,1860,1753,0.059248,1,model,size-matched,1767.0,1796.0
2026,4179,Western Class Championships,7,2026-02-26,2026-02-01,135,observed,334,260,428,334,318,0.04909,1,model,family-direct,389.0,326.0
2026,4289,Southern Class,14,2026-02-26,2026-02-01,51,observed,193,179,208,193,195,-0.010309,1,model,family-direct,170.0,167.0
2026,4183,New York State Scholastic Championships Grades K-8,3,2026-03-01,2026-03-01,1719,observed,2401,2104,2704,2401,1753,0.314557,0,model,size-matched,1767.0,1820.0
2026,4179,Western Class Championships,3,2026-03-02,2026-03-01,193,observed,300,206,437,300,318,-0.058269,1,model,family-direct,389.0,328.0
2026,4183,New York State Scholastic Championships Grades K-8,1,2026-03-03,2026-03-01,1733,observed,2004,1883,2124,2004,1753,0.133817,0,model,size-matched,1767.0,1834.0
2026,4178,Atlantic City Open,28,2026-03-04,2026-03-01,75,observed,415,366,470,415,424,-0.021455,1,model,family-alias,574.0,547.0
2026,4179,Western Class Championships,1,2026-03-04,2026-03-01,272,observed,351,285,432,351,318,0.098735,1,model,family-direct,389.0,357.0
2026,4289,Southern Class,7,2026-03-05,2026-03-01,86,observed,202,184,223,202,195,0.035268,1,model,family-direct,170.0,176.0
2026,4417,Cleveland Open,90,2026-03-07,2026-03-01,1,observed,193,143,261,193,179,0.075304,1,model,family-direct,199.0,198.0
2026,4289,Southern Class,3,2026-03-09,2026-03-01,117,observed,199,171,231,199,195,0.020305,1,model,family-direct,170.0,179.0
2026,4289,Southern Class,1,2026-03-11,2026-03-01,157,observed,211,196,228,211,195,0.078859,0,model,family-direct,170.0,195.0
2026,4178,Atlantic City Open,14,2026-03-18,2026-03-01,158,observed,435,392,483,435,424,0.025613,1,model,family-alias,574.0,538.0
2026,4349,New York State Open,90,2026-03-21,2026-03-01,1,observed,82,62,108,82,109,-0.284629,0,model,family-direct,83.0,83.0
2026,4244,Chicago Open,60,2026-03-22,2026-03-01,179,carried,850,787,919,850,917,-0.075871,1,model,family-direct,899.0,929.0
2026,4178,Atlantic City Open,7,2026-03-25,2026-03-01,226,observed,452,406,505,452,424,0.063949,1,model,family-alias,574.0,524.0
2026,4284,DC International,90,2026-03-27,2026-03-01,5,observed,134,119,151,134,107,0.225011,0,model,family-alias,126.0,124.0
2026,4351,DC Open,90,2026-03-28,2026-03-01,2,observed,277,214,359,277,188,0.387576,0,model,family-alias,325.0,324.0
2026,4178,Atlantic City Open,3,2026-03-29,2026-03-01,286,observed,418,365,480,418,424,-0.014252,1,model,family-alias,574.0,496.0
2026,4178,Atlantic City Open,1,2026-03-31,2026-03-01,390,observed,442,411,475,442,424,0.041576,1,model,family-alias,574.0,440.0
2026,4413,Hartford Open,60,2026-04-06,2026-04-01,9,observed,195,128,296,195,206,-0.054877,1,model,family-direct,189.0,193.0
2026,4417,Cleveland Open,60,2026-04-06,2026-04-01,5,observed,196,149,257,196,179,0.090729,1,model,family-direct,199.0,202.0
2026,4244,Chicago Open,42,2026-04-09,2026-04-01,242,observed,875,821,932,875,917,-0.046884,1,model,family-direct,899.0,921.0
2026,4404,Chicago Class,90,2026-04-18,2026-04-01,1,observed,279,206,377,279,288,-0.031749,1,model,family-direct,294.0,293.0
2026,4414,Pittsburgh Open,90,2026-04-18,2026-04-01,3,observed,155,110,219,155,170,-0.092373,1,model,family-direct,152.0,154.0
2026,4349,New York State Open,60,2026-04-20,2026-04-01,8,observed,83,54,127,83,109,-0.272507,1,model,family-direct,83.0,89.0
2026,4244,Chicago Open,28,2026-04-23,2026-04-01,321,observed,898,830,972,898,917,-0.020937,1,model,family-direct,899.0,941.0
2026,4413,Hartford Open,42,2026-04-24,2026-04-01,13,observed,194,147,255,194,206,-0.060018,1,model,family-direct,189.0,194.0
2026,4417,Cleveland Open,42,2026-04-24,2026-04-01,13,observed,197,150,260,197,179,0.095818,1,model,family-direct,199.0,201.0
2026,4412,Bradley Open,90,2026-04-25,2026-04-01,4,observed,255,187,347,255,209,0.198929,1,model,family-direct,246.0,248.0
2026,4284,DC International,60,2026-04-26,2026-04-01,10,observed,102,94,110,102,107,-0.047856,1,model,family-alias,126.0,124.0
2026,4351,DC Open,60,2026-04-27,2026-04-01,6,observed,272,203,365,272,188,0.36936,0,model,family-alias,325.0,322.0
2026,4415,Pacific Coast Open,90,2026-05-02,2026-05-01,8,observed,396,289,541,396,394,0.005063,1,model,family-direct,391.0,391.0
2026,4244,Chicago Open,14,2026-05-07,2026-05-01,454,observed,853,781,933,853,917,-0.072348,1,model,family-direct,899.0,949.0
2026,4349,New York State Open,42,2026-05-08,2026-05-01,25,observed,93,68,128,93,109,-0.158748,1,model,family-direct,83.0,105.0
2026,4413,Hartford Open,28,2026-05-08,2026-05-01,30,observed,221,204,239,221,206,0.070287,1,model,family-direct,189.0,201.0
2026,4417,Cleveland Open,28,2026-05-08,2026-05-01,26,observed,206,188,227,206,179,0.14049,0,model,family-direct,199.0,207.0
2026,4244,Chicago Open,7,2026-05-14,2026-05-01,558,observed,886,804,977,886,917,-0.034391,1,model,family-direct,899.0,964.0
2026,4284,DC International,42,2026-05-14,2026-05-01,29,observed,109,101,119,109,107,0.018519,1,model,family-alias,126.0,130.0
2026,4351,DC Open,42,2026-05-15,2026-05-01,14,observed,267,247,288,267,188,0.350807,0,model,family-alias,325.0,301.0
2026,4244,Chicago Open,3,2026-05-18,2026-05-01,664,observed,772,664,972,772,917,-0.172123,1,model,family-direct,899.0,973.0
2026,4404,Chicago Class,60,2026-05-18,2026-05-01,4,observed,281,214,370,281,288,-0.024606,1,model,family-direct,294.0,295.0
2026,4414,Pittsburgh Open,60,2026-05-18,2026-05-01,9,observed,157,112,222,157,170,-0.079553,1,model,family-direct,152.0,159.0
2026,4244,Chicago Open,1,2026-05-20,2026-05-01,820,observed,858,820,964,858,917,-0.066503,1,model,family-direct,899.0,1001.0
2026,4349,New York State Open,28,2026-05-22,2026-05-01,32,observed,97,77,122,97,109,-0.116637,1,model,family-direct,83.0,99.0
2026,4413,Hartford Open,14,2026-05-22,2026-05-01,54,observed,210,192,229,210,206,0.019231,1,model,family-direct,189.0,205.0
2026,4417,Cleveland Open,14,2026-05-22,2026-05-01,40,observed,183,166,202,183,179,0.0221,1,model,family-direct,199.0,198.0
2026,4412,Bradley Open,60,2026-05-25,2026-05-01,5,carried,251,191,330,251,209,0.183119,1,model,family-direct,246.0,248.0
2026,4284,DC International,28,2026-05-28,2026-05-01,52,observed,121,111,132,121,107,0.122962,0,model,family-alias,126.0,134.0
2026,4351,DC Open,28,2026-05-29,2026-05-01,32,observed,264,239,293,264,188,0.339507,0,model,family-alias,325.0,296.0
2026,4413,Hartford Open,7,2026-05-29,2026-05-01,74,observed,208,188,229,208,206,0.009662,1,model,family-direct,189.0,199.0
2026,4417,Cleveland Open,7,2026-05-29,2026-05-01,61,observed,182,165,201,182,179,0.016621,1,model,family-direct,199.0,198.0
2026,4415,Pacific Coast Open,60,2026-06-01,2026-06-01,19,observed,391,297,515,391,394,-0.007643,1,model,family-direct,391.0,387.0
2026,4413,Hartford Open,3,2026-06-02,2026-06-01,144,observed,216,174,268,216,206,0.047402,1,model,family-direct,189.0,222.0
2026,4417,Cleveland Open,3,2026-06-02,2026-06-01,121,observed,189,153,234,189,179,0.054361,1,model,family-direct,199.0,215.0
2026,4413,Hartford Open,1,2026-06-04,2026-06-01,182,observed,189,182,212,189,206,-0.086129,1,model,family-direct,189.0,211.0
2026,4417,Cleveland Open,1,2026-06-04,2026-06-01,148,observed,162,148,183,162,179,-0.099789,1,model,family-direct,199.0,179.0
2026,4349,New York State Open,14,2026-06-05,2026-06-01,42,observed,88,69,112,88,109,-0.214011,1,model,family-direct,83.0,97.0
2026,4404,Chicago Class,42,2026-06-05,2026-06-01,12,observed,286,217,376,286,288,-0.006969,1,model,family-direct,294.0,293.0
2026,4414,Pittsburgh Open,42,2026-06-05,2026-06-01,20,observed,162,148,177,162,170,-0.048202,1,model,family-direct,152.0,163.0
2026,4284,DC International,14,2026-06-11,2026-06-01,70,observed,118,109,127,118,107,0.097856,0,model,family-alias,126.0,130.0
2026,4349,New York State Open,7,2026-06-12,2026-06-01,53,observed,92,68,125,92,109,-0.169559,1,model,family-direct,83.0,99.0
2026,4351,DC Open,14,2026-06-12,2026-06-01,57,observed,257,235,281,257,188,0.312634,0,model,family-alias,325.0,287.0
2026,4412,Bradley Open,42,2026-06-12,2026-06-01,17,observed,261,234,291,261,209,0.222186,0,model,family-direct,246.0,252.0
2026,4349,New York State Open,3,2026-06-16,2026-06-01,73,observed,82,73,149,82,109,-0.284629,1,model,family-direct,83.0,102.0
2026,4284,DC International,7,2026-06-18,2026-06-01,81,observed,123,112,136,123,107,0.139356,0,model,family-alias,126.0,125.0
2026,4349,New York State Open,1,2026-06-18,2026-06-01,99,observed,99,99,131,99,109,-0.096228,1,model,family-direct,83.0,108.0
2026,4351,DC Open,7,2026-06-19,2026-06-01,82,observed,242,217,271,242,188,0.252496,0,model,family-alias,325.0,282.0
2026,4404,Chicago Class,28,2026-06-19,2026-06-01,33,observed,287,260,317,287,288,-0.003478,1,model,family-direct,294.0,301.0
2026,4414,Pittsburgh Open,28,2026-06-19,2026-06-01,33,observed,183,164,205,183,170,0.073688,1,model,family-direct,152.0,171.0
2026,4415,Pacific Coast Open,42,2026-06-19,2026-06-01,33,observed,395,370,422,395,394,0.002535,1,model,family-direct,391.0,384.0
2026,4284,DC International,3,2026-06-22,2026-06-01,97,observed,119,97,148,119,107,0.106295,1,model,family-alias,126.0,132.0
2026,4351,DC Open,3,2026-06-23,2026-06-01,114,observed,198,157,250,198,188,0.051825,1,model,family-alias,325.0,265.0
2026,4284,DC International,1,2026-06-24,2026-06-01,102,observed,121,105,140,121,107,0.122962,1,model,family-alias,126.0,123.0
2026,4351,DC Open,1,2026-06-25,2026-06-01,160,observed,214,187,245,214,188,0.129534,1,model,family-alias,325.0,231.0
2026,4412,Bradley Open,28,2026-06-26,2026-06-01,29,observed,275,246,308,275,209,0.274437,0,model,family-direct,246.0,255.0
2026,4404,Chicago Class,14,2026-07-03,2026-07-01,82,observed,295,270,323,295,288,0.024015,1,model,family-direct,294.0,311.0
2026,4414,Pittsburgh Open,14,2026-07-03,2026-07-01,50,observed,171,156,186,171,170,0.005865,1,model,family-direct,152.0,169.0
2026,4415,Pacific Coast Open,28,2026-07-03,2026-07-01,50,observed,374,345,405,374,394,-0.052095,1,model,family-direct,391.0,374.0
2026,4404,Chicago Class,7,2026-07-10,2026-07-01,125,observed,296,268,328,296,288,0.027399,1,model,family-direct,294.0,302.0
2026,4412,Bradley Open,14,2026-07-10,2026-07-01,56,observed,256,236,279,256,209,0.202843,0,model,family-direct,246.0,251.0
2026,4414,Pittsburgh Open,7,2026-07-10,2026-07-01,80,observed,185,166,206,185,170,0.084557,1,model,family-direct,152.0,176.0
2026,4404,Chicago Class,3,2026-07-14,2026-07-01,198,observed,275,221,342,275,288,-0.046189,1,model,family-direct,294.0,313.0
2026,4414,Pittsburgh Open,3,2026-07-14,2026-07-01,112,observed,166,135,206,166,170,-0.023811,1,model,family-direct,152.0,176.0
2026,4404,Chicago Class,1,2026-07-16,2026-07-01,256,observed,267,256,295,267,288,-0.075712,1,model,family-direct,294.0,300.0
2026,4414,Pittsburgh Open,1,2026-07-16,2026-07-01,145,observed,153,145,169,153,170,-0.105361,0,model,family-direct,152.0,157.0
2026,4412,Bradley Open,7,2026-07-17,2026-07-01,84,observed,258,234,285,258,209,0.210625,0,model,family-direct,246.0,245.0
2026,4415,Pacific Coast Open,14,2026-07-17,2026-07-01,98,observed,359,324,398,359,394,-0.093029,1,model,family-direct,391.0,357.0
2026,4412,Bradley Open,3,2026-07-21,2026-07-01,135,observed,221,180,270,221,209,0.055828,1,model,family-direct,246.0,253.0
2026,4412,Bradley Open,1,2026-07-23,2026-07-01,190,observed,213,191,237,213,209,0.018958,1,model,family-direct,246.0,218.0
2026,4415,Pacific Coast Open,7,2026-07-24,2026-07-01,153,carried,352,318,390,352,394,-0.11272,0,model,family-direct,391.0,353.0
2026,4415,Pacific Coast Open,3,2026-07-28,2026-07-01,225,observed,292,237,361,292,394,-0.299597,0,model,family-direct,391.0,326.0
2026,4415,Pacific Coast Open,1,2026-07-30,2026-07-01,284,observed,305,284,337,305,394,-0.256039,0,model,family-direct,391.0,319.0
